wave,question_id,harmonized_name,section,stem_text,item_text,response_scale,notes
w1,V119,action_boycotts,Political Interest & Political Participation,"Now I'd like you to look at this card. I'm going to read out some forms of political action that people can take, and I'd like you to tell me, for each one, whether you have done any of these things, whether you might do it or would never under any circumstances do it.",Joining in boycotts,1=Would never do; 2=Might do; 3=Have done,
w2,V243,action_boycotts,Political Interest & Political Participation,"Now I'd like you to look at this card. I'm going to read out some forms of political action that people can take, and I'd like you to tell me, for each one, whether you have done any of these things, whether you might do it or would never under any circumstances do it.",Joining in boycotts,1=Would never do; 2=Might do; 3=Have done,
w3,V119,action_boycotts,Political Interest & Political Participation,"Now I'd like you to look at this card. I'm going to read out some forms of political action that people can take, and I'd like you to tell me, for each one, whether you have done any of these things, whether you might do it or would never under any circumstances do it.",Joining in boycotts,1=Would never do; 2=Might do; 3=Have done,
w4,V135,action_boycotts,Political Interest & Political Participation,"Now I'd like you to look at this card. I'm going to read out some forms of political action that people can take, and I'd like you to tell me, for each one, whether you have done any of these things, whether you might do it or would never under any circumstances do it.",Joining in boycotts,1=Would never do; 2=Might do; 3=Have done,
w5,V97,action_boycotts,Political Interest & Political Participation,"Now I'd like you to look at this card. I'm going to read out some forms of political action that people can take, and I'd like you to tell me, for each one, whether you have done any of these things, whether you might do it or would never under any circumstances do it.",Joining in boycotts,1=Would never do; 2=Might do; 3=Have done,
w6,V86,action_boycotts,Political Interest & Political Participation,"Now I'd like you to look at this card. I'm going to read out some forms of political action that people can take, and I'd like you to tell me, for each one, whether you have done any of these things, whether you might do it or would never under any circumstances do it.",Joining in boycotts,1=Would never do; 2=Might do; 3=Have done,
w7,Q210,action_boycotts,Political Interest & Political Participation,"Now I'd like you to look at this card. I'm going to read out some forms of political action that people can take, and I'd like you to tell me, for each one, whether you have done any of these things, whether you might do it or would never under any circumstances do it.",Joining in boycotts,1=Would never do; 2=Might do; 3=Have done,
w1,V120,action_demonstrations,Political Interest & Political Participation,"Now I'd like you to look at this card. I'm going to read out some forms of political action that people can take, and I'd like you to tell me, for each one, whether you have done any of these things, whether you might do it or would never under any circumstances do it.",Attending peaceful demonstrations,1=Would never do; 2=Might do; 3=Have done,
w2,V244,action_demonstrations,Political Interest & Political Participation,"Now I'd like you to look at this card. I'm going to read out some forms of political action that people can take, and I'd like you to tell me, for each one, whether you have done any of these things, whether you might do it or would never under any circumstances do it.",Attending peaceful demonstrations,1=Would never do; 2=Might do; 3=Have done,
w3,V120,action_demonstrations,Political Interest & Political Participation,"Now I'd like you to look at this card. I'm going to read out some forms of political action that people can take, and I'd like you to tell me, for each one, whether you have done any of these things, whether you might do it or would never under any circumstances do it.",Attending peaceful demonstrations,1=Would never do; 2=Might do; 3=Have done,
w4,V136,action_demonstrations,Political Interest & Political Participation,"Now I'd like you to look at this card. I'm going to read out some forms of political action that people can take, and I'd like you to tell me, for each one, whether you have done any of these things, whether you might do it or would never under any circumstances do it.",Attending peaceful demonstrations,1=Would never do; 2=Might do; 3=Have done,
w5,V98,action_demonstrations,Political Interest & Political Participation,"Now I'd like you to look at this card. I'm going to read out some forms of political action that people can take, and I'd like you to tell me, for each one, whether you have done any of these things, whether you might do it or would never under any circumstances do it.",Attending peaceful demonstrations,1=Would never do; 2=Might do; 3=Have done,
w6,V87,action_demonstrations,Political Interest & Political Participation,"Now I'd like you to look at this card. I'm going to read out some forms of political action that people can take, and I'd like you to tell me, for each one, whether you have done any of these things, whether you might do it or would never under any circumstances do it.",Attending peaceful demonstrations,1=Would never do; 2=Might do; 3=Have done,
w7,Q211,action_demonstrations,Political Interest & Political Participation,"Now I'd like you to look at this card. I'm going to read out some forms of political action that people can take, and I'd like you to tell me, for each one, whether you have done any of these things, whether you might do it or would never under any circumstances do it.",Attending peaceful demonstrations,1=Would never do; 2=Might do; 3=Have done,
w1,,action_other_protest,Political Interest & Political Participation,,,,Not included in this wave
w2,,action_other_protest,Political Interest & Political Participation,,,,Not included in this wave
w3,,action_other_protest,Political Interest & Political Participation,,,,Not included in this wave
w4,,action_other_protest,Political Interest & Political Participation,,,,Not included in this wave
w5,V99,action_other_protest,Political Interest & Political Participation,"Now I'd like you to look at this card. I'm going to read out some forms of political action that people can take, and I'd like you to tell me, for each one, whether you have done any of these things, whether you might do it or would never under any circumstances do it.",Any other act of protest,1=Would never do; 2=Might do; 3=Have done,
w6,V89,action_other_protest,Political Interest & Political Participation,"Now I'd like you to look at this card. I'm going to read out some forms of political action that people can take, and I'd like you to tell me, for each one, whether you have done any of these things, whether you might do it or would never under any circumstances do it.",Any other act of protest,1=Would never do; 2=Might do; 3=Have done,
w7,,action_other_protest,Political Interest & Political Participation,,,,Not included in this wave
w1,V118,action_petition,Political Interest & Political Participation,"Now I'd like you to look at this card. I'm going to read out some forms of political action that people can take, and I'd like you to tell me, for each one, whether you have done any of these things, whether you might do it or would never under any circumstances do it.",Signing a petition,1=Would never do; 2=Might do; 3=Have done,
w2,V242,action_petition,Political Interest & Political Participation,"Now I'd like you to look at this card. I'm going to read out some forms of political action that people can take, and I'd like you to tell me, for each one, whether you have done any of these things, whether you might do it or would never under any circumstances do it.",Signing a petition,1=Would never do; 2=Might do; 3=Have done,
w3,V118,action_petition,Political Interest & Political Participation,"Now I'd like you to look at this card. I'm going to read out some forms of political action that people can take, and I'd like you to tell me, for each one, whether you have done any of these things, whether you might do it or would never under any circumstances do it.",Signing a petition,1=Would never do; 2=Might do; 3=Have done,
w4,V134,action_petition,Political Interest & Political Participation,"Now I'd like you to look at this card. I'm going to read out some forms of political action that people can take, and I'd like you to tell me, for each one, whether you have done any of these things, whether you might do it or would never under any circumstances do it.",Signing a petition,1=Would never do; 2=Might do; 3=Have done,
w5,V96,action_petition,Political Interest & Political Participation,"Now I'd like you to look at this card. I'm going to read out some forms of political action that people can take, and I'd like you to tell me, for each one, whether you have done any of these things, whether you might do it or would never under any circumstances do it.",Signing a petition,1=Would never do; 2=Might do; 3=Have done,
w6,V85,action_petition,Political Interest & Political Participation,"Now I'd like you to look at this card. I'm going to read out some forms of political action that people can take, and I'd like you to tell me, for each one, whether you have done any of these things, whether you might do it or would never under any circumstances do it.",Signing a petition,1=Would never do; 2=Might do; 3=Have done,
w7,Q209,action_petition,Political Interest & Political Participation,"Now I'd like you to look at this card. I'm going to read out some forms of political action that people can take, and I'd like you to tell me, for each one, whether you have done any of these things, whether you might do it or would never under any circumstances do it.",Signing a petition,1=Would never do; 2=Might do; 3=Have done,
w1,V121,action_strikes,Political Interest & Political Participation,"Now I'd like you to look at this card. I'm going to read out some forms of political action that people can take, and I'd like you to tell me, for each one, whether you have done any of these things, whether you might do it or would never under any circumstances do it.",Joining unofficial strikes,1=Would never do; 2=Might do; 3=Have done,
w2,V245,action_strikes,Political Interest & Political Participation,"Now I'd like you to look at this card. I'm going to read out some forms of political action that people can take, and I'd like you to tell me, for each one, whether you have done any of these things, whether you might do it or would never under any circumstances do it.",Joining unofficial strikes,1=Would never do; 2=Might do; 3=Have done,
w3,V121,action_strikes,Political Interest & Political Participation,"Now I'd like you to look at this card. I'm going to read out some forms of political action that people can take, and I'd like you to tell me, for each one, whether you have done any of these things, whether you might do it or would never under any circumstances do it.",Joining unofficial strikes,1=Would never do; 2=Might do; 3=Have done,
w4,V137,action_strikes,Political Interest & Political Participation,"Now I'd like you to look at this card. I'm going to read out some forms of political action that people can take, and I'd like you to tell me, for each one, whether you have done any of these things, whether you might do it or would never under any circumstances do it.",Joining unofficial strikes,1=Would never do; 2=Might do; 3=Have done,
w5,,action_strikes,Political Interest & Political Participation,,,,Not included in this wave
w6,V88,action_strikes,Political Interest & Political Participation,"Now I'd like you to look at this card. I'm going to read out some forms of political action that people can take, and I'd like you to tell me, for each one, whether you have done any of these things, whether you might do it or would never under any circumstances do it.",Joining unofficial strikes,1=Would never do; 2=Might do; 3=Have done,
w7,Q212,action_strikes,Political Interest & Political Participation,"Now I'd like you to look at this card. I'm going to read out some forms of political action that people can take, and I'd like you to tell me, for each one, whether you have done any of these things, whether you might do it or would never under any circumstances do it.",Joining unofficial strikes,1=Would never do; 2=Might do; 3=Have done,
w1,V216,age,Demographics,,This means you are ___ years old (write in age in two digits).,,
w2,V355,age,Demographics,,This means you are ___ years old (write in age in two digits).,,
w3,V216,age,Demographics,,This means you are ___ years old (write in age in two digits).,,
w4,V225,age,Demographics,,This means you are ___ years old (write in age in two digits).,,
w5,V237,age,Demographics,,This means you are ___ years old (write in age in two digits).,,
w6,V242,age,Demographics,,This means you are ___ years old (write in age in two digits).,,
w7,Q262,age,Demographics,,This means you are ___ years old (write in age in two digits).,,
w1,V18,child_imagination,"Social Values, Attitudes & Stereotypes","Here is a list of qualities that children can be encouraged to learn at home. Which, if any, do you consider to be especially important? Please choose up to five.",Imagination,1=Mentioned; 2=Not mentioned,
w2,V230,child_imagination,"Social Values, Attitudes & Stereotypes","Here is a list of qualities that children can be encouraged to learn at home. Which, if any, do you consider to be especially important? Please choose up to five.",Imagination,1=Mentioned; 2=Not mentioned,
w3,V18,child_imagination,"Social Values, Attitudes & Stereotypes","Here is a list of qualities that children can be encouraged to learn at home. Which, if any, do you consider to be especially important? Please choose up to five.",Imagination,1=Mentioned; 2=Not mentioned,
w4,V18,child_imagination,"Social Values, Attitudes & Stereotypes","Here is a list of qualities that children can be encouraged to learn at home. Which, if any, do you consider to be especially important? Please choose up to five.",Imagination,1=Mentioned; 2=Not mentioned,
w5,V15,child_imagination,"Social Values, Attitudes & Stereotypes","Here is a list of qualities that children can be encouraged to learn at home. Which, if any, do you consider to be especially important? Please choose up to five.",Imagination,1=Mentioned; 2=Not mentioned,
w6,V15,child_imagination,"Social Values, Attitudes & Stereotypes","Here is a list of qualities that children can be encouraged to learn at home. Which, if any, do you consider to be especially important? Please choose up to five.",Imagination,1=Mentioned; 2=Not mentioned,
w7,Q11,child_imagination,"Social Values, Attitudes & Stereotypes","Here is a list of qualities that children can be encouraged to learn at home. Which, if any, do you consider to be especially important? Please choose up to five.",Imagination,1=Mentioned; 2=Not mentioned,
w1,V15,child_independence,"Social Values, Attitudes & Stereotypes","Here is a list of qualities that children can be encouraged to learn at home. Which, if any, do you consider to be especially important? Please choose up to five.",Independence,1=Mentioned; 2=Not mentioned,
w2,V227,child_independence,"Social Values, Attitudes & Stereotypes","Here is a list of qualities that children can be encouraged to learn at home. Which, if any, do you consider to be especially important? Please choose up to five.",Independence,1=Mentioned; 2=Not mentioned,
w3,V15,child_independence,"Social Values, Attitudes & Stereotypes","Here is a list of qualities that children can be encouraged to learn at home. Which, if any, do you consider to be especially important? Please choose up to five.",Independence,1=Mentioned; 2=Not mentioned,
w4,V15,child_independence,"Social Values, Attitudes & Stereotypes","Here is a list of qualities that children can be encouraged to learn at home. Which, if any, do you consider to be especially important? Please choose up to five.",Independence,1=Mentioned; 2=Not mentioned,
w5,V12,child_independence,"Social Values, Attitudes & Stereotypes","Here is a list of qualities that children can be encouraged to learn at home. Which, if any, do you consider to be especially important? Please choose up to five.",Independence,1=Mentioned; 2=Not mentioned,
w6,V12,child_independence,"Social Values, Attitudes & Stereotypes","Here is a list of qualities that children can be encouraged to learn at home. Which, if any, do you consider to be especially important? Please choose up to five.",Independence,1=Mentioned; 2=Not mentioned,
w7,Q8,child_independence,"Social Values, Attitudes & Stereotypes","Here is a list of qualities that children can be encouraged to learn at home. Which, if any, do you consider to be especially important? Please choose up to five.",Independence,1=Mentioned; 2=Not mentioned,
w1,V24,child_obedience,"Social Values, Attitudes & Stereotypes","Here is a list of qualities that children can be encouraged to learn at home. Which, if any, do you consider to be especially important? Please choose up to five.",Obedience,1=Mentioned; 2=Not mentioned,
w2,V236,child_obedience,"Social Values, Attitudes & Stereotypes","Here is a list of qualities that children can be encouraged to learn at home. Which, if any, do you consider to be especially important? Please choose up to five.",Obedience,1=Mentioned; 2=Not mentioned,
w3,V24,child_obedience,"Social Values, Attitudes & Stereotypes","Here is a list of qualities that children can be encouraged to learn at home. Which, if any, do you consider to be especially important? Please choose up to five.",Obedience,1=Mentioned; 2=Not mentioned,
w4,V24,child_obedience,"Social Values, Attitudes & Stereotypes","Here is a list of qualities that children can be encouraged to learn at home. Which, if any, do you consider to be especially important? Please choose up to five.",Obedience,1=Mentioned; 2=Not mentioned,
w5,V21,child_obedience,"Social Values, Attitudes & Stereotypes","Here is a list of qualities that children can be encouraged to learn at home. Which, if any, do you consider to be especially important? Please choose up to five.",Obedience,1=Mentioned; 2=Not mentioned,
w6,V21,child_obedience,"Social Values, Attitudes & Stereotypes","Here is a list of qualities that children can be encouraged to learn at home. Which, if any, do you consider to be especially important? Please choose up to five.",Obedience,1=Mentioned; 2=Not mentioned,
w7,Q17,child_obedience,"Social Values, Attitudes & Stereotypes","Here is a list of qualities that children can be encouraged to learn at home. Which, if any, do you consider to be especially important? Please choose up to five.",Obedience,1=Mentioned; 2=Not mentioned,
w1,,country_run_by_big_interests,Political Culture & Political Regimes,,,,Not included in this wave
w2,V288,country_run_by_big_interests,Political Culture & Political Regimes,,"Would you say that this country is run by a few big interests looking out for themselves, or that it is run for the benefit of all the people?",1=Run by a few big interests; 2=Run for all the people,
w3,V166,country_run_by_big_interests,Political Culture & Political Regimes,,"Would you say that this country is run by a few big interests looking out for themselves, or that it is run for the benefit of all the people?",1=Run by a few big interests; 2=Run for all the people,
w4,V175,country_run_by_big_interests,Political Culture & Political Regimes,,"Would you say that this country is run by a few big interests looking out for themselves, or that it is run for the benefit of all the people?",1=Run by a few big interests; 2=Run for all the people,
w5,,country_run_by_big_interests,Political Culture & Political Regimes,,,,Not included in this wave
w6,,country_run_by_big_interests,Political Culture & Political Regimes,,,,Not included in this wave
w7,,country_run_by_big_interests,Political Culture & Political Regimes,,,,Not included in this wave
w1,,dem_army_rule,Political Culture & Political Regimes,,,,Not included in this wave
w2,,dem_army_rule,Political Culture & Political Regimes,,,,Not included in this wave
w3,V156,dem_army_rule,Political Culture & Political Regimes,"I'm going to describe various types of political systems and ask what you think about each as a way of governing this country. For each one, would you say it is a very good, fairly good, fairly bad or very bad way of governing this country?",Having the army rule,1=Very bad; 2=Fairly bad; 3=Fairly good; 4=Very good,
w4,V166,dem_army_rule,Political Culture & Political Regimes,"I'm going to describe various types of political systems and ask what you think about each as a way of governing this country. For each one, would you say it is a very good, fairly good, fairly bad or very bad way of governing this country?",Having the army rule,1=Very bad; 2=Fairly bad; 3=Fairly good; 4=Very good,
w5,V150,dem_army_rule,Political Culture & Political Regimes,"I'm going to describe various types of political systems and ask what you think about each as a way of governing this country. For each one, would you say it is a very good, fairly good, fairly bad or very bad way of governing this country?",Having the army rule,1=Very bad; 2=Fairly bad; 3=Fairly good; 4=Very good,
w6,V129,dem_army_rule,Political Culture & Political Regimes,"I'm going to describe various types of political systems and ask what you think about each as a way of governing this country. For each one, would you say it is a very good, fairly good, fairly bad or very bad way of governing this country?",Having the army rule,1=Very bad; 2=Fairly bad; 3=Fairly good; 4=Very good,
w7,Q237,dem_army_rule,Political Culture & Political Regimes,"I'm going to describe various types of political systems and ask what you think about each as a way of governing this country. For each one, would you say it is a very good, fairly good, fairly bad or very bad way of governing this country?",Having the army rule,1=Very bad; 2=Fairly bad; 3=Fairly good; 4=Very good,
w1,,dem_democratic_system,Political Culture & Political Regimes,,,,Not included in this wave
w2,,dem_democratic_system,Political Culture & Political Regimes,,,,Not included in this wave
w3,V157,dem_democratic_system,Political Culture & Political Regimes,"I'm going to describe various types of political systems and ask what you think about each as a way of governing this country. For each one, would you say it is a very good, fairly good, fairly bad or very bad way of governing this country?",Having a democratic political system,1=Very bad; 2=Fairly bad; 3=Fairly good; 4=Very good,
w4,V167,dem_democratic_system,Political Culture & Political Regimes,"I'm going to describe various types of political systems and ask what you think about each as a way of governing this country. For each one, would you say it is a very good, fairly good, fairly bad or very bad way of governing this country?",Having a democratic political system,1=Very bad; 2=Fairly bad; 3=Fairly good; 4=Very good,
w5,V151,dem_democratic_system,Political Culture & Political Regimes,"I'm going to describe various types of political systems and ask what you think about each as a way of governing this country. For each one, would you say it is a very good, fairly good, fairly bad or very bad way of governing this country?",Having a democratic political system,1=Very bad; 2=Fairly bad; 3=Fairly good; 4=Very good,
w6,V130,dem_democratic_system,Political Culture & Political Regimes,"I'm going to describe various types of political systems and ask what you think about each as a way of governing this country. For each one, would you say it is a very good, fairly good, fairly bad or very bad way of governing this country?",Having a democratic political system,1=Very bad; 2=Fairly bad; 3=Fairly good; 4=Very good,
w7,Q238,dem_democratic_system,Political Culture & Political Regimes,"I'm going to describe various types of political systems and ask what you think about each as a way of governing this country. For each one, would you say it is a very good, fairly good, fairly bad or very bad way of governing this country?",Having a democratic political system,1=Very bad; 2=Fairly bad; 3=Fairly good; 4=Very good,
w1,,dem_experts_rule,Political Culture & Political Regimes,,,,Not included in this wave
w2,,dem_experts_rule,Political Culture & Political Regimes,,,,Not included in this wave
w3,V155,dem_experts_rule,Political Culture & Political Regimes,"I'm going to describe various types of political systems and ask what you think about each as a way of governing this country. For each one, would you say it is a very good, fairly good, fairly bad or very bad way of governing this country?","Having experts, not government, make decisions according to what they think is best for the country",1=Very bad; 2=Fairly bad; 3=Fairly good; 4=Very good,
w4,V165,dem_experts_rule,Political Culture & Political Regimes,"I'm going to describe various types of political systems and ask what you think about each as a way of governing this country. For each one, would you say it is a very good, fairly good, fairly bad or very bad way of governing this country?","Having experts, not government, make decisions according to what they think is best for the country",1=Very bad; 2=Fairly bad; 3=Fairly good; 4=Very good,
w5,V149,dem_experts_rule,Political Culture & Political Regimes,"I'm going to describe various types of political systems and ask what you think about each as a way of governing this country. For each one, would you say it is a very good, fairly good, fairly bad or very bad way of governing this country?","Having experts, not government, make decisions according to what they think is best for the country",1=Very bad; 2=Fairly bad; 3=Fairly good; 4=Very good,
w6,V128,dem_experts_rule,Political Culture & Political Regimes,"I'm going to describe various types of political systems and ask what you think about each as a way of governing this country. For each one, would you say it is a very good, fairly good, fairly bad or very bad way of governing this country?","Having experts, not government, make decisions according to what they think is best for the country",1=Very bad; 2=Fairly bad; 3=Fairly good; 4=Very good,
w7,Q236,dem_experts_rule,Political Culture & Political Regimes,"I'm going to describe various types of political systems and ask what you think about each as a way of governing this country. For each one, would you say it is a very good, fairly good, fairly bad or very bad way of governing this country?","Having experts, not government, make decisions according to what they think is best for the country",1=Very bad; 2=Fairly bad; 3=Fairly good; 4=Very good,
w1,,dem_how_democratic,Political Culture & Political Regimes,,,,Not included in this wave
w2,,dem_how_democratic,Political Culture & Political Regimes,,,,Not included in this wave
w3,,dem_how_democratic,Political Culture & Political Regimes,,,,Not included in this wave
w4,,dem_how_democratic,Political Culture & Political Regimes,,,,Not included in this wave
w5,V163,dem_how_democratic,Political Culture & Political Regimes,,"And how democratically is this country being governed today? Again using a scale from 1 to 10, where 1 means that it is ""not at all democratic"" and 10 means that it is ""completely democratic,"" what position would you choose?",1=Not at all democratic; 10=Completely democratic,
w6,V141,dem_how_democratic,Political Culture & Political Regimes,,"And how democratically is this country being governed today? Again using a scale from 1 to 10, where 1 means that it is ""not at all democratic"" and 10 means that it is ""completely democratic,"" what position would you choose?",1=Not at all democratic; 10=Completely democratic,
w7,Q251,dem_how_democratic,Political Culture & Political Regimes,,"And how democratically is this country being governed today? Again using a scale from 1 to 10, where 1 means that it is ""not at all democratic"" and 10 means that it is ""completely democratic,"" what position would you choose?",1=Not at all democratic; 10=Completely democratic,
w1,,dem_importance_democracy,Political Culture & Political Regimes,,,,Not included in this wave
w2,,dem_importance_democracy,Political Culture & Political Regimes,,,,Not included in this wave
w3,,dem_importance_democracy,Political Culture & Political Regimes,,,,Not included in this wave
w4,,dem_importance_democracy,Political Culture & Political Regimes,,,,Not included in this wave
w5,V162,dem_importance_democracy,Political Culture & Political Regimes,,"How important is it for you to live in a country that is governed democratically? On this scale where 1 means it is ""not at all important"" and 10 means ""absolutely important"" what position would you choose?",1=Not at all important; 10=Absolutely important,
w6,V140,dem_importance_democracy,Political Culture & Political Regimes,,"How important is it for you to live in a country that is governed democratically? On this scale where 1 means it is ""not at all important"" and 10 means ""absolutely important"" what position would you choose?",1=Not at all important; 10=Absolutely important,
w7,Q250,dem_importance_democracy,Political Culture & Political Regimes,,"How important is it for you to live in a country that is governed democratically? On this scale where 1 means it is ""not at all important"" and 10 means ""absolutely important"" what position would you choose?",1=Not at all important; 10=Absolutely important,
w1,,dem_religious_law,Political Culture & Political Regimes,,,,Not included in this wave
w2,,dem_religious_law,Political Culture & Political Regimes,,,,Not included in this wave
w3,,dem_religious_law,Political Culture & Political Regimes,,,,Not included in this wave
w4,,dem_religious_law,Political Culture & Political Regimes,,,,Not included in this wave
w5,,dem_religious_law,Political Culture & Political Regimes,,,,Not included in this wave
w6,,dem_religious_law,Political Culture & Political Regimes,,,,Not included in this wave
w7,Q239,dem_religious_law,Political Culture & Political Regimes,"I'm going to describe various types of political systems and ask what you think about each as a way of governing this country. For each one, would you say it is a very good, fairly good, fairly bad or very bad way of governing this country?",Having a system governed by religious law in which there are no political parties or elections,1=Very bad; 2=Fairly bad; 3=Fairly good; 4=Very good,
w1,,dem_satisfaction_political_system,Political Culture & Political Regimes,,,,Not included in this wave
w2,,dem_satisfaction_political_system,Political Culture & Political Regimes,,,,Not included in this wave
w3,,dem_satisfaction_political_system,Political Culture & Political Regimes,,,,Not included in this wave
w4,,dem_satisfaction_political_system,Political Culture & Political Regimes,,,,Not included in this wave
w5,,dem_satisfaction_political_system,Political Culture & Political Regimes,,,,Not included in this wave
w6,,dem_satisfaction_political_system,Political Culture & Political Regimes,,,,Not included in this wave
w7,Q252,dem_satisfaction_political_system,Political Culture & Political Regimes,,"On a scale from 1 to 10 where ""1"" is ""not satisfied at all"" and ""10"" is ""completely satisfied,"" how satisfied are you with how the political system is functioning in your country these days?",1=Not satisfied at all; 10=Completely satisfied,
w1,,dem_strong_leader,Political Culture & Political Regimes,,,,Not included in this wave
w2,,dem_strong_leader,Political Culture & Political Regimes,,,,Not included in this wave
w3,V154,dem_strong_leader,Political Culture & Political Regimes,"I'm going to describe various types of political systems and ask what you think about each as a way of governing this country. For each one, would you say it is a very good, fairly good, fairly bad or very bad way of governing this country?",Having a strong leader who does not have to bother with parliament and elections,1=Very bad; 2=Fairly bad; 3=Fairly good; 4=Very good,
w4,V164,dem_strong_leader,Political Culture & Political Regimes,"I'm going to describe various types of political systems and ask what you think about each as a way of governing this country. For each one, would you say it is a very good, fairly good, fairly bad or very bad way of governing this country?",Having a strong leader who does not have to bother with parliament and elections,1=Very bad; 2=Fairly bad; 3=Fairly good; 4=Very good,
w5,V148,dem_strong_leader,Political Culture & Political Regimes,"I'm going to describe various types of political systems and ask what you think about each as a way of governing this country. For each one, would you say it is a very good, fairly good, fairly bad or very bad way of governing this country?",Having a strong leader who does not have to bother with parliament and elections,1=Very bad; 2=Fairly bad; 3=Fairly good; 4=Very good,
w6,V127,dem_strong_leader,Political Culture & Political Regimes,"I'm going to describe various types of political systems and ask what you think about each as a way of governing this country. For each one, would you say it is a very good, fairly good, fairly bad or very bad way of governing this country?",Having a strong leader who does not have to bother with parliament and elections,1=Very bad; 2=Fairly bad; 3=Fairly good; 4=Very good,
w7,Q235,dem_strong_leader,Political Culture & Political Regimes,"I'm going to describe various types of political systems and ask what you think about each as a way of governing this country. For each one, would you say it is a very good, fairly good, fairly bad or very bad way of governing this country?",Having a strong leader who does not have to bother with parliament and elections,1=Very bad; 2=Fairly bad; 3=Fairly good; 4=Very good,
w1,,democrit_bad_at_order,Political Culture & Political Regimes,,,,Not included in this wave
w2,,democrit_bad_at_order,Political Culture & Political Regimes,,,,Not included in this wave
w3,V162,democrit_bad_at_order,Political Culture & Political Regimes,"I'm going to read off some things that people sometimes say about a democratic political system. Could you please tell me if you agree strongly, agree, disagree or disagree strongly?",Democracies are not good at maintaining order,1=Strongly disagree; 2=Disagree; 3=Agree; 4=Strongly agree,
w4,V171,democrit_bad_at_order,Political Culture & Political Regimes,"I'm going to read off some things that people sometimes say about a democratic political system. Could you please tell me if you agree strongly, agree, disagree or disagree strongly?",Democracies are not good at maintaining order,1=Strongly disagree; 2=Disagree; 3=Agree; 4=Strongly agree,
w5,,democrit_bad_at_order,Political Culture & Political Regimes,,,,Not included in this wave
w6,,democrit_bad_at_order,Political Culture & Political Regimes,,,,Not included in this wave
w7,,democrit_bad_at_order,Political Culture & Political Regimes,,,,Not included in this wave
w1,,democrit_better_than_alternatives,Political Culture & Political Regimes,,,,Not included in this wave
w2,,democrit_better_than_alternatives,Political Culture & Political Regimes,,,,Not included in this wave
w3,V163,democrit_better_than_alternatives,Political Culture & Political Regimes,"I'm going to read off some things that people sometimes say about a democratic political system. Could you please tell me if you agree strongly, agree, disagree or disagree strongly?",Democracy may have problems but it's better than any other form of government,1=Strongly disagree; 2=Disagree; 3=Agree; 4=Strongly agree,
w4,V172,democrit_better_than_alternatives,Political Culture & Political Regimes,"I'm going to read off some things that people sometimes say about a democratic political system. Could you please tell me if you agree strongly, agree, disagree or disagree strongly?",Democracy may have problems but it's better than any other form of government,1=Strongly disagree; 2=Disagree; 3=Agree; 4=Strongly agree,
w5,,democrit_better_than_alternatives,Political Culture & Political Regimes,,,,Not included in this wave
w6,,democrit_better_than_alternatives,Political Culture & Political Regimes,,,,Not included in this wave
w7,,democrit_better_than_alternatives,Political Culture & Political Regimes,,,,Not included in this wave
w1,,democrit_econ_runs_badly,Political Culture & Political Regimes,,,,Not included in this wave
w2,,democrit_econ_runs_badly,Political Culture & Political Regimes,,,,Not included in this wave
w3,V160,democrit_econ_runs_badly,Political Culture & Political Regimes,"I'm going to read off some things that people sometimes say about a democratic political system. Could you please tell me if you agree strongly, agree, disagree or disagree strongly?","In democracy, the economic system runs badly",1=Strongly disagree; 2=Disagree; 3=Agree; 4=Strongly agree,
w4,V169,democrit_econ_runs_badly,Political Culture & Political Regimes,"I'm going to read off some things that people sometimes say about a democratic political system. Could you please tell me if you agree strongly, agree, disagree or disagree strongly?","In democracy, the economic system runs badly",1=Strongly disagree; 2=Disagree; 3=Agree; 4=Strongly agree,
w5,,democrit_econ_runs_badly,Political Culture & Political Regimes,,,,Not included in this wave
w6,,democrit_econ_runs_badly,Political Culture & Political Regimes,,,,Not included in this wave
w7,,democrit_econ_runs_badly,Political Culture & Political Regimes,,,,Not included in this wave
w1,,democrit_indecisive,Political Culture & Political Regimes,,,,Not included in this wave
w2,,democrit_indecisive,Political Culture & Political Regimes,,,,Not included in this wave
w3,V161,democrit_indecisive,Political Culture & Political Regimes,"I'm going to read off some things that people sometimes say about a democratic political system. Could you please tell me if you agree strongly, agree, disagree or disagree strongly?",Democracies are indecisive and have too much squabbling,1=Strongly disagree; 2=Disagree; 3=Agree; 4=Strongly agree,
w4,V170,democrit_indecisive,Political Culture & Political Regimes,"I'm going to read off some things that people sometimes say about a democratic political system. Could you please tell me if you agree strongly, agree, disagree or disagree strongly?",Democracies are indecisive and have too much squabbling,1=Strongly disagree; 2=Disagree; 3=Agree; 4=Strongly agree,
w5,,democrit_indecisive,Political Culture & Political Regimes,,,,Not included in this wave
w6,,democrit_indecisive,Political Culture & Political Regimes,,,,Not included in this wave
w7,,democrit_indecisive,Political Culture & Political Regimes,,,,Not included in this wave
w1,,education_level,Demographics,,,,Not included in this wave
w2,V375,education_level,Demographics,,What is the highest educational level that you have attained?,1=Primary or less; 2=Secondary; 3=Tertiary,Harmonized to 3-level scale from country-specific categories
w3,V217,education_level,Demographics,,What is the highest educational level that you have attained?,1=Primary or less; 2=Secondary; 3=Tertiary,Harmonized to 3-level scale from country-specific categories
w4,V226,education_level,Demographics,,What is the highest educational level that you have attained?,1=Primary or less; 2=Secondary; 3=Tertiary,Harmonized to 3-level scale from country-specific categories
w5,V238,education_level,Demographics,,What is the highest educational level that you have attained?,1=Primary or less; 2=Secondary; 3=Tertiary,Harmonized to 3-level scale from country-specific categories
w6,V248,education_level,Demographics,,What is the highest educational level that you have attained?,1=Primary or less; 2=Secondary; 3=Tertiary,Harmonized to 3-level scale from country-specific categories
w7,Q275,education_level,Demographics,,What is the highest educational level that you have attained?,1=Primary or less; 2=Secondary; 3=Tertiary,Harmonized to 3-level scale from country-specific categories
w1,V220,employment_status,Demographics,,"Are you employed now or not? If yes, about how many hours a week?",1=Full time; 2=Part time; 3=Self employed; 4=Retired/pensioned; 5=Housewife/not otherwise employed; 6=Student; 7=Unemployed; 8=Other,
w2,V358,employment_status,Demographics,,"Are you employed now or not? If yes, about how many hours a week?",1=Full time; 2=Part time; 3=Self employed; 4=Retired/pensioned; 5=Housewife/not otherwise employed; 6=Student; 7=Unemployed; 8=Other,
w3,V220,employment_status,Demographics,,"Are you employed now or not? If yes, about how many hours a week?",1=Full time; 2=Part time; 3=Self employed; 4=Retired/pensioned; 5=Housewife/not otherwise employed; 6=Student; 7=Unemployed; 8=Other,
w4,V229,employment_status,Demographics,,"Are you employed now or not? If yes, about how many hours a week?",1=Full time; 2=Part time; 3=Self employed; 4=Retired/pensioned; 5=Housewife/not otherwise employed; 6=Student; 7=Unemployed; 8=Other,
w5,V241,employment_status,Demographics,,"Are you employed now or not? If yes, about how many hours a week?",1=Full time; 2=Part time; 3=Self employed; 4=Retired/pensioned; 5=Housewife/not otherwise employed; 6=Student; 7=Unemployed; 8=Other,
w6,V229,employment_status,Demographics,,"Are you employed now or not? If yes, about how many hours a week?",1=Full time; 2=Part time; 3=Self employed; 4=Retired/pensioned; 5=Housewife/not otherwise employed; 6=Student; 7=Unemployed; 8=Other,
w7,Q279,employment_status,Demographics,,"Are you employed now or not? If yes, about how many hours a week?",1=Full time; 2=Part time; 3=Self employed; 4=Retired/pensioned; 5=Housewife/not otherwise employed; 6=Student; 7=Unemployed; 8=Other,
w1,V66,freedom_of_choice,Happiness and Well-Being,,"Some people feel they have completely free choice and control over their lives, while other people feel that what they do has no real effect on what happens to them. Please use this scale where 1 means ""no choice at all"" and 10 means ""a great deal of choice"" to indicate how much freedom of choice and control you feel you have over the way your life turns out.",1=None at all; 10=A great deal,
w2,V95,freedom_of_choice,Happiness and Well-Being,,"Some people feel they have completely free choice and control over their lives, while other people feel that what they do has no real effect on what happens to them. Please use this scale where 1 means ""no choice at all"" and 10 means ""a great deal of choice"" to indicate how much freedom of choice and control you feel you have over the way your life turns out.",1=None at all; 10=A great deal,
w3,V66,freedom_of_choice,Happiness and Well-Being,,"Some people feel they have completely free choice and control over their lives, while other people feel that what they do has no real effect on what happens to them. Please use this scale where 1 means ""no choice at all"" and 10 means ""a great deal of choice"" to indicate how much freedom of choice and control you feel you have over the way your life turns out.",1=None at all; 10=A great deal,
w4,V82,freedom_of_choice,Happiness and Well-Being,,"Some people feel they have completely free choice and control over their lives, while other people feel that what they do has no real effect on what happens to them. Please use this scale where 1 means ""no choice at all"" and 10 means ""a great deal of choice"" to indicate how much freedom of choice and control you feel you have over the way your life turns out.",1=None at all; 10=A great deal,
w5,V46,freedom_of_choice,Happiness and Well-Being,,"Some people feel they have completely free choice and control over their lives, while other people feel that what they do has no real effect on what happens to them. Please use this scale where 1 means ""no choice at all"" and 10 means ""a great deal of choice"" to indicate how much freedom of choice and control you feel you have over the way your life turns out.",1=None at all; 10=A great deal,
w6,V55,freedom_of_choice,Happiness and Well-Being,,"Some people feel they have completely free choice and control over their lives, while other people feel that what they do has no real effect on what happens to them. Please use this scale where 1 means ""no choice at all"" and 10 means ""a great deal of choice"" to indicate how much freedom of choice and control you feel you have over the way your life turns out.",1=None at all; 10=A great deal,
w7,Q48,freedom_of_choice,Happiness and Well-Being,,"Some people feel they have completely free choice and control over their lives, while other people feel that what they do has no real effect on what happens to them. Please use this scale where 1 means ""no choice at all"" and 10 means ""a great deal of choice"" to indicate how much freedom of choice and control you feel you have over the way your life turns out.",1=None at all; 10=A great deal,
w1,,freedom_vs_equality,Security,,,,Not included in this wave
w2,V247,freedom_vs_equality,Security,,"Most people consider both freedom and equality to be important, but if you had to choose between them, which one would you consider more important? 1. Freedom; 2. Equality",1=Freedom; 2=Equality,
w3,,freedom_vs_equality,Security,,,,Not included in this wave
w4,,freedom_vs_equality,Security,,,,Not included in this wave
w5,,freedom_vs_equality,Security,,,,Not included in this wave
w6,,freedom_vs_equality,Security,,,,Not included in this wave
w7,Q149,freedom_vs_equality,Security,,"Most people consider both freedom and equality to be important, but if you had to choose between them, which one would you consider more important? 1. Freedom; 2. Equality",1=Freedom; 2=Equality,
w1,,freedom_vs_security,Security,,,,Not included in this wave
w2,,freedom_vs_security,Security,,,,Not included in this wave
w3,,freedom_vs_security,Security,,,,Not included in this wave
w4,,freedom_vs_security,Security,,,,Not included in this wave
w5,,freedom_vs_security,Security,,,,Not included in this wave
w6,,freedom_vs_security,Security,,,,Not included in this wave
w7,Q150,freedom_vs_security,Security,,"Most people consider both freedom and security to be important, but if you had to choose between them, which one would you consider more important? 1. Freedom; 2. Security",1=Freedom; 2=Security,
w1,V10,happiness,Happiness and Well-Being,,"Taking all things together, would you say you are: 1 Very happy, 2 Rather happy, 3 Not very happy, 4 Not at all happy",1=Not at all happy; 2=Not very happy; 3=Rather happy; 4=Very happy,
w2,V18,happiness,Happiness and Well-Being,,"Taking all things together, would you say you are: 1 Very happy, 2 Rather happy, 3 Not very happy, 4 Not at all happy",1=Not at all happy; 2=Not very happy; 3=Rather happy; 4=Very happy,
w3,V10,happiness,Happiness and Well-Being,,"Taking all things together, would you say you are: 1 Very happy, 2 Rather happy, 3 Not very happy, 4 Not at all happy",1=Not at all happy; 2=Not very happy; 3=Rather happy; 4=Very happy,
w4,V11,happiness,Happiness and Well-Being,,"Taking all things together, would you say you are: 1 Very happy, 2 Rather happy, 3 Not very happy, 4 Not at all happy",1=Not at all happy; 2=Not very happy; 3=Rather happy; 4=Very happy,
w5,V10,happiness,Happiness and Well-Being,,"Taking all things together, would you say you are: 1 Very happy, 2 Rather happy, 3 Not very happy, 4 Not at all happy",1=Not at all happy; 2=Not very happy; 3=Rather happy; 4=Very happy,
w6,V10,happiness,Happiness and Well-Being,,"Taking all things together, would you say you are: 1 Very happy, 2 Rather happy, 3 Not very happy, 4 Not at all happy",1=Not at all happy; 2=Not very happy; 3=Rather happy; 4=Very happy,
w7,Q46,happiness,Happiness and Well-Being,,"Taking all things together, would you say you are: 1 Very happy, 2 Rather happy, 3 Not very happy, 4 Not at all happy",1=Not at all happy; 2=Not very happy; 3=Rather happy; 4=Very happy,
w1,V227,income_scale,Demographics,,"On this card is an income scale on which 1 indicates the lowest income group and 10 the highest income group in your country. We would like to know in what group your household is. Please, specify the appropriate number, counting all wages, salaries, pensions and other incomes that come in.",1=Lowest income group; 10=Highest income group,
w2,V363,income_scale,Demographics,,"On this card is an income scale on which 1 indicates the lowest income group and 10 the highest income group in your country. We would like to know in what group your household is. Please, specify the appropriate number, counting all wages, salaries, pensions and other incomes that come in.",1=Lowest income group; 10=Highest income group,
w3,V227,income_scale,Demographics,,"On this card is an income scale on which 1 indicates the lowest income group and 10 the highest income group in your country. We would like to know in what group your household is. Please, specify the appropriate number, counting all wages, salaries, pensions and other incomes that come in.",1=Lowest income group; 10=Highest income group,
w4,V236,income_scale,Demographics,,"On this card is an income scale on which 1 indicates the lowest income group and 10 the highest income group in your country. We would like to know in what group your household is. Please, specify the appropriate number, counting all wages, salaries, pensions and other incomes that come in.",1=Lowest income group; 10=Highest income group,
w5,V253,income_scale,Demographics,,"On this card is an income scale on which 1 indicates the lowest income group and 10 the highest income group in your country. We would like to know in what group your household is. Please, specify the appropriate number, counting all wages, salaries, pensions and other incomes that come in.",1=Lowest income group; 10=Highest income group,
w6,V239,income_scale,Demographics,,"On this card is an income scale on which 1 indicates the lowest income group and 10 the highest income group in your country. We would like to know in what group your household is. Please, specify the appropriate number, counting all wages, salaries, pensions and other incomes that come in.",1=Lowest income group; 10=Highest income group,
w7,Q288,income_scale,Demographics,,"On this card is an income scale on which 1 indicates the lowest income group and 10 the highest income group in your country. We would like to know in what group your household is. Please, specify the appropriate number, counting all wages, salaries, pensions and other incomes that come in.",1=Lowest income group; 10=Highest income group,
w1,,info_email,Political Interest & Political Participation,,,,Not included in this wave
w2,,info_email,Political Interest & Political Participation,,,,Not included in this wave
w3,,info_email,Political Interest & Political Participation,,,,Not included in this wave
w4,,info_email,Political Interest & Political Participation,,,,Not included in this wave
w5,,info_email,Political Interest & Political Participation,,,,Not included in this wave
w6,V222,info_email,Political Interest & Political Participation,"People learn what is going on in this country and the world from various sources. For each of the following sources, please indicate whether you use it to obtain information daily, weekly, monthly, less than monthly or never.",Email,1=Never; 2=Less than monthly; 3=Monthly; 4=Weekly; 5=Daily,
w7,Q205,info_email,Political Interest & Political Participation,"People learn what is going on in this country and the world from various sources. For each of the following sources, please indicate whether you use it to obtain information daily, weekly, monthly, less than monthly or never.",Email,1=Never; 2=Less than monthly; 3=Monthly; 4=Weekly; 5=Daily,
w1,,info_internet,Political Interest & Political Participation,,,,Not included in this wave
w2,,info_internet,Political Interest & Political Participation,,,,Not included in this wave
w3,,info_internet,Political Interest & Political Participation,,,,Not included in this wave
w4,,info_internet,Political Interest & Political Participation,,,,Not included in this wave
w5,,info_internet,Political Interest & Political Participation,,,,Not included in this wave
w6,V223,info_internet,Political Interest & Political Participation,"People learn what is going on in this country and the world from various sources. For each of the following sources, please indicate whether you use it to obtain information daily, weekly, monthly, less than monthly or never.",Internet,1=Never; 2=Less than monthly; 3=Monthly; 4=Weekly; 5=Daily,
w7,Q206,info_internet,Political Interest & Political Participation,"People learn what is going on in this country and the world from various sources. For each of the following sources, please indicate whether you use it to obtain information daily, weekly, monthly, less than monthly or never.",Internet,1=Never; 2=Less than monthly; 3=Monthly; 4=Weekly; 5=Daily,
w1,,info_magazines,Political Interest & Political Participation,,,,Not included in this wave
w2,,info_magazines,Political Interest & Political Participation,,,,Not included in this wave
w3,,info_magazines,Political Interest & Political Participation,,,,Not included in this wave
w4,,info_magazines,Political Interest & Political Participation,,,,Not included in this wave
w5,,info_magazines,Political Interest & Political Participation,,,,Not included in this wave
w6,V218,info_magazines,Political Interest & Political Participation,"People learn what is going on in this country and the world from various sources. For each of the following sources, please indicate whether you use it to obtain information daily, weekly, monthly, less than monthly or never.",Magazines,1=Never; 2=Less than monthly; 3=Monthly; 4=Weekly; 5=Daily,
w7,,info_magazines,Political Interest & Political Participation,,,,Not included in this wave
w1,,info_mobile_phone,Political Interest & Political Participation,,,,Not included in this wave
w2,,info_mobile_phone,Political Interest & Political Participation,,,,Not included in this wave
w3,,info_mobile_phone,Political Interest & Political Participation,,,,Not included in this wave
w4,,info_mobile_phone,Political Interest & Political Participation,,,,Not included in this wave
w5,,info_mobile_phone,Political Interest & Political Participation,,,,Not included in this wave
w6,V221,info_mobile_phone,Political Interest & Political Participation,"People learn what is going on in this country and the world from various sources. For each of the following sources, please indicate whether you use it to obtain information daily, weekly, monthly, less than monthly or never.",Mobile phone,1=Never; 2=Less than monthly; 3=Monthly; 4=Weekly; 5=Daily,
w7,Q204,info_mobile_phone,Political Interest & Political Participation,"People learn what is going on in this country and the world from various sources. For each of the following sources, please indicate whether you use it to obtain information daily, weekly, monthly, less than monthly or never.",Mobile phone,1=Never; 2=Less than monthly; 3=Monthly; 4=Weekly; 5=Daily,
w1,,info_newspaper,Political Interest & Political Participation,,,,Not included in this wave
w2,,info_newspaper,Political Interest & Political Participation,,,,Not included in this wave
w3,,info_newspaper,Political Interest & Political Participation,,,,Not included in this wave
w4,,info_newspaper,Political Interest & Political Participation,,,,Not included in this wave
w5,,info_newspaper,Political Interest & Political Participation,,,,Not included in this wave
w6,V217,info_newspaper,Political Interest & Political Participation,"People learn what is going on in this country and the world from various sources. For each of the following sources, please indicate whether you use it to obtain information daily, weekly, monthly, less than monthly or never.",Daily newspaper,1=Never; 2=Less than monthly; 3=Monthly; 4=Weekly; 5=Daily,
w7,Q201,info_newspaper,Political Interest & Political Participation,"People learn what is going on in this country and the world from various sources. For each of the following sources, please indicate whether you use it to obtain information daily, weekly, monthly, less than monthly or never.",Daily newspaper,1=Never; 2=Less than monthly; 3=Monthly; 4=Weekly; 5=Daily,
w1,,info_radio,Political Interest & Political Participation,,,,Not included in this wave
w2,,info_radio,Political Interest & Political Participation,,,,Not included in this wave
w3,,info_radio,Political Interest & Political Participation,,,,Not included in this wave
w4,,info_radio,Political Interest & Political Participation,,,,Not included in this wave
w5,,info_radio,Political Interest & Political Participation,,,,Not included in this wave
w6,V220,info_radio,Political Interest & Political Participation,"People learn what is going on in this country and the world from various sources. For each of the following sources, please indicate whether you use it to obtain information daily, weekly, monthly, less than monthly or never.",Radio news,1=Never; 2=Less than monthly; 3=Monthly; 4=Weekly; 5=Daily,
w7,Q203,info_radio,Political Interest & Political Participation,"People learn what is going on in this country and the world from various sources. For each of the following sources, please indicate whether you use it to obtain information daily, weekly, monthly, less than monthly or never.",Radio news,1=Never; 2=Less than monthly; 3=Monthly; 4=Weekly; 5=Daily,
w1,,info_social_media,Political Interest & Political Participation,,,,Not included in this wave
w2,,info_social_media,Political Interest & Political Participation,,,,Not included in this wave
w3,,info_social_media,Political Interest & Political Participation,,,,Not included in this wave
w4,,info_social_media,Political Interest & Political Participation,,,,Not included in this wave
w5,,info_social_media,Political Interest & Political Participation,,,,Not included in this wave
w6,,info_social_media,Political Interest & Political Participation,,,,Not included in this wave
w7,Q207,info_social_media,Political Interest & Political Participation,"People learn what is going on in this country and the world from various sources. For each of the following sources, please indicate whether you use it to obtain information daily, weekly, monthly, less than monthly or never.","Social media (Facebook, Twitter, etc.)",1=Never; 2=Less than monthly; 3=Monthly; 4=Weekly; 5=Daily,
w1,,info_talk_friends,Political Interest & Political Participation,,,,Not included in this wave
w2,,info_talk_friends,Political Interest & Political Participation,,,,Not included in this wave
w3,,info_talk_friends,Political Interest & Political Participation,,,,Not included in this wave
w4,,info_talk_friends,Political Interest & Political Participation,,,,Not included in this wave
w5,,info_talk_friends,Political Interest & Political Participation,,,,Not included in this wave
w6,V224,info_talk_friends,Political Interest & Political Participation,"People learn what is going on in this country and the world from various sources. For each of the following sources, please indicate whether you use it to obtain information daily, weekly, monthly, less than monthly or never.",Talk with friends or colleagues,1=Never; 2=Less than monthly; 3=Monthly; 4=Weekly; 5=Daily,
w7,Q208,info_talk_friends,Political Interest & Political Participation,"People learn what is going on in this country and the world from various sources. For each of the following sources, please indicate whether you use it to obtain information daily, weekly, monthly, less than monthly or never.",Talk with friends or colleagues,1=Never; 2=Less than monthly; 3=Monthly; 4=Weekly; 5=Daily,
w1,,info_television,Political Interest & Political Participation,,,,Not included in this wave
w2,,info_television,Political Interest & Political Participation,,,,Not included in this wave
w3,,info_television,Political Interest & Political Participation,,,,Not included in this wave
w4,,info_television,Political Interest & Political Participation,,,,Not included in this wave
w5,,info_television,Political Interest & Political Participation,,,,Not included in this wave
w6,V219,info_television,Political Interest & Political Participation,"People learn what is going on in this country and the world from various sources. For each of the following sources, please indicate whether you use it to obtain information daily, weekly, monthly, less than monthly or never.",TV news,1=Never; 2=Less than monthly; 3=Monthly; 4=Weekly; 5=Daily,
w7,Q202,info_television,Political Interest & Political Participation,"People learn what is going on in this country and the world from various sources. For each of the following sources, please indicate whether you use it to obtain information daily, weekly, monthly, less than monthly or never.",TV news,1=Never; 2=Less than monthly; 3=Monthly; 4=Weekly; 5=Daily,
w1,V65,life_satisfaction,Happiness and Well-Being,,"All things considered, how satisfied are you with your life as a whole these days? Using this card on which 1 means you are ""completely dissatisfied"" and 10 means you are ""completely satisfied"" where would you put your satisfaction with your life as a whole?",1=Completely dissatisfied; 10=Completely satisfied,
w2,V96,life_satisfaction,Happiness and Well-Being,,"All things considered, how satisfied are you with your life as a whole these days? Using this card on which 1 means you are ""completely dissatisfied"" and 10 means you are ""completely satisfied"" where would you put your satisfaction with your life as a whole?",1=Completely dissatisfied; 10=Completely satisfied,
w3,V65,life_satisfaction,Happiness and Well-Being,,"All things considered, how satisfied are you with your life as a whole these days? Using this card on which 1 means you are ""completely dissatisfied"" and 10 means you are ""completely satisfied"" where would you put your satisfaction with your life as a whole?",1=Completely dissatisfied; 10=Completely satisfied,
w4,V81,life_satisfaction,Happiness and Well-Being,,"All things considered, how satisfied are you with your life as a whole these days? Using this card on which 1 means you are ""completely dissatisfied"" and 10 means you are ""completely satisfied"" where would you put your satisfaction with your life as a whole?",1=Completely dissatisfied; 10=Completely satisfied,
w5,V22,life_satisfaction,Happiness and Well-Being,,"All things considered, how satisfied are you with your life as a whole these days? Using this card on which 1 means you are ""completely dissatisfied"" and 10 means you are ""completely satisfied"" where would you put your satisfaction with your life as a whole?",1=Completely dissatisfied; 10=Completely satisfied,
w6,V23,life_satisfaction,Happiness and Well-Being,,"All things considered, how satisfied are you with your life as a whole these days? Using this card on which 1 means you are ""completely dissatisfied"" and 10 means you are ""completely satisfied"" where would you put your satisfaction with your life as a whole?",1=Completely dissatisfied; 10=Completely satisfied,
w7,Q49,life_satisfaction,Happiness and Well-Being,,"All things considered, how satisfied are you with your life as a whole these days? Using this card on which 1 means you are ""completely dissatisfied"" and 10 means you are ""completely satisfied"" where would you put your satisfaction with your life as a whole?",1=Completely dissatisfied; 10=Completely satisfied,
w1,V89,marital_status,Demographics,,"Are you currently (read out and code one answer only): 1 Married, 2 Living together as married, 3 Divorced, 4 Separated, 5 Widowed, 6 Single",1=Married; 2=Living together as married; 3=Divorced; 4=Separated; 5=Widowed; 6=Single/Never married,
w2,V181,marital_status,Demographics,,"Are you currently (read out and code one answer only): 1 Married, 2 Living together as married, 3 Divorced, 4 Separated, 5 Widowed, 6 Single",1=Married; 2=Living together as married; 3=Divorced; 4=Separated; 5=Widowed; 6=Single/Never married,
w3,V89,marital_status,Demographics,,"Are you currently (read out and code one answer only): 1 Married, 2 Living together as married, 3 Divorced, 4 Separated, 5 Widowed, 6 Single",1=Married; 2=Living together as married; 3=Divorced; 4=Separated; 5=Widowed; 6=Single/Never married,
w4,V106,marital_status,Demographics,,"Are you currently (read out and code one answer only): 1 Married, 2 Living together as married, 3 Divorced, 4 Separated, 5 Widowed, 6 Single",1=Married; 2=Living together as married; 3=Divorced; 4=Separated; 5=Widowed; 6=Single/Never married,
w5,V55,marital_status,Demographics,,"Are you currently (read out and code one answer only): 1 Married, 2 Living together as married, 3 Divorced, 4 Separated, 5 Widowed, 6 Single",1=Married; 2=Living together as married; 3=Divorced; 4=Separated; 5=Widowed; 6=Single/Never married,
w6,V57,marital_status,Demographics,,"Are you currently (read out and code one answer only): 1 Married, 2 Living together as married, 3 Divorced, 4 Separated, 5 Widowed, 6 Single",1=Married; 2=Living together as married; 3=Divorced; 4=Separated; 5=Widowed; 6=Single/Never married,
w7,Q273,marital_status,Demographics,,"Are you currently (read out and code one answer only): 1 Married, 2 Living together as married, 3 Divorced, 4 Separated, 5 Widowed, 6 Single",1=Married; 2=Living together as married; 3=Divorced; 4=Separated; 5=Widowed; 6=Single/Never married,
w1,V205,national_pride,Political Culture & Political Regimes,,How proud are you to be [country's nationality]?,1=Not at all proud; 2=Not very proud; 3=Quite proud; 4=Very proud,
w2,V322,national_pride,Political Culture & Political Regimes,,How proud are you to be [country's nationality]?,1=Not at all proud; 2=Not very proud; 3=Quite proud; 4=Very proud,
w3,V205,national_pride,Political Culture & Political Regimes,,How proud are you to be [country's nationality]?,1=Not at all proud; 2=Not very proud; 3=Quite proud; 4=Very proud,
w4,V216,national_pride,Political Culture & Political Regimes,,How proud are you to be [country's nationality]?,1=Not at all proud; 2=Not very proud; 3=Quite proud; 4=Very proud,
w5,V209,national_pride,Political Culture & Political Regimes,,How proud are you to be [country's nationality]?,1=Not at all proud; 2=Not very proud; 3=Quite proud; 4=Very proud,
w6,V211,national_pride,Political Culture & Political Regimes,,How proud are you to be [country's nationality]?,1=Not at all proud; 2=Not very proud; 3=Quite proud; 4=Very proud,
w7,Q254,national_pride,Political Culture & Political Regimes,,How proud are you to be [country's nationality]?,1=Not at all proud; 2=Not very proud; 3=Quite proud; 4=Very proud,
w1,V37,pol_discuss_friends,Political Interest & Political Participation,,"When you get together with your friends, would you say you discuss political matters frequently, occasionally, or never?",1=Never; 2=Occasionally; 3=Frequently,
w2,V10,pol_discuss_friends,Political Interest & Political Participation,,"When you get together with your friends, would you say you discuss political matters frequently, occasionally, or never?",1=Never; 2=Occasionally; 3=Frequently,
w3,V37,pol_discuss_friends,Political Interest & Political Participation,,"When you get together with your friends, would you say you discuss political matters frequently, occasionally, or never?",1=Never; 2=Occasionally; 3=Frequently,
w4,V32,pol_discuss_friends,Political Interest & Political Participation,,"When you get together with your friends, would you say you discuss political matters frequently, occasionally, or never?",1=Never; 2=Occasionally; 3=Frequently,
w5,,pol_discuss_friends,Political Interest & Political Participation,,,,Not included in this wave
w6,,pol_discuss_friends,Political Interest & Political Participation,,,,Not included in this wave
w7,Q200,pol_discuss_friends,Political Interest & Political Participation,,"When you get together with your friends, would you say you discuss political matters frequently, occasionally, or never?",1=Never; 2=Occasionally; 3=Frequently,
w1,V117,pol_interest,Political Interest & Political Participation,,"How interested would you say you are in politics? Are you (read out and code one answer): 1 Very interested, 2 Somewhat interested, 3 Not very interested, 4 Not at all interested",1=Not at all interested; 2=Not very interested; 3=Somewhat interested; 4=Very interested,
w2,V241,pol_interest,Political Interest & Political Participation,,"How interested would you say you are in politics? Are you (read out and code one answer): 1 Very interested, 2 Somewhat interested, 3 Not very interested, 4 Not at all interested",1=Not at all interested; 2=Not very interested; 3=Somewhat interested; 4=Very interested,
w3,V117,pol_interest,Political Interest & Political Participation,,"How interested would you say you are in politics? Are you (read out and code one answer): 1 Very interested, 2 Somewhat interested, 3 Not very interested, 4 Not at all interested",1=Not at all interested; 2=Not very interested; 3=Somewhat interested; 4=Very interested,
w4,V133,pol_interest,Political Interest & Political Participation,,"How interested would you say you are in politics? Are you (read out and code one answer): 1 Very interested, 2 Somewhat interested, 3 Not very interested, 4 Not at all interested",1=Not at all interested; 2=Not very interested; 3=Somewhat interested; 4=Very interested,
w5,V95,pol_interest,Political Interest & Political Participation,,"How interested would you say you are in politics? Are you (read out and code one answer): 1 Very interested, 2 Somewhat interested, 3 Not very interested, 4 Not at all interested",1=Not at all interested; 2=Not very interested; 3=Somewhat interested; 4=Very interested,
w6,V84,pol_interest,Political Interest & Political Participation,,"How interested would you say you are in politics? Are you (read out and code one answer): 1 Very interested, 2 Somewhat interested, 3 Not very interested, 4 Not at all interested",1=Not at all interested; 2=Not very interested; 3=Somewhat interested; 4=Very interested,
w7,Q199,pol_interest,Political Interest & Political Participation,,"How interested would you say you are in politics? Are you (read out and code one answer): 1 Very interested, 2 Somewhat interested, 3 Not very interested, 4 Not at all interested",1=Not at all interested; 2=Not very interested; 3=Somewhat interested; 4=Very interested,
w1,,postmaterialist_12item,Postmaterialist Index,,,,Not included in this wave
w2,Y001,postmaterialist_12item,Postmaterialist Index,,Inglehart 12-item post-materialist index (derived from three batteries of aims for this country),0=Materialist; 5=Post-materialist,Derived index from three post-materialist batteries (Y001)
w3,Y001,postmaterialist_12item,Postmaterialist Index,,Inglehart 12-item post-materialist index (derived from three batteries of aims for this country),0=Materialist; 5=Post-materialist,Derived index from three post-materialist batteries (Y001)
w4,Y001,postmaterialist_12item,Postmaterialist Index,,Inglehart 12-item post-materialist index (derived from three batteries of aims for this country),0=Materialist; 5=Post-materialist,Derived index from three post-materialist batteries (Y001)
w5,Y001,postmaterialist_12item,Postmaterialist Index,,Inglehart 12-item post-materialist index (derived from three batteries of aims for this country),0=Materialist; 5=Post-materialist,Derived index from three post-materialist batteries (Y001)
w6,Y001,postmaterialist_12item,Postmaterialist Index,,Inglehart 12-item post-materialist index (derived from three batteries of aims for this country),0=Materialist; 5=Post-materialist,Derived index from three post-materialist batteries (Y001)
w7,Y001,postmaterialist_12item,Postmaterialist Index,,Inglehart 12-item post-materialist index (derived from three batteries of aims for this country),0=Materialist; 5=Post-materialist,Derived index from three post-materialist batteries (Y001)
w1,Y002,postmaterialist_4item,Postmaterialist Index,,Inglehart 4-item post-materialist index (derived from first battery of aims for this country),1=Materialist; 2=Mixed; 3=Post-materialist,Derived index from first post-materialist battery (Y002)
w2,Y002,postmaterialist_4item,Postmaterialist Index,,Inglehart 4-item post-materialist index (derived from first battery of aims for this country),1=Materialist; 2=Mixed; 3=Post-materialist,Derived index from first post-materialist battery (Y002)
w3,Y002,postmaterialist_4item,Postmaterialist Index,,Inglehart 4-item post-materialist index (derived from first battery of aims for this country),1=Materialist; 2=Mixed; 3=Post-materialist,Derived index from first post-materialist battery (Y002)
w4,Y002,postmaterialist_4item,Postmaterialist Index,,Inglehart 4-item post-materialist index (derived from first battery of aims for this country),1=Materialist; 2=Mixed; 3=Post-materialist,Derived index from first post-materialist battery (Y002)
w5,Y002,postmaterialist_4item,Postmaterialist Index,,Inglehart 4-item post-materialist index (derived from first battery of aims for this country),1=Materialist; 2=Mixed; 3=Post-materialist,Derived index from first post-materialist battery (Y002)
w6,Y002,postmaterialist_4item,Postmaterialist Index,,Inglehart 4-item post-materialist index (derived from first battery of aims for this country),1=Materialist; 2=Mixed; 3=Post-materialist,Derived index from first post-materialist battery (Y002)
w7,Y002,postmaterialist_4item,Postmaterialist Index,,Inglehart 4-item post-materialist index (derived from first battery of aims for this country),1=Materialist; 2=Mixed; 3=Post-materialist,Derived index from first post-materialist battery (Y002)
w1,V114,respect_authority,"Social Values, Attitudes & Stereotypes","I'm going to read out a list of various changes in our way of life that might take place in the near future. Please tell me for each one, if it were to happen, whether you think it would be a good thing, a bad thing, or don't you mind?",Greater respect for authority,1=Good thing; 2=Don't mind; 3=Bad thing,
w2,V268,respect_authority,"Social Values, Attitudes & Stereotypes","I'm going to read out a list of various changes in our way of life that might take place in the near future. Please tell me for each one, if it were to happen, whether you think it would be a good thing, a bad thing, or don't you mind?",Greater respect for authority,1=Good thing; 2=Don't mind; 3=Bad thing,
w3,V114,respect_authority,"Social Values, Attitudes & Stereotypes","I'm going to read out a list of various changes in our way of life that might take place in the near future. Please tell me for each one, if it were to happen, whether you think it would be a good thing, a bad thing, or don't you mind?",Greater respect for authority,1=Good thing; 2=Don't mind; 3=Bad thing,
w4,V130,respect_authority,"Social Values, Attitudes & Stereotypes","I'm going to read out a list of various changes in our way of life that might take place in the near future. Please tell me for each one, if it were to happen, whether you think it would be a good thing, a bad thing, or don't you mind?",Greater respect for authority,1=Good thing; 2=Don't mind; 3=Bad thing,
w5,V78,respect_authority,"Social Values, Attitudes & Stereotypes","I'm going to read out a list of various changes in our way of life that might take place in the near future. Please tell me for each one, if it were to happen, whether you think it would be a good thing, a bad thing, or don't you mind?",Greater respect for authority,1=Good thing; 2=Don't mind; 3=Bad thing,
w6,V69,respect_authority,"Social Values, Attitudes & Stereotypes","I'm going to read out a list of various changes in our way of life that might take place in the near future. Please tell me for each one, if it were to happen, whether you think it would be a good thing, a bad thing, or don't you mind?",Greater respect for authority,1=Good thing; 2=Don't mind; 3=Bad thing,
w7,Q45,respect_authority,"Social Values, Attitudes & Stereotypes","I'm going to read out a list of various changes in our way of life that might take place in the near future. Please tell me for each one, if it were to happen, whether you think it would be a good thing, a bad thing, or don't you mind?",Greater respect for authority,1=Good thing; 2=Don't mind; 3=Bad thing,
w1,V214,sex,Demographics,,Respondent's sex (code respondent's sex by observation),1=Male; 0=Female,
w2,V353,sex,Demographics,,Respondent's sex (code respondent's sex by observation),1=Male; 0=Female,
w3,V214,sex,Demographics,,Respondent's sex (code respondent's sex by observation),1=Male; 0=Female,
w4,V223,sex,Demographics,,Respondent's sex (code respondent's sex by observation),1=Male; 0=Female,
w5,V235,sex,Demographics,,Respondent's sex (code respondent's sex by observation),1=Male; 0=Female,
w6,V240,sex,Demographics,,Respondent's sex (code respondent's sex by observation),1=Male; 0=Female,
w7,Q260,sex,Demographics,,Respondent's sex (code respondent's sex by observation),1=Male; 0=Female,
w1,,social_class,Demographics,,,,Not included in this wave
w2,,social_class,Demographics,,,,Not included in this wave
w3,V226,social_class,Demographics,,"People sometimes describe themselves as belonging to the working class, the middle class, or the upper or lower class. Would you describe yourself as belonging to the: 1 Upper class, 2 Upper middle class, 3 Lower middle class, 4 Working class, 5 Lower class",1=Lower class; 2=Working class; 3=Lower middle class; 4=Upper middle class; 5=Upper class,
w4,V235,social_class,Demographics,,"People sometimes describe themselves as belonging to the working class, the middle class, or the upper or lower class. Would you describe yourself as belonging to the: 1 Upper class, 2 Upper middle class, 3 Lower middle class, 4 Working class, 5 Lower class",1=Lower class; 2=Working class; 3=Lower middle class; 4=Upper middle class; 5=Upper class,
w5,V252,social_class,Demographics,,"People sometimes describe themselves as belonging to the working class, the middle class, or the upper or lower class. Would you describe yourself as belonging to the: 1 Upper class, 2 Upper middle class, 3 Lower middle class, 4 Working class, 5 Lower class",1=Lower class; 2=Working class; 3=Lower middle class; 4=Upper middle class; 5=Upper class,
w6,V238,social_class,Demographics,,"People sometimes describe themselves as belonging to the working class, the middle class, or the upper or lower class. Would you describe yourself as belonging to the: 1 Upper class, 2 Upper middle class, 3 Lower middle class, 4 Working class, 5 Lower class",1=Lower class; 2=Working class; 3=Lower middle class; 4=Upper middle class; 5=Upper class,
w7,Q287,social_class,Demographics,,"People sometimes describe themselves as belonging to the working class, the middle class, or the upper or lower class. Would you describe yourself as belonging to the: 1 Upper class, 2 Upper middle class, 3 Lower middle class, 4 Working class, 5 Lower class",1=Lower class; 2=Working class; 3=Lower middle class; 4=Upper middle class; 5=Upper class,
w1,,system_rating_future,Political Culture & Political Regimes,,,,Not included in this wave
w2,,system_rating_future,Political Culture & Political Regimes,,,,Not included in this wave
w3,V153,system_rating_future,Political Culture & Political Regimes,People have different views about the system for governing this country. Here is a scale for rating how well things are going: 1 means very bad; 10 means very good. Where on this scale would you put the political system as it was...,Where on this scale would you put the political system as you expect it to be in ten years?,1=Very bad; 10=Very good,
w4,V163B,system_rating_future,Political Culture & Political Regimes,People have different views about the system for governing this country. Here is a scale for rating how well things are going: 1 means very bad; 10 means very good. Where on this scale would you put the political system as it was...,Where on this scale would you put the political system as you expect it to be in ten years?,1=Very bad; 10=Very good,
w5,,system_rating_future,Political Culture & Political Regimes,,,,Not included in this wave
w6,,system_rating_future,Political Culture & Political Regimes,,,,Not included in this wave
w7,,system_rating_future,Political Culture & Political Regimes,,,,Not included in this wave
w1,,system_rating_present,Political Culture & Political Regimes,,,,Not included in this wave
w2,,system_rating_present,Political Culture & Political Regimes,,,,Not included in this wave
w3,V152,system_rating_present,Political Culture & Political Regimes,People have different views about the system for governing this country. Here is a scale for rating how well things are going: 1 means very bad; 10 means very good. Where on this scale would you put the political system as it was...,Where on this scale would you put the political system as it is today?,1=Very bad; 10=Very good,
w4,V163A,system_rating_present,Political Culture & Political Regimes,People have different views about the system for governing this country. Here is a scale for rating how well things are going: 1 means very bad; 10 means very good. Where on this scale would you put the political system as it was...,Where on this scale would you put the political system as it is today?,1=Very bad; 10=Very good,
w5,,system_rating_present,Political Culture & Political Regimes,,,,Not included in this wave
w6,,system_rating_present,Political Culture & Political Regimes,,,,Not included in this wave
w7,,system_rating_present,Political Culture & Political Regimes,,,,Not included in this wave
w1,,system_rating_previous,Political Culture & Political Regimes,,,,Not included in this wave
w2,,system_rating_previous,Political Culture & Political Regimes,,,,Not included in this wave
w3,V151,system_rating_previous,Political Culture & Political Regimes,People have different views about the system for governing this country. Here is a scale for rating how well things are going: 1 means very bad; 10 means very good. Where on this scale would you put the political system as it was...,Where on this scale would you put the political system as it was before (under the former regime)?,1=Very bad; 10=Very good,
w4,V163,system_rating_previous,Political Culture & Political Regimes,People have different views about the system for governing this country. Here is a scale for rating how well things are going: 1 means very bad; 10 means very good. Where on this scale would you put the political system as it was...,Where on this scale would you put the political system as it was before (under the former regime)?,1=Very bad; 10=Very good,
w5,,system_rating_previous,Political Culture & Political Regimes,,,,Not included in this wave
w6,,system_rating_previous,Political Culture & Political Regimes,,,,Not included in this wave
w7,,system_rating_previous,Political Culture & Political Regimes,,,,Not included in this wave
w1,,trust_another_nationality,"Social Capital, Trust & Organizational Membership",,,,Not included in this wave
w2,,trust_another_nationality,"Social Capital, Trust & Organizational Membership",,,,Not included in this wave
w3,,trust_another_nationality,"Social Capital, Trust & Organizational Membership",,,,Not included in this wave
w4,,trust_another_nationality,"Social Capital, Trust & Organizational Membership",,,,Not included in this wave
w5,V130,trust_another_nationality,"Social Capital, Trust & Organizational Membership","I'd like to ask you how much you trust people from various groups. Could you tell me for each whether you trust people from this group completely, somewhat, not very much or not at all?",People of another nationality,1=Do not trust at all; 2=Do not trust very much; 3=Trust somewhat; 4=Trust completely,
w6,V107,trust_another_nationality,"Social Capital, Trust & Organizational Membership","I'd like to ask you how much you trust people from various groups. Could you tell me for each whether you trust people from this group completely, somewhat, not very much or not at all?",People of another nationality,1=Do not trust at all; 2=Do not trust very much; 3=Trust somewhat; 4=Trust completely,
w7,Q63,trust_another_nationality,"Social Capital, Trust & Organizational Membership","I'd like to ask you how much you trust people from various groups. Could you tell me for each whether you trust people from this group completely, somewhat, not very much or not at all?",People of another nationality,1=Do not trust at all; 2=Do not trust very much; 3=Trust somewhat; 4=Trust completely,
w1,,trust_another_religion,"Social Capital, Trust & Organizational Membership",,,,Not included in this wave
w2,,trust_another_religion,"Social Capital, Trust & Organizational Membership",,,,Not included in this wave
w3,,trust_another_religion,"Social Capital, Trust & Organizational Membership",,,,Not included in this wave
w4,,trust_another_religion,"Social Capital, Trust & Organizational Membership",,,,Not included in this wave
w5,V129,trust_another_religion,"Social Capital, Trust & Organizational Membership","I'd like to ask you how much you trust people from various groups. Could you tell me for each whether you trust people from this group completely, somewhat, not very much or not at all?",People of another religion,1=Do not trust at all; 2=Do not trust very much; 3=Trust somewhat; 4=Trust completely,
w6,V106,trust_another_religion,"Social Capital, Trust & Organizational Membership","I'd like to ask you how much you trust people from various groups. Could you tell me for each whether you trust people from this group completely, somewhat, not very much or not at all?",People of another religion,1=Do not trust at all; 2=Do not trust very much; 3=Trust somewhat; 4=Trust completely,
w7,Q62,trust_another_religion,"Social Capital, Trust & Organizational Membership","I'd like to ask you how much you trust people from various groups. Could you tell me for each whether you trust people from this group completely, somewhat, not very much or not at all?",People of another religion,1=Do not trust at all; 2=Do not trust very much; 3=Trust somewhat; 4=Trust completely,
w1,V136,trust_armed_forces,"Social Capital, Trust & Organizational Membership","I am going to name a number of organizations. For each one, could you tell me how much confidence you have in them: is it a great deal of confidence, quite a lot of confidence, not very much confidence or none at all?",The armed forces,1=None at all; 2=Not very much; 3=Quite a lot; 4=A great deal,
w2,V273,trust_armed_forces,"Social Capital, Trust & Organizational Membership","I am going to name a number of organizations. For each one, could you tell me how much confidence you have in them: is it a great deal of confidence, quite a lot of confidence, not very much confidence or none at all?",The armed forces,1=None at all; 2=Not very much; 3=Quite a lot; 4=A great deal,
w3,V136,trust_armed_forces,"Social Capital, Trust & Organizational Membership","I am going to name a number of organizations. For each one, could you tell me how much confidence you have in them: is it a great deal of confidence, quite a lot of confidence, not very much confidence or none at all?",The armed forces,1=None at all; 2=Not very much; 3=Quite a lot; 4=A great deal,
w4,V148,trust_armed_forces,"Social Capital, Trust & Organizational Membership","I am going to name a number of organizations. For each one, could you tell me how much confidence you have in them: is it a great deal of confidence, quite a lot of confidence, not very much confidence or none at all?",The armed forces,1=None at all; 2=Not very much; 3=Quite a lot; 4=A great deal,
w5,V132,trust_armed_forces,"Social Capital, Trust & Organizational Membership","I am going to name a number of organizations. For each one, could you tell me how much confidence you have in them: is it a great deal of confidence, quite a lot of confidence, not very much confidence or none at all?",The armed forces,1=None at all; 2=Not very much; 3=Quite a lot; 4=A great deal,
w6,V109,trust_armed_forces,"Social Capital, Trust & Organizational Membership","I am going to name a number of organizations. For each one, could you tell me how much confidence you have in them: is it a great deal of confidence, quite a lot of confidence, not very much confidence or none at all?",The armed forces,1=None at all; 2=Not very much; 3=Quite a lot; 4=A great deal,
w7,Q65,trust_armed_forces,"Social Capital, Trust & Organizational Membership","I am going to name a number of organizations. For each one, could you tell me how much confidence you have in them: is it a great deal of confidence, quite a lot of confidence, not very much confidence or none at all?",The armed forces,1=None at all; 2=Not very much; 3=Quite a lot; 4=A great deal,
w1,,trust_banks,"Social Capital, Trust & Organizational Membership",,,,Not included in this wave
w2,,trust_banks,"Social Capital, Trust & Organizational Membership",,,,Not included in this wave
w3,,trust_banks,"Social Capital, Trust & Organizational Membership",,,,Not included in this wave
w4,,trust_banks,"Social Capital, Trust & Organizational Membership",,,,Not included in this wave
w5,,trust_banks,"Social Capital, Trust & Organizational Membership",,,,Not included in this wave
w6,V121,trust_banks,"Social Capital, Trust & Organizational Membership","I am going to name a number of organizations. For each one, could you tell me how much confidence you have in them: is it a great deal of confidence, quite a lot of confidence, not very much confidence or none at all?",Banks,1=None at all; 2=Not very much; 3=Quite a lot; 4=A great deal,
w7,Q78,trust_banks,"Social Capital, Trust & Organizational Membership","I am going to name a number of organizations. For each one, could you tell me how much confidence you have in them: is it a great deal of confidence, quite a lot of confidence, not very much confidence or none at all?",Banks,1=None at all; 2=Not very much; 3=Quite a lot; 4=A great deal,
w1,,trust_charitable_orgs,"Social Capital, Trust & Organizational Membership",,,,Not included in this wave
w2,,trust_charitable_orgs,"Social Capital, Trust & Organizational Membership",,,,Not included in this wave
w3,,trust_charitable_orgs,"Social Capital, Trust & Organizational Membership",,,,Not included in this wave
w4,,trust_charitable_orgs,"Social Capital, Trust & Organizational Membership",,,,Not included in this wave
w5,V145,trust_charitable_orgs,"Social Capital, Trust & Organizational Membership","I am going to name a number of organizations. For each one, could you tell me how much confidence you have in them: is it a great deal of confidence, quite a lot of confidence, not very much confidence or none at all?",Charitable or humanitarian organizations,1=None at all; 2=Not very much; 3=Quite a lot; 4=A great deal,
w6,V124,trust_charitable_orgs,"Social Capital, Trust & Organizational Membership","I am going to name a number of organizations. For each one, could you tell me how much confidence you have in them: is it a great deal of confidence, quite a lot of confidence, not very much confidence or none at all?",Charitable or humanitarian organizations,1=None at all; 2=Not very much; 3=Quite a lot; 4=A great deal,
w7,Q81,trust_charitable_orgs,"Social Capital, Trust & Organizational Membership","I am going to name a number of organizations. For each one, could you tell me how much confidence you have in them: is it a great deal of confidence, quite a lot of confidence, not very much confidence or none at all?",Charitable or humanitarian organizations,1=None at all; 2=Not very much; 3=Quite a lot; 4=A great deal,
w1,V135,trust_churches,"Social Capital, Trust & Organizational Membership","I am going to name a number of organizations. For each one, could you tell me how much confidence you have in them: is it a great deal of confidence, quite a lot of confidence, not very much confidence or none at all?",The churches,1=None at all; 2=Not very much; 3=Quite a lot; 4=A great deal,
w2,V272,trust_churches,"Social Capital, Trust & Organizational Membership","I am going to name a number of organizations. For each one, could you tell me how much confidence you have in them: is it a great deal of confidence, quite a lot of confidence, not very much confidence or none at all?",The churches,1=None at all; 2=Not very much; 3=Quite a lot; 4=A great deal,
w3,V135,trust_churches,"Social Capital, Trust & Organizational Membership","I am going to name a number of organizations. For each one, could you tell me how much confidence you have in them: is it a great deal of confidence, quite a lot of confidence, not very much confidence or none at all?",The churches,1=None at all; 2=Not very much; 3=Quite a lot; 4=A great deal,
w4,V147,trust_churches,"Social Capital, Trust & Organizational Membership","I am going to name a number of organizations. For each one, could you tell me how much confidence you have in them: is it a great deal of confidence, quite a lot of confidence, not very much confidence or none at all?",The churches,1=None at all; 2=Not very much; 3=Quite a lot; 4=A great deal,
w5,V131,trust_churches,"Social Capital, Trust & Organizational Membership","I am going to name a number of organizations. For each one, could you tell me how much confidence you have in them: is it a great deal of confidence, quite a lot of confidence, not very much confidence or none at all?",The churches,1=None at all; 2=Not very much; 3=Quite a lot; 4=A great deal,
w6,V108,trust_churches,"Social Capital, Trust & Organizational Membership","I am going to name a number of organizations. For each one, could you tell me how much confidence you have in them: is it a great deal of confidence, quite a lot of confidence, not very much confidence or none at all?",The churches,1=None at all; 2=Not very much; 3=Quite a lot; 4=A great deal,
w7,Q64,trust_churches,"Social Capital, Trust & Organizational Membership","I am going to name a number of organizations. For each one, could you tell me how much confidence you have in them: is it a great deal of confidence, quite a lot of confidence, not very much confidence or none at all?",The churches,1=None at all; 2=Not very much; 3=Quite a lot; 4=A great deal,
w1,V145,trust_civil_service,"Social Capital, Trust & Organizational Membership","I am going to name a number of organizations. For each one, could you tell me how much confidence you have in them: is it a great deal of confidence, quite a lot of confidence, not very much confidence or none at all?",The civil service,1=None at all; 2=Not very much; 3=Quite a lot; 4=A great deal,
w2,V280,trust_civil_service,"Social Capital, Trust & Organizational Membership","I am going to name a number of organizations. For each one, could you tell me how much confidence you have in them: is it a great deal of confidence, quite a lot of confidence, not very much confidence or none at all?",The civil service,1=None at all; 2=Not very much; 3=Quite a lot; 4=A great deal,
w3,V145,trust_civil_service,"Social Capital, Trust & Organizational Membership","I am going to name a number of organizations. For each one, could you tell me how much confidence you have in them: is it a great deal of confidence, quite a lot of confidence, not very much confidence or none at all?",The civil service,1=None at all; 2=Not very much; 3=Quite a lot; 4=A great deal,
w4,V156,trust_civil_service,"Social Capital, Trust & Organizational Membership","I am going to name a number of organizations. For each one, could you tell me how much confidence you have in them: is it a great deal of confidence, quite a lot of confidence, not very much confidence or none at all?",The civil service,1=None at all; 2=Not very much; 3=Quite a lot; 4=A great deal,
w5,V141,trust_civil_service,"Social Capital, Trust & Organizational Membership","I am going to name a number of organizations. For each one, could you tell me how much confidence you have in them: is it a great deal of confidence, quite a lot of confidence, not very much confidence or none at all?",The civil service,1=None at all; 2=Not very much; 3=Quite a lot; 4=A great deal,
w6,V118,trust_civil_service,"Social Capital, Trust & Organizational Membership","I am going to name a number of organizations. For each one, could you tell me how much confidence you have in them: is it a great deal of confidence, quite a lot of confidence, not very much confidence or none at all?",The civil service,1=None at all; 2=Not very much; 3=Quite a lot; 4=A great deal,
w7,Q74,trust_civil_service,"Social Capital, Trust & Organizational Membership","I am going to name a number of organizations. For each one, could you tell me how much confidence you have in them: is it a great deal of confidence, quite a lot of confidence, not very much confidence or none at all?",The civil service,1=None at all; 2=Not very much; 3=Quite a lot; 4=A great deal,
w1,V137,trust_courts,"Social Capital, Trust & Organizational Membership","I am going to name a number of organizations. For each one, could you tell me how much confidence you have in them: is it a great deal of confidence, quite a lot of confidence, not very much confidence or none at all?",The courts,1=None at all; 2=Not very much; 3=Quite a lot; 4=A great deal,
w2,V275,trust_courts,"Social Capital, Trust & Organizational Membership","I am going to name a number of organizations. For each one, could you tell me how much confidence you have in them: is it a great deal of confidence, quite a lot of confidence, not very much confidence or none at all?",The courts,1=None at all; 2=Not very much; 3=Quite a lot; 4=A great deal,
w3,V137,trust_courts,"Social Capital, Trust & Organizational Membership","I am going to name a number of organizations. For each one, could you tell me how much confidence you have in them: is it a great deal of confidence, quite a lot of confidence, not very much confidence or none at all?",The courts,1=None at all; 2=Not very much; 3=Quite a lot; 4=A great deal,
w4,,trust_courts,"Social Capital, Trust & Organizational Membership",,,,Not included in this wave
w5,V137,trust_courts,"Social Capital, Trust & Organizational Membership","I am going to name a number of organizations. For each one, could you tell me how much confidence you have in them: is it a great deal of confidence, quite a lot of confidence, not very much confidence or none at all?",The courts,1=None at all; 2=Not very much; 3=Quite a lot; 4=A great deal,
w6,V114,trust_courts,"Social Capital, Trust & Organizational Membership","I am going to name a number of organizations. For each one, could you tell me how much confidence you have in them: is it a great deal of confidence, quite a lot of confidence, not very much confidence or none at all?",The courts,1=None at all; 2=Not very much; 3=Quite a lot; 4=A great deal,
w7,Q70,trust_courts,"Social Capital, Trust & Organizational Membership","I am going to name a number of organizations. For each one, could you tell me how much confidence you have in them: is it a great deal of confidence, quite a lot of confidence, not very much confidence or none at all?",The courts,1=None at all; 2=Not very much; 3=Quite a lot; 4=A great deal,
w1,,trust_elections,"Social Capital, Trust & Organizational Membership",,,,Not included in this wave
w2,,trust_elections,"Social Capital, Trust & Organizational Membership",,,,Not included in this wave
w3,,trust_elections,"Social Capital, Trust & Organizational Membership",,,,Not included in this wave
w4,,trust_elections,"Social Capital, Trust & Organizational Membership",,,,Not included in this wave
w5,,trust_elections,"Social Capital, Trust & Organizational Membership",,,,Not included in this wave
w6,,trust_elections,"Social Capital, Trust & Organizational Membership",,,,Not included in this wave
w7,Q76,trust_elections,"Social Capital, Trust & Organizational Membership","I am going to name a number of organizations. For each one, could you tell me how much confidence you have in them: is it a great deal of confidence, quite a lot of confidence, not very much confidence or none at all?",Elections,1=None at all; 2=Not very much; 3=Quite a lot; 4=A great deal,
w1,,trust_environmental_orgs,"Social Capital, Trust & Organizational Membership",,,,Not included in this wave
w2,,trust_environmental_orgs,"Social Capital, Trust & Organizational Membership",,,,Not included in this wave
w3,V147,trust_environmental_orgs,"Social Capital, Trust & Organizational Membership","I am going to name a number of organizations. For each one, could you tell me how much confidence you have in them: is it a great deal of confidence, quite a lot of confidence, not very much confidence or none at all?",Environmental organizations,1=None at all; 2=Not very much; 3=Quite a lot; 4=A great deal,
w4,V158,trust_environmental_orgs,"Social Capital, Trust & Organizational Membership","I am going to name a number of organizations. For each one, could you tell me how much confidence you have in them: is it a great deal of confidence, quite a lot of confidence, not very much confidence or none at all?",Environmental organizations,1=None at all; 2=Not very much; 3=Quite a lot; 4=A great deal,
w5,V143,trust_environmental_orgs,"Social Capital, Trust & Organizational Membership","I am going to name a number of organizations. For each one, could you tell me how much confidence you have in them: is it a great deal of confidence, quite a lot of confidence, not very much confidence or none at all?",Environmental organizations,1=None at all; 2=Not very much; 3=Quite a lot; 4=A great deal,
w6,V122,trust_environmental_orgs,"Social Capital, Trust & Organizational Membership","I am going to name a number of organizations. For each one, could you tell me how much confidence you have in them: is it a great deal of confidence, quite a lot of confidence, not very much confidence or none at all?",Environmental organizations,1=None at all; 2=Not very much; 3=Quite a lot; 4=A great deal,
w7,Q79,trust_environmental_orgs,"Social Capital, Trust & Organizational Membership","I am going to name a number of organizations. For each one, could you tell me how much confidence you have in them: is it a great deal of confidence, quite a lot of confidence, not very much confidence or none at all?",Environmental organizations,1=None at all; 2=Not very much; 3=Quite a lot; 4=A great deal,
w1,,trust_family,"Social Capital, Trust & Organizational Membership",,,,Not included in this wave
w2,,trust_family,"Social Capital, Trust & Organizational Membership",,,,Not included in this wave
w3,,trust_family,"Social Capital, Trust & Organizational Membership",,,,Not included in this wave
w4,,trust_family,"Social Capital, Trust & Organizational Membership",,,,Not included in this wave
w5,V125,trust_family,"Social Capital, Trust & Organizational Membership","I'd like to ask you how much you trust people from various groups. Could you tell me for each whether you trust people from this group completely, somewhat, not very much or not at all?",Your family,1=Do not trust at all; 2=Do not trust very much; 3=Trust somewhat; 4=Trust completely,
w6,V102,trust_family,"Social Capital, Trust & Organizational Membership","I'd like to ask you how much you trust people from various groups. Could you tell me for each whether you trust people from this group completely, somewhat, not very much or not at all?",Your family,1=Do not trust at all; 2=Do not trust very much; 3=Trust somewhat; 4=Trust completely,
w7,Q58,trust_family,"Social Capital, Trust & Organizational Membership","I'd like to ask you how much you trust people from various groups. Could you tell me for each whether you trust people from this group completely, somewhat, not very much or not at all?",Your family,1=Do not trust at all; 2=Do not trust very much; 3=Trust somewhat; 4=Trust completely,
w1,,trust_first_time,"Social Capital, Trust & Organizational Membership",,,,Not included in this wave
w2,,trust_first_time,"Social Capital, Trust & Organizational Membership",,,,Not included in this wave
w3,,trust_first_time,"Social Capital, Trust & Organizational Membership",,,,Not included in this wave
w4,,trust_first_time,"Social Capital, Trust & Organizational Membership",,,,Not included in this wave
w5,V128,trust_first_time,"Social Capital, Trust & Organizational Membership","I'd like to ask you how much you trust people from various groups. Could you tell me for each whether you trust people from this group completely, somewhat, not very much or not at all?",People you meet for the first time,1=Do not trust at all; 2=Do not trust very much; 3=Trust somewhat; 4=Trust completely,
w6,V105,trust_first_time,"Social Capital, Trust & Organizational Membership","I'd like to ask you how much you trust people from various groups. Could you tell me for each whether you trust people from this group completely, somewhat, not very much or not at all?",People you meet for the first time,1=Do not trust at all; 2=Do not trust very much; 3=Trust somewhat; 4=Trust completely,
w7,Q61,trust_first_time,"Social Capital, Trust & Organizational Membership","I'd like to ask you how much you trust people from various groups. Could you tell me for each whether you trust people from this group completely, somewhat, not very much or not at all?",People you meet for the first time,1=Do not trust at all; 2=Do not trust very much; 3=Trust somewhat; 4=Trust completely,
w1,V27,trust_generalized_binary,"Social Capital, Trust & Organizational Membership",,"Generally speaking, would you say that most people can be trusted or that you need to be very careful in dealing with people? 1 Most people can be trusted; 2 Need to be very careful",1=Most people can be trusted; 0=Need to be very careful,
w2,V94,trust_generalized_binary,"Social Capital, Trust & Organizational Membership",,"Generally speaking, would you say that most people can be trusted or that you need to be very careful in dealing with people? 1 Most people can be trusted; 2 Need to be very careful",1=Most people can be trusted; 0=Need to be very careful,
w3,V27,trust_generalized_binary,"Social Capital, Trust & Organizational Membership",,"Generally speaking, would you say that most people can be trusted or that you need to be very careful in dealing with people? 1 Most people can be trusted; 2 Need to be very careful",1=Most people can be trusted; 0=Need to be very careful,
w4,V25,trust_generalized_binary,"Social Capital, Trust & Organizational Membership",,"Generally speaking, would you say that most people can be trusted or that you need to be very careful in dealing with people? 1 Most people can be trusted; 2 Need to be very careful",1=Most people can be trusted; 0=Need to be very careful,
w5,V23,trust_generalized_binary,"Social Capital, Trust & Organizational Membership",,"Generally speaking, would you say that most people can be trusted or that you need to be very careful in dealing with people? 1 Most people can be trusted; 2 Need to be very careful",1=Most people can be trusted; 0=Need to be very careful,
w6,V24,trust_generalized_binary,"Social Capital, Trust & Organizational Membership",,"Generally speaking, would you say that most people can be trusted or that you need to be very careful in dealing with people? 1 Most people can be trusted; 2 Need to be very careful",1=Most people can be trusted; 0=Need to be very careful,
w7,Q57,trust_generalized_binary,"Social Capital, Trust & Organizational Membership",,"Generally speaking, would you say that most people can be trusted or that you need to be very careful in dealing with people? 1 Most people can be trusted; 2 Need to be very careful",1=Most people can be trusted; 0=Need to be very careful,
w1,,trust_government,"Social Capital, Trust & Organizational Membership",,,,Not included in this wave
w2,V289,trust_government,"Social Capital, Trust & Organizational Membership","I am going to name a number of organizations. For each one, could you tell me how much confidence you have in them: is it a great deal of confidence, quite a lot of confidence, not very much confidence or none at all?",The government (in your nation's capital),1=None at all; 2=Not very much; 3=Quite a lot; 4=A great deal,
w3,V142,trust_government,"Social Capital, Trust & Organizational Membership","I am going to name a number of organizations. For each one, could you tell me how much confidence you have in them: is it a great deal of confidence, quite a lot of confidence, not very much confidence or none at all?",The government (in your nation's capital),1=None at all; 2=Not very much; 3=Quite a lot; 4=A great deal,
w4,V153,trust_government,"Social Capital, Trust & Organizational Membership","I am going to name a number of organizations. For each one, could you tell me how much confidence you have in them: is it a great deal of confidence, quite a lot of confidence, not very much confidence or none at all?",The government (in your nation's capital),1=None at all; 2=Not very much; 3=Quite a lot; 4=A great deal,
w5,V138,trust_government,"Social Capital, Trust & Organizational Membership","I am going to name a number of organizations. For each one, could you tell me how much confidence you have in them: is it a great deal of confidence, quite a lot of confidence, not very much confidence or none at all?",The government (in your nation's capital),1=None at all; 2=Not very much; 3=Quite a lot; 4=A great deal,
w6,V115,trust_government,"Social Capital, Trust & Organizational Membership","I am going to name a number of organizations. For each one, could you tell me how much confidence you have in them: is it a great deal of confidence, quite a lot of confidence, not very much confidence or none at all?",The government (in your nation's capital),1=None at all; 2=Not very much; 3=Quite a lot; 4=A great deal,
w7,Q71,trust_government,"Social Capital, Trust & Organizational Membership","I am going to name a number of organizations. For each one, could you tell me how much confidence you have in them: is it a great deal of confidence, quite a lot of confidence, not very much confidence or none at all?",The government (in your nation's capital),1=None at all; 2=Not very much; 3=Quite a lot; 4=A great deal,
w1,V140,trust_labor_unions,"Social Capital, Trust & Organizational Membership","I am going to name a number of organizations. For each one, could you tell me how much confidence you have in them: is it a great deal of confidence, quite a lot of confidence, not very much confidence or none at all?",Labor unions,1=None at all; 2=Not very much; 3=Quite a lot; 4=A great deal,
w2,V277,trust_labor_unions,"Social Capital, Trust & Organizational Membership","I am going to name a number of organizations. For each one, could you tell me how much confidence you have in them: is it a great deal of confidence, quite a lot of confidence, not very much confidence or none at all?",Labor unions,1=None at all; 2=Not very much; 3=Quite a lot; 4=A great deal,
w3,V140,trust_labor_unions,"Social Capital, Trust & Organizational Membership","I am going to name a number of organizations. For each one, could you tell me how much confidence you have in them: is it a great deal of confidence, quite a lot of confidence, not very much confidence or none at all?",Labor unions,1=None at all; 2=Not very much; 3=Quite a lot; 4=A great deal,
w4,V151,trust_labor_unions,"Social Capital, Trust & Organizational Membership","I am going to name a number of organizations. For each one, could you tell me how much confidence you have in them: is it a great deal of confidence, quite a lot of confidence, not very much confidence or none at all?",Labor unions,1=None at all; 2=Not very much; 3=Quite a lot; 4=A great deal,
w5,V135,trust_labor_unions,"Social Capital, Trust & Organizational Membership","I am going to name a number of organizations. For each one, could you tell me how much confidence you have in them: is it a great deal of confidence, quite a lot of confidence, not very much confidence or none at all?",Labor unions,1=None at all; 2=Not very much; 3=Quite a lot; 4=A great deal,
w6,V112,trust_labor_unions,"Social Capital, Trust & Organizational Membership","I am going to name a number of organizations. For each one, could you tell me how much confidence you have in them: is it a great deal of confidence, quite a lot of confidence, not very much confidence or none at all?",Labor unions,1=None at all; 2=Not very much; 3=Quite a lot; 4=A great deal,
w7,Q68,trust_labor_unions,"Social Capital, Trust & Organizational Membership","I am going to name a number of organizations. For each one, could you tell me how much confidence you have in them: is it a great deal of confidence, quite a lot of confidence, not very much confidence or none at all?",Labor unions,1=None at all; 2=Not very much; 3=Quite a lot; 4=A great deal,
w1,V146,trust_major_companies,"Social Capital, Trust & Organizational Membership","I am going to name a number of organizations. For each one, could you tell me how much confidence you have in them: is it a great deal of confidence, quite a lot of confidence, not very much confidence or none at all?",Major companies,1=None at all; 2=Not very much; 3=Quite a lot; 4=A great deal,
w2,V281,trust_major_companies,"Social Capital, Trust & Organizational Membership","I am going to name a number of organizations. For each one, could you tell me how much confidence you have in them: is it a great deal of confidence, quite a lot of confidence, not very much confidence or none at all?",Major companies,1=None at all; 2=Not very much; 3=Quite a lot; 4=A great deal,
w3,V146,trust_major_companies,"Social Capital, Trust & Organizational Membership","I am going to name a number of organizations. For each one, could you tell me how much confidence you have in them: is it a great deal of confidence, quite a lot of confidence, not very much confidence or none at all?",Major companies,1=None at all; 2=Not very much; 3=Quite a lot; 4=A great deal,
w4,V157,trust_major_companies,"Social Capital, Trust & Organizational Membership","I am going to name a number of organizations. For each one, could you tell me how much confidence you have in them: is it a great deal of confidence, quite a lot of confidence, not very much confidence or none at all?",Major companies,1=None at all; 2=Not very much; 3=Quite a lot; 4=A great deal,
w5,V142,trust_major_companies,"Social Capital, Trust & Organizational Membership","I am going to name a number of organizations. For each one, could you tell me how much confidence you have in them: is it a great deal of confidence, quite a lot of confidence, not very much confidence or none at all?",Major companies,1=None at all; 2=Not very much; 3=Quite a lot; 4=A great deal,
w6,V120,trust_major_companies,"Social Capital, Trust & Organizational Membership","I am going to name a number of organizations. For each one, could you tell me how much confidence you have in them: is it a great deal of confidence, quite a lot of confidence, not very much confidence or none at all?",Major companies,1=None at all; 2=Not very much; 3=Quite a lot; 4=A great deal,
w7,Q77,trust_major_companies,"Social Capital, Trust & Organizational Membership","I am going to name a number of organizations. For each one, could you tell me how much confidence you have in them: is it a great deal of confidence, quite a lot of confidence, not very much confidence or none at all?",Major companies,1=None at all; 2=Not very much; 3=Quite a lot; 4=A great deal,
w1,,trust_neighborhood,"Social Capital, Trust & Organizational Membership",,,,Not included in this wave
w2,,trust_neighborhood,"Social Capital, Trust & Organizational Membership",,,,Not included in this wave
w3,,trust_neighborhood,"Social Capital, Trust & Organizational Membership",,,,Not included in this wave
w4,,trust_neighborhood,"Social Capital, Trust & Organizational Membership",,,,Not included in this wave
w5,V126,trust_neighborhood,"Social Capital, Trust & Organizational Membership","I'd like to ask you how much you trust people from various groups. Could you tell me for each whether you trust people from this group completely, somewhat, not very much or not at all?",Your neighborhood,1=Do not trust at all; 2=Do not trust very much; 3=Trust somewhat; 4=Trust completely,
w6,V103,trust_neighborhood,"Social Capital, Trust & Organizational Membership","I'd like to ask you how much you trust people from various groups. Could you tell me for each whether you trust people from this group completely, somewhat, not very much or not at all?",Your neighborhood,1=Do not trust at all; 2=Do not trust very much; 3=Trust somewhat; 4=Trust completely,
w7,Q59,trust_neighborhood,"Social Capital, Trust & Organizational Membership","I'd like to ask you how much you trust people from various groups. Could you tell me for each whether you trust people from this group completely, somewhat, not very much or not at all?",Your neighborhood,1=Do not trust at all; 2=Do not trust very much; 3=Trust somewhat; 4=Trust completely,
w1,V144,trust_parliament,"Social Capital, Trust & Organizational Membership","I am going to name a number of organizations. For each one, could you tell me how much confidence you have in them: is it a great deal of confidence, quite a lot of confidence, not very much confidence or none at all?",Parliament,1=None at all; 2=Not very much; 3=Quite a lot; 4=A great deal,
w2,V279,trust_parliament,"Social Capital, Trust & Organizational Membership","I am going to name a number of organizations. For each one, could you tell me how much confidence you have in them: is it a great deal of confidence, quite a lot of confidence, not very much confidence or none at all?",Parliament,1=None at all; 2=Not very much; 3=Quite a lot; 4=A great deal,
w3,V144,trust_parliament,"Social Capital, Trust & Organizational Membership","I am going to name a number of organizations. For each one, could you tell me how much confidence you have in them: is it a great deal of confidence, quite a lot of confidence, not very much confidence or none at all?",Parliament,1=None at all; 2=Not very much; 3=Quite a lot; 4=A great deal,
w4,V155,trust_parliament,"Social Capital, Trust & Organizational Membership","I am going to name a number of organizations. For each one, could you tell me how much confidence you have in them: is it a great deal of confidence, quite a lot of confidence, not very much confidence or none at all?",Parliament,1=None at all; 2=Not very much; 3=Quite a lot; 4=A great deal,
w5,V140,trust_parliament,"Social Capital, Trust & Organizational Membership","I am going to name a number of organizations. For each one, could you tell me how much confidence you have in them: is it a great deal of confidence, quite a lot of confidence, not very much confidence or none at all?",Parliament,1=None at all; 2=Not very much; 3=Quite a lot; 4=A great deal,
w6,V117,trust_parliament,"Social Capital, Trust & Organizational Membership","I am going to name a number of organizations. For each one, could you tell me how much confidence you have in them: is it a great deal of confidence, quite a lot of confidence, not very much confidence or none at all?",Parliament,1=None at all; 2=Not very much; 3=Quite a lot; 4=A great deal,
w7,Q73,trust_parliament,"Social Capital, Trust & Organizational Membership","I am going to name a number of organizations. For each one, could you tell me how much confidence you have in them: is it a great deal of confidence, quite a lot of confidence, not very much confidence or none at all?",Parliament,1=None at all; 2=Not very much; 3=Quite a lot; 4=A great deal,
w1,,trust_people_personally,"Social Capital, Trust & Organizational Membership",,,,Not included in this wave
w2,,trust_people_personally,"Social Capital, Trust & Organizational Membership",,,,Not included in this wave
w3,,trust_people_personally,"Social Capital, Trust & Organizational Membership",,,,Not included in this wave
w4,,trust_people_personally,"Social Capital, Trust & Organizational Membership",,,,Not included in this wave
w5,V127,trust_people_personally,"Social Capital, Trust & Organizational Membership","I'd like to ask you how much you trust people from various groups. Could you tell me for each whether you trust people from this group completely, somewhat, not very much or not at all?",People you know personally,1=Do not trust at all; 2=Do not trust very much; 3=Trust somewhat; 4=Trust completely,
w6,V104,trust_people_personally,"Social Capital, Trust & Organizational Membership","I'd like to ask you how much you trust people from various groups. Could you tell me for each whether you trust people from this group completely, somewhat, not very much or not at all?",People you know personally,1=Do not trust at all; 2=Do not trust very much; 3=Trust somewhat; 4=Trust completely,
w7,Q60,trust_people_personally,"Social Capital, Trust & Organizational Membership","I'd like to ask you how much you trust people from various groups. Could you tell me for each whether you trust people from this group completely, somewhat, not very much or not at all?",People you know personally,1=Do not trust at all; 2=Do not trust very much; 3=Trust somewhat; 4=Trust completely,
w1,V141,trust_police,"Social Capital, Trust & Organizational Membership","I am going to name a number of organizations. For each one, could you tell me how much confidence you have in them: is it a great deal of confidence, quite a lot of confidence, not very much confidence or none at all?",The police,1=None at all; 2=Not very much; 3=Quite a lot; 4=A great deal,
w2,V278,trust_police,"Social Capital, Trust & Organizational Membership","I am going to name a number of organizations. For each one, could you tell me how much confidence you have in them: is it a great deal of confidence, quite a lot of confidence, not very much confidence or none at all?",The police,1=None at all; 2=Not very much; 3=Quite a lot; 4=A great deal,
w3,V141,trust_police,"Social Capital, Trust & Organizational Membership","I am going to name a number of organizations. For each one, could you tell me how much confidence you have in them: is it a great deal of confidence, quite a lot of confidence, not very much confidence or none at all?",The police,1=None at all; 2=Not very much; 3=Quite a lot; 4=A great deal,
w4,V152,trust_police,"Social Capital, Trust & Organizational Membership","I am going to name a number of organizations. For each one, could you tell me how much confidence you have in them: is it a great deal of confidence, quite a lot of confidence, not very much confidence or none at all?",The police,1=None at all; 2=Not very much; 3=Quite a lot; 4=A great deal,
w5,V136,trust_police,"Social Capital, Trust & Organizational Membership","I am going to name a number of organizations. For each one, could you tell me how much confidence you have in them: is it a great deal of confidence, quite a lot of confidence, not very much confidence or none at all?",The police,1=None at all; 2=Not very much; 3=Quite a lot; 4=A great deal,
w6,V113,trust_police,"Social Capital, Trust & Organizational Membership","I am going to name a number of organizations. For each one, could you tell me how much confidence you have in them: is it a great deal of confidence, quite a lot of confidence, not very much confidence or none at all?",The police,1=None at all; 2=Not very much; 3=Quite a lot; 4=A great deal,
w7,Q69,trust_police,"Social Capital, Trust & Organizational Membership","I am going to name a number of organizations. For each one, could you tell me how much confidence you have in them: is it a great deal of confidence, quite a lot of confidence, not very much confidence or none at all?",The police,1=None at all; 2=Not very much; 3=Quite a lot; 4=A great deal,
w1,,trust_political_parties,"Social Capital, Trust & Organizational Membership",,,,Not included in this wave
w2,V285,trust_political_parties,"Social Capital, Trust & Organizational Membership","I am going to name a number of organizations. For each one, could you tell me how much confidence you have in them: is it a great deal of confidence, quite a lot of confidence, not very much confidence or none at all?",Political parties,1=None at all; 2=Not very much; 3=Quite a lot; 4=A great deal,
w3,V143,trust_political_parties,"Social Capital, Trust & Organizational Membership","I am going to name a number of organizations. For each one, could you tell me how much confidence you have in them: is it a great deal of confidence, quite a lot of confidence, not very much confidence or none at all?",Political parties,1=None at all; 2=Not very much; 3=Quite a lot; 4=A great deal,
w4,V154,trust_political_parties,"Social Capital, Trust & Organizational Membership","I am going to name a number of organizations. For each one, could you tell me how much confidence you have in them: is it a great deal of confidence, quite a lot of confidence, not very much confidence or none at all?",Political parties,1=None at all; 2=Not very much; 3=Quite a lot; 4=A great deal,
w5,V139,trust_political_parties,"Social Capital, Trust & Organizational Membership","I am going to name a number of organizations. For each one, could you tell me how much confidence you have in them: is it a great deal of confidence, quite a lot of confidence, not very much confidence or none at all?",Political parties,1=None at all; 2=Not very much; 3=Quite a lot; 4=A great deal,
w6,V116,trust_political_parties,"Social Capital, Trust & Organizational Membership","I am going to name a number of organizations. For each one, could you tell me how much confidence you have in them: is it a great deal of confidence, quite a lot of confidence, not very much confidence or none at all?",Political parties,1=None at all; 2=Not very much; 3=Quite a lot; 4=A great deal,
w7,Q72,trust_political_parties,"Social Capital, Trust & Organizational Membership","I am going to name a number of organizations. For each one, could you tell me how much confidence you have in them: is it a great deal of confidence, quite a lot of confidence, not very much confidence or none at all?",Political parties,1=None at all; 2=Not very much; 3=Quite a lot; 4=A great deal,
w1,V138,trust_press,"Social Capital, Trust & Organizational Membership","I am going to name a number of organizations. For each one, could you tell me how much confidence you have in them: is it a great deal of confidence, quite a lot of confidence, not very much confidence or none at all?",The press,1=None at all; 2=Not very much; 3=Quite a lot; 4=A great deal,
w2,V276,trust_press,"Social Capital, Trust & Organizational Membership","I am going to name a number of organizations. For each one, could you tell me how much confidence you have in them: is it a great deal of confidence, quite a lot of confidence, not very much confidence or none at all?",The press,1=None at all; 2=Not very much; 3=Quite a lot; 4=A great deal,
w3,V138,trust_press,"Social Capital, Trust & Organizational Membership","I am going to name a number of organizations. For each one, could you tell me how much confidence you have in them: is it a great deal of confidence, quite a lot of confidence, not very much confidence or none at all?",The press,1=None at all; 2=Not very much; 3=Quite a lot; 4=A great deal,
w4,V149,trust_press,"Social Capital, Trust & Organizational Membership","I am going to name a number of organizations. For each one, could you tell me how much confidence you have in them: is it a great deal of confidence, quite a lot of confidence, not very much confidence or none at all?",The press,1=None at all; 2=Not very much; 3=Quite a lot; 4=A great deal,
w5,V133,trust_press,"Social Capital, Trust & Organizational Membership","I am going to name a number of organizations. For each one, could you tell me how much confidence you have in them: is it a great deal of confidence, quite a lot of confidence, not very much confidence or none at all?",The press,1=None at all; 2=Not very much; 3=Quite a lot; 4=A great deal,
w6,V110,trust_press,"Social Capital, Trust & Organizational Membership","I am going to name a number of organizations. For each one, could you tell me how much confidence you have in them: is it a great deal of confidence, quite a lot of confidence, not very much confidence or none at all?",The press,1=None at all; 2=Not very much; 3=Quite a lot; 4=A great deal,
w7,Q66,trust_press,"Social Capital, Trust & Organizational Membership","I am going to name a number of organizations. For each one, could you tell me how much confidence you have in them: is it a great deal of confidence, quite a lot of confidence, not very much confidence or none at all?",The press,1=None at all; 2=Not very much; 3=Quite a lot; 4=A great deal,
w1,,trust_television,"Social Capital, Trust & Organizational Membership",,,,Not included in this wave
w2,V283,trust_television,"Social Capital, Trust & Organizational Membership","I am going to name a number of organizations. For each one, could you tell me how much confidence you have in them: is it a great deal of confidence, quite a lot of confidence, not very much confidence or none at all?",Television,1=None at all; 2=Not very much; 3=Quite a lot; 4=A great deal,
w3,V139,trust_television,"Social Capital, Trust & Organizational Membership","I am going to name a number of organizations. For each one, could you tell me how much confidence you have in them: is it a great deal of confidence, quite a lot of confidence, not very much confidence or none at all?",Television,1=None at all; 2=Not very much; 3=Quite a lot; 4=A great deal,
w4,V150,trust_television,"Social Capital, Trust & Organizational Membership","I am going to name a number of organizations. For each one, could you tell me how much confidence you have in them: is it a great deal of confidence, quite a lot of confidence, not very much confidence or none at all?",Television,1=None at all; 2=Not very much; 3=Quite a lot; 4=A great deal,
w5,V134,trust_television,"Social Capital, Trust & Organizational Membership","I am going to name a number of organizations. For each one, could you tell me how much confidence you have in them: is it a great deal of confidence, quite a lot of confidence, not very much confidence or none at all?",Television,1=None at all; 2=Not very much; 3=Quite a lot; 4=A great deal,
w6,V111,trust_television,"Social Capital, Trust & Organizational Membership","I am going to name a number of organizations. For each one, could you tell me how much confidence you have in them: is it a great deal of confidence, quite a lot of confidence, not very much confidence or none at all?",Television,1=None at all; 2=Not very much; 3=Quite a lot; 4=A great deal,
w7,Q67,trust_television,"Social Capital, Trust & Organizational Membership","I am going to name a number of organizations. For each one, could you tell me how much confidence you have in them: is it a great deal of confidence, quite a lot of confidence, not very much confidence or none at all?",Television,1=None at all; 2=Not very much; 3=Quite a lot; 4=A great deal,
w1,,trust_united_nations,"Social Capital, Trust & Organizational Membership",,,,Not included in this wave
w2,,trust_united_nations,"Social Capital, Trust & Organizational Membership",,,,Not included in this wave
w3,V150,trust_united_nations,"Social Capital, Trust & Organizational Membership","I am going to name a number of organizations. For each one, could you tell me how much confidence you have in them: is it a great deal of confidence, quite a lot of confidence, not very much confidence or none at all?",The United Nations,1=None at all; 2=Not very much; 3=Quite a lot; 4=A great deal,
w4,V162,trust_united_nations,"Social Capital, Trust & Organizational Membership","I am going to name a number of organizations. For each one, could you tell me how much confidence you have in them: is it a great deal of confidence, quite a lot of confidence, not very much confidence or none at all?",The United Nations,1=None at all; 2=Not very much; 3=Quite a lot; 4=A great deal,
w5,V147,trust_united_nations,"Social Capital, Trust & Organizational Membership","I am going to name a number of organizations. For each one, could you tell me how much confidence you have in them: is it a great deal of confidence, quite a lot of confidence, not very much confidence or none at all?",The United Nations,1=None at all; 2=Not very much; 3=Quite a lot; 4=A great deal,
w6,V126,trust_united_nations,"Social Capital, Trust & Organizational Membership","I am going to name a number of organizations. For each one, could you tell me how much confidence you have in them: is it a great deal of confidence, quite a lot of confidence, not very much confidence or none at all?",The United Nations,1=None at all; 2=Not very much; 3=Quite a lot; 4=A great deal,
w7,Q83,trust_united_nations,"Social Capital, Trust & Organizational Membership","I am going to name a number of organizations. For each one, could you tell me how much confidence you have in them: is it a great deal of confidence, quite a lot of confidence, not very much confidence or none at all?",The United Nations,1=None at all; 2=Not very much; 3=Quite a lot; 4=A great deal,
w1,,trust_universities,"Social Capital, Trust & Organizational Membership",,,,Not included in this wave
w2,,trust_universities,"Social Capital, Trust & Organizational Membership",,,,Not included in this wave
w3,,trust_universities,"Social Capital, Trust & Organizational Membership",,,,Not included in this wave
w4,,trust_universities,"Social Capital, Trust & Organizational Membership",,,,Not included in this wave
w5,,trust_universities,"Social Capital, Trust & Organizational Membership",,,,Not included in this wave
w6,V119,trust_universities,"Social Capital, Trust & Organizational Membership","I am going to name a number of organizations. For each one, could you tell me how much confidence you have in them: is it a great deal of confidence, quite a lot of confidence, not very much confidence or none at all?",Universities,1=None at all; 2=Not very much; 3=Quite a lot; 4=A great deal,
w7,Q75,trust_universities,"Social Capital, Trust & Organizational Membership","I am going to name a number of organizations. For each one, could you tell me how much confidence you have in them: is it a great deal of confidence, quite a lot of confidence, not very much confidence or none at all?",Universities,1=None at all; 2=Not very much; 3=Quite a lot; 4=A great deal,
w1,,trust_womens_orgs,"Social Capital, Trust & Organizational Membership",,,,Not included in this wave
w2,,trust_womens_orgs,"Social Capital, Trust & Organizational Membership",,,,Not included in this wave
w3,V148,trust_womens_orgs,"Social Capital, Trust & Organizational Membership","I am going to name a number of organizations. For each one, could you tell me how much confidence you have in them: is it a great deal of confidence, quite a lot of confidence, not very much confidence or none at all?",Women's organizations,1=None at all; 2=Not very much; 3=Quite a lot; 4=A great deal,
w4,V159,trust_womens_orgs,"Social Capital, Trust & Organizational Membership","I am going to name a number of organizations. For each one, could you tell me how much confidence you have in them: is it a great deal of confidence, quite a lot of confidence, not very much confidence or none at all?",Women's organizations,1=None at all; 2=Not very much; 3=Quite a lot; 4=A great deal,
w5,V144,trust_womens_orgs,"Social Capital, Trust & Organizational Membership","I am going to name a number of organizations. For each one, could you tell me how much confidence you have in them: is it a great deal of confidence, quite a lot of confidence, not very much confidence or none at all?",Women's organizations,1=None at all; 2=Not very much; 3=Quite a lot; 4=A great deal,
w6,V123,trust_womens_orgs,"Social Capital, Trust & Organizational Membership","I am going to name a number of organizations. For each one, could you tell me how much confidence you have in them: is it a great deal of confidence, quite a lot of confidence, not very much confidence or none at all?",Women's organizations,1=None at all; 2=Not very much; 3=Quite a lot; 4=A great deal,
w7,Q80,trust_womens_orgs,"Social Capital, Trust & Organizational Membership","I am going to name a number of organizations. For each one, could you tell me how much confidence you have in them: is it a great deal of confidence, quite a lot of confidence, not very much confidence or none at all?",Women's organizations,1=None at all; 2=Not very much; 3=Quite a lot; 4=A great deal,
w1,,urban_rural,Demographics,,,,Not included in this wave
w2,,urban_rural,Demographics,,,,Not included in this wave
w3,,urban_rural,Demographics,,,,Not included in this wave
w4,,urban_rural,Demographics,,,,Not included in this wave
w5,V263,urban_rural,Demographics,,"Settlement type: 1 Urban (city, town); 2 Rural (village)",0=Rural; 1=Urban,Coded by data archive from sampling information (V263)
w6,,urban_rural,Demographics,,,,Not included in this wave
w7,H_URBRURAL,urban_rural,Demographics,,"Settlement type: 1 Urban (city, town); 2 Rural (village)",0=Rural; 1=Urban,Coded by interviewer (H_URBRURAL); not a respondent question
w1,V236,weight,Technical,,"Individual country weight (technical variable, not a survey question)",,"Technical weight variable, not a survey question"
w2,V376,weight,Technical,,"Individual country weight (technical variable, not a survey question)",,"Technical weight variable, not a survey question"
w3,V236,weight,Technical,,"Individual country weight (technical variable, not a survey question)",,"Technical weight variable, not a survey question"
w4,V245,weight,Technical,,"Individual country weight (technical variable, not a survey question)",,"Technical weight variable, not a survey question"
w5,V259,weight,Technical,,"Individual country weight (technical variable, not a survey question)",,"Technical weight variable, not a survey question"
w6,V258,weight,Technical,,"Individual country weight (technical variable, not a survey question)",,"Technical weight variable, not a survey question"
w7,W_WEIGHT,weight,Technical,,"Individual country weight (technical variable, not a survey question)",,"Technical weight variable, not a survey question"
