"wave","question_id","harmonized_name","section","stem_text","item_text","response_scale","notes"
"w1","age","age","Demographics","","How old are you?","","Verbatim from Malawi R1 codebook (no question number for age in codebook; recorded by interviewer)"
"w2","q80","age","Demographics","","How old were you at your last birthday?","999=Don't know","Verbatim from Zimbabwe R2 questionnaire Q51"
"w3","q1","age","Demographics","","How old are you?","999=Don't know","Verbatim from Botswana R3 questionnaire Q1"
"w4","Q1","age","Demographics","","How old are you?","999=Don't know","Verbatim from Zimbabwe R4 questionnaire Q1"
"w5","Q1","age","Demographics","","How old are you?","999=Don't know","Verbatim from Ethiopia R5 questionnaire Q1 (standard wording)"
"w6","Q1","age","Demographics","","How old are you?","999=Don't know","Verbatim from Mozambique R6 questionnaire Q1 (standard wording)"
"w7","Q1","age","Demographics","","How old are you?","999=Don't know","Verbatim from Tunisia R7 questionnaire Q1 (standard wording)"
"w8","Q1","age","Demographics","","How old are you?","999=Don't know","Verbatim from Zimbabwe R8 questionnaire Q1 (standard wording)"
"w9","Q1","age","Demographics","","How old are you?","999=Don't know","Verbatim from Ethiopia R9 questionnaire Q1"
"w1","age","age_cohort","Demographics (derived)","","Derived from age: respondent age grouped into cohorts","1=18-29; 2=30-39; 3=40-49; 4=50-59; 5=60+","Derived variable computed from age"
"w2","q80","age_cohort","Demographics (derived)","","Derived from age: respondent age grouped into cohorts","1=18-29; 2=30-39; 3=40-49; 4=50-59; 5=60+","Derived variable computed from age"
"w3","q1","age_cohort","Demographics (derived)","","Derived from age: respondent age grouped into cohorts","1=18-29; 2=30-39; 3=40-49; 4=50-59; 5=60+","Derived variable computed from age"
"w4","Q1","age_cohort","Demographics (derived)","","Derived from age: respondent age grouped into cohorts","1=18-29; 2=30-39; 3=40-49; 4=50-59; 5=60+","Derived variable computed from age"
"w5","Q1","age_cohort","Demographics (derived)","","Derived from age: respondent age grouped into cohorts","1=18-29; 2=30-39; 3=40-49; 4=50-59; 5=60+","Derived variable computed from age"
"w6","Q1","age_cohort","Demographics (derived)","","Derived from age: respondent age grouped into cohorts","1=18-29; 2=30-39; 3=40-49; 4=50-59; 5=60+","Derived variable computed from age"
"w7","Q1","age_cohort","Demographics (derived)","","Derived from age: respondent age grouped into cohorts","1=18-29; 2=30-39; 3=40-49; 4=50-59; 5=60+","Derived variable computed from age"
"w8","Q1","age_cohort","Demographics (derived)","","Derived from age: respondent age grouped into cohorts","1=18-29; 2=30-39; 3=40-49; 4=50-59; 5=60+","Derived variable computed from age"
"w9","Q1","age_cohort","Demographics (derived)","","Derived from age: respondent age grouped into cohorts","1=18-29; 2=30-39; 3=40-49; 4=50-59; 5=60+","Derived variable computed from age"
"w1","","bribe_document","Corruption experience","","","0=Never; 1=Once or twice; 2=A few times; 3=Often","Not included in this wave"
"w2","q59a","bribe_document","Corruption experience","In the past year, have you or anyone in your family had to pay money to government officials (besides paying rates or taxes), give them a gift, or do them a Favour, in order to get the following?","A. A job","1=No; 2=Once or twice; 3=A few times; 4=Often; 5=Don't know","Verbatim from Zimbabwe R2 questionnaire Q44A. R2 wording differs from later rounds: uses broader stem about paying government officials, not specifically about documents"
"w3","q57a","bribe_document","Corruption experience","In the past year, how often (if ever) have you had to pay a bribe, give a gift, or do a favour to government officials in order to:","A. Get a document or a permit?","0=Never; 1=Once or twice; 2=A few times; 3=Often; 9=Don't know","Verbatim from Botswana R3 questionnaire Q57A"
"w4","Q51A","bribe_document","Corruption experience","In the past year, how often (if ever) have you had to pay a bribe, give a gift, or do a favour to government officials in order to:","A. Get a document or a permit?","7=No experience with this in past year; 0=Never; 1=Once or twice; 2=A few times; 3=Often; 9=Don't know","Verbatim from Zimbabwe R4 questionnaire Q51A"
"w5","Q61A","bribe_document","Corruption experience","In the past year, how often (if ever) have you had to pay a bribe, give a gift, or do a favour to government officials in order to:","Get a document or a permit?","0=Never; 1=Once or twice; 2=A few times; 3=Often; 7=No experience; 9=Don't know","Verbatim from Ethiopia R5 questionnaire (standard wording)"
"w6","Q55F","bribe_document","Corruption experience","How often, if ever, did you have to pay a bribe, give a gift, or do a favour for a government official in order to get the document you needed?","","0=Never; 1=Once or twice; 2=A few times; 3=Often; 7=No contact; 9=Don't know","Verbatim from Mozambique R6 questionnaire. R6+ restructured bribery into service-encounter modules; wording changed from R3-R5 format"
"w7","Q49K","bribe_document","Corruption experience","How often, if ever, did you have to pay a bribe, give a gift, or do a favour for a government official in order to get the document you needed?","","0=Never; 1=Once or twice; 2=A few times; 3=Often; 7=No contact; 9=Don't know","Verbatim from Tunisia R7 questionnaire (standard R6+ wording)"
"w8","Q44I","bribe_document","Corruption experience","How often, if ever, did you have to pay a bribe, give a gift, or do a favour for a government official in order to get the document you needed?","","0=Never; 1=Once or twice; 2=A few times; 3=Often; 7=No contact; 9=Don't know","Verbatim from Zimbabwe R8 questionnaire (standard R6+ wording)"
"w9","Q42C","bribe_document","Corruption experience","How often, if ever, did you have to pay a bribe, give a gift, or do a favour for a government official in order to get the document you needed?","","0=Never; 1=Once or twice; 2=A few times; 3=Often; 7=No contact; 8=Refused; 9=Don't know; -1=Missing","Verbatim from Ethiopia R9 questionnaire Q42C"
"w1","","bribe_medical","Corruption experience","","","0=Never; 1=Once or twice; 2=A few times; 3=Often","Not included in this wave"
"w2","","bribe_medical","Corruption experience","","","0=Never; 1=Once or twice; 2=A few times; 3=Often","Not included in this wave"
"w3","q57d","bribe_medical","Corruption experience","In the past year, how often (if ever) have you had to pay a bribe, give a gift, or do a favour to government officials in order to:","D. Get medicine or medical attention from a health worker","0=Never; 1=Once or twice; 2=A few times; 3=Often; 9=Don't know","Verbatim from Botswana R3 questionnaire Q57D"
"w4","","bribe_medical","Corruption experience","","","0=Never; 1=Once or twice; 2=A few times; 3=Often","Not included in this wave"
"w5","Q61C","bribe_medical","Corruption experience","In the past year, how often (if ever) have you had to pay a bribe, give a gift, or do a favour to government officials in order to:","Get medicine or medical attention from a health worker?","0=Never; 1=Once or twice; 2=A few times; 3=Often; 7=No experience; 9=Don't know","Verbatim from Ethiopia R5 questionnaire (standard wording)"
"w6","Q55D","bribe_medical","Corruption experience","How often, if ever, did you have to pay a bribe, give a gift, or do a favour for a health worker or clinic or hospital staff in order to get the medical care or services you needed?","","0=Never; 1=Once or twice; 2=A few times; 3=Often; 7=No contact; 9=Don't know","Verbatim from Mozambique R6 questionnaire (standard R6+ wording)"
"w7","Q49G","bribe_medical","Corruption experience","How often, if ever, did you have to pay a bribe, give a gift, or do a favour for a health worker or clinic or hospital staff in order to get the medical care or services you needed?","","0=Never; 1=Once or twice; 2=A few times; 3=Often; 7=No contact; 9=Don't know","Verbatim from Tunisia R7 questionnaire (standard R6+ wording)"
"w8","Q44F","bribe_medical","Corruption experience","How often, if ever, did you have to pay a bribe, give a gift, or do a favour for a health worker or clinic or hospital staff in order to get the medical care or services you needed?","","0=Never; 1=Once or twice; 2=A few times; 3=Often; 7=No contact; 9=Don't know","Verbatim from Zimbabwe R8 questionnaire (standard R6+ wording)"
"w9","Q41C","bribe_medical","Corruption experience","How often, if ever, did you have to pay a bribe, give a gift, or do a favour for a health worker or clinic or hospital staff in order to get the medical care or services you needed?","","0=Never; 1=Once or twice; 2=A few times; 3=Often; 7=No contact; 8=Refused; 9=Don't know; -1=Missing","Verbatim from Ethiopia R9 questionnaire Q41C"
"w1","","bribe_police","Corruption experience","","","0=Never; 1=Once or twice; 2=A few times; 3=Often","Not included in this wave"
"w2","q59e","bribe_police","Corruption experience","In the past year, have you or anyone in your family had to pay money to government officials (besides paying rates or taxes), give them a gift, or do them a Favour, in order to get the following?","E. Avoid a problem with the police (like passing a checkpoint or avoiding a fine or arrest)?","1=No; 2=Once or twice; 3=A few times; 4=Often; 5=Don't know","Verbatim from Zimbabwe R2 questionnaire Q44. R2 bribery items use different stem and scale from later rounds"
"w3","q57e","bribe_police","Corruption experience","In the past year, how often (if ever) have you had to pay a bribe, give a gift, or do a favour to government officials in order to:","E. Avoid a problem with the police (like passing a checkpoint or avoiding a fine or arrest)?","0=Never; 1=Once or twice; 2=A few times; 3=Often; 9=Don't know","Verbatim from Botswana R3 questionnaire Q57E"
"w4","Q51C","bribe_police","Corruption experience","In the past year, how often (if ever) have you had to pay a bribe, give a gift, or do a favour to government officials in order to:","C. Avoid a problem with the police (like passing a checkpoint or avoiding a fine or arrest)?","7=No experience; 0=Never; 1=Once or twice; 2=A few times; 3=Often; 9=Don't know","Verbatim from Zimbabwe R4 questionnaire Q51C"
"w5","Q61D","bribe_police","Corruption experience","In the past year, how often (if ever) have you had to pay a bribe, give a gift, or do a favour to government officials in order to:","Avoid a problem with the police?","0=Never; 1=Once or twice; 2=A few times; 3=Often; 7=No experience; 9=Don't know","Verbatim from Ethiopia R5 questionnaire (standard wording)"
"w6","Q55J","bribe_police","Corruption experience","How often, if ever, did you have to pay a bribe, give a gift, or do a favour for a police officer in order to avoid a problem during one of these encounters?","","0=Never; 1=Once or twice; 2=A few times; 3=Often; 7=No contact; 9=Don't know","Verbatim from Mozambique R6 questionnaire (standard R6+ wording)"
"w7","Q49T","bribe_police","Corruption experience","How often, if ever, did you have to pay a bribe, give a gift, or do a favour for a police officer in order to avoid a problem during one of these encounters?","","0=Never; 1=Once or twice; 2=A few times; 3=Often; 7=No contact; 9=Don't know","Verbatim from Tunisia R7 questionnaire (standard R6+ wording)"
"w8","Q44N","bribe_police","Corruption experience","How often, if ever, did you have to pay a bribe, give a gift, or do a favour for a police officer in order to avoid a problem during one of these encounters?","","0=Never; 1=Once or twice; 2=A few times; 3=Often; 7=No contact; 9=Don't know","Verbatim from Zimbabwe R8 questionnaire (standard R6+ wording)"
"w9","Q43E","bribe_police","Corruption experience","How often, if ever, did you have to pay a bribe, give a gift, or do a favour for a police officer in order to avoid a problem during one of these encounters?","","0=Never; 1=Once or twice; 2=A few times; 3=Often; 7=No contact; 8=Refused; 9=Don't know; -1=Missing","Verbatim from Ethiopia R9 questionnaire Q43E"
"w1","","bribe_school","Corruption experience","","","0=Never; 1=Once or twice; 2=A few times; 3=Often","Not included in this wave"
"w2","q59b","bribe_school","Corruption experience","In the past year, have you or anyone in your family had to pay money to government officials (besides paying rates or taxes), give them a gift, or do them a Favour, in order to get the following?","B. A place in primary school for a child","1=No; 2=Once or twice; 3=A few times; 4=Often; 5=Don't know","Verbatim from Zimbabwe R2 questionnaire Q44B. R2 item wording differs from later rounds"
"w3","q57b","bribe_school","Corruption experience","In the past year, how often (if ever) have you had to pay a bribe, give a gift, or do a favour to government officials in order to:","B. Get a child into school?","0=Never; 1=Once or twice; 2=A few times; 3=Often; 9=Don't know","Verbatim from Botswana R3 questionnaire Q57B"
"w4","","bribe_school","Corruption experience","","","0=Never; 1=Once or twice; 2=A few times; 3=Often","Not included in this wave"
"w5","Q61E","bribe_school","Corruption experience","In the past year, how often (if ever) have you had to pay a bribe, give a gift, or do a favour to government officials in order to:","Get a place in primary school for a child?","0=Never; 1=Once or twice; 2=A few times; 3=Often; 7=No experience; 9=Don't know","Verbatim from Ethiopia R5 questionnaire (standard wording)"
"w6","Q55B","bribe_school","Corruption experience","How often, if ever, did you have to pay a bribe, give a gift, or do a favour for a teacher or school official in order to get the services you needed from the schools?","","0=Never; 1=Once or twice; 2=A few times; 3=Often; 7=No contact; 9=Don't know","Verbatim from Mozambique R6 questionnaire (standard R6+ wording)"
"w7","Q49C","bribe_school","Corruption experience","How often, if ever, did you have to pay a bribe, give a gift, or do a favour for a teacher or school official in order to get the services you needed from the schools?","","0=Never; 1=Once or twice; 2=A few times; 3=Often; 7=No contact; 9=Don't know","Verbatim from Tunisia R7 questionnaire (standard R6+ wording)"
"w8","Q44C","bribe_school","Corruption experience","How often, if ever, did you have to pay a bribe, give a gift, or do a favour for a teacher or school official in order to get the services you needed from the schools?","","0=Never; 1=Once or twice; 2=A few times; 3=Often; 7=No contact; 9=Don't know","Verbatim from Zimbabwe R8 questionnaire (standard R6+ wording)"
"w9","Q40C","bribe_school","Corruption experience","How often, if ever, did you have to pay a bribe, give a gift, or do a favour for a teacher or school official in order to get the services you needed from the schools?","","0=Never; 1=Once or twice; 2=A few times; 3=Often; 7=No contact; 8=Refused; 9=Don't know; -1=Missing","Verbatim from Ethiopia R9 questionnaire Q40C"
"w1","","corruption_level","Corruption","","","1=Increased a lot; 2=Increased somewhat; 3=Stayed the same; 4=Decreased somewhat; 5=Decreased a lot","Not included in this wave"
"w2","","corruption_level","Corruption","","","1=Increased a lot; 2=Increased somewhat; 3=Stayed the same; 4=Decreased somewhat; 5=Decreased a lot","Not included in this wave"
"w3","","corruption_level","Corruption","","","1=Increased a lot; 2=Increased somewhat; 3=Stayed the same; 4=Decreased somewhat; 5=Decreased a lot","Not included in this wave"
"w4","","corruption_level","Corruption","","","1=Increased a lot; 2=Increased somewhat; 3=Stayed the same; 4=Decreased somewhat; 5=Decreased a lot","Not included in this wave"
"w5","","corruption_level","Corruption","","","1=Increased a lot; 2=Increased somewhat; 3=Stayed the same; 4=Decreased somewhat; 5=Decreased a lot","Not included in this wave"
"w6","","corruption_level","Corruption","","","1=Increased a lot; 2=Increased somewhat; 3=Stayed the same; 4=Decreased somewhat; 5=Decreased a lot","Not included in this wave"
"w7","","corruption_level","Corruption","","","1=Increased a lot; 2=Increased somewhat; 3=Stayed the same; 4=Decreased somewhat; 5=Decreased a lot","Not included in this wave"
"w8","Q43A","corruption_level","Corruption","","In your opinion, over the past year, has the level of corruption in this country increased, decreased, or stayed the same?","1=Increased a lot; 2=Increased somewhat; 3=Stayed the same; 4=Decreased somewhat; 5=Decreased a lot; 9=Don't know","Verbatim from Zimbabwe R8 questionnaire (standard wording)"
"w9","Q39A","corruption_level","Corruption","","In your opinion, over the past year, has the level of corruption in this country increased, decreased, or stayed the same?","1=Increased a lot; 2=Increased somewhat; 3=Stayed the same; 4=Decreased somewhat; 5=Decreased a lot; 9=Don't know","Verbatim from Ethiopia R9 questionnaire Q39A"
"w1","","dem_best_system","Democratic attitudes","","","","Not included in Afrobarometer (no equivalent item)"
"w2","","dem_best_system","Democratic attitudes","","","","Not included in Afrobarometer (no equivalent item)"
"w3","","dem_best_system","Democratic attitudes","","","","Not included in Afrobarometer (no equivalent item)"
"w4","","dem_best_system","Democratic attitudes","","","","Not included in Afrobarometer (no equivalent item)"
"w5","","dem_best_system","Democratic attitudes","","","","Not included in Afrobarometer (no equivalent item)"
"w6","","dem_best_system","Democratic attitudes","","","","Not included in Afrobarometer (no equivalent item)"
"w7","","dem_best_system","Democratic attitudes","","","","Not included in Afrobarometer (no equivalent item)"
"w8","","dem_best_system","Democratic attitudes","","","","Not included in Afrobarometer (no equivalent item)"
"w9","","dem_best_system","Democratic attitudes","","","","Not included in Afrobarometer (no equivalent item)"
"w1","","dem_how_democratic_10pt","Democratic attitudes","","","","Not included in Afrobarometer (no 10-point scale version)"
"w2","","dem_how_democratic_10pt","Democratic attitudes","","","","Not included in Afrobarometer (no 10-point scale version)"
"w3","","dem_how_democratic_10pt","Democratic attitudes","","","","Not included in Afrobarometer (no 10-point scale version)"
"w4","","dem_how_democratic_10pt","Democratic attitudes","","","","Not included in Afrobarometer (no 10-point scale version)"
"w5","","dem_how_democratic_10pt","Democratic attitudes","","","","Not included in Afrobarometer (no 10-point scale version)"
"w6","","dem_how_democratic_10pt","Democratic attitudes","","","","Not included in Afrobarometer (no 10-point scale version)"
"w7","","dem_how_democratic_10pt","Democratic attitudes","","","","Not included in Afrobarometer (no 10-point scale version)"
"w8","","dem_how_democratic_10pt","Democratic attitudes","","","","Not included in Afrobarometer (no 10-point scale version)"
"w9","","dem_how_democratic_10pt","Democratic attitudes","","","","Not included in Afrobarometer (no 10-point scale version)"
"w1","","dem_how_democratic_qual","Democratic attitudes","","","1=Not a democracy; 2=A democracy with major problems; 3=A democracy with minor problems; 4=A full democracy","Not included in this wave"
"w2","q37","dem_how_democratic_qual","Democratic attitudes","","In your opinion how much of a democracy is [country] today?","1=Not a democracy; 2=A democracy with major problems; 3=A democracy with minor problems; 4=A full democracy; 8=Do not understand question; 9=Don't know","Verbatim from Zimbabwe R2 questionnaire Q26. Instruction: Always state the word ""democracy"" in English, in a local language. This instruction also applies to questions 28, 29 and 30."
"w3","q46","dem_how_democratic_qual","Democratic attitudes","","In your opinion how much of a democracy is [country] today?","1=Not a democracy; 2=A democracy with major problems; 3=A democracy with minor problems; 4=A full democracy; 8=Do not understand question; 9=Don't know","Verbatim from Botswana R3 questionnaire Q46"
"w4","Q42A","dem_how_democratic_qual","Democratic attitudes","","In your opinion how much of a democracy is [country] today?","1=Not a democracy; 2=A democracy with major problems; 3=A democracy with minor problems; 4=A full democracy; 8=Do not understand question; 9=Don't know","Verbatim from Zimbabwe R4 questionnaire Q42A"
"w5","Q42","dem_how_democratic_qual","Democratic attitudes","","In your opinion, how much of a democracy is [country] today?","1=Not a democracy; 2=A democracy with major problems; 3=A democracy with minor problems; 4=A full democracy; 8=Do not understand question; 9=Don't know","Verbatim from Ethiopia R5 questionnaire (standard wording)"
"w6","Q40","dem_how_democratic_qual","Democratic attitudes","","In your opinion, how much of a democracy is [country] today?","1=Not a democracy; 2=A democracy with major problems; 3=A democracy with minor problems; 4=A full democracy; 8=Do not understand question; 9=Don't know","Verbatim from Mozambique R6 questionnaire (standard wording)"
"w7","Q35","dem_how_democratic_qual","Democratic attitudes","","In your opinion, how much of a democracy is [country] today?","1=Not a democracy; 2=A democracy with major problems; 3=A democracy with minor problems; 4=A full democracy; 8=Do not understand question; 9=Don't know","Verbatim from Tunisia R7 questionnaire (standard wording)"
"w8","Q36","dem_how_democratic_qual","Democratic attitudes","","In your opinion, how much of a democracy is [country] today?","1=Not a democracy; 2=A democracy with major problems; 3=A democracy with minor problems; 4=A full democracy; 8=Do not understand question; 9=Don't know","Verbatim from Zimbabwe R8 questionnaire (standard wording)"
"w9","Q30","dem_how_democratic_qual","Democratic attitudes","","In your opinion, how much of a democracy is [country] today?","1=Not a democracy; 2=A democracy with major problems; 3=A democracy with minor problems; 4=A full democracy; 8=Do not understand question/Do not understand what 'democracy' is; 9=Don't know","Verbatim from Ethiopia R9 questionnaire Q30"
"w1","","dem_military_support","Democratic attitudes","","","","Not included in Afrobarometer (no equivalent item)"
"w2","","dem_military_support","Democratic attitudes","","","","Not included in Afrobarometer (no equivalent item)"
"w3","","dem_military_support","Democratic attitudes","","","","Not included in Afrobarometer (no equivalent item)"
"w4","","dem_military_support","Democratic attitudes","","","","Not included in Afrobarometer (no equivalent item)"
"w5","","dem_military_support","Democratic attitudes","","","","Not included in Afrobarometer (no equivalent item)"
"w6","","dem_military_support","Democratic attitudes","","","","Not included in Afrobarometer (no equivalent item)"
"w7","","dem_military_support","Democratic attitudes","","","","Not included in Afrobarometer (no equivalent item)"
"w8","","dem_military_support","Democratic attitudes","","","","Not included in Afrobarometer (no equivalent item)"
"w9","","dem_military_support","Democratic attitudes","","","","Not included in Afrobarometer (no equivalent item)"
"w1","","dem_nondem_ok","Democratic attitudes","","","","Not included in Afrobarometer (no equivalent item)"
"w2","","dem_nondem_ok","Democratic attitudes","","","","Not included in Afrobarometer (no equivalent item)"
"w3","","dem_nondem_ok","Democratic attitudes","","","","Not included in Afrobarometer (no equivalent item)"
"w4","","dem_nondem_ok","Democratic attitudes","","","","Not included in Afrobarometer (no equivalent item)"
"w5","","dem_nondem_ok","Democratic attitudes","","","","Not included in Afrobarometer (no equivalent item)"
"w6","","dem_nondem_ok","Democratic attitudes","","","","Not included in Afrobarometer (no equivalent item)"
"w7","","dem_nondem_ok","Democratic attitudes","","","","Not included in Afrobarometer (no equivalent item)"
"w8","","dem_nondem_ok","Democratic attitudes","","","","Not included in Afrobarometer (no equivalent item)"
"w9","","dem_nondem_ok","Democratic attitudes","","","","Not included in Afrobarometer (no equivalent item)"
"w1","","dem_satisfaction","Democratic attitudes","","Overall, how satisfied are you with the way democracy works in [country]?","1=Not at all satisfied; 2=Not very satisfied; 3=Fairly satisfied; 4=Very satisfied","Not included in this wave. R1 uses a 5-point satisfaction scale (Q49 in Malawi codebook) incompatible with R2-R9 4-point scale; excluded from harmonization"
"w2","q40","dem_satisfaction","Democratic attitudes","","Overall, how satisfied are you with the way democracy works in [country]? Are you:","1=Not at all satisfied; 2=Not very satisfied; 3=Fairly satisfied; 4=Very satisfied; 0=[Country] is not a democracy; 9=Don't know","Verbatim from Zimbabwe R2 questionnaire Q29"
"w3","q47","dem_satisfaction","Democratic attitudes","","Overall, how satisfied are you with the way democracy works in [country]? Are you:","1=Not at all satisfied; 2=Not very satisfied; 3=Fairly satisfied; 4=Very satisfied; 0=[Country] is not a democracy; 9=Don't know","Verbatim from Botswana R3 questionnaire Q47"
"w4","Q43","dem_satisfaction","Democratic attitudes","","Overall, how satisfied are you with the way democracy works in [country]? Are you:","1=Not at all satisfied; 2=Not very satisfied; 3=Fairly satisfied; 4=Very satisfied; 0=[Country] is not a democracy; 9=Don't know","Verbatim from Zimbabwe R4 questionnaire Q43"
"w5","Q43","dem_satisfaction","Democratic attitudes","","Overall, how satisfied are you with the way democracy works in [country]? Are you:","1=Not at all satisfied; 2=Not very satisfied; 3=Fairly satisfied; 4=Very satisfied; 0=[Country] is not a democracy; 9=Don't know","Verbatim from Ethiopia R5 questionnaire (standard wording)"
"w6","Q41","dem_satisfaction","Democratic attitudes","","Overall, how satisfied are you with the way democracy works in [country]? Are you:","1=Not at all satisfied; 2=Not very satisfied; 3=Fairly satisfied; 4=Very satisfied; 0=[Country] is not a democracy; 9=Don't know","Verbatim from Mozambique R6 questionnaire (standard wording)"
"w7","Q36","dem_satisfaction","Democratic attitudes","","Overall, how satisfied are you with the way democracy works in [country]? Are you:","1=Not at all satisfied; 2=Not very satisfied; 3=Fairly satisfied; 4=Very satisfied; 0=[Country] is not a democracy; 9=Don't know","Verbatim from Tunisia R7 questionnaire (standard wording)"
"w8","Q37","dem_satisfaction","Democratic attitudes","","Overall, how satisfied are you with the way democracy works in [country]? Are you:","1=Not at all satisfied; 2=Not very satisfied; 3=Fairly satisfied; 4=Very satisfied; 0=[Country] is not a democracy; 9=Don't know","Verbatim from Zimbabwe R8 questionnaire (standard wording)"
"w9","Q31","dem_satisfaction","Democratic attitudes","","Overall, how satisfied are you with the way democracy works in [country]? Are you:","1=Not at all satisfied?; 2=Not very satisfied?; 3=Fairly satisfied; 4=Very satisfied; 0=[Country] is not a democracy; 9=Don't know","Verbatim from Ethiopia R9 questionnaire Q31"
"w1","","dem_solves_problems","Democratic attitudes","","","","Not included in Afrobarometer (no equivalent item)"
"w2","","dem_solves_problems","Democratic attitudes","","","","Not included in Afrobarometer (no equivalent item)"
"w3","","dem_solves_problems","Democratic attitudes","","","","Not included in Afrobarometer (no equivalent item)"
"w4","","dem_solves_problems","Democratic attitudes","","","","Not included in Afrobarometer (no equivalent item)"
"w5","","dem_solves_problems","Democratic attitudes","","","","Not included in Afrobarometer (no equivalent item)"
"w6","","dem_solves_problems","Democratic attitudes","","","","Not included in Afrobarometer (no equivalent item)"
"w7","","dem_solves_problems","Democratic attitudes","","","","Not included in Afrobarometer (no equivalent item)"
"w8","","dem_solves_problems","Democratic attitudes","","","","Not included in Afrobarometer (no equivalent item)"
"w9","","dem_solves_problems","Democratic attitudes","","","","Not included in Afrobarometer (no equivalent item)"
"w1","supdem","dem_support_preferable","Democratic attitudes","","Which of these three statements is closest to your own opinion? A. Democracy is preferable to any other kind of government. B. In some circumstances, a non-democratic government can be preferable. C. For someone like me, it doesn't matter what kind of government we have.","1=Democracy is preferable; 2=Non-democratic sometimes preferable; 3=Doesn't matter","Verbatim from Malawi R1 codebook. R1 uses different coding: 1=A strongly, 2=A somewhat, 3=B somewhat, 4=B strongly, 5=Don't know, 6=Do not agree with either. Harmonized via recode_afro_dem_pref_r1"
"w2","q38","dem_support_preferable","Democratic attitudes","","Which of these three statements is closest to your own opinion?","3=Statement A: Democracy is preferable to any other kind of government; 2=Statement B: In some circumstances a non-democratic government can be preferable; 1=Statement C: For someone like me it doesn't matter what kind of government we have; 9=Don't know","Verbatim from Zimbabwe R2 questionnaire Q27. Note coding: 3=democracy preferable (reversed from R9 coding)"
"w3","q37","dem_support_preferable","Democratic attitudes","","Which of these three statements is closest to your own opinion?","3=Statement A: Democracy is preferable to any other kind of government; 2=Statement B: In some circumstances a non-democratic government can be preferable; 1=Statement C: For someone like me it doesn't matter what kind of government we have; 9=Don't know","Verbatim from Botswana R3 questionnaire Q37"
"w4","Q30","dem_support_preferable","Democratic attitudes","","Which of these three statements is closest to your own opinion?","3=Statement 1: Democracy is preferable to any other kind of government; 2=Statement 2: In some circumstances a non-democratic government can be preferable; 1=Statement 3: For someone like me it doesn't matter what kind of government we have; 9=Don't know","Verbatim from Zimbabwe R4 questionnaire Q30"
"w5","Q32","dem_support_preferable","Democratic attitudes","","Which of these three statements is closest to your own opinion?","3=Statement 1: Democracy is preferable to any other kind of government; 2=Statement 2: In some circumstances a non-democratic government can be preferable; 1=Statement 3: For someone like me it doesn't matter what kind of government we have; 9=Don't know","Verbatim from Ethiopia R5 questionnaire (standard wording)"
"w6","Q30","dem_support_preferable","Democratic attitudes","","Which of these three statements is closest to your own opinion?","3=Statement 1: Democracy is preferable to any other kind of government; 2=Statement 2: In some circumstances a non-democratic government can be preferable; 1=Statement 3: For someone like me it doesn't matter what kind of government we have; 9=Don't know","Verbatim from Mozambique R6 questionnaire (standard wording)"
"w7","Q28","dem_support_preferable","Democratic attitudes","","Which of these three statements is closest to your own opinion?","3=Statement 1: Democracy is preferable to any other kind of government; 2=Statement 2: In some circumstances a non-democratic government can be preferable; 1=Statement 3: For someone like me it doesn't matter what kind of government we have; 9=Don't know","Verbatim from Tunisia R7 questionnaire (standard wording)"
"w8","Q21","dem_support_preferable","Democratic attitudes","","Which of these three statements is closest to your own opinion?","3=Statement 1: Democracy is preferable to any other kind of government; 2=Statement 2: In some circumstances a non-democratic government can be preferable; 1=Statement 3: For someone like me it doesn't matter what kind of government we have; 9=Don't know","Verbatim from Zimbabwe R8 questionnaire (standard wording)"
"w9","Q23","dem_support_preferable","Democratic attitudes","","Which of these three statements is closest to your own opinion?","3=Statement 1: Democracy is preferable to any other kind of government; 2=Statement 2: In some circumstances a non-democratic government can be preferable; 1=Statement 3: For someone like me it doesn't matter what kind of government we have; 9=Don't know","Verbatim from Ethiopia R9 questionnaire Q23"
"w1","","econ_living_conditions","Economic evaluations","","In general, how would you describe: Your own present living conditions?","1=Very bad; 2=Fairly bad; 3=Neither good nor bad; 4=Fairly good; 5=Very good","Not included in this wave (R1 asked about economic satisfaction but in different format)"
"w2","q1b","econ_living_conditions","Economic evaluations","In general, how would you describe:","B. Your own present living conditions?","1=Very bad; 2=Fairly bad; 3=Neither good nor bad; 4=Fairly good; 5=Very good; 9=Don't know","Verbatim from Zimbabwe R2 questionnaire Q1B"
"w3","q4b","econ_living_conditions","Economic evaluations","In general, how would you describe:","B. Your own present living conditions?","1=Very bad; 2=Fairly bad; 3=Neither good nor bad; 4=Fairly good; 5=Very good; 9=Don't know","Verbatim from Botswana R3 questionnaire Q4B"
"w4","Q4B","econ_living_conditions","Economic evaluations","In general, how would you describe:","B. Your own present living conditions?","1=Very bad; 2=Fairly bad; 3=Neither good nor bad; 4=Fairly good; 5=Very good; 9=Don't know","Verbatim from Zimbabwe R4 questionnaire Q4B"
"w5","Q3B","econ_living_conditions","Economic evaluations","In general, how would you describe:","B. Your own present living conditions?","1=Very bad; 2=Fairly bad; 3=Neither good nor bad; 4=Fairly good; 5=Very good; 9=Don't know","Verbatim from Ethiopia R5 questionnaire (standard wording)"
"w6","Q4B","econ_living_conditions","Economic evaluations","In general, how would you describe:","B. Your own present living conditions?","1=Very bad; 2=Fairly bad; 3=Neither good nor bad; 4=Fairly good; 5=Very good; 9=Don't know","Verbatim from Mozambique R6 questionnaire (standard wording)"
"w7","Q4B","econ_living_conditions","Economic evaluations","In general, how would you describe:","B. Your own present living conditions?","1=Very bad; 2=Fairly bad; 3=Neither good nor bad; 4=Fairly good; 5=Very good; 9=Don't know","Verbatim from Tunisia R7 questionnaire (standard wording)"
"w8","Q4B","econ_living_conditions","Economic evaluations","In general, how would you describe:","B. Your own present living conditions?","1=Very bad; 2=Fairly bad; 3=Neither good nor bad; 4=Fairly good; 5=Very good; 9=Don't know","Verbatim from Zimbabwe R8 questionnaire (standard wording)"
"w9","Q4B","econ_living_conditions","Economic evaluations","In general, how would you describe:","B. Your own present living conditions?","1=Very bad; 2=Fairly bad; 3=Neither good nor bad; 4=Fairly good; 5=Very good; 9=Don't know","Verbatim from Ethiopia R9 questionnaire Q4B"
"w1","","econ_national_current","Economic evaluations","","In general, how would you describe: The present economic condition of this country?","1=Very bad; 2=Fairly bad; 3=Neither good nor bad; 4=Fairly good; 5=Very good","Not included in this wave (R1 used different economic satisfaction format)"
"w2","q1a","econ_national_current","Economic evaluations","In general, how would you describe:","A. The present economic condition of this country?","1=Very bad; 2=Fairly bad; 3=Neither good nor bad; 4=Fairly good; 5=Very good; 9=Don't know","Verbatim from Zimbabwe R2 questionnaire Q1A"
"w3","q4a","econ_national_current","Economic evaluations","In general, how would you describe:","A. The present economic condition of this country?","1=Very bad; 2=Fairly bad; 3=Neither good nor bad; 4=Fairly good; 5=Very good; 9=Don't know","Verbatim from Botswana R3 questionnaire Q4A"
"w4","Q4A","econ_national_current","Economic evaluations","In general, how would you describe:","A. The present economic condition of this country?","1=Very bad; 2=Fairly bad; 3=Neither good nor bad; 4=Fairly good; 5=Very good; 9=Don't know","Verbatim from Zimbabwe R4 questionnaire Q4A"
"w5","Q3A","econ_national_current","Economic evaluations","In general, how would you describe:","A. The present economic condition of this country?","1=Very bad; 2=Fairly bad; 3=Neither good nor bad; 4=Fairly good; 5=Very good; 9=Don't know","Verbatim from Ethiopia R5 questionnaire (standard wording)"
"w6","Q4A","econ_national_current","Economic evaluations","In general, how would you describe:","A. The present economic condition of this country?","1=Very bad; 2=Fairly bad; 3=Neither good nor bad; 4=Fairly good; 5=Very good; 9=Don't know","Verbatim from Mozambique R6 questionnaire (standard wording)"
"w7","Q4A","econ_national_current","Economic evaluations","In general, how would you describe:","A. The present economic condition of this country?","1=Very bad; 2=Fairly bad; 3=Neither good nor bad; 4=Fairly good; 5=Very good; 9=Don't know","Verbatim from Tunisia R7 questionnaire (standard wording)"
"w8","Q4A","econ_national_current","Economic evaluations","In general, how would you describe:","A. The present economic condition of this country?","1=Very bad; 2=Fairly bad; 3=Neither good nor bad; 4=Fairly good; 5=Very good; 9=Don't know","Verbatim from Zimbabwe R8 questionnaire (standard wording)"
"w9","Q4A","econ_national_current","Economic evaluations","In general, how would you describe:","A. The present economic condition of this country?","1=Very bad; 2=Fairly bad; 3=Neither good nor bad; 4=Fairly good; 5=Very good; 9=Don't know","Verbatim from Ethiopia R9 questionnaire Q4A"
"w1","","education_detailed","Demographics","","What is the highest level of education you have completed?","0=No formal schooling; 1=Informal schooling only; 2=Some primary schooling; 3=Primary school completed; 4=Some secondary school/high school; 5=Secondary school completed/high school; 6=Post-secondary qualifications not university; 7=Some university; 8=University completed; 9=Post-graduate","Not included in this wave (R1 education question uses different categories)"
"w2","q84","education_detailed","Demographics","","What is the highest level of education you have completed?","0=No formal schooling; 1=Informal schooling only; 2=Some primary schooling; 3=Primary school completed; 4=Some secondary school/high school; 5=Secondary school completed/high school; 6=Post-secondary qualifications not university; 7=Some university; 8=University completed; 9=Post-graduate; 99=Don't know","Verbatim from Zimbabwe R2 questionnaire Q53"
"w3","q90","education_detailed","Demographics","","What is the highest level of education you have completed?","0=No formal schooling; 1=Informal schooling only; 2=Some primary schooling; 3=Primary school completed; 4=Some secondary school/high school; 5=Secondary school completed/high school; 6=Post-secondary qualifications not university; 7=Some university; 8=University completed; 9=Post-graduate; 99=Don't know","Verbatim from Botswana R3 questionnaire (standard wording)"
"w4","Q89","education_detailed","Demographics","","What is the highest level of education you have completed?","0=No formal schooling; 1=Informal schooling only; 2=Some primary schooling; 3=Primary school completed; 4=Some secondary school/high school; 5=Secondary school completed/high school; 6=Post-secondary qualifications not university; 7=Some university; 8=University completed; 9=Post-graduate; 99=Don't know","Verbatim from Zimbabwe R4 questionnaire (standard wording)"
"w5","Q97","education_detailed","Demographics","","What is the highest level of education you have completed?","0-9 scale (same as above); 99=Don't know","Verbatim from Ethiopia R5 questionnaire (standard wording)"
"w6","Q97","education_detailed","Demographics","","What is the highest level of education you have completed?","0-9 scale (same as above); 99=Don't know","Verbatim from Mozambique R6 questionnaire (standard wording)"
"w7","Q97","education_detailed","Demographics","","What is the highest level of education you have completed?","0-9 scale (same as above); 99=Don't know","Verbatim from Tunisia R7 questionnaire (standard wording)"
"w8","Q97","education_detailed","Demographics","","What is the highest level of education you have completed?","0-9 scale (same as above); 99=Don't know","Verbatim from Zimbabwe R8 questionnaire (standard wording)"
"w9","Q94","education_detailed","Demographics","","What is the highest level of education you have completed?","0=No formal schooling; 1=Informal schooling only (including Koranic schooling); 2=Some primary schooling; 3=Primary school completed; 4=Intermediate school or some secondary school/high school; 5=Secondary school/high school completed; 6=Post-secondary qualifications other than university; 7=Some university; 8=University completed; 9=Post-graduate; 99=Don't know","Verbatim from Ethiopia R9 questionnaire Q94"
"w1","educ","education_level","Demographics (derived)","","Derived from education: collapsed to 4-level scale","0=No formal schooling; 1=Primary; 2=Secondary; 3=Post-secondary","Derived variable from education_detailed"
"w2","q84","education_level","Demographics (derived)","","Derived from education: collapsed to 4-level scale","0=No formal schooling; 1=Primary; 2=Secondary; 3=Post-secondary","Derived variable from education_detailed"
"w3","q90","education_level","Demographics (derived)","","Derived from education: collapsed to 4-level scale","0=No formal schooling; 1=Primary; 2=Secondary; 3=Post-secondary","Derived variable from education_detailed"
"w4","Q89","education_level","Demographics (derived)","","Derived from education: collapsed to 4-level scale","0=No formal schooling; 1=Primary; 2=Secondary; 3=Post-secondary","Derived variable from education_detailed"
"w5","EDUC_COND","education_level","Demographics (derived)","","Derived from education: collapsed to 4-level scale","0=No formal schooling; 1=Primary; 2=Secondary; 3=Post-secondary","Derived variable; R5+ uses precoded EDUC_COND in merged data"
"w6","EDUC_COND","education_level","Demographics (derived)","","Derived from education: collapsed to 4-level scale","0=No formal schooling; 1=Primary; 2=Secondary; 3=Post-secondary","Derived variable; precoded EDUC_COND"
"w7","EDUC_COND","education_level","Demographics (derived)","","Derived from education: collapsed to 4-level scale","0=No formal schooling; 1=Primary; 2=Secondary; 3=Post-secondary","Derived variable; precoded EDUC_COND"
"w8","EDUC_COND","education_level","Demographics (derived)","","Derived from education: collapsed to 4-level scale","0=No formal schooling; 1=Primary; 2=Secondary; 3=Post-secondary","Derived variable; precoded EDUC_COND"
"w9","EDUC_COND","education_level","Demographics (derived)","","Derived from education: collapsed to 4-level scale","0=No formal schooling; 1=Primary; 2=Secondary; 3=Post-secondary","Derived variable; precoded EDUC_COND"
"w1","","employment_status","Demographics","","Do you have a job that pays a cash income? Is it full-time or part-time? And are you presently looking for a job?","0=Out of labor force; 1=Unemployed; 2=Employed","Not included in this wave"
"w2","q89","employment_status","Demographics","","Do you have a job that pays a cash income? Is it full-time or part-time? And are you presently looking for a job (even if you are presently working)?","0=No (not looking); 1=No (looking); 2=Yes part time (not looking); 3=Yes part time (looking); 4=Yes full time (not looking); 5=Yes full time (looking); 9=Don't know","Verbatim from Zimbabwe R2 questionnaire Q58"
"w3","q94","employment_status","Demographics","","Do you have a job that pays a cash income? Is it full-time or part-time? And are you presently looking for a job (even if you are presently working)?","0=No (not looking); 1=No (looking); 2=Yes part time (not looking); 3=Yes part time (looking); 4=Yes full time (not looking); 5=Yes full time (looking); 9=Don't know","Verbatim from Botswana R3 questionnaire (standard wording)"
"w4","Q94","employment_status","Demographics","","Do you have a job that pays a cash income? Is it full-time or part-time? And are you presently looking for a job (even if you are presently working)?","0-5 scale (same as above); 9=Don't know","Verbatim from Zimbabwe R4 questionnaire (standard wording)"
"w5","Q96","employment_status","Demographics","","Do you have a job that pays a cash income? Is it full-time or part-time? And are you presently looking for a job (even if you are presently working)?","0-5 scale; 9=Don't know","Verbatim from Ethiopia R5 questionnaire (standard wording)"
"w6","Q95","employment_status","Demographics","","Do you have a job that pays a cash income? Is it full-time or part-time? And are you presently looking for a job (even if you are presently working)?","0-5 scale; 9=Don't know","Verbatim from Mozambique R6 questionnaire (standard wording)"
"w7","Q94","employment_status","Demographics","","Do you have a job that pays a cash income? Is it full-time or part-time? And are you presently looking for a job (even if you are presently working)?","0-5 scale; 9=Don't know","Verbatim from Tunisia R7 questionnaire (standard wording)"
"w8","Q95A","employment_status","Demographics","","Do you have a job that pays a cash income? Is it full-time or part-time? And are you presently looking for a job (even if you are presently working)?","0-5 scale; 9=Don't know","Verbatim from Zimbabwe R8 questionnaire (standard wording)"
"w9","Q93A","employment_status","Demographics","","Do you have a job that pays a cash income? Is it full-time or part-time? And are you presently looking for a job (even if you are presently working)?","0=No (not looking); 1=No (looking); 2=Yes part time (not looking); 3=Yes part time (looking); 4=Yes full time (not looking); 5=Yes full time (looking); 9=Don't know","Verbatim from Ethiopia R9 questionnaire Q93A"
"w1","gender","gender","Demographics","","Respondent's gender","1=Male; 2=Female","Recorded by interviewer after interview. Verbatim from Malawi R1 codebook"
"w2","q96","gender","Demographics","","Respondent's gender","1=Male; 2=Female","Recorded by interviewer. Verbatim from Zimbabwe R2 questionnaire Q63"
"w3","q101","gender","Demographics","","Respondent's gender","1=Male; 2=Female","Recorded by interviewer. Verbatim from Botswana R3 questionnaire"
"w4","Q101","gender","Demographics","","Respondent's gender","1=Male; 2=Female","Recorded by interviewer. Verbatim from Zimbabwe R4 questionnaire"
"w5","Q101","gender","Demographics","","Respondent's gender","1=Male; 2=Female","Recorded by interviewer (standard wording across rounds)"
"w6","Q101","gender","Demographics","","Respondent's gender","1=Male; 2=Female","Recorded by interviewer (standard wording)"
"w7","Q101","gender","Demographics","","Respondent's gender","1=Male; 2=Female","Recorded by interviewer (standard wording)"
"w8","Q101","gender","Demographics","","Respondent's gender","1=Male; 2=Female","Recorded by interviewer (standard wording)"
"w9","Q100","gender","Demographics","","Respondent's gender","1=Male; 2=Female","Recorded by interviewer. Verbatim from Ethiopia R9 questionnaire Q100"
"w1","","int_date","Interview metadata","","Date of interview","","Not included in this wave (no date variable in R1 merged data)"
"w2","dateintr","int_date","Interview metadata","","Date of interview [Interviewer: Enter day month and year]","","Verbatim from Zimbabwe R2 questionnaire (DATEINTR field)"
"w3","dateintr","int_date","Interview metadata","","Date of interview [Interviewer: Enter day month and year]","","Verbatim from Botswana R3 questionnaire (DATEINTR field)"
"w4","DATEINTR","int_date","Interview metadata","","Date of interview [Interviewer: Enter day month and year]","","Verbatim from Zimbabwe R4 questionnaire (DATEINTR field)"
"w5","DATEINTR","int_date","Interview metadata","","Date of interview [Interviewer: Enter day month and year]","","Standard across R5+ questionnaires"
"w6","DATEINTR","int_date","Interview metadata","","Date of interview [Interviewer: Enter day month and year]","","Standard across R6+ questionnaires"
"w7","DATEINTR","int_date","Interview metadata","","Date of interview [Interviewer: Enter day month and year]","","Standard across R7 questionnaires"
"w8","DATEINTR","int_date","Interview metadata","","Date of interview [Interviewer: Enter day month and year]","","Standard across R8 questionnaires"
"w9","DATEINTR","int_date","Interview metadata","","Date of interview [Enter day month and year]","","Verbatim from Ethiopia R9 questionnaire DATEINTR"
"w1","","int_month","Interview metadata","","Derived from int_date: interview month (1-12)","","Derived from DATEINTR; not available for R1"
"w2","dateintr","int_month","Interview metadata","","Derived from int_date: interview month (1-12)","","Derived from DATEINTR"
"w3","dateintr","int_month","Interview metadata","","Derived from int_date: interview month (1-12)","","Derived from DATEINTR"
"w4","DATEINTR","int_month","Interview metadata","","Derived from int_date: interview month (1-12)","","Derived from DATEINTR"
"w5","DATEINTR","int_month","Interview metadata","","Derived from int_date: interview month (1-12)","","Derived from DATEINTR"
"w6","DATEINTR","int_month","Interview metadata","","Derived from int_date: interview month (1-12)","","Derived from DATEINTR"
"w7","DATEINTR","int_month","Interview metadata","","Derived from int_date: interview month (1-12)","","Derived from DATEINTR"
"w8","DATEINTR","int_month","Interview metadata","","Derived from int_date: interview month (1-12)","","Derived from DATEINTR"
"w9","DATEINTR","int_month","Interview metadata","","Derived from int_date: interview month (1-12)","","Derived from DATEINTR"
"w1","","int_year","Interview metadata","","Derived from int_date: interview year","","Derived from DATEINTR; not available for R1"
"w2","dateintr","int_year","Interview metadata","","Derived from int_date: interview year","","Derived from DATEINTR"
"w3","dateintr","int_year","Interview metadata","","Derived from int_date: interview year","","Derived from DATEINTR"
"w4","DATEINTR","int_year","Interview metadata","","Derived from int_date: interview year","","Derived from DATEINTR"
"w5","DATEINTR","int_year","Interview metadata","","Derived from int_date: interview year","","Derived from DATEINTR"
"w6","DATEINTR","int_year","Interview metadata","","Derived from int_date: interview year","","Derived from DATEINTR"
"w7","DATEINTR","int_year","Interview metadata","","Derived from int_date: interview year","","Derived from DATEINTR"
"w8","DATEINTR","int_year","Interview metadata","","Derived from int_date: interview year","","Derived from DATEINTR"
"w9","DATEINTR","int_year","Interview metadata","","Derived from int_date: interview year","","Derived from DATEINTR"
"w1","pidcls","party_close","Political engagement","","Do you feel close to any particular political party? If so which party is that?","0=No; 1=Yes","Verbatim from Malawi R1 codebook (variable pidcls)"
"w2","q87a","party_close","Political engagement","","Do you feel close to any particular political party? If so which party is that?","0=No (does NOT feel close to ANY party); 9=Don't know","Verbatim from Zimbabwe R2 questionnaire Q56A. Country-specific party list follows for ""Yes"" responses"
"w3","q85","party_close","Political engagement","","Do you feel close to any particular political party? If so which party is that?","0=No; 1+=Yes (country-specific party codes); 9=Don't know","Verbatim from Botswana R3 questionnaire (standard wording)"
"w4","Q85","party_close","Political engagement","","Do you feel close to any particular political party? If so which party is that?","0=No; 1+=Yes; 9=Don't know","Verbatim from Zimbabwe R4 questionnaire (standard wording)"
"w5","Q89A","party_close","Political engagement","","Do you feel close to any particular political party? If so which party is that?","0=No; 1+=Yes; 9=Don't know","Verbatim from Ethiopia R5 questionnaire (standard wording)"
"w6","Q90A","party_close","Political engagement","","Do you feel close to any particular political party? If so which party is that?","0=No; 1+=Yes; 9=Don't know","Verbatim from Mozambique R6 questionnaire (standard wording)"
"w7","Q88A","party_close","Political engagement","","Do you feel close to any particular political party? If so which party is that?","0=No; 1+=Yes; 9=Don't know","Verbatim from Tunisia R7 questionnaire (standard wording)"
"w8","Q91A","party_close","Political engagement","","Do you feel close to any particular political party? If so which party is that?","0=No; 1+=Yes; 9=Don't know","Verbatim from Zimbabwe R8 questionnaire (standard wording)"
"w9","Q89A","party_close","Political engagement","","Do you feel close to any particular political party? If so which party is that?","0=No (does NOT feel close to ANY party); country-specific party codes for Yes; 998=Refused; 999=Don't know","Verbatim from Ethiopia R9 questionnaire Q89A"
"w1","","pol_say_what_think","Political attitudes","","","","Not included in Afrobarometer (no equivalent item)"
"w2","","pol_say_what_think","Political attitudes","","","","Not included in Afrobarometer (no equivalent item)"
"w3","","pol_say_what_think","Political attitudes","","","","Not included in Afrobarometer (no equivalent item)"
"w4","","pol_say_what_think","Political attitudes","","","","Not included in Afrobarometer (no equivalent item)"
"w5","","pol_say_what_think","Political attitudes","","","","Not included in Afrobarometer (no equivalent item)"
"w6","","pol_say_what_think","Political attitudes","","","","Not included in Afrobarometer (no equivalent item)"
"w7","","pol_say_what_think","Political attitudes","","","","Not included in Afrobarometer (no equivalent item)"
"w8","","pol_say_what_think","Political attitudes","","","","Not included in Afrobarometer (no equivalent item)"
"w9","","pol_say_what_think","Political attitudes","","","","Not included in Afrobarometer (no equivalent item)"
"w1","","reject_military_rule","Rejection of authoritarian alternatives","","There are many ways to govern a country. Would you disapprove or approve of the following alternatives: The army comes in to govern the country.","1=Strongly disapprove; 2=Disapprove; 3=Neither approve nor disapprove; 4=Approve; 5=Strongly approve","Not included in this wave (R1 has Q55 ""If the army governed the country"" but uses different scale: 1-6 approve/disapprove)"
"w2","q35c","reject_military_rule","Rejection of authoritarian alternatives","There are many ways to govern a country. Would you disapprove or approve of the following alternatives?","C. The army comes in to govern the country.","1=Strongly disapprove; 2=Disapprove; 3=Neither approve nor disapprove; 4=Approve; 5=Strongly approve; 9=Don't know","Verbatim from Zimbabwe R2 questionnaire Q24C"
"w3","q36b","reject_military_rule","Rejection of authoritarian alternatives","There are many ways to govern a country. Would you disapprove or approve of the following alternatives?","B. The army comes in to govern the country.","1=Strongly disapprove; 2=Disapprove; 3=Neither approve nor disapprove; 4=Approve; 5=Strongly approve; 9=Don't know","Verbatim from Botswana R3 questionnaire Q36B"
"w4","Q29B","reject_military_rule","Rejection of authoritarian alternatives","There are many ways to govern a country. Would you disapprove or approve of the following alternatives?","B. The army comes in to govern the country.","1=Strongly disapprove; 2=Disapprove; 3=Neither approve nor disapprove; 4=Approve; 5=Strongly approve; 9=Don't know","Verbatim from Zimbabwe R4 questionnaire Q29B"
"w5","Q31B","reject_military_rule","Rejection of authoritarian alternatives","There are many ways to govern a country. Would you disapprove or approve of the following alternatives?","B. The army comes in to govern the country.","1=Strongly disapprove; 2=Disapprove; 3=Neither approve nor disapprove; 4=Approve; 5=Strongly approve; 9=Don't know","Verbatim from Ethiopia R5 questionnaire (standard wording)"
"w6","Q28B","reject_military_rule","Rejection of authoritarian alternatives","There are many ways to govern a country. Would you disapprove or approve of the following alternatives?","B. The army comes in to govern the country.","1=Strongly disapprove; 2=Disapprove; 3=Neither approve nor disapprove; 4=Approve; 5=Strongly approve; 9=Don't know","Verbatim from Mozambique R6 questionnaire (standard wording)"
"w7","Q27B","reject_military_rule","Rejection of authoritarian alternatives","There are many ways to govern a country. Would you disapprove or approve of the following alternatives?","B. The army comes in to govern the country.","1=Strongly disapprove; 2=Disapprove; 3=Neither approve nor disapprove; 4=Approve; 5=Strongly approve; 9=Don't know","Verbatim from Tunisia R7 questionnaire (standard wording)"
"w8","Q20B","reject_military_rule","Rejection of authoritarian alternatives","There are many ways to govern a country. Would you disapprove or approve of the following alternatives?","B. The army comes in to govern the country.","1=Strongly disapprove; 2=Disapprove; 3=Neither approve nor disapprove; 4=Approve; 5=Strongly approve; 9=Don't know","Verbatim from Zimbabwe R8 questionnaire (standard wording)"
"w9","Q22B","reject_military_rule","Rejection of authoritarian alternatives","There are many ways to govern a country. Would you disapprove or approve of the following alternatives?","B. The army comes in to govern the country.","1=Strongly disapprove; 2=Disapprove; 3=Neither approve nor disapprove; 4=Approve; 5=Strongly approve; 9=Don't know","Verbatim from Ethiopia R9 questionnaire Q22B"
"w1","","reject_one_man_rule","Rejection of authoritarian alternatives","","There are many ways to govern a country. Would you disapprove or approve of the following alternatives: Elections and Parliament are abolished so that the President can decide everything.","1=Strongly disapprove; 2=Disapprove; 3=Neither; 4=Approve; 5=Strongly approve","Not included in this wave (R1 Q56 asks about abolishing parliament but uses different 1-6 scale)"
"w2","q35d","reject_one_man_rule","Rejection of authoritarian alternatives","There are many ways to govern a country. Would you disapprove or approve of the following alternatives?","D. Elections and the Parliament are abolished so that the President can decide everything.","1=Strongly disapprove; 2=Disapprove; 3=Neither approve nor disapprove; 4=Approve; 5=Strongly approve; 9=Don't know","Verbatim from Zimbabwe R2 questionnaire Q24D"
"w3","q36c","reject_one_man_rule","Rejection of authoritarian alternatives","There are many ways to govern a country. Would you disapprove or approve of the following alternatives?","C. Elections and the Parliament are abolished so that the president can decide everything.","1=Strongly disapprove; 2=Disapprove; 3=Neither approve nor disapprove; 4=Approve; 5=Strongly approve; 9=Don't know","Verbatim from Botswana R3 questionnaire Q36C"
"w4","Q29C","reject_one_man_rule","Rejection of authoritarian alternatives","There are many ways to govern a country. Would you disapprove or approve of the following alternatives?","C. Elections and the Parliament are abolished so that the President can decide everything.","1=Strongly disapprove; 2=Disapprove; 3=Neither approve nor disapprove; 4=Approve; 5=Strongly approve; 9=Don't know","Verbatim from Zimbabwe R4 questionnaire Q29C"
"w5","Q31C","reject_one_man_rule","Rejection of authoritarian alternatives","There are many ways to govern a country. Would you disapprove or approve of the following alternatives?","C. Elections and the Parliament are abolished so that the President can decide everything.","1=Strongly disapprove; 2=Disapprove; 3=Neither; 4=Approve; 5=Strongly approve; 9=Don't know","Verbatim from Ethiopia R5 questionnaire (standard wording)"
"w6","Q28C","reject_one_man_rule","Rejection of authoritarian alternatives","There are many ways to govern a country. Would you disapprove or approve of the following alternatives?","C. Elections and the Parliament are abolished so that the President can decide everything.","1=Strongly disapprove; 2=Disapprove; 3=Neither; 4=Approve; 5=Strongly approve; 9=Don't know","Verbatim from Mozambique R6 questionnaire (standard wording)"
"w7","Q27C","reject_one_man_rule","Rejection of authoritarian alternatives","There are many ways to govern a country. Would you disapprove or approve of the following alternatives?","C. Elections and [Parliament] are abolished so that the [President/Prime Minister] can decide everything.","1=Strongly disapprove; 2=Disapprove; 3=Neither; 4=Approve; 5=Strongly approve; 9=Don't know","Verbatim from Tunisia R7 questionnaire Q27C. Tunisia version uses House of Peoples' Representatives and Prime Minister"
"w8","Q20C","reject_one_man_rule","Rejection of authoritarian alternatives","There are many ways to govern a country. Would you disapprove or approve of the following alternatives?","C. Elections and the Parliament are abolished so that the President can decide everything.","1=Strongly disapprove; 2=Disapprove; 3=Neither; 4=Approve; 5=Strongly approve; 9=Don't know","Verbatim from Zimbabwe R8 questionnaire (standard wording)"
"w9","Q22C","reject_one_man_rule","Rejection of authoritarian alternatives","There are many ways to govern a country. Would you disapprove or approve of the following alternatives?","C. Elections and [House of Peoples' Representatives or HPR] are abolished so that the [Prime Minister] can decide everything.","1=Strongly disapprove; 2=Disapprove; 3=Neither approve nor disapprove; 4=Approve; 5=Strongly approve; 9=Don't know","Verbatim from Ethiopia R9 questionnaire Q22C. Ethiopia-specific: uses House of Peoples' Representatives and Prime Minister"
"w1","","reject_one_party","Rejection of authoritarian alternatives","","There are many ways to govern a country. Would you disapprove or approve of the following alternatives: Only one political party is allowed to stand for elections and hold office.","1=Strongly disapprove; 2=Disapprove; 3=Neither; 4=Approve; 5=Strongly approve","Not included in this wave (R1 Q53 asks similar question but with different 1-6 scale)"
"w2","q35a","reject_one_party","Rejection of authoritarian alternatives","There are many ways to govern a country. Would you disapprove or approve of the following alternatives?","A. Only one political party is allowed to stand for election and hold office.","1=Strongly disapprove; 2=Disapprove; 3=Neither approve nor disapprove; 4=Approve; 5=Strongly approve; 9=Don't know","Verbatim from Zimbabwe R2 questionnaire Q24A"
"w3","q36a","reject_one_party","Rejection of authoritarian alternatives","There are many ways to govern a country. Would you disapprove or approve of the following alternatives?","A. Only one political party is allowed to stand for election and hold office.","1=Strongly disapprove; 2=Disapprove; 3=Neither approve nor disapprove; 4=Approve; 5=Strongly approve; 9=Don't know","Verbatim from Botswana R3 questionnaire Q36A"
"w4","Q29A","reject_one_party","Rejection of authoritarian alternatives","There are many ways to govern a country. Would you disapprove or approve of the following alternatives?","A. Only one political party is allowed to stand for election and hold office.","1=Strongly disapprove; 2=Disapprove; 3=Neither approve nor disapprove; 4=Approve; 5=Strongly approve; 9=Don't know","Verbatim from Zimbabwe R4 questionnaire Q29A"
"w5","Q31A","reject_one_party","Rejection of authoritarian alternatives","There are many ways to govern a country. Would you disapprove or approve of the following alternatives?","A. Only one political party is allowed to stand for election and hold office.","1=Strongly disapprove; 2=Disapprove; 3=Neither; 4=Approve; 5=Strongly approve; 9=Don't know","Verbatim from Ethiopia R5 questionnaire (standard wording)"
"w6","Q28A","reject_one_party","Rejection of authoritarian alternatives","There are many ways to govern a country. Would you disapprove or approve of the following alternatives?","A. Only one political party is allowed to stand for election and hold office.","1=Strongly disapprove; 2=Disapprove; 3=Neither; 4=Approve; 5=Strongly approve; 9=Don't know","Verbatim from Mozambique R6 questionnaire (standard wording)"
"w7","Q27A","reject_one_party","Rejection of authoritarian alternatives","There are many ways to govern a country. Would you disapprove or approve of the following alternatives?","A. Only one political party is allowed to stand for election and hold office.","1=Strongly disapprove; 2=Disapprove; 3=Neither; 4=Approve; 5=Strongly approve; 9=Don't know","Verbatim from Tunisia R7 questionnaire (standard wording)"
"w8","Q20A","reject_one_party","Rejection of authoritarian alternatives","There are many ways to govern a country. Would you disapprove or approve of the following alternatives?","A. Only one political party is allowed to stand for election and hold office.","1=Strongly disapprove; 2=Disapprove; 3=Neither; 4=Approve; 5=Strongly approve; 9=Don't know","Verbatim from Zimbabwe R8 questionnaire (standard wording)"
"w9","Q22A","reject_one_party","Rejection of authoritarian alternatives","There are many ways to govern a country. Would you disapprove or approve of the following alternatives?","A. Only one political party is allowed to stand for election and hold office.","1=Strongly disapprove; 2=Disapprove; 3=Neither approve nor disapprove; 4=Approve; 5=Strongly approve; 9=Don't know","Verbatim from Ethiopia R9 questionnaire Q22A"
"w1","","tataouine","Geographic (Tunisia-specific)","","Tataouine governorate dummy derived from REGION variable","0=Other; 1=Tataouine","Not included in this wave (Tunisia not surveyed in R1)"
"w2","","tataouine","Geographic (Tunisia-specific)","","Tataouine governorate dummy derived from REGION variable","0=Other; 1=Tataouine","Not included in this wave (Tunisia not surveyed in R2)"
"w3","","tataouine","Geographic (Tunisia-specific)","","Tataouine governorate dummy derived from REGION variable","0=Other; 1=Tataouine","Not included in this wave (Tunisia not surveyed in R3)"
"w4","","tataouine","Geographic (Tunisia-specific)","","Tataouine governorate dummy derived from REGION variable","0=Other; 1=Tataouine","Not included in this wave (Tunisia not surveyed in R4)"
"w5","REGION","tataouine","Geographic (Tunisia-specific)","","Derived: Tataouine governorate dummy from REGION variable","0=Other Tunisia governorate; 1=Tataouine","Derived variable; R5 and R6 only for Tunisia"
"w6","REGION","tataouine","Geographic (Tunisia-specific)","","Derived: Tataouine governorate dummy from REGION variable","0=Other Tunisia governorate; 1=Tataouine","Derived variable; R5 and R6 only for Tunisia"
"w7","","tataouine","Geographic (Tunisia-specific)","","Tataouine governorate dummy","0=Other; 1=Tataouine","Not included in this wave (REGION variable not usable for R7)"
"w8","","tataouine","Geographic (Tunisia-specific)","","Tataouine governorate dummy","0=Other; 1=Tataouine","Not included in this wave"
"w9","LOCATION.LEVEL.1","tataouine","Geographic (Tunisia-specific)","","Derived: Tataouine governorate dummy from LOCATION.LEVEL.1","0=Other Tunisia governorate; 1=Tataouine","Derived variable for R9 Tunisia only"
"w1","trsarm","trust_armed_forces","Institutional trust","How much do you trust each of the following, or haven't you heard enough about them to say?","The army","1=Not at all; 2=Just a little; 3=Somewhat; 4=A lot; 9=Don't know/Haven't heard enough","Verbatim from Malawi R1 codebook. R1 trust uses different question format: ""How much of the time can you trust [institution] to do what is right?"" with 1-5 scale (Never to Just about always). Recoded via recode_afro_r1_trust"
"w2","q43h","trust_armed_forces","Institutional trust","How much do you trust each of the following, or haven't you heard enough about them to say?","H. The Army","0=Not at all; 1=Just a little; 2=A lot; 3=A very great deal; 9=Don't know/Haven't heard enough","Verbatim from Zimbabwe R2 questionnaire Q32H. R2 scale is 0-3; recoded to 1-4 via recode_0_3_to_1_4"
"w3","q55g","trust_armed_forces","Institutional trust","How much do you trust each of the following, or haven't you heard enough about them to say?","G. The Army","0=Not at all; 1=Just a little; 2=Somewhat; 3=A lot; 9=Don't know/Haven't heard enough","Verbatim from Botswana R3 questionnaire Q55G. R3+ scale is 0-3; recoded to 1-4 via recode_0_3_to_1_4"
"w4","","trust_armed_forces","Institutional trust","","How much do you trust each of the following, or haven't you heard enough about them to say? The Army","0=Not at all; 1=Just a little; 2=Somewhat; 3=A lot; 9=Don't know/Haven't heard enough","Not included in this wave (army not in R4 trust battery for Zimbabwe)"
"w5","Q59I","trust_armed_forces","Institutional trust","How much do you trust each of the following, or haven't you heard enough about them to say?","The Army","0=Not at all; 1=Just a little; 2=Somewhat; 3=A lot; 9=Don't know/Haven't heard enough","Verbatim from Ethiopia R5 questionnaire (standard wording)"
"w6","Q52I","trust_armed_forces","Institutional trust","How much do you trust each of the following, or haven't you heard enough about them to say?","The army","0=Not at all; 1=Just a little; 2=Somewhat; 3=A lot; 9=Don't know/Haven't heard enough","Verbatim from Mozambique R6 questionnaire (standard wording)"
"w7","Q43H","trust_armed_forces","Institutional trust","How much do you trust each of the following, or haven't you heard enough about them to say?","The army","0=Not at all; 1=Just a little; 2=Somewhat; 3=A lot; 9=Don't know/Haven't heard enough","Verbatim from Tunisia R7 questionnaire (standard wording)"
"w8","Q41H","trust_armed_forces","Institutional trust","How much do you trust each of the following, or haven't you heard enough about them to say?","The army","0=Not at all; 1=Just a little; 2=Somewhat; 3=A lot; 9=Don't know/Haven't heard enough","Verbatim from Zimbabwe R8 questionnaire (standard wording)"
"w9","Q37H","trust_armed_forces","Institutional trust","How much do you trust each of the following, or haven't you heard enough about them to say?","H. The army","0=Not at all; 1=Just a little; 2=Somewhat; 3=A lot; 9=Don't know/Haven't heard enough","Verbatim from Ethiopia R9 questionnaire Q37H"
"w1","","trust_churches","Institutional trust","","","1=Not at all; 2=Just a little; 3=Somewhat; 4=A lot","Not included in this wave (no religious leaders trust item in R1)"
"w2","","trust_churches","Institutional trust","","","0=Not at all; 1=Just a little; 2=Somewhat; 3=A lot","Not included in this wave"
"w3","","trust_churches","Institutional trust","","","0=Not at all; 1=Just a little; 2=Somewhat; 3=A lot","Not included in this wave"
"w4","","trust_churches","Institutional trust","","","0=Not at all; 1=Just a little; 2=Somewhat; 3=A lot","Not included in this wave"
"w5","","trust_churches","Institutional trust","","","0=Not at all; 1=Just a little; 2=Somewhat; 3=A lot","Not included in this wave"
"w6","Q52L","trust_churches","Institutional trust","How much do you trust each of the following, or haven't you heard enough about them to say?","Religious leaders","0=Not at all; 1=Just a little; 2=Somewhat; 3=A lot; 9=Don't know/Haven't heard enough","Verbatim from Mozambique R6 questionnaire. R6+ added religious leaders to trust battery. Closest match to trust_churches"
"w7","Q43K","trust_churches","Institutional trust","How much do you trust each of the following, or haven't you heard enough about them to say?","Religious leaders","0=Not at all; 1=Just a little; 2=Somewhat; 3=A lot; 9=Don't know/Haven't heard enough","Verbatim from Tunisia R7 questionnaire (standard R6+ wording)"
"w8","Q41L","trust_churches","Institutional trust","How much do you trust each of the following, or haven't you heard enough about them to say?","Religious leaders","0=Not at all; 1=Just a little; 2=Somewhat; 3=A lot; 9=Don't know/Haven't heard enough","Verbatim from Zimbabwe R8 questionnaire (standard R6+ wording)"
"w9","Q37K","trust_churches","Institutional trust","How much do you trust each of the following, or haven't you heard enough about them to say?","K. Religious leaders","0=Not at all; 1=Just a little; 2=Somewhat; 3=A lot; 9=Don't know/Haven't heard enough","Verbatim from Ethiopia R9 questionnaire Q37K"
"w1","trscts","trust_courts","Institutional trust","How much do you trust each of the following, or haven't you heard enough about them to say?","Courts of law","1=Not at all; 2=Just a little; 3=Somewhat; 4=A lot","Verbatim from Malawi R1 codebook. R1 uses different format; no direct courts trust question found, may use Q62 about government decisions"
"w2","q43j","trust_courts","Institutional trust","How much do you trust each of the following, or haven't you heard enough about them to say?","J. Courts of law","0=Not at all; 1=Just a little; 2=A lot; 3=A very great deal; 9=Don't know/Haven't heard enough","Verbatim from Zimbabwe R2 questionnaire Q32J"
"w3","q55i","trust_courts","Institutional trust","How much do you trust each of the following, or haven't you heard enough about them to say?","I. Courts of law","0=Not at all; 1=Just a little; 2=Somewhat; 3=A lot; 9=Don't know/Haven't heard enough","Verbatim from Botswana R3 questionnaire Q55I"
"w4","Q49H","trust_courts","Institutional trust","How much do you trust each of the following, or haven't you heard enough about them to say?","H. Courts of law","0=Not at all; 1=Just a little; 2=Somewhat; 3=A lot; 9=Don't know/Haven't heard enough","Verbatim from Zimbabwe R4 questionnaire Q49H"
"w5","Q59J","trust_courts","Institutional trust","How much do you trust each of the following, or haven't you heard enough about them to say?","Courts of law","0=Not at all; 1=Just a little; 2=Somewhat; 3=A lot; 9=Don't know/Haven't heard enough","Verbatim from Ethiopia R5 questionnaire (standard wording)"
"w6","Q52J","trust_courts","Institutional trust","How much do you trust each of the following, or haven't you heard enough about them to say?","Courts of law","0=Not at all; 1=Just a little; 2=Somewhat; 3=A lot; 9=Don't know/Haven't heard enough","Verbatim from Mozambique R6 questionnaire (standard wording)"
"w7","Q43I","trust_courts","Institutional trust","How much do you trust each of the following, or haven't you heard enough about them to say?","Courts of law","0=Not at all; 1=Just a little; 2=Somewhat; 3=A lot; 9=Don't know/Haven't heard enough","Verbatim from Tunisia R7 questionnaire (standard wording)"
"w8","Q41I","trust_courts","Institutional trust","How much do you trust each of the following, or haven't you heard enough about them to say?","Courts of law","0=Not at all; 1=Just a little; 2=Somewhat; 3=A lot; 9=Don't know/Haven't heard enough","Verbatim from Zimbabwe R8 questionnaire (standard wording)"
"w9","Q37I","trust_courts","Institutional trust","How much do you trust each of the following, or haven't you heard enough about them to say?","I. Courts of law","0=Not at all; 1=Just a little; 2=Somewhat; 3=A lot; 9=Don't know/Haven't heard enough","Verbatim from Ethiopia R9 questionnaire Q37I"
"w1","trsnec","trust_elections","Institutional trust","How much do you trust each of the following, or haven't you heard enough about them to say?","The National Electoral Commission","1=Not at all; 2=Just a little; 3=Somewhat; 4=A lot","Verbatim from Malawi R1 codebook (variable trsnec). R1 trust uses different scale; recoded via recode_afro_r1_trust"
"w2","q43c","trust_elections","Institutional trust","How much do you trust each of the following, or haven't you heard enough about them to say?","C. The Electoral Supervisory Commission","0=Not at all; 1=Just a little; 2=A lot; 3=A very great deal; 9=Don't know/Haven't heard enough","Verbatim from Zimbabwe R2 questionnaire Q32C"
"w3","q55c","trust_elections","Institutional trust","How much do you trust each of the following, or haven't you heard enough about them to say?","C. The Independent Electoral Commission","0=Not at all; 1=Just a little; 2=Somewhat; 3=A lot; 9=Don't know/Haven't heard enough","Verbatim from Botswana R3 questionnaire Q55C"
"w4","Q49C","trust_elections","Institutional trust","How much do you trust each of the following, or haven't you heard enough about them to say?","C. The Zimbabwe Electoral Commission (ZEC)","0=Not at all; 1=Just a little; 2=Somewhat; 3=A lot; 9=Don't know/Haven't heard enough","Verbatim from Zimbabwe R4 questionnaire Q49C"
"w5","Q59C","trust_elections","Institutional trust","How much do you trust each of the following, or haven't you heard enough about them to say?","The [National Electoral Board]","0=Not at all; 1=Just a little; 2=Somewhat; 3=A lot; 9=Don't know/Haven't heard enough","Verbatim from Ethiopia R5 questionnaire. Country-specific electoral body name used"
"w6","Q52C","trust_elections","Institutional trust","How much do you trust each of the following, or haven't you heard enough about them to say?","The [National Electoral Commission]","0=Not at all; 1=Just a little; 2=Somewhat; 3=A lot; 9=Don't know/Haven't heard enough","Verbatim from Mozambique R6 questionnaire. Country-specific name used"
"w7","Q43C","trust_elections","Institutional trust","How much do you trust each of the following, or haven't you heard enough about them to say?","The [electoral commission]","0=Not at all; 1=Just a little; 2=Somewhat; 3=A lot; 9=Don't know/Haven't heard enough","Verbatim from Tunisia R7 questionnaire (standard wording)"
"w8","Q41C","trust_elections","Institutional trust","How much do you trust each of the following, or haven't you heard enough about them to say?","The [Zimbabwe Electoral Commission]","0=Not at all; 1=Just a little; 2=Somewhat; 3=A lot; 9=Don't know/Haven't heard enough","Verbatim from Zimbabwe R8 questionnaire (standard wording)"
"w9","Q37C","trust_elections","Institutional trust","How much do you trust each of the following, or haven't you heard enough about them to say?","C. National Electoral Board of Ethiopia or NEBE","0=Not at all; 1=Just a little; 2=Somewhat; 3=A lot; 9=Don't know/Haven't heard enough","Verbatim from Ethiopia R9 questionnaire Q37C"
"w1","","trust_generalized_binary","Social trust","","","1=Most people can be trusted; 0=You must be very careful","Not included in Afrobarometer (no equivalent item in harmonized data)"
"w2","","trust_generalized_binary","Social trust","","","1=Most people can be trusted; 0=You must be very careful","Not included in Afrobarometer (no equivalent item in harmonized data)"
"w3","","trust_generalized_binary","Social trust","","","1=Most people can be trusted; 0=You must be very careful","Not included in Afrobarometer (no equivalent item in harmonized data)"
"w4","","trust_generalized_binary","Social trust","","","1=Most people can be trusted; 0=You must be very careful","Not included in Afrobarometer (no equivalent item in harmonized data)"
"w5","","trust_generalized_binary","Social trust","","","1=Most people can be trusted; 0=You must be very careful","Not included in Afrobarometer (no equivalent item in harmonized data)"
"w6","","trust_generalized_binary","Social trust","","","1=Most people can be trusted; 0=You must be very careful","Not included in Afrobarometer (no equivalent item in harmonized data)"
"w7","","trust_generalized_binary","Social trust","","","1=Most people can be trusted; 0=You must be very careful","Not included in Afrobarometer (no equivalent item in harmonized data)"
"w8","","trust_generalized_binary","Social trust","","","1=Most people can be trusted; 0=You must be very careful","Not included in Afrobarometer (no equivalent item in harmonized data)"
"w9","","trust_generalized_binary","Social trust","","","1=Most people can be trusted; 0=You must be very careful","Not included in Afrobarometer (no equivalent item in harmonized data)"
"w1","","trust_government","Institutional trust","","","","Not included in Afrobarometer (no trust_government equivalent)"
"w2","","trust_government","Institutional trust","","","","Not included in Afrobarometer (no trust_government equivalent)"
"w3","","trust_government","Institutional trust","","","","Not included in Afrobarometer (no trust_government equivalent)"
"w4","","trust_government","Institutional trust","","","","Not included in Afrobarometer (no trust_government equivalent)"
"w5","","trust_government","Institutional trust","","","","Not included in Afrobarometer (no trust_government equivalent)"
"w6","","trust_government","Institutional trust","","","","Not included in Afrobarometer (no trust_government equivalent)"
"w7","","trust_government","Institutional trust","","","","Not included in Afrobarometer (no trust_government equivalent)"
"w8","","trust_government","Institutional trust","","","","Not included in Afrobarometer (no trust_government equivalent)"
"w9","","trust_government","Institutional trust","","","","Not included in Afrobarometer (no trust_government equivalent)"
"w1","","trust_local_govt","Institutional trust","How much of the time can you trust your local government to do what is right?","","1=Never; 2=Only some of the time; 3=Most of the time; 4=Just about always; 5=Haven't you heard enough","Verbatim from Malawi R1 codebook Q74. R1 uses different format (""How much of the time can you trust...""); recoded via recode_afro_r1_trust"
"w2","q43e","trust_local_govt","Institutional trust","How much do you trust each of the following, or haven't you heard enough about them to say?","E. Your Local Council","0=Not at all; 1=Just a little; 2=A lot; 3=A very great deal; 9=Don't know/Haven't heard enough","Verbatim from Zimbabwe R2 questionnaire Q32E"
"w3","q55d","trust_local_govt","Institutional trust","How much do you trust each of the following, or haven't you heard enough about them to say?","D. Your Elected Local Government Council","0=Not at all; 1=Just a little; 2=Somewhat; 3=A lot; 9=Don't know/Haven't heard enough","Verbatim from Botswana R3 questionnaire Q55D"
"w4","Q49D","trust_local_govt","Institutional trust","How much do you trust each of the following, or haven't you heard enough about them to say?","D. Your Elected Local Government Council","0=Not at all; 1=Just a little; 2=Somewhat; 3=A lot; 9=Don't know/Haven't heard enough","Verbatim from Zimbabwe R4 questionnaire Q49D"
"w5","Q59E","trust_local_govt","Institutional trust","How much do you trust each of the following, or haven't you heard enough about them to say?","Your elected local government council","0=Not at all; 1=Just a little; 2=Somewhat; 3=A lot; 9=Don't know/Haven't heard enough","Verbatim from Ethiopia R5 questionnaire (standard wording)"
"w6","Q52E","trust_local_govt","Institutional trust","How much do you trust each of the following, or haven't you heard enough about them to say?","Your elected local government council","0=Not at all; 1=Just a little; 2=Somewhat; 3=A lot; 9=Don't know/Haven't heard enough","Verbatim from Mozambique R6 questionnaire (standard wording)"
"w7","Q43D","trust_local_govt","Institutional trust","How much do you trust each of the following, or haven't you heard enough about them to say?","Your elected local government council","0=Not at all; 1=Just a little; 2=Somewhat; 3=A lot; 9=Don't know/Haven't heard enough","Verbatim from Tunisia R7 questionnaire (standard wording)"
"w8","Q41D","trust_local_govt","Institutional trust","How much do you trust each of the following, or haven't you heard enough about them to say?","Your elected local government council","0=Not at all; 1=Just a little; 2=Somewhat; 3=A lot; 9=Don't know/Haven't heard enough","Verbatim from Zimbabwe R8 questionnaire (standard wording)"
"w9","Q37D","trust_local_govt","Institutional trust","How much do you trust each of the following, or haven't you heard enough about them to say?","D. Your local government Wereda or City council","0=Not at all; 1=Just a little; 2=Somewhat; 3=A lot; 9=Don't know/Haven't heard enough","Verbatim from Ethiopia R9 questionnaire Q37D"
"w1","","trust_parliament","Institutional trust","How much of the time can you trust parliament to do what is right?","","1=Never; 2=Only some of the time; 3=Most of the time; 4=Just about always","Verbatim from Malawi R1 codebook Q69. R1 not included in trust_parliament harmonization (no parliament item in merged data)"
"w2","q43b","trust_parliament","Institutional trust","How much do you trust each of the following, or haven't you heard enough about them to say?","B. The Parliament","0=Not at all; 1=Just a little; 2=A lot; 3=A very great deal; 9=Don't know/Haven't heard enough","Verbatim from Zimbabwe R2 questionnaire Q32B"
"w3","q55b","trust_parliament","Institutional trust","How much do you trust each of the following, or haven't you heard enough about them to say?","B. The Parliament","0=Not at all; 1=Just a little; 2=Somewhat; 3=A lot; 9=Don't know/Haven't heard enough","Verbatim from Botswana R3 questionnaire Q55B"
"w4","Q49B","trust_parliament","Institutional trust","How much do you trust each of the following, or haven't you heard enough about them to say?","B. The Parliament","0=Not at all; 1=Just a little; 2=Somewhat; 3=A lot; 9=Don't know/Haven't heard enough","Verbatim from Zimbabwe R4 questionnaire Q49B"
"w5","Q59B","trust_parliament","Institutional trust","How much do you trust each of the following, or haven't you heard enough about them to say?","The Parliament/National Assembly","0=Not at all; 1=Just a little; 2=Somewhat; 3=A lot; 9=Don't know/Haven't heard enough","Verbatim from Ethiopia R5 questionnaire (standard wording)"
"w6","Q52B","trust_parliament","Institutional trust","How much do you trust each of the following, or haven't you heard enough about them to say?","The Parliament/National Assembly","0=Not at all; 1=Just a little; 2=Somewhat; 3=A lot; 9=Don't know/Haven't heard enough","Verbatim from Mozambique R6 questionnaire (standard wording)"
"w7","Q43B","trust_parliament","Institutional trust","How much do you trust each of the following, or haven't you heard enough about them to say?","The Parliament/National Assembly","0=Not at all; 1=Just a little; 2=Somewhat; 3=A lot; 9=Don't know/Haven't heard enough","Verbatim from Tunisia R7 questionnaire (standard wording)"
"w8","Q41B","trust_parliament","Institutional trust","How much do you trust each of the following, or haven't you heard enough about them to say?","The Parliament","0=Not at all; 1=Just a little; 2=Somewhat; 3=A lot; 9=Don't know/Haven't heard enough","Verbatim from Zimbabwe R8 questionnaire (standard wording)"
"w9","Q37B","trust_parliament","Institutional trust","How much do you trust each of the following, or haven't you heard enough about them to say?","B. House of Peoples' Representatives","0=Not at all; 1=Just a little; 2=Somewhat; 3=A lot; 9=Don't know/Haven't heard enough","Verbatim from Ethiopia R9 questionnaire Q37B"
"w1","trspol","trust_police","Institutional trust","How much do you trust each of the following, or haven't you heard enough about them to say?","The Police","1=Not at all; 2=Just a little; 3=Somewhat; 4=A lot","Verbatim from Malawi R1 codebook (variable trspol). R1 uses different trust scale; recoded via recode_afro_r1_trust"
"w2","q43i","trust_police","Institutional trust","How much do you trust each of the following, or haven't you heard enough about them to say?","I. The Police","0=Not at all; 1=Just a little; 2=A lot; 3=A very great deal; 9=Don't know/Haven't heard enough","Verbatim from Zimbabwe R2 questionnaire Q32I"
"w3","q55h","trust_police","Institutional trust","How much do you trust each of the following, or haven't you heard enough about them to say?","H. The Police","0=Not at all; 1=Just a little; 2=Somewhat; 3=A lot; 9=Don't know/Haven't heard enough","Verbatim from Botswana R3 questionnaire Q55H"
"w4","Q49G","trust_police","Institutional trust","How much do you trust each of the following, or haven't you heard enough about them to say?","G. The Police","0=Not at all; 1=Just a little; 2=Somewhat; 3=A lot; 9=Don't know/Haven't heard enough","Verbatim from Zimbabwe R4 questionnaire Q49G"
"w5","Q59H","trust_police","Institutional trust","How much do you trust each of the following, or haven't you heard enough about them to say?","The Police","0=Not at all; 1=Just a little; 2=Somewhat; 3=A lot; 9=Don't know/Haven't heard enough","Verbatim from Ethiopia R5 questionnaire (standard wording)"
"w6","Q52H","trust_police","Institutional trust","How much do you trust each of the following, or haven't you heard enough about them to say?","The Police","0=Not at all; 1=Just a little; 2=Somewhat; 3=A lot; 9=Don't know/Haven't heard enough","Verbatim from Mozambique R6 questionnaire (standard wording)"
"w7","Q43G","trust_police","Institutional trust","How much do you trust each of the following, or haven't you heard enough about them to say?","The police","0=Not at all; 1=Just a little; 2=Somewhat; 3=A lot; 9=Don't know/Haven't heard enough","Verbatim from Tunisia R7 questionnaire (standard wording)"
"w8","Q41G","trust_police","Institutional trust","How much do you trust each of the following, or haven't you heard enough about them to say?","The police","0=Not at all; 1=Just a little; 2=Somewhat; 3=A lot; 9=Don't know/Haven't heard enough","Verbatim from Zimbabwe R8 questionnaire (standard wording)"
"w9","Q37G","trust_police","Institutional trust","How much do you trust each of the following, or haven't you heard enough about them to say?","G. The police","0=Not at all; 1=Just a little; 2=Somewhat; 3=A lot; 9=Don't know/Haven't heard enough","Verbatim from Ethiopia R9 questionnaire Q37G"
"w1","","trust_political_parties","Institutional trust","","","1=Not at all; 2=Just a little; 3=Somewhat; 4=A lot","Not included in this wave (R1 has no ruling party trust item in merged data)"
"w2","q43f","trust_political_parties","Institutional trust","How much do you trust each of the following, or haven't you heard enough about them to say?","F. The Ruling Party","0=Not at all; 1=Just a little; 2=A lot; 3=A very great deal; 9=Don't know/Haven't heard enough","Verbatim from Zimbabwe R2 questionnaire Q32F"
"w3","q55e","trust_political_parties","Institutional trust","How much do you trust each of the following, or haven't you heard enough about them to say?","E. The Ruling Party","0=Not at all; 1=Just a little; 2=Somewhat; 3=A lot; 9=Don't know/Haven't heard enough","Verbatim from Botswana R3 questionnaire Q55E"
"w4","Q49E","trust_political_parties","Institutional trust","How much do you trust each of the following, or haven't you heard enough about them to say?","E. Ruling party - ZANU. PF, before the Inclusive Government","0=Not at all; 1=Just a little; 2=Somewhat; 3=A lot; 9=Don't know/Haven't heard enough","Verbatim from Zimbabwe R4 questionnaire Q49E"
"w5","Q59F","trust_political_parties","Institutional trust","How much do you trust each of the following, or haven't you heard enough about them to say?","The ruling [Prosperity Party or PP]","0=Not at all; 1=Just a little; 2=Somewhat; 3=A lot; 9=Don't know/Haven't heard enough","Verbatim from Ethiopia R5 questionnaire. Country-specific party name"
"w6","Q52F","trust_political_parties","Institutional trust","How much do you trust each of the following, or haven't you heard enough about them to say?","The ruling party","0=Not at all; 1=Just a little; 2=Somewhat; 3=A lot; 9=Don't know/Haven't heard enough","Verbatim from Mozambique R6 questionnaire (standard wording)"
"w7","Q43E","trust_political_parties","Institutional trust","How much do you trust each of the following, or haven't you heard enough about them to say?","The ruling party","0=Not at all; 1=Just a little; 2=Somewhat; 3=A lot; 9=Don't know/Haven't heard enough","Verbatim from Tunisia R7 questionnaire (standard wording)"
"w8","Q41E","trust_political_parties","Institutional trust","How much do you trust each of the following, or haven't you heard enough about them to say?","The ruling party","0=Not at all; 1=Just a little; 2=Somewhat; 3=A lot; 9=Don't know/Haven't heard enough","Verbatim from Zimbabwe R8 questionnaire (standard wording)"
"w9","Q37E","trust_political_parties","Institutional trust","How much do you trust each of the following, or haven't you heard enough about them to say?","E. The ruling Prosperity Party or PP","0=Not at all; 1=Just a little; 2=Somewhat; 3=A lot; 9=Don't know/Haven't heard enough","Verbatim from Ethiopia R9 questionnaire Q37E"
"w1","trspre","trust_president","Institutional trust","How much of the time can you trust the President to do what is right?","","1=Never; 2=Only some of the time; 3=Most of the time; 4=Just about always; 5=Haven't you heard enough","Verbatim from Malawi R1 codebook Q65. R1 uses different format (""How much of the time can you trust...""); recoded via recode_afro_r1_trust"
"w2","q43a","trust_president","Institutional trust","How much do you trust each of the following, or haven't you heard enough about them to say?","A. The President","0=Not at all; 1=Just a little; 2=A lot; 3=A very great deal; 9=Don't know/Haven't heard enough","Verbatim from Zimbabwe R2 questionnaire Q32A"
"w3","q55a","trust_president","Institutional trust","How much do you trust each of the following, or haven't you heard enough about them to say?","A. The President","0=Not at all; 1=Just a little; 2=Somewhat; 3=A lot; 9=Don't know/Haven't heard enough","Verbatim from Botswana R3 questionnaire Q55A"
"w4","Q49A","trust_president","Institutional trust","How much do you trust each of the following, or haven't you heard enough about them to say?","A. The President","0=Not at all; 1=Just a little; 2=Somewhat; 3=A lot; 9=Don't know/Haven't heard enough","Verbatim from Zimbabwe R4 questionnaire Q49A"
"w5","Q59A","trust_president","Institutional trust","How much do you trust each of the following, or haven't you heard enough about them to say?","The President/Prime Minister","0=Not at all; 1=Just a little; 2=Somewhat; 3=A lot; 9=Don't know/Haven't heard enough","Verbatim from Ethiopia R5 questionnaire (standard wording)"
"w6","Q52A","trust_president","Institutional trust","How much do you trust each of the following, or haven't you heard enough about them to say?","The President/Prime Minister","0=Not at all; 1=Just a little; 2=Somewhat; 3=A lot; 9=Don't know/Haven't heard enough","Verbatim from Mozambique R6 questionnaire (standard wording)"
"w7","Q43A","trust_president","Institutional trust","How much do you trust each of the following, or haven't you heard enough about them to say?","The President/Prime Minister","0=Not at all; 1=Just a little; 2=Somewhat; 3=A lot; 9=Don't know/Haven't heard enough","Verbatim from Tunisia R7 questionnaire (standard wording)"
"w8","Q41A","trust_president","Institutional trust","How much do you trust each of the following, or haven't you heard enough about them to say?","The President","0=Not at all; 1=Just a little; 2=Somewhat; 3=A lot; 9=Don't know/Haven't heard enough","Verbatim from Zimbabwe R8 questionnaire (standard wording)"
"w9","Q37A","trust_president","Institutional trust","How much do you trust each of the following, or haven't you heard enough about them to say?","A. The Prime Minister","0=Not at all; 1=Just a little; 2=Somewhat; 3=A lot; 9=Don't know/Haven't heard enough","Verbatim from Ethiopia R9 questionnaire Q37A"
"w1","","trust_traditional_leaders","Institutional trust","","","1=Not at all; 2=Just a little; 3=Somewhat; 4=A lot","Not included in this wave (R1 has traditional leader questions but not in standard trust battery format)"
"w2","q43k","trust_traditional_leaders","Institutional trust","How much do you trust each of the following, or haven't you heard enough about them to say?","K. Traditional Leaders/Chiefs/Elders","0=Not at all; 1=Just a little; 2=A lot; 3=A very great deal; 9=Don't know/Haven't heard enough","Verbatim from Zimbabwe R2 questionnaire Q32K"
"w3","","trust_traditional_leaders","Institutional trust","","","0=Not at all; 1=Just a little; 2=Somewhat; 3=A lot","Not included in this wave (Botswana R3 trust battery does not include traditional leaders)"
"w4","Q49I","trust_traditional_leaders","Institutional trust","How much do you trust each of the following, or haven't you heard enough about them to say?","I. Traditional leaders","0=Not at all; 1=Just a little; 2=Somewhat; 3=A lot; 9=Don't know/Haven't heard enough","Verbatim from Zimbabwe R4 questionnaire Q49I"
"w5","","trust_traditional_leaders","Institutional trust","","","0=Not at all; 1=Just a little; 2=Somewhat; 3=A lot","Not included in this wave"
"w6","Q52K","trust_traditional_leaders","Institutional trust","How much do you trust each of the following, or haven't you heard enough about them to say?","Traditional leaders","0=Not at all; 1=Just a little; 2=Somewhat; 3=A lot; 9=Don't know/Haven't heard enough","Verbatim from Mozambique R6 questionnaire (standard wording)"
"w7","Q43J","trust_traditional_leaders","Institutional trust","How much do you trust each of the following, or haven't you heard enough about them to say?","Traditional leaders","0=Not at all; 1=Just a little; 2=Somewhat; 3=A lot; 9=Don't know/Haven't heard enough","Verbatim from Tunisia R7 questionnaire (standard wording)"
"w8","Q41K","trust_traditional_leaders","Institutional trust","How much do you trust each of the following, or haven't you heard enough about them to say?","Traditional leaders","0=Not at all; 1=Just a little; 2=Somewhat; 3=A lot; 9=Don't know/Haven't heard enough","Verbatim from Zimbabwe R8 questionnaire (standard wording)"
"w9","Q37J","trust_traditional_leaders","Institutional trust","How much do you trust each of the following, or haven't you heard enough about them to say?","J. Traditional leaders","0=Not at all; 1=Just a little; 2=Somewhat; 3=A lot; 9=Don't know/Haven't heard enough","Verbatim from Ethiopia R9 questionnaire Q37J"
"w1","","tunisia_coastal","Geographic (Tunisia-specific)","","Derived: Tunisia coastal vs interior from REGION","0=Interior; 1=Coastal","Not included in this wave (Tunisia not surveyed)"
"w2","","tunisia_coastal","Geographic (Tunisia-specific)","","Derived: Tunisia coastal vs interior from REGION","0=Interior; 1=Coastal","Not included in this wave (Tunisia not surveyed)"
"w3","","tunisia_coastal","Geographic (Tunisia-specific)","","Derived: Tunisia coastal vs interior from REGION","0=Interior; 1=Coastal","Not included in this wave (Tunisia not surveyed)"
"w4","","tunisia_coastal","Geographic (Tunisia-specific)","","Derived: Tunisia coastal vs interior from REGION","0=Interior; 1=Coastal","Not included in this wave (Tunisia not surveyed)"
"w5","REGION","tunisia_coastal","Geographic (Tunisia-specific)","","Derived: Tunisia coastal vs interior from REGION","0=Interior; 1=Coastal","Derived variable for Tunisia only"
"w6","REGION","tunisia_coastal","Geographic (Tunisia-specific)","","Derived: Tunisia coastal vs interior from REGION","0=Interior; 1=Coastal","Derived variable for Tunisia only"
"w7","REGION","tunisia_coastal","Geographic (Tunisia-specific)","","Derived: Tunisia coastal vs interior from REGION","0=Interior; 1=Coastal","Derived variable for Tunisia only"
"w8","REGION","tunisia_coastal","Geographic (Tunisia-specific)","","Derived: Tunisia coastal vs interior from REGION","0=Interior; 1=Coastal","Derived variable for Tunisia only"
"w9","REGION","tunisia_coastal","Geographic (Tunisia-specific)","","Derived: Tunisia coastal vs interior from REGION","0=Interior; 1=Coastal","Derived variable for Tunisia only"
"w1","","tunisia_coastal_gov","Geographic (Tunisia-specific)","","Derived: Tunisia coastal vs interior from governorate data","0=Interior; 1=Coastal","Not included in this wave (Tunisia not surveyed)"
"w2","","tunisia_coastal_gov","Geographic (Tunisia-specific)","","Derived: Tunisia coastal vs interior from governorate data","0=Interior; 1=Coastal","Not included in this wave (Tunisia not surveyed)"
"w3","","tunisia_coastal_gov","Geographic (Tunisia-specific)","","Derived: Tunisia coastal vs interior from governorate data","0=Interior; 1=Coastal","Not included in this wave (Tunisia not surveyed)"
"w4","","tunisia_coastal_gov","Geographic (Tunisia-specific)","","Derived: Tunisia coastal vs interior from governorate data","0=Interior; 1=Coastal","Not included in this wave (Tunisia not surveyed)"
"w5","REGION","tunisia_coastal_gov","Geographic (Tunisia-specific)","","Derived: Tunisia coastal vs interior from governorate data","0=Interior; 1=Coastal","Derived variable; R5 and R6 only"
"w6","REGION","tunisia_coastal_gov","Geographic (Tunisia-specific)","","Derived: Tunisia coastal vs interior from governorate data","0=Interior; 1=Coastal","Derived variable; R5 and R6 only"
"w7","","tunisia_coastal_gov","Geographic (Tunisia-specific)","","Derived: Tunisia coastal vs interior from governorate data","0=Interior; 1=Coastal","Not included in this wave (governorate data not usable for R7)"
"w8","","tunisia_coastal_gov","Geographic (Tunisia-specific)","","Derived: Tunisia coastal vs interior from governorate data","0=Interior; 1=Coastal","Not included in this wave"
"w9","LOCATION.LEVEL.1","tunisia_coastal_gov","Geographic (Tunisia-specific)","","Derived: Tunisia coastal vs interior from governorate data (LOCATION.LEVEL.1)","0=Interior; 1=Coastal","Derived variable for R9 Tunisia only"
"w1","urbrur","urban_rural","Sampling","","PSU/EA: Urban or Rural","1=Urban; 2=Rural","Recorded by interviewer/sampling frame. Verbatim from Malawi R1 codebook"
"w2","urbrur","urban_rural","Sampling","","PSU/EA: Urban or Rural","1=Urban; 2=Rural","Recorded by interviewer. Verbatim from Zimbabwe R2 questionnaire cover page"
"w3","urbrur","urban_rural","Sampling","","PSU/EA: Urban or Rural","1=Urban; 2=Rural","Recorded by interviewer. Verbatim from Botswana R3 questionnaire cover page"
"w4","URBRUR","urban_rural","Sampling","","PSU/EA: Urban or Rural","1=Urban; 2=Rural","Recorded by interviewer. Verbatim from Zimbabwe R4 questionnaire cover page"
"w5","URBRUR","urban_rural","Sampling","","PSU/EA: Urban or Rural","1=Urban; 2=Rural","Standard across all rounds"
"w6","URBRUR","urban_rural","Sampling","","PSU/EA: Urban or Rural","1=Urban; 2=Rural","Standard across all rounds"
"w7","URBRUR","urban_rural","Sampling","","PSU/EA: Urban or Rural","1=Urban; 2=Rural","Standard across all rounds"
"w8","URBRUR","urban_rural","Sampling","","PSU/EA: Urban or Rural","1=Urban; 2=Rural","Standard across all rounds"
"w9","URBRUR","urban_rural","Sampling","","PSU/EA: Urban or Rural","1=Urban; 2=Rural","Verbatim from Ethiopia R9 questionnaire cover page"
"w1","withinwt","weight","Weighting","","Within-country survey weight (normalizes to mean approximately 1 within each country)","","Raw variable: withinwt (R1-R7)"
"w2","withinwt","weight","Weighting","","Within-country survey weight (normalizes to mean approximately 1 within each country)","","Raw variable: withinwt (R1-R7)"
"w3","withinwt","weight","Weighting","","Within-country survey weight (normalizes to mean approximately 1 within each country)","","Raw variable: withinwt (R1-R7)"
"w4","Withinwt","weight","Weighting","","Within-country survey weight (normalizes to mean approximately 1 within each country)","","Raw variable: Withinwt (R4 capitalization differs)"
"w5","withinwt","weight","Weighting","","Within-country survey weight (normalizes to mean approximately 1 within each country)","","Raw variable: withinwt (R5-R7)"
"w6","withinwt","weight","Weighting","","Within-country survey weight (normalizes to mean approximately 1 within each country)","","Raw variable: withinwt (R6-R7)"
"w7","withinwt","weight","Weighting","","Within-country survey weight (normalizes to mean approximately 1 within each country)","","Raw variable: withinwt (R7)"
"w8","withinwt_hh","weight","Weighting","","Within-country household weight (normalizes to mean approximately 1 within each country)","","Raw variable: withinwt_hh (R8-R9; changed from withinwt to household-based weight)"
"w9","withinwt_hh","weight","Weighting","","Within-country household weight (normalizes to mean approximately 1 within each country)","","Raw variable: withinwt_hh (R9)"
"w1","","turnout","Political participation","","","","Not included in this wave"
"w2","","turnout","Political participation","","","","Not included in this wave"
"w3","","turnout","Political participation","","","","Not included in this wave"
"w4","","turnout","Political participation","","","","Not included in this wave"
"w5","Q27","turnout","Political participation","","With regard to the most recent national election in [20xx], which statement is true for you?","0=You were not registered to vote, 1=You voted in the elections, 2=You decided not to vote, 3=You could not find the polling station, 4=You were prevented from voting, 5=You did not have time to vote, 6=You did not vote because your name was not in the register, 7=Did not vote for some other reason, 8=You were too young to vote, 9=Don't know/Can't remember","Harmonized binary: 1=voted; substantive non-voting reasons (codes 2-7)=0; not registered (0) and too young (8) -> NA (structurally ineligible); DK -> NA. Judgment call logged in political_participation.yml."
"w6","","turnout","Political participation","","","","Not included in this wave"
"w7","","turnout","Political participation","","","","Not included in this wave"
"w8","Q13","turnout","Political participation","","Understanding that some people were unable to vote in the most recent national election in [20xx], did you vote, or not, or were you too young to vote? Or can't you remember whether you voted?","0=I did not vote, 1=I was too young to vote, 2=I can't remember whether I voted, 3=I voted in the election","Harmonized binary: 3->1, 0->0, too young/can't remember -> NA."
"w9","Q13","turnout","Political participation","","Understanding that some people were unable to vote in the most recent national election in [20xx], did you vote, or not, or were you too young to vote? Or can't you remember whether you voted?","0=I did not vote, 1=I was too young to vote, 2=I can't remember whether I voted, 3=I voted in the election","Same wording and harmonization as R8."
"w1","","vote_buying","Political participation","","","","Not included in this wave"
"w2","","vote_buying","Political participation","","","","Not included in this wave"
"w3","","vote_buying","Political participation","","","","Not included in this wave"
"w4","","vote_buying","Political participation","","","","Not included in this wave"
"w5","Q61F","vote_buying","Political participation","","And during the last national election in [20xx], how often, if ever, did a candidate or someone from a political party offer you something, like food or a gift or money, in return for your vote?","0=Never, 1=Once or twice, 2=A few times, 3=Often, 7=No experience with this in past year, 9=Don't know","Harmonized binary (Tambe & Monyake 2023): 0=never, 1=ever offered (1-3). Code 7 treated as NA per repo convention."
"w6","","vote_buying","Political participation","","","","Not included in this wave — item not fielded in R6"
"w7","","vote_buying","Political participation","","","","Not included in this wave — item not fielded in R7"
"w8","Q16B","vote_buying","Political participation","","And during the last national election in [20xx], how often, if ever, did a candidate or someone from a political party offer you something, like food or a gift or money, in return for your vote?","0=Never, 1=Once or twice, 2=Several times, 3=Often, 8=Refused, 9=Don't know","Harmonized binary: 0=never, 1=ever offered (1-3)."
"w9","","vote_buying","Political participation","","","","Not included in this wave — ITEM NOT FIELDED IN R9 (verified vs raw labels 2026-07-03): the T&M extension window is R8 only; BLOCK1_DESIGN_LOCK.md's 'Rounds 8-9' framing is infeasible"
"w1","","polint","Political participation","","","","Not included in this wave"
"w2","","polint","Political participation","","","","Not included in this wave"
"w3","","polint","Political participation","","","","Not included in this wave"
"w4","","polint","Political participation","","","","Not included in this wave"
"w5","Q14","polint","Political participation","","How interested would you say you are in public affairs?","0=Not at all interested, 1=Not very interested, 2=Somewhat interested, 3=Very interested, 9=Don't know",""
"w6","Q13","polint","Political participation","","How interested would you say you are in public affairs?","0=Not at all interested, 1=Not very interested, 2=Somewhat interested, 3=Very interested, 9=Don't know",""
"w7","","polint","Political participation","","","","Not included in this wave — control unavailable for R7-R9; drop from the R8 extension control set"
"w8","","polint","Political participation","","","","Not included in this wave — control unavailable for R7-R9; drop from the R8 extension control set"
"w9","","polint","Political participation","","","","Not included in this wave — control unavailable for R7-R9; drop from the R8 extension control set"
"w1","","region_admin1","Geography","","","","Not mapped for this wave (REGION exists in raw; only T&M design rounds exposed)"
"w2","","region_admin1","Geography","","","","Not mapped for this wave (REGION exists in raw; only T&M design rounds exposed)"
"w3","","region_admin1","Geography","","","","Not mapped for this wave (REGION exists in raw; only T&M design rounds exposed)"
"w4","","region_admin1","Geography","","","","Not mapped for this wave (REGION exists in raw; only T&M design rounds exposed)"
"w5","REGION","region_admin1","Geography","","Region/province (admin1; recorded by interviewer, not asked)","Country-specific numeric codes with named region/province labels","Codes are country-specific (e.g. Benin 100-111); join on (country, region_admin1)."
"w6","","region_admin1","Geography","","","","Not mapped for this wave (REGION exists in raw; only T&M design rounds exposed)"
"w7","","region_admin1","Geography","","","","Not mapped for this wave (REGION exists in raw; only T&M design rounds exposed)"
"w8","REGION","region_admin1","Geography","","Region/province (admin1; recorded by interviewer, not asked)","Country-specific numeric codes with named region/province labels",""
"w9","REGION","region_admin1","Geography","","Region/province (admin1; recorded by interviewer, not asked)","Country-specific numeric codes with named region/province labels",""
"w1","","corr_perc_president","Corruption","","","","Not included in this wave"
"w2","","corr_perc_president","Corruption","","","","Not included in this wave"
"w3","","corr_perc_president","Corruption","","","","Not included in this wave"
"w4","","corr_perc_president","Corruption","","","","Not included in this wave"
"w5","Q60A","corr_perc_president","Corruption","How many of the following people do you think are involved in corruption, or haven't you heard enough about them to say?","The President and Officials in his Office","0=None, 1=Some of them, 2=Most of them, 3=All of them, 9=Don't know/Haven't heard enough",""
"w6","","corr_perc_president","Corruption","","","","Not included in this wave"
"w7","","corr_perc_president","Corruption","","","","Not included in this wave"
"w8","Q42A","corr_perc_president","Corruption","How many of the following people do you think are involved in corruption, or haven't you heard enough about them to say?","The President and Officials in his Office","0=None, 1=Some of them, 2=Most of them, 3=All of them, 9=Don't know/Haven't heard enough",""
"w9","Q38A","corr_perc_president","Corruption","How many of the following people do you think are involved in corruption, or haven't you heard enough about them to say?","The President and Officials in his Office","0=None, 1=Some of them, 2=Most of them, 3=All of them, 9=Don't know/Haven't heard enough",""
"w1","","corr_perc_mp","Corruption","","","","Not included in this wave"
"w2","","corr_perc_mp","Corruption","","","","Not included in this wave"
"w3","","corr_perc_mp","Corruption","","","","Not included in this wave"
"w4","","corr_perc_mp","Corruption","","","","Not included in this wave"
"w5","Q60B","corr_perc_mp","Corruption","How many of the following people do you think are involved in corruption, or haven't you heard enough about them to say?","Members of Parliament","0=None, 1=Some of them, 2=Most of them, 3=All of them, 9=Don't know/Haven't heard enough",""
"w6","","corr_perc_mp","Corruption","","","","Not included in this wave"
"w7","","corr_perc_mp","Corruption","","","","Not included in this wave"
"w8","Q42B","corr_perc_mp","Corruption","How many of the following people do you think are involved in corruption, or haven't you heard enough about them to say?","Members of Parliament","0=None, 1=Some of them, 2=Most of them, 3=All of them, 9=Don't know/Haven't heard enough",""
"w9","Q38B","corr_perc_mp","Corruption","How many of the following people do you think are involved in corruption, or haven't you heard enough about them to say?","Members of Parliament","0=None, 1=Some of them, 2=Most of them, 3=All of them, 9=Don't know/Haven't heard enough",""
"w1","","corr_perc_officials","Corruption","","","","Not included in this wave"
"w2","","corr_perc_officials","Corruption","","","","Not included in this wave"
"w3","","corr_perc_officials","Corruption","","","","Not included in this wave"
"w4","","corr_perc_officials","Corruption","","","","Not included in this wave"
"w5","Q60C","corr_perc_officials","Corruption","How many of the following people do you think are involved in corruption, or haven't you heard enough about them to say?","Government officials / civil servants","0=None, 1=Some of them, 2=Most of them, 3=All of them, 9=Don't know/Haven't heard enough",""
"w6","","corr_perc_officials","Corruption","","","","Not included in this wave"
"w7","","corr_perc_officials","Corruption","","","","Not included in this wave"
"w8","Q42C","corr_perc_officials","Corruption","How many of the following people do you think are involved in corruption, or haven't you heard enough about them to say?","Government officials / civil servants","0=None, 1=Some of them, 2=Most of them, 3=All of them, 9=Don't know/Haven't heard enough",""
"w9","Q38C","corr_perc_officials","Corruption","How many of the following people do you think are involved in corruption, or haven't you heard enough about them to say?","Government officials / civil servants","0=None, 1=Some of them, 2=Most of them, 3=All of them, 9=Don't know/Haven't heard enough",""
"w1","","corr_perc_councilors","Corruption","","","","Not included in this wave"
"w2","","corr_perc_councilors","Corruption","","","","Not included in this wave"
"w3","","corr_perc_councilors","Corruption","","","","Not included in this wave"
"w4","","corr_perc_councilors","Corruption","","","","Not included in this wave"
"w5","Q60D","corr_perc_councilors","Corruption","How many of the following people do you think are involved in corruption, or haven't you heard enough about them to say?","Local government councilors","0=None, 1=Some of them, 2=Most of them, 3=All of them, 9=Don't know/Haven't heard enough",""
"w6","","corr_perc_councilors","Corruption","","","","Not included in this wave"
"w7","","corr_perc_councilors","Corruption","","","","Not included in this wave"
"w8","Q42D","corr_perc_councilors","Corruption","How many of the following people do you think are involved in corruption, or haven't you heard enough about them to say?","Local government councilors","0=None, 1=Some of them, 2=Most of them, 3=All of them, 9=Don't know/Haven't heard enough",""
"w9","Q38D","corr_perc_councilors","Corruption","How many of the following people do you think are involved in corruption, or haven't you heard enough about them to say?","Local government councilors","0=None, 1=Some of them, 2=Most of them, 3=All of them, 9=Don't know/Haven't heard enough",""
"w1","","corr_perc_police","Corruption","","","","Not included in this wave"
"w2","","corr_perc_police","Corruption","","","","Not included in this wave"
"w3","","corr_perc_police","Corruption","","","","Not included in this wave"
"w4","","corr_perc_police","Corruption","","","","Not included in this wave"
"w5","Q60E","corr_perc_police","Corruption","How many of the following people do you think are involved in corruption, or haven't you heard enough about them to say?","Police","0=None, 1=Some of them, 2=Most of them, 3=All of them, 9=Don't know/Haven't heard enough",""
"w6","","corr_perc_police","Corruption","","","","Not included in this wave"
"w7","","corr_perc_police","Corruption","","","","Not included in this wave"
"w8","Q42E","corr_perc_police","Corruption","How many of the following people do you think are involved in corruption, or haven't you heard enough about them to say?","Police","0=None, 1=Some of them, 2=Most of them, 3=All of them, 9=Don't know/Haven't heard enough",""
"w9","Q38E","corr_perc_police","Corruption","How many of the following people do you think are involved in corruption, or haven't you heard enough about them to say?","Police","0=None, 1=Some of them, 2=Most of them, 3=All of them, 9=Don't know/Haven't heard enough",""
"w1","","corr_perc_judges","Corruption","","","","Not included in this wave"
"w2","","corr_perc_judges","Corruption","","","","Not included in this wave"
"w3","","corr_perc_judges","Corruption","","","","Not included in this wave"
"w4","","corr_perc_judges","Corruption","","","","Not included in this wave"
"w5","Q60G","corr_perc_judges","Corruption","How many of the following people do you think are involved in corruption, or haven't you heard enough about them to say?","Judges and Magistrates","0=None, 1=Some of them, 2=Most of them, 3=All of them, 9=Don't know/Haven't heard enough","R5 judges item is Q60G (Q60F = tax officials, excluded from the T&M 6-item index)."
"w6","","corr_perc_judges","Corruption","","","","Not included in this wave"
"w7","","corr_perc_judges","Corruption","","","","Not included in this wave"
"w8","Q42F","corr_perc_judges","Corruption","How many of the following people do you think are involved in corruption, or haven't you heard enough about them to say?","Judges and Magistrates","0=None, 1=Some of them, 2=Most of them, 3=All of them, 9=Don't know/Haven't heard enough",""
"w9","Q38F","corr_perc_judges","Corruption","How many of the following people do you think are involved in corruption, or haven't you heard enough about them to say?","Judges and Magistrates","0=None, 1=Some of them, 2=Most of them, 3=All of them, 9=Don't know/Haven't heard enough",""
"w1","","lpi_food","Lived poverty","","","","Not included in this wave"
"w2","","lpi_food","Lived poverty","","","","Not included in this wave"
"w3","","lpi_food","Lived poverty","","","","Not included in this wave"
"w4","","lpi_food","Lived poverty","","","","Not included in this wave"
"w5","Q8A","lpi_food","Lived poverty","Over the past year, how often, if ever, have you or anyone in your family gone without:","Enough food to eat","0=Never, 1=Just once or twice, 2=Several times, 3=Many times, 4=Always, 9=Don't know",""
"w6","","lpi_food","Lived poverty","","","","Not included in this wave"
"w7","","lpi_food","Lived poverty","","","","Not included in this wave"
"w8","Q7A","lpi_food","Lived poverty","Over the past year, how often, if ever, have you or anyone in your family gone without:","Enough food to eat","0=Never, 1=Just once or twice, 2=Several times, 3=Many times, 4=Always, 9=Don't know",""
"w9","Q6A","lpi_food","Lived poverty","Over the past year, how often, if ever, have you or anyone in your family gone without:","Enough food to eat","0=Never, 1=Just once or twice, 2=Several times, 3=Many times, 4=Always, 9=Don't know",""
"w1","","lpi_water","Lived poverty","","","","Not included in this wave"
"w2","","lpi_water","Lived poverty","","","","Not included in this wave"
"w3","","lpi_water","Lived poverty","","","","Not included in this wave"
"w4","","lpi_water","Lived poverty","","","","Not included in this wave"
"w5","Q8B","lpi_water","Lived poverty","Over the past year, how often, if ever, have you or anyone in your family gone without:","Enough clean water for home use","0=Never, 1=Just once or twice, 2=Several times, 3=Many times, 4=Always, 9=Don't know",""
"w6","","lpi_water","Lived poverty","","","","Not included in this wave"
"w7","","lpi_water","Lived poverty","","","","Not included in this wave"
"w8","Q7B","lpi_water","Lived poverty","Over the past year, how often, if ever, have you or anyone in your family gone without:","Enough clean water for home use","0=Never, 1=Just once or twice, 2=Several times, 3=Many times, 4=Always, 9=Don't know",""
"w9","Q6B","lpi_water","Lived poverty","Over the past year, how often, if ever, have you or anyone in your family gone without:","Enough clean water for home use","0=Never, 1=Just once or twice, 2=Several times, 3=Many times, 4=Always, 9=Don't know",""
"w1","","lpi_medicine","Lived poverty","","","","Not included in this wave"
"w2","","lpi_medicine","Lived poverty","","","","Not included in this wave"
"w3","","lpi_medicine","Lived poverty","","","","Not included in this wave"
"w4","","lpi_medicine","Lived poverty","","","","Not included in this wave"
"w5","Q8C","lpi_medicine","Lived poverty","Over the past year, how often, if ever, have you or anyone in your family gone without:","Medicines or medical treatment","0=Never, 1=Just once or twice, 2=Several times, 3=Many times, 4=Always, 9=Don't know",""
"w6","","lpi_medicine","Lived poverty","","","","Not included in this wave"
"w7","","lpi_medicine","Lived poverty","","","","Not included in this wave"
"w8","Q7C","lpi_medicine","Lived poverty","Over the past year, how often, if ever, have you or anyone in your family gone without:","Medicines or medical treatment","0=Never, 1=Just once or twice, 2=Several times, 3=Many times, 4=Always, 9=Don't know",""
"w9","Q6C","lpi_medicine","Lived poverty","Over the past year, how often, if ever, have you or anyone in your family gone without:","Medicines or medical treatment","0=Never, 1=Just once or twice, 2=Several times, 3=Many times, 4=Always, 9=Don't know",""
"w1","","lpi_fuel","Lived poverty","","","","Not included in this wave"
"w2","","lpi_fuel","Lived poverty","","","","Not included in this wave"
"w3","","lpi_fuel","Lived poverty","","","","Not included in this wave"
"w4","","lpi_fuel","Lived poverty","","","","Not included in this wave"
"w5","Q8D","lpi_fuel","Lived poverty","Over the past year, how often, if ever, have you or anyone in your family gone without:","Enough fuel to cook your food","0=Never, 1=Just once or twice, 2=Several times, 3=Many times, 4=Always, 9=Don't know",""
"w6","","lpi_fuel","Lived poverty","","","","Not included in this wave"
"w7","","lpi_fuel","Lived poverty","","","","Not included in this wave"
"w8","Q7D","lpi_fuel","Lived poverty","Over the past year, how often, if ever, have you or anyone in your family gone without:","Enough fuel to cook your food","0=Never, 1=Just once or twice, 2=Several times, 3=Many times, 4=Always, 9=Don't know",""
"w9","Q6D","lpi_fuel","Lived poverty","Over the past year, how often, if ever, have you or anyone in your family gone without:","Enough fuel to cook your food","0=Never, 1=Just once or twice, 2=Several times, 3=Many times, 4=Always, 9=Don't know",""
"w1","","lpi_income","Lived poverty","","","","Not included in this wave"
"w2","","lpi_income","Lived poverty","","","","Not included in this wave"
"w3","","lpi_income","Lived poverty","","","","Not included in this wave"
"w4","","lpi_income","Lived poverty","","","","Not included in this wave"
"w5","Q8E","lpi_income","Lived poverty","Over the past year, how often, if ever, have you or anyone in your family gone without:","A cash income","0=Never, 1=Just once or twice, 2=Several times, 3=Many times, 4=Always, 9=Don't know",""
"w6","","lpi_income","Lived poverty","","","","Not included in this wave"
"w7","","lpi_income","Lived poverty","","","","Not included in this wave"
"w8","Q7E","lpi_income","Lived poverty","Over the past year, how often, if ever, have you or anyone in your family gone without:","A cash income","0=Never, 1=Just once or twice, 2=Several times, 3=Many times, 4=Always, 9=Don't know",""
"w9","Q6E","lpi_income","Lived poverty","Over the past year, how often, if ever, have you or anyone in your family gone without:","A cash income","0=Never, 1=Just once or twice, 2=Several times, 3=Many times, 4=Always, 9=Don't know",""
