wave,question_id,harmonized_name,section,stem_text,item_text,response_scale,notes
w2003,AGE,age,Demographics,"I would like to ask about your relationship with your family members. Family members include those living in your house, living somewhere else, and those who are not blood-related to you but live in your house. Please answer the following questions accordingly.",How old is [PERSON]?,Continuous (years); 18-99,
w2004,AGE,age,Demographics,"I would like to ask about your relationship with your family members. Family members include those living in your house, living somewhere else, and those who are not blood-related to you but live in your house. Please answer the following questions accordingly.",How old is [PERSON]?,Continuous (years); 18-99,
w2005,AGE,age,Demographics,"I would like to ask about your relationship with your family members. Family members include those living in your house, living somewhere else, and those who are not blood-related to you but live in your house. Please answer the following questions accordingly.",How old is [PERSON]?,Continuous (years); 18-99,
w2006,AGE,age,Demographics,"I would like to ask about your relationship with your family members. Family members include those living in your house, living somewhere else, and those who are not blood-related to you but live in your house. Please answer the following questions accordingly.",How old is [PERSON]?,Continuous (years); 18-99,
w2007,AGE,age,Demographics,"I would like to ask about your relationship with your family members. Family members include those living in your house, living somewhere else, and those who are not blood-related to you but live in your house. Please answer the following questions accordingly.",How old is [PERSON]?,Continuous (years); 18-99,
w2008,AGE,age,Demographics,"I would like to ask about your relationship with your family members. Family members include those living in your house, living somewhere else, and those who are not blood-related to you but live in your house. Please answer the following questions accordingly.",How old is [PERSON]?,Continuous (years); 18-99,
w2009,AGE,age,Demographics,"I would like to ask about your relationship with your family members. Family members include those living in your house, living somewhere else, and those who are not blood-related to you but live in your house. Please answer the following questions accordingly.",How old is [PERSON]?,Continuous (years); 18-99,
w2010,AGE,age,Demographics,"I would like to ask about your relationship with your family members. Family members include those living in your house, living somewhere else, and those who are not blood-related to you but live in your house. Please answer the following questions accordingly.",How old is [PERSON]?,Continuous (years); 18-99,
w2011,AGE,age,Demographics,"I would like to ask about your relationship with your family members. Family members include those living in your house, living somewhere else, and those who are not blood-related to you but live in your house. Please answer the following questions accordingly.",How old is [PERSON]?,Continuous (years); 18-99,
w2012,AGE,age,Demographics,"I would like to ask about your relationship with your family members. Family members include those living in your house, living somewhere else, and those who are not blood-related to you but live in your house. Please answer the following questions accordingly.",How old is [PERSON]?,Continuous (years); 18-99,
w2013,AGE,age,Demographics,"I would like to ask about your relationship with your family members. Family members include those living in your house, living somewhere else, and those who are not blood-related to you but live in your house. Please answer the following questions accordingly.",How old is [PERSON]?,Continuous (years); 18-99,
w2014,AGE,age,Demographics,"I would like to ask about your relationship with your family members. Family members include those living in your house, living somewhere else, and those who are not blood-related to you but live in your house. Please answer the following questions accordingly.",How old is [PERSON]?,Continuous (years); 18-99,
w2016,AGE,age,Demographics,"I would like to ask about your relationship with your family members. Family members include those living in your house, living somewhere else, and those who are not blood-related to you but live in your house. Please answer the following questions accordingly.",How old is [PERSON]?,Continuous (years); 18-99,
w2018,AGE,age,Demographics,"I would like to ask about your relationship with your family members. Family members include those living in your house, living somewhere else, and those who are not blood-related to you but live in your house. Please answer the following questions accordingly.",How old is [PERSON]?,Continuous (years); 18-99,
w2021,AGE,age,Demographics,"I would like to ask about your relationship with your family members. Family members include those living in your house, living somewhere else, and those who are not blood-related to you but live in your house. Please answer the following questions accordingly.",How old is [PERSON]?,Continuous (years); 18-99,
w2023,AGE,age,Demographics,"I would like to ask about your relationship with your family members. Family members include those living in your house, living somewhere else, and those who are not blood-related to you but live in your house. Please answer the following questions accordingly.",How old is [PERSON]?,Continuous (years); 18-99,
w2003,CONBLUHO,conf_bluehouse,Trust and Confidence,"I am going to name some institutions in this country. As far as the people running these institutions are concerned, would you say you have a great deal of confidence, only some confidence, or hardly any confidence at all in them?",The Blue House,1=A great deal of confidence; 2=Only some confidence; 3=Hardly any confidence at all; -8=Don't know,Blue House = presidential executive office (Cheong Wa Dae). Show card 05-18.
w2004,CONBLUHO,conf_bluehouse,Trust and Confidence,"I am going to name some institutions in this country. As far as the people running these institutions are concerned, would you say you have a great deal of confidence, only some confidence, or hardly any confidence at all in them?",The Blue House,1=A great deal of confidence; 2=Only some confidence; 3=Hardly any confidence at all; -8=Don't know,Blue House = presidential executive office (Cheong Wa Dae). Show card 05-18.
w2005,CONBLUHO,conf_bluehouse,Trust and Confidence,"I am going to name some institutions in this country. As far as the people running these institutions are concerned, would you say you have a great deal of confidence, only some confidence, or hardly any confidence at all in them?",The Blue House,1=A great deal of confidence; 2=Only some confidence; 3=Hardly any confidence at all; -8=Don't know,Blue House = presidential executive office (Cheong Wa Dae). Show card 05-18.
w2006,CONBLUHO,conf_bluehouse,Trust and Confidence,"I am going to name some institutions in this country. As far as the people running these institutions are concerned, would you say you have a great deal of confidence, only some confidence, or hardly any confidence at all in them?",The Blue House,1=A great deal of confidence; 2=Only some confidence; 3=Hardly any confidence at all; -8=Don't know,Blue House = presidential executive office (Cheong Wa Dae). Show card 05-18.
w2007,CONBLUHO,conf_bluehouse,Trust and Confidence,"I am going to name some institutions in this country. As far as the people running these institutions are concerned, would you say you have a great deal of confidence, only some confidence, or hardly any confidence at all in them?",The Blue House,1=A great deal of confidence; 2=Only some confidence; 3=Hardly any confidence at all; -8=Don't know,Blue House = presidential executive office (Cheong Wa Dae). Show card 05-18.
w2008,CONBLUHO,conf_bluehouse,Trust and Confidence,"I am going to name some institutions in this country. As far as the people running these institutions are concerned, would you say you have a great deal of confidence, only some confidence, or hardly any confidence at all in them?",The Blue House,1=A great deal of confidence; 2=Only some confidence; 3=Hardly any confidence at all; -8=Don't know,Blue House = presidential executive office (Cheong Wa Dae). Show card 05-18.
w2009,CONBLUHO,conf_bluehouse,Trust and Confidence,"I am going to name some institutions in this country. As far as the people running these institutions are concerned, would you say you have a great deal of confidence, only some confidence, or hardly any confidence at all in them?",The Blue House,1=A great deal of confidence; 2=Only some confidence; 3=Hardly any confidence at all; -8=Don't know,Blue House = presidential executive office (Cheong Wa Dae). Show card 05-18.
w2010,CONBLUHO,conf_bluehouse,Trust and Confidence,"I am going to name some institutions in this country. As far as the people running these institutions are concerned, would you say you have a great deal of confidence, only some confidence, or hardly any confidence at all in them?",The Blue House,1=A great deal of confidence; 2=Only some confidence; 3=Hardly any confidence at all; -8=Don't know,Blue House = presidential executive office (Cheong Wa Dae). Show card 05-18.
w2011,CONBLUHO,conf_bluehouse,Trust and Confidence,"I am going to name some institutions in this country. As far as the people running these institutions are concerned, would you say you have a great deal of confidence, only some confidence, or hardly any confidence at all in them?",The Blue House,1=A great deal of confidence; 2=Only some confidence; 3=Hardly any confidence at all; -8=Don't know,Blue House = presidential executive office (Cheong Wa Dae). Show card 05-18.
w2012,CONBLUHO,conf_bluehouse,Trust and Confidence,"I am going to name some institutions in this country. As far as the people running these institutions are concerned, would you say you have a great deal of confidence, only some confidence, or hardly any confidence at all in them?",The Blue House,1=A great deal of confidence; 2=Only some confidence; 3=Hardly any confidence at all; -8=Don't know,Blue House = presidential executive office (Cheong Wa Dae). Show card 05-18.
w2013,CONBLUHO,conf_bluehouse,Trust and Confidence,"I am going to name some institutions in this country. As far as the people running these institutions are concerned, would you say you have a great deal of confidence, only some confidence, or hardly any confidence at all in them?",The Blue House,1=A great deal of confidence; 2=Only some confidence; 3=Hardly any confidence at all; -8=Don't know,Blue House = presidential executive office (Cheong Wa Dae). Show card 05-18.
w2014,CONBLUHO,conf_bluehouse,Trust and Confidence,"I am going to name some institutions in this country. As far as the people running these institutions are concerned, would you say you have a great deal of confidence, only some confidence, or hardly any confidence at all in them?",The Blue House,1=A great deal of confidence; 2=Only some confidence; 3=Hardly any confidence at all; -8=Don't know,Blue House = presidential executive office (Cheong Wa Dae). Show card 05-18.
w2016,CONBLUHO,conf_bluehouse,Trust and Confidence,"I am going to name some institutions in this country. As far as the people running these institutions are concerned, would you say you have a great deal of confidence, only some confidence, or hardly any confidence at all in them?",The Blue House,1=A great deal of confidence; 2=Only some confidence; 3=Hardly any confidence at all; -8=Don't know,Blue House = presidential executive office (Cheong Wa Dae). Show card 05-18.
w2018,CONBLUHO,conf_bluehouse,Trust and Confidence,"I am going to name some institutions in this country. As far as the people running these institutions are concerned, would you say you have a great deal of confidence, only some confidence, or hardly any confidence at all in them?",The Blue House,1=A great deal of confidence; 2=Only some confidence; 3=Hardly any confidence at all; -8=Don't know,Blue House = presidential executive office (Cheong Wa Dae). Show card 05-18.
w2021,CONBLUHO,conf_bluehouse,Trust and Confidence,"I am going to name some institutions in this country. As far as the people running these institutions are concerned, would you say you have a great deal of confidence, only some confidence, or hardly any confidence at all in them?",The Blue House,1=A great deal of confidence; 2=Only some confidence; 3=Hardly any confidence at all; -8=Don't know,Blue House = presidential executive office (Cheong Wa Dae). Show card 05-18.
w2023,CONBLUHO,conf_bluehouse,Trust and Confidence,"I am going to name some institutions in Korea. As far as the people running these institutions are concerned, would you say you have a great deal of confidence, only some confidence, or hardly any confidence at all in them?",Office of the president,1=A great deal of confidence; 2=Only some confidence; 3=Hardly any confidence at all; -8=Don't know,2023 wording changed from 'The Blue House' to 'Office of the president' and from 'in this country' to 'in Korea'. Blue House = presidential executive office (Cheong Wa Dae).
w2003,CONBUS,conf_business,Trust and Confidence,"I am going to name some institutions in this country. As far as the people running these institutions are concerned, would you say you have a great deal of confidence, only some confidence, or hardly any confidence at all in them?",Major companies,1=A great deal of confidence; 2=Only some confidence; 3=Hardly any confidence at all; -8=Don't know,Show card 05-18.
w2004,CONBUS,conf_business,Trust and Confidence,"I am going to name some institutions in this country. As far as the people running these institutions are concerned, would you say you have a great deal of confidence, only some confidence, or hardly any confidence at all in them?",Major companies,1=A great deal of confidence; 2=Only some confidence; 3=Hardly any confidence at all; -8=Don't know,Show card 05-18.
w2005,CONBUS,conf_business,Trust and Confidence,"I am going to name some institutions in this country. As far as the people running these institutions are concerned, would you say you have a great deal of confidence, only some confidence, or hardly any confidence at all in them?",Major companies,1=A great deal of confidence; 2=Only some confidence; 3=Hardly any confidence at all; -8=Don't know,Show card 05-18.
w2006,CONBUS,conf_business,Trust and Confidence,"I am going to name some institutions in this country. As far as the people running these institutions are concerned, would you say you have a great deal of confidence, only some confidence, or hardly any confidence at all in them?",Major companies,1=A great deal of confidence; 2=Only some confidence; 3=Hardly any confidence at all; -8=Don't know,Show card 05-18.
w2007,CONBUS,conf_business,Trust and Confidence,"I am going to name some institutions in this country. As far as the people running these institutions are concerned, would you say you have a great deal of confidence, only some confidence, or hardly any confidence at all in them?",Major companies,1=A great deal of confidence; 2=Only some confidence; 3=Hardly any confidence at all; -8=Don't know,Show card 05-18.
w2008,CONBUS,conf_business,Trust and Confidence,"I am going to name some institutions in this country. As far as the people running these institutions are concerned, would you say you have a great deal of confidence, only some confidence, or hardly any confidence at all in them?",Major companies,1=A great deal of confidence; 2=Only some confidence; 3=Hardly any confidence at all; -8=Don't know,Show card 05-18.
w2009,CONBUS,conf_business,Trust and Confidence,"I am going to name some institutions in this country. As far as the people running these institutions are concerned, would you say you have a great deal of confidence, only some confidence, or hardly any confidence at all in them?",Major companies,1=A great deal of confidence; 2=Only some confidence; 3=Hardly any confidence at all; -8=Don't know,Show card 05-18.
w2010,CONBUS,conf_business,Trust and Confidence,"I am going to name some institutions in this country. As far as the people running these institutions are concerned, would you say you have a great deal of confidence, only some confidence, or hardly any confidence at all in them?",Major companies,1=A great deal of confidence; 2=Only some confidence; 3=Hardly any confidence at all; -8=Don't know,Show card 05-18.
w2011,CONBUS,conf_business,Trust and Confidence,"I am going to name some institutions in this country. As far as the people running these institutions are concerned, would you say you have a great deal of confidence, only some confidence, or hardly any confidence at all in them?",Major companies,1=A great deal of confidence; 2=Only some confidence; 3=Hardly any confidence at all; -8=Don't know,Show card 05-18.
w2012,CONBUS,conf_business,Trust and Confidence,"I am going to name some institutions in this country. As far as the people running these institutions are concerned, would you say you have a great deal of confidence, only some confidence, or hardly any confidence at all in them?",Major companies,1=A great deal of confidence; 2=Only some confidence; 3=Hardly any confidence at all; -8=Don't know,Show card 05-18.
w2013,CONBUS,conf_business,Trust and Confidence,"I am going to name some institutions in this country. As far as the people running these institutions are concerned, would you say you have a great deal of confidence, only some confidence, or hardly any confidence at all in them?",Major companies,1=A great deal of confidence; 2=Only some confidence; 3=Hardly any confidence at all; -8=Don't know,Show card 05-18.
w2014,CONBUS,conf_business,Trust and Confidence,"I am going to name some institutions in this country. As far as the people running these institutions are concerned, would you say you have a great deal of confidence, only some confidence, or hardly any confidence at all in them?",Major companies,1=A great deal of confidence; 2=Only some confidence; 3=Hardly any confidence at all; -8=Don't know,Show card 05-18.
w2016,CONBUS,conf_business,Trust and Confidence,"I am going to name some institutions in this country. As far as the people running these institutions are concerned, would you say you have a great deal of confidence, only some confidence, or hardly any confidence at all in them?",Major companies,1=A great deal of confidence; 2=Only some confidence; 3=Hardly any confidence at all; -8=Don't know,Show card 05-18.
w2018,CONBUS,conf_business,Trust and Confidence,"I am going to name some institutions in this country. As far as the people running these institutions are concerned, would you say you have a great deal of confidence, only some confidence, or hardly any confidence at all in them?",Major companies,1=A great deal of confidence; 2=Only some confidence; 3=Hardly any confidence at all; -8=Don't know,Show card 05-18.
w2021,CONBUS,conf_business,Trust and Confidence,"I am going to name some institutions in this country. As far as the people running these institutions are concerned, would you say you have a great deal of confidence, only some confidence, or hardly any confidence at all in them?",Major companies,1=A great deal of confidence; 2=Only some confidence; 3=Hardly any confidence at all; -8=Don't know,Show card 05-18.
w2023,CONBUS,conf_business,Trust and Confidence,"I am going to name some institutions in this country. As far as the people running these institutions are concerned, would you say you have a great deal of confidence, only some confidence, or hardly any confidence at all in them?",Major companies,1=A great deal of confidence; 2=Only some confidence; 3=Hardly any confidence at all; -8=Don't know,Show card 05-18.
w2003,CONCSO,conf_civil_society,Trust and Confidence,"I am going to name some institutions in this country. As far as the people running these institutions are concerned, would you say you have a great deal of confidence, only some confidence, or hardly any confidence at all in them?",Civic activist organizations,1=A great deal of confidence; 2=Only some confidence; 3=Hardly any confidence at all; -8=Don't know,Show card 05-18.
w2004,CONCSO,conf_civil_society,Trust and Confidence,"I am going to name some institutions in this country. As far as the people running these institutions are concerned, would you say you have a great deal of confidence, only some confidence, or hardly any confidence at all in them?",Civic activist organizations,1=A great deal of confidence; 2=Only some confidence; 3=Hardly any confidence at all; -8=Don't know,Show card 05-18.
w2005,CONCSO,conf_civil_society,Trust and Confidence,"I am going to name some institutions in this country. As far as the people running these institutions are concerned, would you say you have a great deal of confidence, only some confidence, or hardly any confidence at all in them?",Civic activist organizations,1=A great deal of confidence; 2=Only some confidence; 3=Hardly any confidence at all; -8=Don't know,Show card 05-18.
w2006,CONCSO,conf_civil_society,Trust and Confidence,"I am going to name some institutions in this country. As far as the people running these institutions are concerned, would you say you have a great deal of confidence, only some confidence, or hardly any confidence at all in them?",Civic activist organizations,1=A great deal of confidence; 2=Only some confidence; 3=Hardly any confidence at all; -8=Don't know,Show card 05-18.
w2007,CONCSO,conf_civil_society,Trust and Confidence,"I am going to name some institutions in this country. As far as the people running these institutions are concerned, would you say you have a great deal of confidence, only some confidence, or hardly any confidence at all in them?",Civic activist organizations,1=A great deal of confidence; 2=Only some confidence; 3=Hardly any confidence at all; -8=Don't know,Show card 05-18.
w2008,CONCSO,conf_civil_society,Trust and Confidence,"I am going to name some institutions in this country. As far as the people running these institutions are concerned, would you say you have a great deal of confidence, only some confidence, or hardly any confidence at all in them?",Civic activist organizations,1=A great deal of confidence; 2=Only some confidence; 3=Hardly any confidence at all; -8=Don't know,Show card 05-18.
w2009,CONCSO,conf_civil_society,Trust and Confidence,"I am going to name some institutions in this country. As far as the people running these institutions are concerned, would you say you have a great deal of confidence, only some confidence, or hardly any confidence at all in them?",Civic activist organizations,1=A great deal of confidence; 2=Only some confidence; 3=Hardly any confidence at all; -8=Don't know,Show card 05-18.
w2010,CONCSO,conf_civil_society,Trust and Confidence,"I am going to name some institutions in this country. As far as the people running these institutions are concerned, would you say you have a great deal of confidence, only some confidence, or hardly any confidence at all in them?",Civic activist organizations,1=A great deal of confidence; 2=Only some confidence; 3=Hardly any confidence at all; -8=Don't know,Show card 05-18.
w2011,CONCSO,conf_civil_society,Trust and Confidence,"I am going to name some institutions in this country. As far as the people running these institutions are concerned, would you say you have a great deal of confidence, only some confidence, or hardly any confidence at all in them?",Civic activist organizations,1=A great deal of confidence; 2=Only some confidence; 3=Hardly any confidence at all; -8=Don't know,Show card 05-18.
w2012,CONCSO,conf_civil_society,Trust and Confidence,"I am going to name some institutions in this country. As far as the people running these institutions are concerned, would you say you have a great deal of confidence, only some confidence, or hardly any confidence at all in them?",Civic activist organizations,1=A great deal of confidence; 2=Only some confidence; 3=Hardly any confidence at all; -8=Don't know,Show card 05-18.
w2013,CONCSO,conf_civil_society,Trust and Confidence,"I am going to name some institutions in this country. As far as the people running these institutions are concerned, would you say you have a great deal of confidence, only some confidence, or hardly any confidence at all in them?",Civic activist organizations,1=A great deal of confidence; 2=Only some confidence; 3=Hardly any confidence at all; -8=Don't know,Show card 05-18.
w2014,CONCSO,conf_civil_society,Trust and Confidence,"I am going to name some institutions in this country. As far as the people running these institutions are concerned, would you say you have a great deal of confidence, only some confidence, or hardly any confidence at all in them?",Civic activist organizations,1=A great deal of confidence; 2=Only some confidence; 3=Hardly any confidence at all; -8=Don't know,Show card 05-18.
w2016,CONCSO,conf_civil_society,Trust and Confidence,"I am going to name some institutions in this country. As far as the people running these institutions are concerned, would you say you have a great deal of confidence, only some confidence, or hardly any confidence at all in them?",Civic activist organizations,1=A great deal of confidence; 2=Only some confidence; 3=Hardly any confidence at all; -8=Don't know,Show card 05-18.
w2018,CONCSO,conf_civil_society,Trust and Confidence,"I am going to name some institutions in this country. As far as the people running these institutions are concerned, would you say you have a great deal of confidence, only some confidence, or hardly any confidence at all in them?",Civic activist organizations,1=A great deal of confidence; 2=Only some confidence; 3=Hardly any confidence at all; -8=Don't know,Show card 05-18.
w2021,CONCSO,conf_civil_society,Trust and Confidence,"I am going to name some institutions in this country. As far as the people running these institutions are concerned, would you say you have a great deal of confidence, only some confidence, or hardly any confidence at all in them?",Civic activist organizations,1=A great deal of confidence; 2=Only some confidence; 3=Hardly any confidence at all; -8=Don't know,Show card 05-18.
w2023,CONCSO,conf_civil_society,Trust and Confidence,"I am going to name some institutions in this country. As far as the people running these institutions are concerned, would you say you have a great deal of confidence, only some confidence, or hardly any confidence at all in them?",Civic activist organizations,1=A great deal of confidence; 2=Only some confidence; 3=Hardly any confidence at all; -8=Don't know,Show card 05-18.
w2003,CONCLERG,conf_clergy,Trust and Confidence,"I am going to name some institutions in this country. As far as the people running these institutions are concerned, would you say you have a great deal of confidence, only some confidence, or hardly any confidence at all in them?",Organized religion,1=A great deal of confidence; 2=Only some confidence; 3=Hardly any confidence at all; -8=Don't know,Show card 05-18.
w2004,CONCLERG,conf_clergy,Trust and Confidence,"I am going to name some institutions in this country. As far as the people running these institutions are concerned, would you say you have a great deal of confidence, only some confidence, or hardly any confidence at all in them?",Organized religion,1=A great deal of confidence; 2=Only some confidence; 3=Hardly any confidence at all; -8=Don't know,Show card 05-18.
w2005,CONCLERG,conf_clergy,Trust and Confidence,"I am going to name some institutions in this country. As far as the people running these institutions are concerned, would you say you have a great deal of confidence, only some confidence, or hardly any confidence at all in them?",Organized religion,1=A great deal of confidence; 2=Only some confidence; 3=Hardly any confidence at all; -8=Don't know,Show card 05-18.
w2006,CONCLERG,conf_clergy,Trust and Confidence,"I am going to name some institutions in this country. As far as the people running these institutions are concerned, would you say you have a great deal of confidence, only some confidence, or hardly any confidence at all in them?",Organized religion,1=A great deal of confidence; 2=Only some confidence; 3=Hardly any confidence at all; -8=Don't know,Show card 05-18.
w2007,CONCLERG,conf_clergy,Trust and Confidence,"I am going to name some institutions in this country. As far as the people running these institutions are concerned, would you say you have a great deal of confidence, only some confidence, or hardly any confidence at all in them?",Organized religion,1=A great deal of confidence; 2=Only some confidence; 3=Hardly any confidence at all; -8=Don't know,Show card 05-18.
w2008,CONCLERG,conf_clergy,Trust and Confidence,"I am going to name some institutions in this country. As far as the people running these institutions are concerned, would you say you have a great deal of confidence, only some confidence, or hardly any confidence at all in them?",Organized religion,1=A great deal of confidence; 2=Only some confidence; 3=Hardly any confidence at all; -8=Don't know,Show card 05-18.
w2009,CONCLERG,conf_clergy,Trust and Confidence,"I am going to name some institutions in this country. As far as the people running these institutions are concerned, would you say you have a great deal of confidence, only some confidence, or hardly any confidence at all in them?",Organized religion,1=A great deal of confidence; 2=Only some confidence; 3=Hardly any confidence at all; -8=Don't know,Show card 05-18.
w2010,CONCLERG,conf_clergy,Trust and Confidence,"I am going to name some institutions in this country. As far as the people running these institutions are concerned, would you say you have a great deal of confidence, only some confidence, or hardly any confidence at all in them?",Organized religion,1=A great deal of confidence; 2=Only some confidence; 3=Hardly any confidence at all; -8=Don't know,Show card 05-18.
w2011,CONCLERG,conf_clergy,Trust and Confidence,"I am going to name some institutions in this country. As far as the people running these institutions are concerned, would you say you have a great deal of confidence, only some confidence, or hardly any confidence at all in them?",Organized religion,1=A great deal of confidence; 2=Only some confidence; 3=Hardly any confidence at all; -8=Don't know,Show card 05-18.
w2012,CONCLERG,conf_clergy,Trust and Confidence,"I am going to name some institutions in this country. As far as the people running these institutions are concerned, would you say you have a great deal of confidence, only some confidence, or hardly any confidence at all in them?",Organized religion,1=A great deal of confidence; 2=Only some confidence; 3=Hardly any confidence at all; -8=Don't know,Show card 05-18.
w2013,CONCLERG,conf_clergy,Trust and Confidence,"I am going to name some institutions in this country. As far as the people running these institutions are concerned, would you say you have a great deal of confidence, only some confidence, or hardly any confidence at all in them?",Organized religion,1=A great deal of confidence; 2=Only some confidence; 3=Hardly any confidence at all; -8=Don't know,Show card 05-18.
w2014,CONCLERG,conf_clergy,Trust and Confidence,"I am going to name some institutions in this country. As far as the people running these institutions are concerned, would you say you have a great deal of confidence, only some confidence, or hardly any confidence at all in them?",Organized religion,1=A great deal of confidence; 2=Only some confidence; 3=Hardly any confidence at all; -8=Don't know,Show card 05-18.
w2016,CONCLERG,conf_clergy,Trust and Confidence,"I am going to name some institutions in this country. As far as the people running these institutions are concerned, would you say you have a great deal of confidence, only some confidence, or hardly any confidence at all in them?",Organized religion,1=A great deal of confidence; 2=Only some confidence; 3=Hardly any confidence at all; -8=Don't know,Show card 05-18.
w2018,CONCLERG,conf_clergy,Trust and Confidence,"I am going to name some institutions in this country. As far as the people running these institutions are concerned, would you say you have a great deal of confidence, only some confidence, or hardly any confidence at all in them?",Organized religion,1=A great deal of confidence; 2=Only some confidence; 3=Hardly any confidence at all; -8=Don't know,Show card 05-18.
w2021,CONCLERG,conf_clergy,Trust and Confidence,"I am going to name some institutions in this country. As far as the people running these institutions are concerned, would you say you have a great deal of confidence, only some confidence, or hardly any confidence at all in them?",Organized religion,1=A great deal of confidence; 2=Only some confidence; 3=Hardly any confidence at all; -8=Don't know,Show card 05-18.
w2023,CONCLERG,conf_clergy,Trust and Confidence,"I am going to name some institutions in this country. As far as the people running these institutions are concerned, would you say you have a great deal of confidence, only some confidence, or hardly any confidence at all in them?",Organized religion,1=A great deal of confidence; 2=Only some confidence; 3=Hardly any confidence at all; -8=Don't know,Show card 05-18.
w2003,CONEDUC,conf_education,Trust and Confidence,"I am going to name some institutions in this country. As far as the people running these institutions are concerned, would you say you have a great deal of confidence, only some confidence, or hardly any confidence at all in them?",Education,1=A great deal of confidence; 2=Only some confidence; 3=Hardly any confidence at all; -8=Don't know,Show card 05-18.
w2004,CONEDUC,conf_education,Trust and Confidence,"I am going to name some institutions in this country. As far as the people running these institutions are concerned, would you say you have a great deal of confidence, only some confidence, or hardly any confidence at all in them?",Education,1=A great deal of confidence; 2=Only some confidence; 3=Hardly any confidence at all; -8=Don't know,Show card 05-18.
w2005,CONEDUC,conf_education,Trust and Confidence,"I am going to name some institutions in this country. As far as the people running these institutions are concerned, would you say you have a great deal of confidence, only some confidence, or hardly any confidence at all in them?",Education,1=A great deal of confidence; 2=Only some confidence; 3=Hardly any confidence at all; -8=Don't know,Show card 05-18.
w2006,CONEDUC,conf_education,Trust and Confidence,"I am going to name some institutions in this country. As far as the people running these institutions are concerned, would you say you have a great deal of confidence, only some confidence, or hardly any confidence at all in them?",Education,1=A great deal of confidence; 2=Only some confidence; 3=Hardly any confidence at all; -8=Don't know,Show card 05-18.
w2007,CONEDUC,conf_education,Trust and Confidence,"I am going to name some institutions in this country. As far as the people running these institutions are concerned, would you say you have a great deal of confidence, only some confidence, or hardly any confidence at all in them?",Education,1=A great deal of confidence; 2=Only some confidence; 3=Hardly any confidence at all; -8=Don't know,Show card 05-18.
w2008,CONEDUC,conf_education,Trust and Confidence,"I am going to name some institutions in this country. As far as the people running these institutions are concerned, would you say you have a great deal of confidence, only some confidence, or hardly any confidence at all in them?",Education,1=A great deal of confidence; 2=Only some confidence; 3=Hardly any confidence at all; -8=Don't know,Show card 05-18.
w2009,CONEDUC,conf_education,Trust and Confidence,"I am going to name some institutions in this country. As far as the people running these institutions are concerned, would you say you have a great deal of confidence, only some confidence, or hardly any confidence at all in them?",Education,1=A great deal of confidence; 2=Only some confidence; 3=Hardly any confidence at all; -8=Don't know,Show card 05-18.
w2010,CONEDUC,conf_education,Trust and Confidence,"I am going to name some institutions in this country. As far as the people running these institutions are concerned, would you say you have a great deal of confidence, only some confidence, or hardly any confidence at all in them?",Education,1=A great deal of confidence; 2=Only some confidence; 3=Hardly any confidence at all; -8=Don't know,Show card 05-18.
w2011,CONEDUC,conf_education,Trust and Confidence,"I am going to name some institutions in this country. As far as the people running these institutions are concerned, would you say you have a great deal of confidence, only some confidence, or hardly any confidence at all in them?",Education,1=A great deal of confidence; 2=Only some confidence; 3=Hardly any confidence at all; -8=Don't know,Show card 05-18.
w2012,CONEDUC,conf_education,Trust and Confidence,"I am going to name some institutions in this country. As far as the people running these institutions are concerned, would you say you have a great deal of confidence, only some confidence, or hardly any confidence at all in them?",Education,1=A great deal of confidence; 2=Only some confidence; 3=Hardly any confidence at all; -8=Don't know,Show card 05-18.
w2013,CONEDUC,conf_education,Trust and Confidence,"I am going to name some institutions in this country. As far as the people running these institutions are concerned, would you say you have a great deal of confidence, only some confidence, or hardly any confidence at all in them?",Education,1=A great deal of confidence; 2=Only some confidence; 3=Hardly any confidence at all; -8=Don't know,Show card 05-18.
w2014,CONEDUC,conf_education,Trust and Confidence,"I am going to name some institutions in this country. As far as the people running these institutions are concerned, would you say you have a great deal of confidence, only some confidence, or hardly any confidence at all in them?",Education,1=A great deal of confidence; 2=Only some confidence; 3=Hardly any confidence at all; -8=Don't know,Show card 05-18.
w2016,CONEDUC,conf_education,Trust and Confidence,"I am going to name some institutions in this country. As far as the people running these institutions are concerned, would you say you have a great deal of confidence, only some confidence, or hardly any confidence at all in them?",Education,1=A great deal of confidence; 2=Only some confidence; 3=Hardly any confidence at all; -8=Don't know,Show card 05-18.
w2018,CONEDUC,conf_education,Trust and Confidence,"I am going to name some institutions in this country. As far as the people running these institutions are concerned, would you say you have a great deal of confidence, only some confidence, or hardly any confidence at all in them?",Education,1=A great deal of confidence; 2=Only some confidence; 3=Hardly any confidence at all; -8=Don't know,Show card 05-18.
w2021,CONEDUC,conf_education,Trust and Confidence,"I am going to name some institutions in this country. As far as the people running these institutions are concerned, would you say you have a great deal of confidence, only some confidence, or hardly any confidence at all in them?",Education,1=A great deal of confidence; 2=Only some confidence; 3=Hardly any confidence at all; -8=Don't know,Show card 05-18.
w2023,CONEDUC,conf_education,Trust and Confidence,"I am going to name some institutions in this country. As far as the people running these institutions are concerned, would you say you have a great deal of confidence, only some confidence, or hardly any confidence at all in them?",Education,1=A great deal of confidence; 2=Only some confidence; 3=Hardly any confidence at all; -8=Don't know,Show card 05-18.
w2003,CONELEC,conf_election_commission,Trust and Confidence,,,,Not included in this wave
w2004,CONELEC,conf_election_commission,Trust and Confidence,,,,Not included in this wave
w2005,CONELEC,conf_election_commission,Trust and Confidence,,,,Not included in this wave
w2006,CONELEC,conf_election_commission,Trust and Confidence,,,,Not included in this wave
w2007,CONELEC,conf_election_commission,Trust and Confidence,,,,Not included in this wave
w2008,CONELEC,conf_election_commission,Trust and Confidence,,,,Not included in this wave
w2009,CONELEC,conf_election_commission,Trust and Confidence,,,,Not included in this wave
w2010,CONELEC,conf_election_commission,Trust and Confidence,,,,Not included in this wave
w2011,CONELEC,conf_election_commission,Trust and Confidence,,,,Not included in this wave
w2012,CONELEC,conf_election_commission,Trust and Confidence,,,,Not included in this wave
w2013,CONELEC,conf_election_commission,Trust and Confidence,,,,Not included in this wave
w2014,CONELEC,conf_election_commission,Trust and Confidence,,,,Not included in this wave
w2016,CONELEC,conf_election_commission,Trust and Confidence,,,,Not included in this wave
w2018,CONELEC,conf_election_commission,Trust and Confidence,,,,Not included in this wave
w2021,CONELEC,conf_election_commission,Trust and Confidence,"I am going to name some institutions in this country. As far as the people running these institutions are concerned, would you say you have a great deal of confidence, only some confidence, or hardly any confidence at all in them?",National election commission,1=A great deal of confidence; 2=Only some confidence; 3=Hardly any confidence at all; -8=Don't know,Show card.
w2023,CONELEC,conf_election_commission,Trust and Confidence,"I am going to name some institutions in this country. As far as the people running these institutions are concerned, would you say you have a great deal of confidence, only some confidence, or hardly any confidence at all in them?",National election commission,1=A great deal of confidence; 2=Only some confidence; 3=Hardly any confidence at all; -8=Don't know,Show card.
w2003,CONFINAN,conf_finance,Trust and Confidence,"I am going to name some institutions in this country. As far as the people running these institutions are concerned, would you say you have a great deal of confidence, only some confidence, or hardly any confidence at all in them?",Banks and financial institutions,1=A great deal of confidence; 2=Only some confidence; 3=Hardly any confidence at all; -8=Don't know,Show card 05-18.
w2004,CONFINAN,conf_finance,Trust and Confidence,"I am going to name some institutions in this country. As far as the people running these institutions are concerned, would you say you have a great deal of confidence, only some confidence, or hardly any confidence at all in them?",Banks and financial institutions,1=A great deal of confidence; 2=Only some confidence; 3=Hardly any confidence at all; -8=Don't know,Show card 05-18.
w2005,CONFINAN,conf_finance,Trust and Confidence,"I am going to name some institutions in this country. As far as the people running these institutions are concerned, would you say you have a great deal of confidence, only some confidence, or hardly any confidence at all in them?",Banks and financial institutions,1=A great deal of confidence; 2=Only some confidence; 3=Hardly any confidence at all; -8=Don't know,Show card 05-18.
w2006,CONFINAN,conf_finance,Trust and Confidence,"I am going to name some institutions in this country. As far as the people running these institutions are concerned, would you say you have a great deal of confidence, only some confidence, or hardly any confidence at all in them?",Banks and financial institutions,1=A great deal of confidence; 2=Only some confidence; 3=Hardly any confidence at all; -8=Don't know,Show card 05-18.
w2007,CONFINAN,conf_finance,Trust and Confidence,"I am going to name some institutions in this country. As far as the people running these institutions are concerned, would you say you have a great deal of confidence, only some confidence, or hardly any confidence at all in them?",Banks and financial institutions,1=A great deal of confidence; 2=Only some confidence; 3=Hardly any confidence at all; -8=Don't know,Show card 05-18.
w2008,CONFINAN,conf_finance,Trust and Confidence,"I am going to name some institutions in this country. As far as the people running these institutions are concerned, would you say you have a great deal of confidence, only some confidence, or hardly any confidence at all in them?",Banks and financial institutions,1=A great deal of confidence; 2=Only some confidence; 3=Hardly any confidence at all; -8=Don't know,Show card 05-18.
w2009,CONFINAN,conf_finance,Trust and Confidence,"I am going to name some institutions in this country. As far as the people running these institutions are concerned, would you say you have a great deal of confidence, only some confidence, or hardly any confidence at all in them?",Banks and financial institutions,1=A great deal of confidence; 2=Only some confidence; 3=Hardly any confidence at all; -8=Don't know,Show card 05-18.
w2010,CONFINAN,conf_finance,Trust and Confidence,"I am going to name some institutions in this country. As far as the people running these institutions are concerned, would you say you have a great deal of confidence, only some confidence, or hardly any confidence at all in them?",Banks and financial institutions,1=A great deal of confidence; 2=Only some confidence; 3=Hardly any confidence at all; -8=Don't know,Show card 05-18.
w2011,CONFINAN,conf_finance,Trust and Confidence,"I am going to name some institutions in this country. As far as the people running these institutions are concerned, would you say you have a great deal of confidence, only some confidence, or hardly any confidence at all in them?",Banks and financial institutions,1=A great deal of confidence; 2=Only some confidence; 3=Hardly any confidence at all; -8=Don't know,Show card 05-18.
w2012,CONFINAN,conf_finance,Trust and Confidence,"I am going to name some institutions in this country. As far as the people running these institutions are concerned, would you say you have a great deal of confidence, only some confidence, or hardly any confidence at all in them?",Banks and financial institutions,1=A great deal of confidence; 2=Only some confidence; 3=Hardly any confidence at all; -8=Don't know,Show card 05-18.
w2013,CONFINAN,conf_finance,Trust and Confidence,"I am going to name some institutions in this country. As far as the people running these institutions are concerned, would you say you have a great deal of confidence, only some confidence, or hardly any confidence at all in them?",Banks and financial institutions,1=A great deal of confidence; 2=Only some confidence; 3=Hardly any confidence at all; -8=Don't know,Show card 05-18.
w2014,CONFINAN,conf_finance,Trust and Confidence,"I am going to name some institutions in this country. As far as the people running these institutions are concerned, would you say you have a great deal of confidence, only some confidence, or hardly any confidence at all in them?",Banks and financial institutions,1=A great deal of confidence; 2=Only some confidence; 3=Hardly any confidence at all; -8=Don't know,Show card 05-18.
w2016,CONFINAN,conf_finance,Trust and Confidence,"I am going to name some institutions in this country. As far as the people running these institutions are concerned, would you say you have a great deal of confidence, only some confidence, or hardly any confidence at all in them?",Banks and financial institutions,1=A great deal of confidence; 2=Only some confidence; 3=Hardly any confidence at all; -8=Don't know,Show card 05-18.
w2018,CONFINAN,conf_finance,Trust and Confidence,"I am going to name some institutions in this country. As far as the people running these institutions are concerned, would you say you have a great deal of confidence, only some confidence, or hardly any confidence at all in them?",Banks and financial institutions,1=A great deal of confidence; 2=Only some confidence; 3=Hardly any confidence at all; -8=Don't know,Show card 05-18.
w2021,CONFINAN,conf_finance,Trust and Confidence,"I am going to name some institutions in this country. As far as the people running these institutions are concerned, would you say you have a great deal of confidence, only some confidence, or hardly any confidence at all in them?",Banks and financial institutions,1=A great deal of confidence; 2=Only some confidence; 3=Hardly any confidence at all; -8=Don't know,Show card 05-18.
w2023,CONFINAN,conf_finance,Trust and Confidence,"I am going to name some institutions in this country. As far as the people running these institutions are concerned, would you say you have a great deal of confidence, only some confidence, or hardly any confidence at all in them?",Banks and financial institutions,1=A great deal of confidence; 2=Only some confidence; 3=Hardly any confidence at all; -8=Don't know,Show card 05-18.
w2003,CONLGOVT,conf_govt_local,Trust and Confidence,"I am going to name some institutions in this country. As far as the people running these institutions are concerned, would you say you have a great deal of confidence, only some confidence, or hardly any confidence at all in them?",Local government,1=A great deal of confidence; 2=Only some confidence; 3=Hardly any confidence at all; -8=Don't know,Show card 05-18.
w2004,CONLGOVT,conf_govt_local,Trust and Confidence,"I am going to name some institutions in this country. As far as the people running these institutions are concerned, would you say you have a great deal of confidence, only some confidence, or hardly any confidence at all in them?",Local government,1=A great deal of confidence; 2=Only some confidence; 3=Hardly any confidence at all; -8=Don't know,Show card 05-18.
w2005,CONLGOVT,conf_govt_local,Trust and Confidence,"I am going to name some institutions in this country. As far as the people running these institutions are concerned, would you say you have a great deal of confidence, only some confidence, or hardly any confidence at all in them?",Local government,1=A great deal of confidence; 2=Only some confidence; 3=Hardly any confidence at all; -8=Don't know,Show card 05-18.
w2006,CONLGOVT,conf_govt_local,Trust and Confidence,"I am going to name some institutions in this country. As far as the people running these institutions are concerned, would you say you have a great deal of confidence, only some confidence, or hardly any confidence at all in them?",Local government,1=A great deal of confidence; 2=Only some confidence; 3=Hardly any confidence at all; -8=Don't know,Show card 05-18.
w2007,CONLGOVT,conf_govt_local,Trust and Confidence,"I am going to name some institutions in this country. As far as the people running these institutions are concerned, would you say you have a great deal of confidence, only some confidence, or hardly any confidence at all in them?",Local government,1=A great deal of confidence; 2=Only some confidence; 3=Hardly any confidence at all; -8=Don't know,Show card 05-18.
w2008,CONLGOVT,conf_govt_local,Trust and Confidence,"I am going to name some institutions in this country. As far as the people running these institutions are concerned, would you say you have a great deal of confidence, only some confidence, or hardly any confidence at all in them?",Local government,1=A great deal of confidence; 2=Only some confidence; 3=Hardly any confidence at all; -8=Don't know,Show card 05-18.
w2009,CONLGOVT,conf_govt_local,Trust and Confidence,"I am going to name some institutions in this country. As far as the people running these institutions are concerned, would you say you have a great deal of confidence, only some confidence, or hardly any confidence at all in them?",Local government,1=A great deal of confidence; 2=Only some confidence; 3=Hardly any confidence at all; -8=Don't know,Show card 05-18.
w2010,CONLGOVT,conf_govt_local,Trust and Confidence,"I am going to name some institutions in this country. As far as the people running these institutions are concerned, would you say you have a great deal of confidence, only some confidence, or hardly any confidence at all in them?",Local government,1=A great deal of confidence; 2=Only some confidence; 3=Hardly any confidence at all; -8=Don't know,Show card 05-18.
w2011,CONLGOVT,conf_govt_local,Trust and Confidence,"I am going to name some institutions in this country. As far as the people running these institutions are concerned, would you say you have a great deal of confidence, only some confidence, or hardly any confidence at all in them?",Local government,1=A great deal of confidence; 2=Only some confidence; 3=Hardly any confidence at all; -8=Don't know,Show card 05-18.
w2012,CONLGOVT,conf_govt_local,Trust and Confidence,"I am going to name some institutions in this country. As far as the people running these institutions are concerned, would you say you have a great deal of confidence, only some confidence, or hardly any confidence at all in them?",Local government,1=A great deal of confidence; 2=Only some confidence; 3=Hardly any confidence at all; -8=Don't know,Show card 05-18.
w2013,CONLGOVT,conf_govt_local,Trust and Confidence,"I am going to name some institutions in this country. As far as the people running these institutions are concerned, would you say you have a great deal of confidence, only some confidence, or hardly any confidence at all in them?",Local government,1=A great deal of confidence; 2=Only some confidence; 3=Hardly any confidence at all; -8=Don't know,Show card 05-18.
w2014,CONLGOVT,conf_govt_local,Trust and Confidence,"I am going to name some institutions in this country. As far as the people running these institutions are concerned, would you say you have a great deal of confidence, only some confidence, or hardly any confidence at all in them?",Local government,1=A great deal of confidence; 2=Only some confidence; 3=Hardly any confidence at all; -8=Don't know,Show card 05-18.
w2016,CONLGOVT,conf_govt_local,Trust and Confidence,"I am going to name some institutions in this country. As far as the people running these institutions are concerned, would you say you have a great deal of confidence, only some confidence, or hardly any confidence at all in them?",Local government,1=A great deal of confidence; 2=Only some confidence; 3=Hardly any confidence at all; -8=Don't know,Show card 05-18.
w2018,CONLGOVT,conf_govt_local,Trust and Confidence,"I am going to name some institutions in this country. As far as the people running these institutions are concerned, would you say you have a great deal of confidence, only some confidence, or hardly any confidence at all in them?",Local government,1=A great deal of confidence; 2=Only some confidence; 3=Hardly any confidence at all; -8=Don't know,Show card 05-18.
w2021,CONLGOVT,conf_govt_local,Trust and Confidence,"I am going to name some institutions in this country. As far as the people running these institutions are concerned, would you say you have a great deal of confidence, only some confidence, or hardly any confidence at all in them?",Local government,1=A great deal of confidence; 2=Only some confidence; 3=Hardly any confidence at all; -8=Don't know,Show card 05-18.
w2023,CONLGOVT,conf_govt_local,Trust and Confidence,"I am going to name some institutions in this country. As far as the people running these institutions are concerned, would you say you have a great deal of confidence, only some confidence, or hardly any confidence at all in them?",Local government,1=A great deal of confidence; 2=Only some confidence; 3=Hardly any confidence at all; -8=Don't know,Show card 05-18.
w2003,CONGOVT,conf_govt_national,Trust and Confidence,"I am going to name some institutions in this country. As far as the people running these institutions are concerned, would you say you have a great deal of confidence, only some confidence, or hardly any confidence at all in them?",Executive branch of the national government,1=A great deal of confidence; 2=Only some confidence; 3=Hardly any confidence at all; -8=Don't know,Show card 05-18.
w2004,CONGOVT,conf_govt_national,Trust and Confidence,"I am going to name some institutions in this country. As far as the people running these institutions are concerned, would you say you have a great deal of confidence, only some confidence, or hardly any confidence at all in them?",Executive branch of the national government,1=A great deal of confidence; 2=Only some confidence; 3=Hardly any confidence at all; -8=Don't know,Show card 05-18.
w2005,CONGOVT,conf_govt_national,Trust and Confidence,"I am going to name some institutions in this country. As far as the people running these institutions are concerned, would you say you have a great deal of confidence, only some confidence, or hardly any confidence at all in them?",Executive branch of the national government,1=A great deal of confidence; 2=Only some confidence; 3=Hardly any confidence at all; -8=Don't know,Show card 05-18.
w2006,CONGOVT,conf_govt_national,Trust and Confidence,"I am going to name some institutions in this country. As far as the people running these institutions are concerned, would you say you have a great deal of confidence, only some confidence, or hardly any confidence at all in them?",Executive branch of the national government,1=A great deal of confidence; 2=Only some confidence; 3=Hardly any confidence at all; -8=Don't know,Show card 05-18.
w2007,CONGOVT,conf_govt_national,Trust and Confidence,"I am going to name some institutions in this country. As far as the people running these institutions are concerned, would you say you have a great deal of confidence, only some confidence, or hardly any confidence at all in them?",Executive branch of the national government,1=A great deal of confidence; 2=Only some confidence; 3=Hardly any confidence at all; -8=Don't know,Show card 05-18.
w2008,CONGOVT,conf_govt_national,Trust and Confidence,"I am going to name some institutions in this country. As far as the people running these institutions are concerned, would you say you have a great deal of confidence, only some confidence, or hardly any confidence at all in them?",Executive branch of the national government,1=A great deal of confidence; 2=Only some confidence; 3=Hardly any confidence at all; -8=Don't know,Show card 05-18.
w2009,CONGOVT,conf_govt_national,Trust and Confidence,"I am going to name some institutions in this country. As far as the people running these institutions are concerned, would you say you have a great deal of confidence, only some confidence, or hardly any confidence at all in them?",Executive branch of the national government,1=A great deal of confidence; 2=Only some confidence; 3=Hardly any confidence at all; -8=Don't know,Show card 05-18.
w2010,CONGOVT,conf_govt_national,Trust and Confidence,"I am going to name some institutions in this country. As far as the people running these institutions are concerned, would you say you have a great deal of confidence, only some confidence, or hardly any confidence at all in them?",Executive branch of the national government,1=A great deal of confidence; 2=Only some confidence; 3=Hardly any confidence at all; -8=Don't know,Show card 05-18.
w2011,CONGOVT,conf_govt_national,Trust and Confidence,"I am going to name some institutions in this country. As far as the people running these institutions are concerned, would you say you have a great deal of confidence, only some confidence, or hardly any confidence at all in them?",Executive branch of the national government,1=A great deal of confidence; 2=Only some confidence; 3=Hardly any confidence at all; -8=Don't know,Show card 05-18.
w2012,CONGOVT,conf_govt_national,Trust and Confidence,"I am going to name some institutions in this country. As far as the people running these institutions are concerned, would you say you have a great deal of confidence, only some confidence, or hardly any confidence at all in them?",Executive branch of the national government,1=A great deal of confidence; 2=Only some confidence; 3=Hardly any confidence at all; -8=Don't know,Show card 05-18.
w2013,CONGOVT,conf_govt_national,Trust and Confidence,"I am going to name some institutions in this country. As far as the people running these institutions are concerned, would you say you have a great deal of confidence, only some confidence, or hardly any confidence at all in them?",Executive branch of the national government,1=A great deal of confidence; 2=Only some confidence; 3=Hardly any confidence at all; -8=Don't know,Show card 05-18.
w2014,CONGOVT,conf_govt_national,Trust and Confidence,"I am going to name some institutions in this country. As far as the people running these institutions are concerned, would you say you have a great deal of confidence, only some confidence, or hardly any confidence at all in them?",Executive branch of the national government,1=A great deal of confidence; 2=Only some confidence; 3=Hardly any confidence at all; -8=Don't know,Show card 05-18.
w2016,CONGOVT,conf_govt_national,Trust and Confidence,"I am going to name some institutions in this country. As far as the people running these institutions are concerned, would you say you have a great deal of confidence, only some confidence, or hardly any confidence at all in them?",Executive branch of the national government,1=A great deal of confidence; 2=Only some confidence; 3=Hardly any confidence at all; -8=Don't know,Show card 05-18.
w2018,CONGOVT,conf_govt_national,Trust and Confidence,"I am going to name some institutions in this country. As far as the people running these institutions are concerned, would you say you have a great deal of confidence, only some confidence, or hardly any confidence at all in them?",Executive branch of the national government,1=A great deal of confidence; 2=Only some confidence; 3=Hardly any confidence at all; -8=Don't know,Show card 05-18.
w2021,CONGOVT,conf_govt_national,Trust and Confidence,"I am going to name some institutions in this country. As far as the people running these institutions are concerned, would you say you have a great deal of confidence, only some confidence, or hardly any confidence at all in them?",Executive branch of the national government,1=A great deal of confidence; 2=Only some confidence; 3=Hardly any confidence at all; -8=Don't know,Show card 05-18.
w2023,CONGOVT,conf_govt_national,Trust and Confidence,"I am going to name some institutions in this country. As far as the people running these institutions are concerned, would you say you have a great deal of confidence, only some confidence, or hardly any confidence at all in them?",Executive branch of the national government,1=A great deal of confidence; 2=Only some confidence; 3=Hardly any confidence at all; -8=Don't know,Show card 05-18.
w2003,CONJUDGE,conf_judiciary,Trust and Confidence,"I am going to name some institutions in this country. As far as the people running these institutions are concerned, would you say you have a great deal of confidence, only some confidence, or hardly any confidence at all in them?",The Supreme Court,1=A great deal of confidence; 2=Only some confidence; 3=Hardly any confidence at all; -8=Don't know,Show card 05-18.
w2004,CONJUDGE,conf_judiciary,Trust and Confidence,"I am going to name some institutions in this country. As far as the people running these institutions are concerned, would you say you have a great deal of confidence, only some confidence, or hardly any confidence at all in them?",The Supreme Court,1=A great deal of confidence; 2=Only some confidence; 3=Hardly any confidence at all; -8=Don't know,Show card 05-18.
w2005,CONJUDGE,conf_judiciary,Trust and Confidence,"I am going to name some institutions in this country. As far as the people running these institutions are concerned, would you say you have a great deal of confidence, only some confidence, or hardly any confidence at all in them?",The Supreme Court,1=A great deal of confidence; 2=Only some confidence; 3=Hardly any confidence at all; -8=Don't know,Show card 05-18.
w2006,CONJUDGE,conf_judiciary,Trust and Confidence,"I am going to name some institutions in this country. As far as the people running these institutions are concerned, would you say you have a great deal of confidence, only some confidence, or hardly any confidence at all in them?",The Supreme Court,1=A great deal of confidence; 2=Only some confidence; 3=Hardly any confidence at all; -8=Don't know,Show card 05-18.
w2007,CONJUDGE,conf_judiciary,Trust and Confidence,"I am going to name some institutions in this country. As far as the people running these institutions are concerned, would you say you have a great deal of confidence, only some confidence, or hardly any confidence at all in them?",The Supreme Court,1=A great deal of confidence; 2=Only some confidence; 3=Hardly any confidence at all; -8=Don't know,Show card 05-18.
w2008,CONJUDGE,conf_judiciary,Trust and Confidence,"I am going to name some institutions in this country. As far as the people running these institutions are concerned, would you say you have a great deal of confidence, only some confidence, or hardly any confidence at all in them?",The Supreme Court,1=A great deal of confidence; 2=Only some confidence; 3=Hardly any confidence at all; -8=Don't know,Show card 05-18.
w2009,CONJUDGE,conf_judiciary,Trust and Confidence,"I am going to name some institutions in this country. As far as the people running these institutions are concerned, would you say you have a great deal of confidence, only some confidence, or hardly any confidence at all in them?",The Supreme Court,1=A great deal of confidence; 2=Only some confidence; 3=Hardly any confidence at all; -8=Don't know,Show card 05-18.
w2010,CONJUDGE,conf_judiciary,Trust and Confidence,"I am going to name some institutions in this country. As far as the people running these institutions are concerned, would you say you have a great deal of confidence, only some confidence, or hardly any confidence at all in them?",The Supreme Court,1=A great deal of confidence; 2=Only some confidence; 3=Hardly any confidence at all; -8=Don't know,Show card 05-18.
w2011,CONJUDGE,conf_judiciary,Trust and Confidence,"I am going to name some institutions in this country. As far as the people running these institutions are concerned, would you say you have a great deal of confidence, only some confidence, or hardly any confidence at all in them?",The Supreme Court,1=A great deal of confidence; 2=Only some confidence; 3=Hardly any confidence at all; -8=Don't know,Show card 05-18.
w2012,CONJUDGE,conf_judiciary,Trust and Confidence,"I am going to name some institutions in this country. As far as the people running these institutions are concerned, would you say you have a great deal of confidence, only some confidence, or hardly any confidence at all in them?",The Supreme Court,1=A great deal of confidence; 2=Only some confidence; 3=Hardly any confidence at all; -8=Don't know,Show card 05-18.
w2013,CONJUDGE,conf_judiciary,Trust and Confidence,"I am going to name some institutions in this country. As far as the people running these institutions are concerned, would you say you have a great deal of confidence, only some confidence, or hardly any confidence at all in them?",The Supreme Court,1=A great deal of confidence; 2=Only some confidence; 3=Hardly any confidence at all; -8=Don't know,Show card 05-18.
w2014,CONJUDGE,conf_judiciary,Trust and Confidence,"I am going to name some institutions in this country. As far as the people running these institutions are concerned, would you say you have a great deal of confidence, only some confidence, or hardly any confidence at all in them?",The Supreme Court,1=A great deal of confidence; 2=Only some confidence; 3=Hardly any confidence at all; -8=Don't know,Show card 05-18.
w2016,CONJUDGE,conf_judiciary,Trust and Confidence,"I am going to name some institutions in this country. As far as the people running these institutions are concerned, would you say you have a great deal of confidence, only some confidence, or hardly any confidence at all in them?",The Supreme Court,1=A great deal of confidence; 2=Only some confidence; 3=Hardly any confidence at all; -8=Don't know,Show card 05-18.
w2018,CONJUDGE,conf_judiciary,Trust and Confidence,"I am going to name some institutions in this country. As far as the people running these institutions are concerned, would you say you have a great deal of confidence, only some confidence, or hardly any confidence at all in them?",The Supreme Court,1=A great deal of confidence; 2=Only some confidence; 3=Hardly any confidence at all; -8=Don't know,Show card 05-18.
w2021,CONJUDGE,conf_judiciary,Trust and Confidence,"I am going to name some institutions in this country. As far as the people running these institutions are concerned, would you say you have a great deal of confidence, only some confidence, or hardly any confidence at all in them?",The Supreme Court,1=A great deal of confidence; 2=Only some confidence; 3=Hardly any confidence at all; -8=Don't know,Show card 05-18.
w2023,CONJUDGE,conf_judiciary,Trust and Confidence,"I am going to name some institutions in this country. As far as the people running these institutions are concerned, would you say you have a great deal of confidence, only some confidence, or hardly any confidence at all in them?",The Supreme Court,1=A great deal of confidence; 2=Only some confidence; 3=Hardly any confidence at all; -8=Don't know,Show card 05-18.
w2003,CONLABOR,conf_labor,Trust and Confidence,"I am going to name some institutions in this country. As far as the people running these institutions are concerned, would you say you have a great deal of confidence, only some confidence, or hardly any confidence at all in them?",Organized labor,1=A great deal of confidence; 2=Only some confidence; 3=Hardly any confidence at all; -8=Don't know,Show card 05-18.
w2004,CONLABOR,conf_labor,Trust and Confidence,"I am going to name some institutions in this country. As far as the people running these institutions are concerned, would you say you have a great deal of confidence, only some confidence, or hardly any confidence at all in them?",Organized labor,1=A great deal of confidence; 2=Only some confidence; 3=Hardly any confidence at all; -8=Don't know,Show card 05-18.
w2005,CONLABOR,conf_labor,Trust and Confidence,"I am going to name some institutions in this country. As far as the people running these institutions are concerned, would you say you have a great deal of confidence, only some confidence, or hardly any confidence at all in them?",Organized labor,1=A great deal of confidence; 2=Only some confidence; 3=Hardly any confidence at all; -8=Don't know,Show card 05-18.
w2006,CONLABOR,conf_labor,Trust and Confidence,"I am going to name some institutions in this country. As far as the people running these institutions are concerned, would you say you have a great deal of confidence, only some confidence, or hardly any confidence at all in them?",Organized labor,1=A great deal of confidence; 2=Only some confidence; 3=Hardly any confidence at all; -8=Don't know,Show card 05-18.
w2007,CONLABOR,conf_labor,Trust and Confidence,"I am going to name some institutions in this country. As far as the people running these institutions are concerned, would you say you have a great deal of confidence, only some confidence, or hardly any confidence at all in them?",Organized labor,1=A great deal of confidence; 2=Only some confidence; 3=Hardly any confidence at all; -8=Don't know,Show card 05-18.
w2008,CONLABOR,conf_labor,Trust and Confidence,"I am going to name some institutions in this country. As far as the people running these institutions are concerned, would you say you have a great deal of confidence, only some confidence, or hardly any confidence at all in them?",Organized labor,1=A great deal of confidence; 2=Only some confidence; 3=Hardly any confidence at all; -8=Don't know,Show card 05-18.
w2009,CONLABOR,conf_labor,Trust and Confidence,"I am going to name some institutions in this country. As far as the people running these institutions are concerned, would you say you have a great deal of confidence, only some confidence, or hardly any confidence at all in them?",Organized labor,1=A great deal of confidence; 2=Only some confidence; 3=Hardly any confidence at all; -8=Don't know,Show card 05-18.
w2010,CONLABOR,conf_labor,Trust and Confidence,"I am going to name some institutions in this country. As far as the people running these institutions are concerned, would you say you have a great deal of confidence, only some confidence, or hardly any confidence at all in them?",Organized labor,1=A great deal of confidence; 2=Only some confidence; 3=Hardly any confidence at all; -8=Don't know,Show card 05-18.
w2011,CONLABOR,conf_labor,Trust and Confidence,"I am going to name some institutions in this country. As far as the people running these institutions are concerned, would you say you have a great deal of confidence, only some confidence, or hardly any confidence at all in them?",Organized labor,1=A great deal of confidence; 2=Only some confidence; 3=Hardly any confidence at all; -8=Don't know,Show card 05-18.
w2012,CONLABOR,conf_labor,Trust and Confidence,"I am going to name some institutions in this country. As far as the people running these institutions are concerned, would you say you have a great deal of confidence, only some confidence, or hardly any confidence at all in them?",Organized labor,1=A great deal of confidence; 2=Only some confidence; 3=Hardly any confidence at all; -8=Don't know,Show card 05-18.
w2013,CONLABOR,conf_labor,Trust and Confidence,"I am going to name some institutions in this country. As far as the people running these institutions are concerned, would you say you have a great deal of confidence, only some confidence, or hardly any confidence at all in them?",Organized labor,1=A great deal of confidence; 2=Only some confidence; 3=Hardly any confidence at all; -8=Don't know,Show card 05-18.
w2014,CONLABOR,conf_labor,Trust and Confidence,"I am going to name some institutions in this country. As far as the people running these institutions are concerned, would you say you have a great deal of confidence, only some confidence, or hardly any confidence at all in them?",Organized labor,1=A great deal of confidence; 2=Only some confidence; 3=Hardly any confidence at all; -8=Don't know,Show card 05-18.
w2016,CONLABOR,conf_labor,Trust and Confidence,"I am going to name some institutions in this country. As far as the people running these institutions are concerned, would you say you have a great deal of confidence, only some confidence, or hardly any confidence at all in them?",Organized labor,1=A great deal of confidence; 2=Only some confidence; 3=Hardly any confidence at all; -8=Don't know,Show card 05-18.
w2018,CONLABOR,conf_labor,Trust and Confidence,"I am going to name some institutions in this country. As far as the people running these institutions are concerned, would you say you have a great deal of confidence, only some confidence, or hardly any confidence at all in them?",Organized labor,1=A great deal of confidence; 2=Only some confidence; 3=Hardly any confidence at all; -8=Don't know,Show card 05-18.
w2021,CONLABOR,conf_labor,Trust and Confidence,"I am going to name some institutions in this country. As far as the people running these institutions are concerned, would you say you have a great deal of confidence, only some confidence, or hardly any confidence at all in them?",Organized labor,1=A great deal of confidence; 2=Only some confidence; 3=Hardly any confidence at all; -8=Don't know,Show card 05-18.
w2023,CONLABOR,conf_labor,Trust and Confidence,"I am going to name some institutions in this country. As far as the people running these institutions are concerned, would you say you have a great deal of confidence, only some confidence, or hardly any confidence at all in them?",Organized labor,1=A great deal of confidence; 2=Only some confidence; 3=Hardly any confidence at all; -8=Don't know,Show card 05-18.
w2003,CONLEGIS,conf_legislature,Trust and Confidence,"I am going to name some institutions in this country. As far as the people running these institutions are concerned, would you say you have a great deal of confidence, only some confidence, or hardly any confidence at all in them?",Congress,1=A great deal of confidence; 2=Only some confidence; 3=Hardly any confidence at all; -8=Don't know,Keyword: The National Assembly. Show card 05-18.
w2004,CONLEGIS,conf_legislature,Trust and Confidence,"I am going to name some institutions in this country. As far as the people running these institutions are concerned, would you say you have a great deal of confidence, only some confidence, or hardly any confidence at all in them?",Congress,1=A great deal of confidence; 2=Only some confidence; 3=Hardly any confidence at all; -8=Don't know,Keyword: The National Assembly. Show card 05-18.
w2005,CONLEGIS,conf_legislature,Trust and Confidence,"I am going to name some institutions in this country. As far as the people running these institutions are concerned, would you say you have a great deal of confidence, only some confidence, or hardly any confidence at all in them?",Congress,1=A great deal of confidence; 2=Only some confidence; 3=Hardly any confidence at all; -8=Don't know,Keyword: The National Assembly. Show card 05-18.
w2006,CONLEGIS,conf_legislature,Trust and Confidence,"I am going to name some institutions in this country. As far as the people running these institutions are concerned, would you say you have a great deal of confidence, only some confidence, or hardly any confidence at all in them?",Congress,1=A great deal of confidence; 2=Only some confidence; 3=Hardly any confidence at all; -8=Don't know,Keyword: The National Assembly. Show card 05-18.
w2007,CONLEGIS,conf_legislature,Trust and Confidence,"I am going to name some institutions in this country. As far as the people running these institutions are concerned, would you say you have a great deal of confidence, only some confidence, or hardly any confidence at all in them?",Congress,1=A great deal of confidence; 2=Only some confidence; 3=Hardly any confidence at all; -8=Don't know,Keyword: The National Assembly. Show card 05-18.
w2008,CONLEGIS,conf_legislature,Trust and Confidence,"I am going to name some institutions in this country. As far as the people running these institutions are concerned, would you say you have a great deal of confidence, only some confidence, or hardly any confidence at all in them?",Congress,1=A great deal of confidence; 2=Only some confidence; 3=Hardly any confidence at all; -8=Don't know,Keyword: The National Assembly. Show card 05-18.
w2009,CONLEGIS,conf_legislature,Trust and Confidence,"I am going to name some institutions in this country. As far as the people running these institutions are concerned, would you say you have a great deal of confidence, only some confidence, or hardly any confidence at all in them?",Congress,1=A great deal of confidence; 2=Only some confidence; 3=Hardly any confidence at all; -8=Don't know,Keyword: The National Assembly. Show card 05-18.
w2010,CONLEGIS,conf_legislature,Trust and Confidence,"I am going to name some institutions in this country. As far as the people running these institutions are concerned, would you say you have a great deal of confidence, only some confidence, or hardly any confidence at all in them?",Congress,1=A great deal of confidence; 2=Only some confidence; 3=Hardly any confidence at all; -8=Don't know,Keyword: The National Assembly. Show card 05-18.
w2011,CONLEGIS,conf_legislature,Trust and Confidence,"I am going to name some institutions in this country. As far as the people running these institutions are concerned, would you say you have a great deal of confidence, only some confidence, or hardly any confidence at all in them?",Congress,1=A great deal of confidence; 2=Only some confidence; 3=Hardly any confidence at all; -8=Don't know,Keyword: The National Assembly. Show card 05-18.
w2012,CONLEGIS,conf_legislature,Trust and Confidence,"I am going to name some institutions in this country. As far as the people running these institutions are concerned, would you say you have a great deal of confidence, only some confidence, or hardly any confidence at all in them?",Congress,1=A great deal of confidence; 2=Only some confidence; 3=Hardly any confidence at all; -8=Don't know,Keyword: The National Assembly. Show card 05-18.
w2013,CONLEGIS,conf_legislature,Trust and Confidence,"I am going to name some institutions in this country. As far as the people running these institutions are concerned, would you say you have a great deal of confidence, only some confidence, or hardly any confidence at all in them?",Congress,1=A great deal of confidence; 2=Only some confidence; 3=Hardly any confidence at all; -8=Don't know,Keyword: The National Assembly. Show card 05-18.
w2014,CONLEGIS,conf_legislature,Trust and Confidence,"I am going to name some institutions in this country. As far as the people running these institutions are concerned, would you say you have a great deal of confidence, only some confidence, or hardly any confidence at all in them?",Congress,1=A great deal of confidence; 2=Only some confidence; 3=Hardly any confidence at all; -8=Don't know,Keyword: The National Assembly. Show card 05-18.
w2016,CONLEGIS,conf_legislature,Trust and Confidence,"I am going to name some institutions in this country. As far as the people running these institutions are concerned, would you say you have a great deal of confidence, only some confidence, or hardly any confidence at all in them?",Congress,1=A great deal of confidence; 2=Only some confidence; 3=Hardly any confidence at all; -8=Don't know,Keyword: The National Assembly. Show card 05-18.
w2018,CONLEGIS,conf_legislature,Trust and Confidence,"I am going to name some institutions in this country. As far as the people running these institutions are concerned, would you say you have a great deal of confidence, only some confidence, or hardly any confidence at all in them?",Congress,1=A great deal of confidence; 2=Only some confidence; 3=Hardly any confidence at all; -8=Don't know,Keyword: The National Assembly. Show card 05-18.
w2021,CONLEGIS,conf_legislature,Trust and Confidence,"I am going to name some institutions in this country. As far as the people running these institutions are concerned, would you say you have a great deal of confidence, only some confidence, or hardly any confidence at all in them?",Congress,1=A great deal of confidence; 2=Only some confidence; 3=Hardly any confidence at all; -8=Don't know,Keyword: The National Assembly. Show card 05-18.
w2023,CONLEGIS,conf_legislature,Trust and Confidence,"I am going to name some institutions in this country. As far as the people running these institutions are concerned, would you say you have a great deal of confidence, only some confidence, or hardly any confidence at all in them?",Congress,1=A great deal of confidence; 2=Only some confidence; 3=Hardly any confidence at all; -8=Don't know,Keyword: The National Assembly. Show card 05-18.
w2003,CONMEDIC,conf_medicine,Trust and Confidence,"I am going to name some institutions in this country. As far as the people running these institutions are concerned, would you say you have a great deal of confidence, only some confidence, or hardly any confidence at all in them?",Medicine,1=A great deal of confidence; 2=Only some confidence; 3=Hardly any confidence at all; -8=Don't know,Show card 05-18.
w2004,CONMEDIC,conf_medicine,Trust and Confidence,"I am going to name some institutions in this country. As far as the people running these institutions are concerned, would you say you have a great deal of confidence, only some confidence, or hardly any confidence at all in them?",Medicine,1=A great deal of confidence; 2=Only some confidence; 3=Hardly any confidence at all; -8=Don't know,Show card 05-18.
w2005,CONMEDIC,conf_medicine,Trust and Confidence,"I am going to name some institutions in this country. As far as the people running these institutions are concerned, would you say you have a great deal of confidence, only some confidence, or hardly any confidence at all in them?",Medicine,1=A great deal of confidence; 2=Only some confidence; 3=Hardly any confidence at all; -8=Don't know,Show card 05-18.
w2006,CONMEDIC,conf_medicine,Trust and Confidence,"I am going to name some institutions in this country. As far as the people running these institutions are concerned, would you say you have a great deal of confidence, only some confidence, or hardly any confidence at all in them?",Medicine,1=A great deal of confidence; 2=Only some confidence; 3=Hardly any confidence at all; -8=Don't know,Show card 05-18.
w2007,CONMEDIC,conf_medicine,Trust and Confidence,"I am going to name some institutions in this country. As far as the people running these institutions are concerned, would you say you have a great deal of confidence, only some confidence, or hardly any confidence at all in them?",Medicine,1=A great deal of confidence; 2=Only some confidence; 3=Hardly any confidence at all; -8=Don't know,Show card 05-18.
w2008,CONMEDIC,conf_medicine,Trust and Confidence,"I am going to name some institutions in this country. As far as the people running these institutions are concerned, would you say you have a great deal of confidence, only some confidence, or hardly any confidence at all in them?",Medicine,1=A great deal of confidence; 2=Only some confidence; 3=Hardly any confidence at all; -8=Don't know,Show card 05-18.
w2009,CONMEDIC,conf_medicine,Trust and Confidence,"I am going to name some institutions in this country. As far as the people running these institutions are concerned, would you say you have a great deal of confidence, only some confidence, or hardly any confidence at all in them?",Medicine,1=A great deal of confidence; 2=Only some confidence; 3=Hardly any confidence at all; -8=Don't know,Show card 05-18.
w2010,CONMEDIC,conf_medicine,Trust and Confidence,"I am going to name some institutions in this country. As far as the people running these institutions are concerned, would you say you have a great deal of confidence, only some confidence, or hardly any confidence at all in them?",Medicine,1=A great deal of confidence; 2=Only some confidence; 3=Hardly any confidence at all; -8=Don't know,Show card 05-18.
w2011,CONMEDIC,conf_medicine,Trust and Confidence,"I am going to name some institutions in this country. As far as the people running these institutions are concerned, would you say you have a great deal of confidence, only some confidence, or hardly any confidence at all in them?",Medicine,1=A great deal of confidence; 2=Only some confidence; 3=Hardly any confidence at all; -8=Don't know,Show card 05-18.
w2012,CONMEDIC,conf_medicine,Trust and Confidence,"I am going to name some institutions in this country. As far as the people running these institutions are concerned, would you say you have a great deal of confidence, only some confidence, or hardly any confidence at all in them?",Medicine,1=A great deal of confidence; 2=Only some confidence; 3=Hardly any confidence at all; -8=Don't know,Show card 05-18.
w2013,CONMEDIC,conf_medicine,Trust and Confidence,"I am going to name some institutions in this country. As far as the people running these institutions are concerned, would you say you have a great deal of confidence, only some confidence, or hardly any confidence at all in them?",Medicine,1=A great deal of confidence; 2=Only some confidence; 3=Hardly any confidence at all; -8=Don't know,Show card 05-18.
w2014,CONMEDIC,conf_medicine,Trust and Confidence,"I am going to name some institutions in this country. As far as the people running these institutions are concerned, would you say you have a great deal of confidence, only some confidence, or hardly any confidence at all in them?",Medicine,1=A great deal of confidence; 2=Only some confidence; 3=Hardly any confidence at all; -8=Don't know,Show card 05-18.
w2016,CONMEDIC,conf_medicine,Trust and Confidence,"I am going to name some institutions in this country. As far as the people running these institutions are concerned, would you say you have a great deal of confidence, only some confidence, or hardly any confidence at all in them?",Medicine,1=A great deal of confidence; 2=Only some confidence; 3=Hardly any confidence at all; -8=Don't know,Show card 05-18.
w2018,CONMEDIC,conf_medicine,Trust and Confidence,"I am going to name some institutions in this country. As far as the people running these institutions are concerned, would you say you have a great deal of confidence, only some confidence, or hardly any confidence at all in them?",Medicine,1=A great deal of confidence; 2=Only some confidence; 3=Hardly any confidence at all; -8=Don't know,Show card 05-18.
w2021,CONMEDIC,conf_medicine,Trust and Confidence,"I am going to name some institutions in this country. As far as the people running these institutions are concerned, would you say you have a great deal of confidence, only some confidence, or hardly any confidence at all in them?",Medicine,1=A great deal of confidence; 2=Only some confidence; 3=Hardly any confidence at all; -8=Don't know,Show card 05-18.
w2023,CONMEDIC,conf_medicine,Trust and Confidence,"I am going to name some institutions in this country. As far as the people running these institutions are concerned, would you say you have a great deal of confidence, only some confidence, or hardly any confidence at all in them?",Medicine,1=A great deal of confidence; 2=Only some confidence; 3=Hardly any confidence at all; -8=Don't know,Show card 05-18.
w2003,CONARMY,conf_military,Trust and Confidence,"I am going to name some institutions in this country. As far as the people running these institutions are concerned, would you say you have a great deal of confidence, only some confidence, or hardly any confidence at all in them?",Military,1=A great deal of confidence; 2=Only some confidence; 3=Hardly any confidence at all; -8=Don't know,Show card 05-18.
w2004,CONARMY,conf_military,Trust and Confidence,"I am going to name some institutions in this country. As far as the people running these institutions are concerned, would you say you have a great deal of confidence, only some confidence, or hardly any confidence at all in them?",Military,1=A great deal of confidence; 2=Only some confidence; 3=Hardly any confidence at all; -8=Don't know,Show card 05-18.
w2005,CONARMY,conf_military,Trust and Confidence,"I am going to name some institutions in this country. As far as the people running these institutions are concerned, would you say you have a great deal of confidence, only some confidence, or hardly any confidence at all in them?",Military,1=A great deal of confidence; 2=Only some confidence; 3=Hardly any confidence at all; -8=Don't know,Show card 05-18.
w2006,CONARMY,conf_military,Trust and Confidence,"I am going to name some institutions in this country. As far as the people running these institutions are concerned, would you say you have a great deal of confidence, only some confidence, or hardly any confidence at all in them?",Military,1=A great deal of confidence; 2=Only some confidence; 3=Hardly any confidence at all; -8=Don't know,Show card 05-18.
w2007,CONARMY,conf_military,Trust and Confidence,"I am going to name some institutions in this country. As far as the people running these institutions are concerned, would you say you have a great deal of confidence, only some confidence, or hardly any confidence at all in them?",Military,1=A great deal of confidence; 2=Only some confidence; 3=Hardly any confidence at all; -8=Don't know,Show card 05-18.
w2008,CONARMY,conf_military,Trust and Confidence,"I am going to name some institutions in this country. As far as the people running these institutions are concerned, would you say you have a great deal of confidence, only some confidence, or hardly any confidence at all in them?",Military,1=A great deal of confidence; 2=Only some confidence; 3=Hardly any confidence at all; -8=Don't know,Show card 05-18.
w2009,CONARMY,conf_military,Trust and Confidence,"I am going to name some institutions in this country. As far as the people running these institutions are concerned, would you say you have a great deal of confidence, only some confidence, or hardly any confidence at all in them?",Military,1=A great deal of confidence; 2=Only some confidence; 3=Hardly any confidence at all; -8=Don't know,Show card 05-18.
w2010,CONARMY,conf_military,Trust and Confidence,"I am going to name some institutions in this country. As far as the people running these institutions are concerned, would you say you have a great deal of confidence, only some confidence, or hardly any confidence at all in them?",Military,1=A great deal of confidence; 2=Only some confidence; 3=Hardly any confidence at all; -8=Don't know,Show card 05-18.
w2011,CONARMY,conf_military,Trust and Confidence,"I am going to name some institutions in this country. As far as the people running these institutions are concerned, would you say you have a great deal of confidence, only some confidence, or hardly any confidence at all in them?",Military,1=A great deal of confidence; 2=Only some confidence; 3=Hardly any confidence at all; -8=Don't know,Show card 05-18.
w2012,CONARMY,conf_military,Trust and Confidence,"I am going to name some institutions in this country. As far as the people running these institutions are concerned, would you say you have a great deal of confidence, only some confidence, or hardly any confidence at all in them?",Military,1=A great deal of confidence; 2=Only some confidence; 3=Hardly any confidence at all; -8=Don't know,Show card 05-18.
w2013,CONARMY,conf_military,Trust and Confidence,"I am going to name some institutions in this country. As far as the people running these institutions are concerned, would you say you have a great deal of confidence, only some confidence, or hardly any confidence at all in them?",Military,1=A great deal of confidence; 2=Only some confidence; 3=Hardly any confidence at all; -8=Don't know,Show card 05-18.
w2014,CONARMY,conf_military,Trust and Confidence,"I am going to name some institutions in this country. As far as the people running these institutions are concerned, would you say you have a great deal of confidence, only some confidence, or hardly any confidence at all in them?",Military,1=A great deal of confidence; 2=Only some confidence; 3=Hardly any confidence at all; -8=Don't know,Show card 05-18.
w2016,CONARMY,conf_military,Trust and Confidence,"I am going to name some institutions in this country. As far as the people running these institutions are concerned, would you say you have a great deal of confidence, only some confidence, or hardly any confidence at all in them?",Military,1=A great deal of confidence; 2=Only some confidence; 3=Hardly any confidence at all; -8=Don't know,Show card 05-18.
w2018,CONARMY,conf_military,Trust and Confidence,"I am going to name some institutions in this country. As far as the people running these institutions are concerned, would you say you have a great deal of confidence, only some confidence, or hardly any confidence at all in them?",Military,1=A great deal of confidence; 2=Only some confidence; 3=Hardly any confidence at all; -8=Don't know,Show card 05-18.
w2021,CONARMY,conf_military,Trust and Confidence,"I am going to name some institutions in this country. As far as the people running these institutions are concerned, would you say you have a great deal of confidence, only some confidence, or hardly any confidence at all in them?",Military,1=A great deal of confidence; 2=Only some confidence; 3=Hardly any confidence at all; -8=Don't know,Show card 05-18.
w2023,CONARMY,conf_military,Trust and Confidence,"I am going to name some institutions in this country. As far as the people running these institutions are concerned, would you say you have a great deal of confidence, only some confidence, or hardly any confidence at all in them?",Military,1=A great deal of confidence; 2=Only some confidence; 3=Hardly any confidence at all; -8=Don't know,Show card 05-18.
w2003,CONPRESS,conf_press,Trust and Confidence,"I am going to name some institutions in this country. As far as the people running these institutions are concerned, would you say you have a great deal of confidence, only some confidence, or hardly any confidence at all in them?",Newspaper,1=A great deal of confidence; 2=Only some confidence; 3=Hardly any confidence at all; -8=Don't know,Show card 05-18.
w2004,CONPRESS,conf_press,Trust and Confidence,"I am going to name some institutions in this country. As far as the people running these institutions are concerned, would you say you have a great deal of confidence, only some confidence, or hardly any confidence at all in them?",Newspaper,1=A great deal of confidence; 2=Only some confidence; 3=Hardly any confidence at all; -8=Don't know,Show card 05-18.
w2005,CONPRESS,conf_press,Trust and Confidence,"I am going to name some institutions in this country. As far as the people running these institutions are concerned, would you say you have a great deal of confidence, only some confidence, or hardly any confidence at all in them?",Newspaper,1=A great deal of confidence; 2=Only some confidence; 3=Hardly any confidence at all; -8=Don't know,Show card 05-18.
w2006,CONPRESS,conf_press,Trust and Confidence,"I am going to name some institutions in this country. As far as the people running these institutions are concerned, would you say you have a great deal of confidence, only some confidence, or hardly any confidence at all in them?",Newspaper,1=A great deal of confidence; 2=Only some confidence; 3=Hardly any confidence at all; -8=Don't know,Show card 05-18.
w2007,CONPRESS,conf_press,Trust and Confidence,"I am going to name some institutions in this country. As far as the people running these institutions are concerned, would you say you have a great deal of confidence, only some confidence, or hardly any confidence at all in them?",Newspaper,1=A great deal of confidence; 2=Only some confidence; 3=Hardly any confidence at all; -8=Don't know,Show card 05-18.
w2008,CONPRESS,conf_press,Trust and Confidence,"I am going to name some institutions in this country. As far as the people running these institutions are concerned, would you say you have a great deal of confidence, only some confidence, or hardly any confidence at all in them?",Newspaper,1=A great deal of confidence; 2=Only some confidence; 3=Hardly any confidence at all; -8=Don't know,Show card 05-18.
w2009,CONPRESS,conf_press,Trust and Confidence,"I am going to name some institutions in this country. As far as the people running these institutions are concerned, would you say you have a great deal of confidence, only some confidence, or hardly any confidence at all in them?",Newspaper,1=A great deal of confidence; 2=Only some confidence; 3=Hardly any confidence at all; -8=Don't know,Show card 05-18.
w2010,CONPRESS,conf_press,Trust and Confidence,"I am going to name some institutions in this country. As far as the people running these institutions are concerned, would you say you have a great deal of confidence, only some confidence, or hardly any confidence at all in them?",Newspaper,1=A great deal of confidence; 2=Only some confidence; 3=Hardly any confidence at all; -8=Don't know,Show card 05-18.
w2011,CONPRESS,conf_press,Trust and Confidence,"I am going to name some institutions in this country. As far as the people running these institutions are concerned, would you say you have a great deal of confidence, only some confidence, or hardly any confidence at all in them?",Newspaper,1=A great deal of confidence; 2=Only some confidence; 3=Hardly any confidence at all; -8=Don't know,Show card 05-18.
w2012,CONPRESS,conf_press,Trust and Confidence,"I am going to name some institutions in this country. As far as the people running these institutions are concerned, would you say you have a great deal of confidence, only some confidence, or hardly any confidence at all in them?",Newspaper,1=A great deal of confidence; 2=Only some confidence; 3=Hardly any confidence at all; -8=Don't know,Show card 05-18.
w2013,CONPRESS,conf_press,Trust and Confidence,"I am going to name some institutions in this country. As far as the people running these institutions are concerned, would you say you have a great deal of confidence, only some confidence, or hardly any confidence at all in them?",Newspaper,1=A great deal of confidence; 2=Only some confidence; 3=Hardly any confidence at all; -8=Don't know,Show card 05-18.
w2014,CONPRESS,conf_press,Trust and Confidence,"I am going to name some institutions in this country. As far as the people running these institutions are concerned, would you say you have a great deal of confidence, only some confidence, or hardly any confidence at all in them?",Newspaper,1=A great deal of confidence; 2=Only some confidence; 3=Hardly any confidence at all; -8=Don't know,Show card 05-18.
w2016,CONPRESS,conf_press,Trust and Confidence,"I am going to name some institutions in this country. As far as the people running these institutions are concerned, would you say you have a great deal of confidence, only some confidence, or hardly any confidence at all in them?",Newspaper,1=A great deal of confidence; 2=Only some confidence; 3=Hardly any confidence at all; -8=Don't know,Show card 05-18.
w2018,CONPRESS,conf_press,Trust and Confidence,"I am going to name some institutions in this country. As far as the people running these institutions are concerned, would you say you have a great deal of confidence, only some confidence, or hardly any confidence at all in them?",Newspaper,1=A great deal of confidence; 2=Only some confidence; 3=Hardly any confidence at all; -8=Don't know,Show card 05-18.
w2021,CONPRESS,conf_press,Trust and Confidence,"I am going to name some institutions in this country. As far as the people running these institutions are concerned, would you say you have a great deal of confidence, only some confidence, or hardly any confidence at all in them?",Newspaper,1=A great deal of confidence; 2=Only some confidence; 3=Hardly any confidence at all; -8=Don't know,Show card 05-18.
w2023,CONPRESS,conf_press,Trust and Confidence,"I am going to name some institutions in this country. As far as the people running these institutions are concerned, would you say you have a great deal of confidence, only some confidence, or hardly any confidence at all in them?",Newspaper,1=A great deal of confidence; 2=Only some confidence; 3=Hardly any confidence at all; -8=Don't know,Show card 05-18.
w2003,CONPROS,conf_prosecutors,Trust and Confidence,,,,Not included in this wave
w2004,CONPROS,conf_prosecutors,Trust and Confidence,,,,Not included in this wave
w2005,CONPROS,conf_prosecutors,Trust and Confidence,,,,Not included in this wave
w2006,CONPROS,conf_prosecutors,Trust and Confidence,,,,Not included in this wave
w2007,CONPROS,conf_prosecutors,Trust and Confidence,,,,Not included in this wave
w2008,CONPROS,conf_prosecutors,Trust and Confidence,,,,Not included in this wave
w2009,CONPROS,conf_prosecutors,Trust and Confidence,,,,Not included in this wave
w2010,CONPROS,conf_prosecutors,Trust and Confidence,,,,Not included in this wave
w2011,CONPROS,conf_prosecutors,Trust and Confidence,,,,Not included in this wave
w2012,CONPROS,conf_prosecutors,Trust and Confidence,,,,Not included in this wave
w2013,CONPROS,conf_prosecutors,Trust and Confidence,,,,Not included in this wave
w2014,CONPROS,conf_prosecutors,Trust and Confidence,,,,Not included in this wave
w2016,CONPROS,conf_prosecutors,Trust and Confidence,,,,Not included in this wave
w2018,CONPROS,conf_prosecutors,Trust and Confidence,,,,Not included in this wave
w2021,CONPROS,conf_prosecutors,Trust and Confidence,"I am going to name some institutions in this country. As far as the people running these institutions are concerned, would you say you have a great deal of confidence, only some confidence, or hardly any confidence at all in them?",Prosecutors,1=A great deal of confidence; 2=Only some confidence; 3=Hardly any confidence at all; -8=Don't know,Keyword: Supreme Prosecutor's Office. Show card.
w2023,CONPROS,conf_prosecutors,Trust and Confidence,"I am going to name some institutions in this country. As far as the people running these institutions are concerned, would you say you have a great deal of confidence, only some confidence, or hardly any confidence at all in them?",Prosecutors,1=A great deal of confidence; 2=Only some confidence; 3=Hardly any confidence at all; -8=Don't know,Keyword: Supreme Prosecutor's Office. Show card.
w2003,CONRCH,conf_research,Trust and Confidence,,,,Not included in this wave
w2004,CONRCH,conf_research,Trust and Confidence,,,,Not included in this wave
w2005,CONRCH,conf_research,Trust and Confidence,,,,Not included in this wave
w2006,CONRCH,conf_research,Trust and Confidence,,,,Not included in this wave
w2007,CONRCH,conf_research,Trust and Confidence,,,,Not included in this wave
w2008,CONRCH,conf_research,Trust and Confidence,,,,Not included in this wave
w2009,CONRCH,conf_research,Trust and Confidence,,,,Not included in this wave
w2010,CONRCH,conf_research,Trust and Confidence,,,,Not included in this wave
w2011,CONRCH,conf_research,Trust and Confidence,,,,Not included in this wave
w2012,CONRCH,conf_research,Trust and Confidence,,,,Not included in this wave
w2013,CONRCH,conf_research,Trust and Confidence,"I am going to name some institutions in this country. As far as the people running these institutions are concerned, would you say you have a great deal of confidence, only some confidence, or hardly any confidence at all in them?",Public opinion research centers,1=A great deal of confidence; 2=Only some confidence; 3=Hardly any confidence at all; -8=Don't know,Show card.
w2014,CONRCH,conf_research,Trust and Confidence,"I am going to name some institutions in this country. As far as the people running these institutions are concerned, would you say you have a great deal of confidence, only some confidence, or hardly any confidence at all in them?",Public opinion research centers,1=A great deal of confidence; 2=Only some confidence; 3=Hardly any confidence at all; -8=Don't know,Show card.
w2016,CONRCH,conf_research,Trust and Confidence,"I am going to name some institutions in this country. As far as the people running these institutions are concerned, would you say you have a great deal of confidence, only some confidence, or hardly any confidence at all in them?",Public opinion research centers,1=A great deal of confidence; 2=Only some confidence; 3=Hardly any confidence at all; -8=Don't know,Show card.
w2018,CONRCH,conf_research,Trust and Confidence,"I am going to name some institutions in this country. As far as the people running these institutions are concerned, would you say you have a great deal of confidence, only some confidence, or hardly any confidence at all in them?",Public opinion research centers,1=A great deal of confidence; 2=Only some confidence; 3=Hardly any confidence at all; -8=Don't know,Show card.
w2021,CONRCH,conf_research,Trust and Confidence,"I am going to name some institutions in this country. As far as the people running these institutions are concerned, would you say you have a great deal of confidence, only some confidence, or hardly any confidence at all in them?",Public opinion research centers,1=A great deal of confidence; 2=Only some confidence; 3=Hardly any confidence at all; -8=Don't know,Show card.
w2023,CONRCH,conf_research,Trust and Confidence,"I am going to name some institutions in this country. As far as the people running these institutions are concerned, would you say you have a great deal of confidence, only some confidence, or hardly any confidence at all in them?",Public opinion research centers,1=A great deal of confidence; 2=Only some confidence; 3=Hardly any confidence at all; -8=Don't know,Show card.
w2003,CONSCI,conf_science,Trust and Confidence,"I am going to name some institutions in this country. As far as the people running these institutions are concerned, would you say you have a great deal of confidence, only some confidence, or hardly any confidence at all in them?",Scientific community,1=A great deal of confidence; 2=Only some confidence; 3=Hardly any confidence at all; -8=Don't know,Keyword: Academic community. Show card 05-18.
w2004,CONSCI,conf_science,Trust and Confidence,"I am going to name some institutions in this country. As far as the people running these institutions are concerned, would you say you have a great deal of confidence, only some confidence, or hardly any confidence at all in them?",Scientific community,1=A great deal of confidence; 2=Only some confidence; 3=Hardly any confidence at all; -8=Don't know,Keyword: Academic community. Show card 05-18.
w2005,CONSCI,conf_science,Trust and Confidence,"I am going to name some institutions in this country. As far as the people running these institutions are concerned, would you say you have a great deal of confidence, only some confidence, or hardly any confidence at all in them?",Scientific community,1=A great deal of confidence; 2=Only some confidence; 3=Hardly any confidence at all; -8=Don't know,Keyword: Academic community. Show card 05-18.
w2006,CONSCI,conf_science,Trust and Confidence,"I am going to name some institutions in this country. As far as the people running these institutions are concerned, would you say you have a great deal of confidence, only some confidence, or hardly any confidence at all in them?",Scientific community,1=A great deal of confidence; 2=Only some confidence; 3=Hardly any confidence at all; -8=Don't know,Keyword: Academic community. Show card 05-18.
w2007,CONSCI,conf_science,Trust and Confidence,"I am going to name some institutions in this country. As far as the people running these institutions are concerned, would you say you have a great deal of confidence, only some confidence, or hardly any confidence at all in them?",Scientific community,1=A great deal of confidence; 2=Only some confidence; 3=Hardly any confidence at all; -8=Don't know,Keyword: Academic community. Show card 05-18.
w2008,CONSCI,conf_science,Trust and Confidence,"I am going to name some institutions in this country. As far as the people running these institutions are concerned, would you say you have a great deal of confidence, only some confidence, or hardly any confidence at all in them?",Scientific community,1=A great deal of confidence; 2=Only some confidence; 3=Hardly any confidence at all; -8=Don't know,Keyword: Academic community. Show card 05-18.
w2009,CONSCI,conf_science,Trust and Confidence,"I am going to name some institutions in this country. As far as the people running these institutions are concerned, would you say you have a great deal of confidence, only some confidence, or hardly any confidence at all in them?",Scientific community,1=A great deal of confidence; 2=Only some confidence; 3=Hardly any confidence at all; -8=Don't know,Keyword: Academic community. Show card 05-18.
w2010,CONSCI,conf_science,Trust and Confidence,"I am going to name some institutions in this country. As far as the people running these institutions are concerned, would you say you have a great deal of confidence, only some confidence, or hardly any confidence at all in them?",Scientific community,1=A great deal of confidence; 2=Only some confidence; 3=Hardly any confidence at all; -8=Don't know,Keyword: Academic community. Show card 05-18.
w2011,CONSCI,conf_science,Trust and Confidence,"I am going to name some institutions in this country. As far as the people running these institutions are concerned, would you say you have a great deal of confidence, only some confidence, or hardly any confidence at all in them?",Scientific community,1=A great deal of confidence; 2=Only some confidence; 3=Hardly any confidence at all; -8=Don't know,Keyword: Academic community. Show card 05-18.
w2012,CONSCI,conf_science,Trust and Confidence,"I am going to name some institutions in this country. As far as the people running these institutions are concerned, would you say you have a great deal of confidence, only some confidence, or hardly any confidence at all in them?",Scientific community,1=A great deal of confidence; 2=Only some confidence; 3=Hardly any confidence at all; -8=Don't know,Keyword: Academic community. Show card 05-18.
w2013,CONSCI,conf_science,Trust and Confidence,"I am going to name some institutions in this country. As far as the people running these institutions are concerned, would you say you have a great deal of confidence, only some confidence, or hardly any confidence at all in them?",Scientific community,1=A great deal of confidence; 2=Only some confidence; 3=Hardly any confidence at all; -8=Don't know,Keyword: Academic community. Show card 05-18.
w2014,CONSCI,conf_science,Trust and Confidence,"I am going to name some institutions in this country. As far as the people running these institutions are concerned, would you say you have a great deal of confidence, only some confidence, or hardly any confidence at all in them?",Scientific community,1=A great deal of confidence; 2=Only some confidence; 3=Hardly any confidence at all; -8=Don't know,Keyword: Academic community. Show card 05-18.
w2016,CONSCI,conf_science,Trust and Confidence,"I am going to name some institutions in this country. As far as the people running these institutions are concerned, would you say you have a great deal of confidence, only some confidence, or hardly any confidence at all in them?",Scientific community,1=A great deal of confidence; 2=Only some confidence; 3=Hardly any confidence at all; -8=Don't know,Keyword: Academic community. Show card 05-18.
w2018,CONSCI,conf_science,Trust and Confidence,"I am going to name some institutions in this country. As far as the people running these institutions are concerned, would you say you have a great deal of confidence, only some confidence, or hardly any confidence at all in them?",Scientific community,1=A great deal of confidence; 2=Only some confidence; 3=Hardly any confidence at all; -8=Don't know,Keyword: Academic community. Show card 05-18.
w2021,CONSCI,conf_science,Trust and Confidence,"I am going to name some institutions in this country. As far as the people running these institutions are concerned, would you say you have a great deal of confidence, only some confidence, or hardly any confidence at all in them?",Scientific community,1=A great deal of confidence; 2=Only some confidence; 3=Hardly any confidence at all; -8=Don't know,Keyword: Academic community. Show card 05-18.
w2023,CONSCI,conf_science,Trust and Confidence,"I am going to name some institutions in this country. As far as the people running these institutions are concerned, would you say you have a great deal of confidence, only some confidence, or hardly any confidence at all in them?",Scientific community,1=A great deal of confidence; 2=Only some confidence; 3=Hardly any confidence at all; -8=Don't know,Keyword: Academic community. Show card 05-18.
w2003,CONSTAT,conf_statistics,Trust and Confidence,,,,Not included in this wave
w2004,CONSTAT,conf_statistics,Trust and Confidence,,,,Not included in this wave
w2005,CONSTAT,conf_statistics,Trust and Confidence,,,,Not included in this wave
w2006,CONSTAT,conf_statistics,Trust and Confidence,,,,Not included in this wave
w2007,CONSTAT,conf_statistics,Trust and Confidence,,,,Not included in this wave
w2008,CONSTAT,conf_statistics,Trust and Confidence,,,,Not included in this wave
w2009,CONSTAT,conf_statistics,Trust and Confidence,,,,Not included in this wave
w2010,CONSTAT,conf_statistics,Trust and Confidence,,,,Not included in this wave
w2011,CONSTAT,conf_statistics,Trust and Confidence,,,,Not included in this wave
w2012,CONSTAT,conf_statistics,Trust and Confidence,,,,Not included in this wave
w2013,CONSTAT,conf_statistics,Trust and Confidence,,,,Not included in this wave
w2014,CONSTAT,conf_statistics,Trust and Confidence,,,,Not included in this wave
w2016,CONSTAT,conf_statistics,Trust and Confidence,,,,Not included in this wave
w2018,CONSTAT,conf_statistics,Trust and Confidence,,,,Not included in this wave
w2021,CONSTAT,conf_statistics,Trust and Confidence,"I am going to name some institutions in this country. As far as the people running these institutions are concerned, would you say you have a great deal of confidence, only some confidence, or hardly any confidence at all in them?",National statistical office,1=A great deal of confidence; 2=Only some confidence; 3=Hardly any confidence at all; -8=Don't know,Keyword: Korea National Statistical Office. Show card.
w2023,CONSTAT,conf_statistics,Trust and Confidence,"I am going to name some institutions in this country. As far as the people running these institutions are concerned, would you say you have a great deal of confidence, only some confidence, or hardly any confidence at all in them?",National statistical office,1=A great deal of confidence; 2=Only some confidence; 3=Hardly any confidence at all; -8=Don't know,Keyword: Korea National Statistical Office. Show card.
w2003,CONTV,conf_television,Trust and Confidence,"I am going to name some institutions in this country. As far as the people running these institutions are concerned, would you say you have a great deal of confidence, only some confidence, or hardly any confidence at all in them?",TV,1=A great deal of confidence; 2=Only some confidence; 3=Hardly any confidence at all; -8=Don't know,Keyword: Broadcasting network. Show card 05-18.
w2004,CONTV,conf_television,Trust and Confidence,"I am going to name some institutions in this country. As far as the people running these institutions are concerned, would you say you have a great deal of confidence, only some confidence, or hardly any confidence at all in them?",TV,1=A great deal of confidence; 2=Only some confidence; 3=Hardly any confidence at all; -8=Don't know,Keyword: Broadcasting network. Show card 05-18.
w2005,CONTV,conf_television,Trust and Confidence,"I am going to name some institutions in this country. As far as the people running these institutions are concerned, would you say you have a great deal of confidence, only some confidence, or hardly any confidence at all in them?",TV,1=A great deal of confidence; 2=Only some confidence; 3=Hardly any confidence at all; -8=Don't know,Keyword: Broadcasting network. Show card 05-18.
w2006,CONTV,conf_television,Trust and Confidence,"I am going to name some institutions in this country. As far as the people running these institutions are concerned, would you say you have a great deal of confidence, only some confidence, or hardly any confidence at all in them?",TV,1=A great deal of confidence; 2=Only some confidence; 3=Hardly any confidence at all; -8=Don't know,Keyword: Broadcasting network. Show card 05-18.
w2007,CONTV,conf_television,Trust and Confidence,"I am going to name some institutions in this country. As far as the people running these institutions are concerned, would you say you have a great deal of confidence, only some confidence, or hardly any confidence at all in them?",TV,1=A great deal of confidence; 2=Only some confidence; 3=Hardly any confidence at all; -8=Don't know,Keyword: Broadcasting network. Show card 05-18.
w2008,CONTV,conf_television,Trust and Confidence,"I am going to name some institutions in this country. As far as the people running these institutions are concerned, would you say you have a great deal of confidence, only some confidence, or hardly any confidence at all in them?",TV,1=A great deal of confidence; 2=Only some confidence; 3=Hardly any confidence at all; -8=Don't know,Keyword: Broadcasting network. Show card 05-18.
w2009,CONTV,conf_television,Trust and Confidence,"I am going to name some institutions in this country. As far as the people running these institutions are concerned, would you say you have a great deal of confidence, only some confidence, or hardly any confidence at all in them?",TV,1=A great deal of confidence; 2=Only some confidence; 3=Hardly any confidence at all; -8=Don't know,Keyword: Broadcasting network. Show card 05-18.
w2010,CONTV,conf_television,Trust and Confidence,"I am going to name some institutions in this country. As far as the people running these institutions are concerned, would you say you have a great deal of confidence, only some confidence, or hardly any confidence at all in them?",TV,1=A great deal of confidence; 2=Only some confidence; 3=Hardly any confidence at all; -8=Don't know,Keyword: Broadcasting network. Show card 05-18.
w2011,CONTV,conf_television,Trust and Confidence,"I am going to name some institutions in this country. As far as the people running these institutions are concerned, would you say you have a great deal of confidence, only some confidence, or hardly any confidence at all in them?",TV,1=A great deal of confidence; 2=Only some confidence; 3=Hardly any confidence at all; -8=Don't know,Keyword: Broadcasting network. Show card 05-18.
w2012,CONTV,conf_television,Trust and Confidence,"I am going to name some institutions in this country. As far as the people running these institutions are concerned, would you say you have a great deal of confidence, only some confidence, or hardly any confidence at all in them?",TV,1=A great deal of confidence; 2=Only some confidence; 3=Hardly any confidence at all; -8=Don't know,Keyword: Broadcasting network. Show card 05-18.
w2013,CONTV,conf_television,Trust and Confidence,"I am going to name some institutions in this country. As far as the people running these institutions are concerned, would you say you have a great deal of confidence, only some confidence, or hardly any confidence at all in them?",TV,1=A great deal of confidence; 2=Only some confidence; 3=Hardly any confidence at all; -8=Don't know,Keyword: Broadcasting network. Show card 05-18.
w2014,CONTV,conf_television,Trust and Confidence,"I am going to name some institutions in this country. As far as the people running these institutions are concerned, would you say you have a great deal of confidence, only some confidence, or hardly any confidence at all in them?",TV,1=A great deal of confidence; 2=Only some confidence; 3=Hardly any confidence at all; -8=Don't know,Keyword: Broadcasting network. Show card 05-18.
w2016,CONTV,conf_television,Trust and Confidence,"I am going to name some institutions in this country. As far as the people running these institutions are concerned, would you say you have a great deal of confidence, only some confidence, or hardly any confidence at all in them?",TV,1=A great deal of confidence; 2=Only some confidence; 3=Hardly any confidence at all; -8=Don't know,Keyword: Broadcasting network. Show card 05-18.
w2018,CONTV,conf_television,Trust and Confidence,"I am going to name some institutions in this country. As far as the people running these institutions are concerned, would you say you have a great deal of confidence, only some confidence, or hardly any confidence at all in them?",TV,1=A great deal of confidence; 2=Only some confidence; 3=Hardly any confidence at all; -8=Don't know,Keyword: Broadcasting network. Show card 05-18.
w2021,CONTV,conf_television,Trust and Confidence,"I am going to name some institutions in this country. As far as the people running these institutions are concerned, would you say you have a great deal of confidence, only some confidence, or hardly any confidence at all in them?",TV,1=A great deal of confidence; 2=Only some confidence; 3=Hardly any confidence at all; -8=Don't know,Keyword: Broadcasting network. Show card 05-18.
w2023,CONTV,conf_television,Trust and Confidence,"I am going to name some institutions in this country. As far as the people running these institutions are concerned, would you say you have a great deal of confidence, only some confidence, or hardly any confidence at all in them?",TV,1=A great deal of confidence; 2=Only some confidence; 3=Hardly any confidence at all; -8=Don't know,Keyword: Broadcasting network. Show card 05-18.
w2003,EDUC,education,Demographics,,What is the highest level of school you have attended?,0=No formal school; 1=Elementary school; 2=Junior high school; 3=High school; 4=Junior college; 5=College (4-year); 6=Graduate school (Masters); 7=Graduate school (PhD); 8=Other (ex. Seodang); -8=Don't know,"2003 response: No formal school, Elementary school, Junior high school, High school, Junior college (Two year course), College (Four year course), Graduate school, Others (EX. SEODANG). 2004-2005 added Two or three year course distinction."
w2004,EDUC,education,Demographics,,What is the highest level of school you have attended?,0=No formal school; 1=Elementary school; 2=Junior high school; 3=High school; 4=Junior college; 5=College (4-year); 6=Graduate school (Masters); 7=Graduate school (PhD); 8=Other (ex. Seodang); -8=Don't know,"2003 response: No formal school, Elementary school, Junior high school, High school, Junior college (Two year course), College (Four year course), Graduate school, Others (EX. SEODANG). 2004-2005 added Two or three year course distinction."
w2005,EDUC,education,Demographics,,What is the highest level of school you have attended?,0=No formal school; 1=Elementary school; 2=Junior high school; 3=High school; 4=Junior college; 5=College (4-year); 6=Graduate school (Masters); 7=Graduate school (PhD); 8=Other (ex. Seodang); -8=Don't know,"2003 response: No formal school, Elementary school, Junior high school, High school, Junior college (Two year course), College (Four year course), Graduate school, Others (EX. SEODANG). 2004-2005 added Two or three year course distinction."
w2006,EDUC,education,Demographics,,What is the highest level of school you have attended?,0=No formal school; 1=Elementary school; 2=Junior high school; 3=High school; 4=Junior college; 5=College (4-year); 6=Graduate school (Masters); 7=Graduate school (PhD); 8=Other (ex. Seodang); -8=Don't know,"2003 response: No formal school, Elementary school, Junior high school, High school, Junior college (Two year course), College (Four year course), Graduate school, Others (EX. SEODANG). 2004-2005 added Two or three year course distinction."
w2007,EDUC,education,Demographics,,What is the highest level of school you have attended?,0=No formal school; 1=Elementary school; 2=Junior high school; 3=High school; 4=Junior college; 5=College (4-year); 6=Graduate school (Masters); 7=Graduate school (PhD); 8=Other (ex. Seodang); -8=Don't know,"2003 response: No formal school, Elementary school, Junior high school, High school, Junior college (Two year course), College (Four year course), Graduate school, Others (EX. SEODANG). 2004-2005 added Two or three year course distinction."
w2008,EDUC,education,Demographics,,What is the highest level of school you have attended?,0=No formal school; 1=Elementary school; 2=Junior high school; 3=High school; 4=Junior college; 5=College (4-year); 6=Graduate school (Masters); 7=Graduate school (PhD); 8=Other (ex. Seodang); -8=Don't know,"2003 response: No formal school, Elementary school, Junior high school, High school, Junior college (Two year course), College (Four year course), Graduate school, Others (EX. SEODANG). 2004-2005 added Two or three year course distinction."
w2009,EDUC,education,Demographics,,What is the highest level of school you have attended?,0=No formal school; 1=Elementary school; 2=Junior high school; 3=High school; 4=Junior college; 5=College (4-year); 6=Graduate school (Masters); 7=Graduate school (PhD); 8=Other (ex. Seodang); -8=Don't know,"2003 response: No formal school, Elementary school, Junior high school, High school, Junior college (Two year course), College (Four year course), Graduate school, Others (EX. SEODANG). 2004-2005 added Two or three year course distinction."
w2010,EDUC,education,Demographics,,What is the highest level of school you have attended?,0=No formal school; 1=Elementary school; 2=Junior high school; 3=High school; 4=Junior college; 5=College (4-year); 6=Graduate school (Masters); 7=Graduate school (PhD); 8=Other (ex. Seodang); -8=Don't know,"2003 response: No formal school, Elementary school, Junior high school, High school, Junior college (Two year course), College (Four year course), Graduate school, Others (EX. SEODANG). 2004-2005 added Two or three year course distinction."
w2011,EDUC,education,Demographics,,What is the highest level of school you have attended?,0=No formal school; 1=Elementary school; 2=Junior high school; 3=High school; 4=Junior college; 5=College (4-year); 6=Graduate school (Masters); 7=Graduate school (PhD); 8=Other (ex. Seodang); -8=Don't know,"2003 response: No formal school, Elementary school, Junior high school, High school, Junior college (Two year course), College (Four year course), Graduate school, Others (EX. SEODANG). 2004-2005 added Two or three year course distinction."
w2012,EDUC,education,Demographics,,What is the highest level of school you have attended?,0=No formal school; 1=Elementary school; 2=Junior high school; 3=High school; 4=Junior college; 5=College (4-year); 6=Graduate school (Masters); 7=Graduate school (PhD); 8=Other (ex. Seodang); -8=Don't know,"2003 response: No formal school, Elementary school, Junior high school, High school, Junior college (Two year course), College (Four year course), Graduate school, Others (EX. SEODANG). 2004-2005 added Two or three year course distinction."
w2013,EDUC,education,Demographics,,What is the highest level of school you have attended?,0=No formal school; 1=Elementary school; 2=Junior high school; 3=High school; 4=Junior college; 5=College (4-year); 6=Graduate school (Masters); 7=Graduate school (PhD); 8=Other (ex. Seodang); -8=Don't know,"2003 response: No formal school, Elementary school, Junior high school, High school, Junior college (Two year course), College (Four year course), Graduate school, Others (EX. SEODANG). 2004-2005 added Two or three year course distinction."
w2014,EDUC,education,Demographics,,What is the highest level of school you have attended?,0=No formal school; 1=Elementary school; 2=Junior high school; 3=High school; 4=Junior college; 5=College (4-year); 6=Graduate school (Masters); 7=Graduate school (PhD); 8=Other (ex. Seodang); -8=Don't know,"2003 response: No formal school, Elementary school, Junior high school, High school, Junior college (Two year course), College (Four year course), Graduate school, Others (EX. SEODANG). 2004-2005 added Two or three year course distinction."
w2016,EDUC,education,Demographics,,What is the highest level of school you have attended?,0=No formal school; 1=Elementary school; 2=Junior high school; 3=High school; 4=Junior college; 5=College (4-year); 6=Graduate school (Masters); 7=Graduate school (PhD); 8=Other (ex. Seodang); -8=Don't know,"2003 response: No formal school, Elementary school, Junior high school, High school, Junior college (Two year course), College (Four year course), Graduate school, Others (EX. SEODANG). 2004-2005 added Two or three year course distinction."
w2018,EDUC,education,Demographics,,What is the highest level of school you have attended?,0=No formal school; 1=Elementary school; 2=Junior high school; 3=High school; 4=Junior college; 5=College (4-year); 6=Graduate school (Masters); 7=Graduate school (PhD); 8=Other (ex. Seodang); -8=Don't know,"2003 response: No formal school, Elementary school, Junior high school, High school, Junior college (Two year course), College (Four year course), Graduate school, Others (EX. SEODANG). 2004-2005 added Two or three year course distinction."
w2021,EDUC,education,Demographics,,What is the highest level of school you have attended?,0=No formal school; 1=Elementary school; 2=Junior high school; 3=High school; 4=Junior college; 5=College (4-year); 6=Graduate school (Masters); 7=Graduate school (PhD); 8=Other (ex. Seodang); -8=Don't know,"2003 response: No formal school, Elementary school, Junior high school, High school, Junior college (Two year course), College (Four year course), Graduate school, Others (EX. SEODANG). 2004-2005 added Two or three year course distinction."
w2023,EDUC,education,Demographics,,What is the highest level of school you have attended?,0=No formal school; 1=Elementary school; 2=Junior high school; 3=High school; 4=Junior college; 5=College (4-year); 6=Graduate school (Masters); 7=Graduate school (PhD); 8=Other (ex. Seodang); -8=Don't know,"2003 response: No formal school, Elementary school, Junior high school, High school, Junior college (Two year course), College (Four year course), Graduate school, Others (EX. SEODANG). 2004-2005 added Two or three year course distinction."
w2003,EMPLY,employment,Demographics,"I would like to ask about your relationship with your family members. Family members include those living in your house, living somewhere else, and those who are not blood-related to you but live in your house. Please answer the following questions accordingly.",Is [PERSON] currently working for pay?,1=Employed; 2=Not employed; -8=Don't know,
w2004,EMPLY,employment,Demographics,"I would like to ask about your relationship with your family members. Family members include those living in your house, living somewhere else, and those who are not blood-related to you but live in your house. Please answer the following questions accordingly.",Is [PERSON] currently working for pay?,1=Employed; 2=Not employed; -8=Don't know,
w2005,EMPLY,employment,Demographics,"I would like to ask about your relationship with your family members. Family members include those living in your house, living somewhere else, and those who are not blood-related to you but live in your house. Please answer the following questions accordingly.",Is [PERSON] currently working for pay?,1=Employed; 2=Not employed; -8=Don't know,
w2006,EMPLY,employment,Demographics,"I would like to ask about your relationship with your family members. Family members include those living in your house, living somewhere else, and those who are not blood-related to you but live in your house. Please answer the following questions accordingly.",Is [PERSON] currently working for pay?,1=Employed; 2=Not employed; -8=Don't know,
w2007,EMPLY,employment,Demographics,"I would like to ask about your relationship with your family members. Family members include those living in your house, living somewhere else, and those who are not blood-related to you but live in your house. Please answer the following questions accordingly.",Is [PERSON] currently working for pay?,1=Employed; 2=Not employed; -8=Don't know,
w2008,EMPLY,employment,Demographics,"I would like to ask about your relationship with your family members. Family members include those living in your house, living somewhere else, and those who are not blood-related to you but live in your house. Please answer the following questions accordingly.",Is [PERSON] currently working for pay?,1=Employed; 2=Not employed; -8=Don't know,
w2009,EMPLY,employment,Demographics,"I would like to ask about your relationship with your family members. Family members include those living in your house, living somewhere else, and those who are not blood-related to you but live in your house. Please answer the following questions accordingly.",Is [PERSON] currently working for pay?,1=Employed; 2=Not employed; -8=Don't know,
w2010,EMPLY,employment,Demographics,"I would like to ask about your relationship with your family members. Family members include those living in your house, living somewhere else, and those who are not blood-related to you but live in your house. Please answer the following questions accordingly.",Is [PERSON] currently working for pay?,1=Employed; 2=Not employed; -8=Don't know,
w2011,EMPLY,employment,Demographics,"I would like to ask about your relationship with your family members. Family members include those living in your house, living somewhere else, and those who are not blood-related to you but live in your house. Please answer the following questions accordingly.",Is [PERSON] currently working for pay?,1=Employed; 2=Not employed; -8=Don't know,
w2012,EMPLY,employment,Demographics,"I would like to ask about your relationship with your family members. Family members include those living in your house, living somewhere else, and those who are not blood-related to you but live in your house. Please answer the following questions accordingly.",Is [PERSON] currently working for pay?,1=Employed; 2=Not employed; -8=Don't know,
w2013,EMPLY,employment,Demographics,"I would like to ask about your relationship with your family members. Family members include those living in your house, living somewhere else, and those who are not blood-related to you but live in your house. Please answer the following questions accordingly.",Is [PERSON] currently working for pay?,1=Employed; 2=Not employed; -8=Don't know,
w2014,EMPLY,employment,Demographics,"I would like to ask about your relationship with your family members. Family members include those living in your house, living somewhere else, and those who are not blood-related to you but live in your house. Please answer the following questions accordingly.",Is [PERSON] currently working for pay?,1=Employed; 2=Not employed; -8=Don't know,
w2016,EMPLY,employment,Demographics,"I would like to ask about your relationship with your family members. Family members include those living in your house, living somewhere else, and those who are not blood-related to you but live in your house. Please answer the following questions accordingly.",Is [PERSON] currently working for pay?,1=Employed; 2=Not employed; -8=Don't know,
w2018,EMPLY,employment,Demographics,"I would like to ask about your relationship with your family members. Family members include those living in your house, living somewhere else, and those who are not blood-related to you but live in your house. Please answer the following questions accordingly.",Is [PERSON] currently working for pay?,1=Employed; 2=Not employed; -8=Don't know,
w2021,EMPLY,employment,Demographics,"I would like to ask about your relationship with your family members. Family members include those living in your house, living somewhere else, and those who are not blood-related to you but live in your house. Please answer the following questions accordingly.",Is [PERSON] currently working for pay?,1=Employed; 2=Not employed; -8=Don't know,
w2023,EMPLY,employment,Demographics,"I would like to ask about your relationship with your family members. Family members include those living in your house, living somewhere else, and those who are not blood-related to you but live in your house. Please answer the following questions accordingly.",Is [PERSON] currently working for pay?,1=Employed; 2=Not employed; -8=Don't know,
w2003,INCOME,income,Demographics,,"What is the approximate total monthly income of your household before tax deductions? Please include the income of all household members, including yourself, such as employment income, interest, property and rental income, pensions, various subsidies, or personal financial support received from others. (For agricultural income or similar, divide the annual income by 12 to enter the monthly amount. However, exclude household members who do not share finances.)","0=No income; 1=Less than 500,000 won; 2=500,000-990,000 won; 3=1,000,000-1,490,000 won; 4=1,500,000-1,990,000 won; 5=2,000,000-2,490,000 won; 6=2,500,000-2,990,000 won; 7=3,000,000-3,490,000 won; 8=3,500,000-3,990,000 won; 9=4,000,000-4,490,000 won; 10=4,500,000-4,990,000 won; 11=More than 5,000,000 won; -8=Don't know",Income brackets in Korean Won (KRW). Brackets expanded in later years (up to code 21).
w2004,INCOME,income,Demographics,,"What is the approximate total monthly income of your household before tax deductions? Please include the income of all household members, including yourself, such as employment income, interest, property and rental income, pensions, various subsidies, or personal financial support received from others. (For agricultural income or similar, divide the annual income by 12 to enter the monthly amount. However, exclude household members who do not share finances.)","0=No income; 1=Less than 500,000 won; 2=500,000-990,000 won; 3=1,000,000-1,490,000 won; 4=1,500,000-1,990,000 won; 5=2,000,000-2,490,000 won; 6=2,500,000-2,990,000 won; 7=3,000,000-3,490,000 won; 8=3,500,000-3,990,000 won; 9=4,000,000-4,490,000 won; 10=4,500,000-4,990,000 won; 11=More than 5,000,000 won; -8=Don't know",Income brackets in Korean Won (KRW). Brackets expanded in later years (up to code 21).
w2005,INCOME,income,Demographics,,"What is the approximate total monthly income of your household before tax deductions? Please include the income of all household members, including yourself, such as employment income, interest, property and rental income, pensions, various subsidies, or personal financial support received from others. (For agricultural income or similar, divide the annual income by 12 to enter the monthly amount. However, exclude household members who do not share finances.)","0=No income; 1=Less than 500,000 won; 2=500,000-990,000 won; 3=1,000,000-1,490,000 won; 4=1,500,000-1,990,000 won; 5=2,000,000-2,490,000 won; 6=2,500,000-2,990,000 won; 7=3,000,000-3,490,000 won; 8=3,500,000-3,990,000 won; 9=4,000,000-4,490,000 won; 10=4,500,000-4,990,000 won; 11=More than 5,000,000 won; -8=Don't know",Income brackets in Korean Won (KRW). Brackets expanded in later years (up to code 21).
w2006,INCOME,income,Demographics,,"What is the approximate total monthly income of your household before tax deductions? Please include the income of all household members, including yourself, such as employment income, interest, property and rental income, pensions, various subsidies, or personal financial support received from others. (For agricultural income or similar, divide the annual income by 12 to enter the monthly amount. However, exclude household members who do not share finances.)","0=No income; 1=Less than 500,000 won; 2=500,000-990,000 won; 3=1,000,000-1,490,000 won; 4=1,500,000-1,990,000 won; 5=2,000,000-2,490,000 won; 6=2,500,000-2,990,000 won; 7=3,000,000-3,490,000 won; 8=3,500,000-3,990,000 won; 9=4,000,000-4,490,000 won; 10=4,500,000-4,990,000 won; 11=More than 5,000,000 won; -8=Don't know",Income brackets in Korean Won (KRW). Brackets expanded in later years (up to code 21).
w2007,INCOME,income,Demographics,,"What is the approximate total monthly income of your household before tax deductions? Please include the income of all household members, including yourself, such as employment income, interest, property and rental income, pensions, various subsidies, or personal financial support received from others. (For agricultural income or similar, divide the annual income by 12 to enter the monthly amount. However, exclude household members who do not share finances.)","0=No income; 1=Less than 500,000 won; 2=500,000-990,000 won; 3=1,000,000-1,490,000 won; 4=1,500,000-1,990,000 won; 5=2,000,000-2,490,000 won; 6=2,500,000-2,990,000 won; 7=3,000,000-3,490,000 won; 8=3,500,000-3,990,000 won; 9=4,000,000-4,490,000 won; 10=4,500,000-4,990,000 won; 11=More than 5,000,000 won; -8=Don't know",Income brackets in Korean Won (KRW). Brackets expanded in later years (up to code 21).
w2008,INCOME,income,Demographics,,"What is the approximate total monthly income of your household before tax deductions? Please include the income of all household members, including yourself, such as employment income, interest, property and rental income, pensions, various subsidies, or personal financial support received from others. (For agricultural income or similar, divide the annual income by 12 to enter the monthly amount. However, exclude household members who do not share finances.)","0=No income; 1=Less than 500,000 won; 2=500,000-990,000 won; 3=1,000,000-1,490,000 won; 4=1,500,000-1,990,000 won; 5=2,000,000-2,490,000 won; 6=2,500,000-2,990,000 won; 7=3,000,000-3,490,000 won; 8=3,500,000-3,990,000 won; 9=4,000,000-4,490,000 won; 10=4,500,000-4,990,000 won; 11=More than 5,000,000 won; -8=Don't know",Income brackets in Korean Won (KRW). Brackets expanded in later years (up to code 21).
w2009,INCOME,income,Demographics,,"What is the approximate total monthly income of your household before tax deductions? Please include the income of all household members, including yourself, such as employment income, interest, property and rental income, pensions, various subsidies, or personal financial support received from others. (For agricultural income or similar, divide the annual income by 12 to enter the monthly amount. However, exclude household members who do not share finances.)","0=No income; 1=Less than 500,000 won; 2=500,000-990,000 won; 3=1,000,000-1,490,000 won; 4=1,500,000-1,990,000 won; 5=2,000,000-2,490,000 won; 6=2,500,000-2,990,000 won; 7=3,000,000-3,490,000 won; 8=3,500,000-3,990,000 won; 9=4,000,000-4,490,000 won; 10=4,500,000-4,990,000 won; 11=More than 5,000,000 won; -8=Don't know",Income brackets in Korean Won (KRW). Brackets expanded in later years (up to code 21).
w2010,INCOME,income,Demographics,,"What is the approximate total monthly income of your household before tax deductions? Please include the income of all household members, including yourself, such as employment income, interest, property and rental income, pensions, various subsidies, or personal financial support received from others. (For agricultural income or similar, divide the annual income by 12 to enter the monthly amount. However, exclude household members who do not share finances.)","0=No income; 1=Less than 500,000 won; 2=500,000-990,000 won; 3=1,000,000-1,490,000 won; 4=1,500,000-1,990,000 won; 5=2,000,000-2,490,000 won; 6=2,500,000-2,990,000 won; 7=3,000,000-3,490,000 won; 8=3,500,000-3,990,000 won; 9=4,000,000-4,490,000 won; 10=4,500,000-4,990,000 won; 11=More than 5,000,000 won; -8=Don't know",Income brackets in Korean Won (KRW). Brackets expanded in later years (up to code 21).
w2011,INCOME,income,Demographics,,"What is the approximate total monthly income of your household before tax deductions? Please include the income of all household members, including yourself, such as employment income, interest, property and rental income, pensions, various subsidies, or personal financial support received from others. (For agricultural income or similar, divide the annual income by 12 to enter the monthly amount. However, exclude household members who do not share finances.)","0=No income; 1=Less than 500,000 won; 2=500,000-990,000 won; 3=1,000,000-1,490,000 won; 4=1,500,000-1,990,000 won; 5=2,000,000-2,490,000 won; 6=2,500,000-2,990,000 won; 7=3,000,000-3,490,000 won; 8=3,500,000-3,990,000 won; 9=4,000,000-4,490,000 won; 10=4,500,000-4,990,000 won; 11=More than 5,000,000 won; -8=Don't know",Income brackets in Korean Won (KRW). Brackets expanded in later years (up to code 21).
w2012,INCOME,income,Demographics,,"What is the approximate total monthly income of your household before tax deductions? Please include the income of all household members, including yourself, such as employment income, interest, property and rental income, pensions, various subsidies, or personal financial support received from others. (For agricultural income or similar, divide the annual income by 12 to enter the monthly amount. However, exclude household members who do not share finances.)","0=No income; 1=Less than 500,000 won; 2=500,000-990,000 won; 3=1,000,000-1,490,000 won; 4=1,500,000-1,990,000 won; 5=2,000,000-2,490,000 won; 6=2,500,000-2,990,000 won; 7=3,000,000-3,490,000 won; 8=3,500,000-3,990,000 won; 9=4,000,000-4,490,000 won; 10=4,500,000-4,990,000 won; 11=More than 5,000,000 won; -8=Don't know",Income brackets in Korean Won (KRW). Brackets expanded in later years (up to code 21).
w2013,INCOME,income,Demographics,,"What is the approximate total monthly income of your household before tax deductions? Please include the income of all household members, including yourself, such as employment income, interest, property and rental income, pensions, various subsidies, or personal financial support received from others. (For agricultural income or similar, divide the annual income by 12 to enter the monthly amount. However, exclude household members who do not share finances.)","0=No income; 1=Less than 500,000 won; 2=500,000-990,000 won; 3=1,000,000-1,490,000 won; 4=1,500,000-1,990,000 won; 5=2,000,000-2,490,000 won; 6=2,500,000-2,990,000 won; 7=3,000,000-3,490,000 won; 8=3,500,000-3,990,000 won; 9=4,000,000-4,490,000 won; 10=4,500,000-4,990,000 won; 11=More than 5,000,000 won; -8=Don't know",Income brackets in Korean Won (KRW). Brackets expanded in later years (up to code 21).
w2014,INCOME,income,Demographics,,"What is the approximate total monthly income of your household before tax deductions? Please include the income of all household members, including yourself, such as employment income, interest, property and rental income, pensions, various subsidies, or personal financial support received from others. (For agricultural income or similar, divide the annual income by 12 to enter the monthly amount. However, exclude household members who do not share finances.)","0=No income; 1=Less than 500,000 won; 2=500,000-990,000 won; 3=1,000,000-1,490,000 won; 4=1,500,000-1,990,000 won; 5=2,000,000-2,490,000 won; 6=2,500,000-2,990,000 won; 7=3,000,000-3,490,000 won; 8=3,500,000-3,990,000 won; 9=4,000,000-4,490,000 won; 10=4,500,000-4,990,000 won; 11=More than 5,000,000 won; -8=Don't know",Income brackets in Korean Won (KRW). Brackets expanded in later years (up to code 21).
w2016,INCOME,income,Demographics,,"What is the approximate total monthly income of your household before tax deductions? Please include the income of all household members, including yourself, such as employment income, interest, property and rental income, pensions, various subsidies, or personal financial support received from others. (For agricultural income or similar, divide the annual income by 12 to enter the monthly amount. However, exclude household members who do not share finances.)","0=No income; 1=Less than 500,000 won; 2=500,000-990,000 won; 3=1,000,000-1,490,000 won; 4=1,500,000-1,990,000 won; 5=2,000,000-2,490,000 won; 6=2,500,000-2,990,000 won; 7=3,000,000-3,490,000 won; 8=3,500,000-3,990,000 won; 9=4,000,000-4,490,000 won; 10=4,500,000-4,990,000 won; 11=More than 5,000,000 won; -8=Don't know",Income brackets in Korean Won (KRW). Brackets expanded in later years (up to code 21).
w2018,INCOME,income,Demographics,,"What is the approximate total monthly income of your household before tax deductions? Please include the income of all household members, including yourself, such as employment income, interest, property and rental income, pensions, various subsidies, or personal financial support received from others. (For agricultural income or similar, divide the annual income by 12 to enter the monthly amount. However, exclude household members who do not share finances.)","0=No income; 1=Less than 500,000 won; 2=500,000-990,000 won; 3=1,000,000-1,490,000 won; 4=1,500,000-1,990,000 won; 5=2,000,000-2,490,000 won; 6=2,500,000-2,990,000 won; 7=3,000,000-3,490,000 won; 8=3,500,000-3,990,000 won; 9=4,000,000-4,490,000 won; 10=4,500,000-4,990,000 won; 11=More than 5,000,000 won; -8=Don't know",Income brackets in Korean Won (KRW). Brackets expanded in later years (up to code 21).
w2021,INCOME,income,Demographics,,"What is the approximate total monthly income of your household before tax deductions? Please include the income of all household members, including yourself, such as employment income, interest, property and rental income, pensions, various subsidies, or personal financial support received from others. (For agricultural income or similar, divide the annual income by 12 to enter the monthly amount. However, exclude household members who do not share finances.)","0=No income; 1=Less than 500,000 won; 2=500,000-990,000 won; 3=1,000,000-1,490,000 won; 4=1,500,000-1,990,000 won; 5=2,000,000-2,490,000 won; 6=2,500,000-2,990,000 won; 7=3,000,000-3,490,000 won; 8=3,500,000-3,990,000 won; 9=4,000,000-4,490,000 won; 10=4,500,000-4,990,000 won; 11=More than 5,000,000 won; -8=Don't know",Income brackets in Korean Won (KRW). Brackets expanded in later years (up to code 21).
w2023,INCOME,income,Demographics,,"What is the approximate total monthly income of your household before tax deductions? Please include the income of all household members, including yourself, such as employment income, interest, property and rental income, pensions, various subsidies, or personal financial support received from others. (For agricultural income or similar, divide the annual income by 12 to enter the monthly amount. However, exclude household members who do not share finances.)","0=No income; 1=Less than 500,000 won; 2=500,000-990,000 won; 3=1,000,000-1,490,000 won; 4=1,500,000-1,990,000 won; 5=2,000,000-2,490,000 won; 6=2,500,000-2,990,000 won; 7=3,000,000-3,490,000 won; 8=3,500,000-3,990,000 won; 9=4,000,000-4,490,000 won; 10=4,500,000-4,990,000 won; 11=More than 5,000,000 won; -8=Don't know",Income brackets in Korean Won (KRW). Brackets expanded in later years (up to code 21).
w2003,MARITAL,marital_status,Demographics,"I would like to ask about your relationship with your family members. Family members include those living in your house, living somewhere else, and those who are not blood-related to you but live in your house. Please answer the following questions accordingly.","Is [PERSON] now never married, married, divorced, widowed, or separated?",1=Married; 2=Widowed; 3=Divorced; 4=Separated; 5=Never married; 6=Cohabiting; -8=Don't know,"2003 response order: never married, married, divorced, widowed, separated. 2004 response order: married, widowed, divorced, separated, never married."
w2004,MARITAL,marital_status,Demographics,"I would like to ask about your relationship with your family members. Family members include those living in your house, living somewhere else, and those who are not blood-related to you but live in your house. Please answer the following questions accordingly.","Is [PERSON] now never married, married, divorced, widowed, or separated?",1=Married; 2=Widowed; 3=Divorced; 4=Separated; 5=Never married; 6=Cohabiting; -8=Don't know,"2003 response order: never married, married, divorced, widowed, separated. 2004 response order: married, widowed, divorced, separated, never married."
w2005,MARITAL,marital_status,Demographics,"I would like to ask about your relationship with your family members. Family members include those living in your house, living somewhere else, and those who are not blood-related to you but live in your house. Please answer the following questions accordingly.","Is [PERSON] now never married, married, divorced, widowed, or separated?",1=Married; 2=Widowed; 3=Divorced; 4=Separated; 5=Never married; 6=Cohabiting; -8=Don't know,"2003 response order: never married, married, divorced, widowed, separated. 2004 response order: married, widowed, divorced, separated, never married."
w2006,MARITAL,marital_status,Demographics,"I would like to ask about your relationship with your family members. Family members include those living in your house, living somewhere else, and those who are not blood-related to you but live in your house. Please answer the following questions accordingly.","Is [PERSON] now never married, married, divorced, widowed, or separated?",1=Married; 2=Widowed; 3=Divorced; 4=Separated; 5=Never married; 6=Cohabiting; -8=Don't know,"2003 response order: never married, married, divorced, widowed, separated. 2004 response order: married, widowed, divorced, separated, never married."
w2007,MARITAL,marital_status,Demographics,"I would like to ask about your relationship with your family members. Family members include those living in your house, living somewhere else, and those who are not blood-related to you but live in your house. Please answer the following questions accordingly.","Is [PERSON] now never married, married, divorced, widowed, or separated?",1=Married; 2=Widowed; 3=Divorced; 4=Separated; 5=Never married; 6=Cohabiting; -8=Don't know,"2003 response order: never married, married, divorced, widowed, separated. 2004 response order: married, widowed, divorced, separated, never married."
w2008,MARITAL,marital_status,Demographics,"I would like to ask about your relationship with your family members. Family members include those living in your house, living somewhere else, and those who are not blood-related to you but live in your house. Please answer the following questions accordingly.","Is [PERSON] now never married, married, divorced, widowed, or separated?",1=Married; 2=Widowed; 3=Divorced; 4=Separated; 5=Never married; 6=Cohabiting; -8=Don't know,"2003 response order: never married, married, divorced, widowed, separated. 2004 response order: married, widowed, divorced, separated, never married."
w2009,MARITAL,marital_status,Demographics,"I would like to ask about your relationship with your family members. Family members include those living in your house, living somewhere else, and those who are not blood-related to you but live in your house. Please answer the following questions accordingly.","Is [PERSON] now never married, married, divorced, widowed, or separated?",1=Married; 2=Widowed; 3=Divorced; 4=Separated; 5=Never married; 6=Cohabiting; -8=Don't know,"2003 response order: never married, married, divorced, widowed, separated. 2004 response order: married, widowed, divorced, separated, never married."
w2010,MARITAL,marital_status,Demographics,"I would like to ask about your relationship with your family members. Family members include those living in your house, living somewhere else, and those who are not blood-related to you but live in your house. Please answer the following questions accordingly.","Is [PERSON] now never married, married, divorced, widowed, or separated?",1=Married; 2=Widowed; 3=Divorced; 4=Separated; 5=Never married; 6=Cohabiting; -8=Don't know,"2003 response order: never married, married, divorced, widowed, separated. 2004 response order: married, widowed, divorced, separated, never married."
w2011,MARITAL,marital_status,Demographics,"I would like to ask about your relationship with your family members. Family members include those living in your house, living somewhere else, and those who are not blood-related to you but live in your house. Please answer the following questions accordingly.","Is [PERSON] now never married, married, divorced, widowed, or separated?",1=Married; 2=Widowed; 3=Divorced; 4=Separated; 5=Never married; 6=Cohabiting; -8=Don't know,"2003 response order: never married, married, divorced, widowed, separated. 2004 response order: married, widowed, divorced, separated, never married."
w2012,MARITAL,marital_status,Demographics,"I would like to ask about your relationship with your family members. Family members include those living in your house, living somewhere else, and those who are not blood-related to you but live in your house. Please answer the following questions accordingly.","Is [PERSON] now never married, married, divorced, widowed, or separated?",1=Married; 2=Widowed; 3=Divorced; 4=Separated; 5=Never married; 6=Cohabiting; -8=Don't know,"2003 response order: never married, married, divorced, widowed, separated. 2004 response order: married, widowed, divorced, separated, never married."
w2013,MARITAL,marital_status,Demographics,"I would like to ask about your relationship with your family members. Family members include those living in your house, living somewhere else, and those who are not blood-related to you but live in your house. Please answer the following questions accordingly.","Is [PERSON] now never married, married, divorced, widowed, or separated?",1=Married; 2=Widowed; 3=Divorced; 4=Separated; 5=Never married; 6=Cohabiting; -8=Don't know,"2003 response order: never married, married, divorced, widowed, separated. 2004 response order: married, widowed, divorced, separated, never married."
w2014,MARITAL,marital_status,Demographics,"I would like to ask about your relationship with your family members. Family members include those living in your house, living somewhere else, and those who are not blood-related to you but live in your house. Please answer the following questions accordingly.","Is [PERSON] now never married, married, divorced, widowed, or separated?",1=Married; 2=Widowed; 3=Divorced; 4=Separated; 5=Never married; 6=Cohabiting; -8=Don't know,"2003 response order: never married, married, divorced, widowed, separated. 2004 response order: married, widowed, divorced, separated, never married."
w2016,MARITAL,marital_status,Demographics,"I would like to ask about your relationship with your family members. Family members include those living in your house, living somewhere else, and those who are not blood-related to you but live in your house. Please answer the following questions accordingly.","Is [PERSON] now never married, married, divorced, widowed, or separated?",1=Married; 2=Widowed; 3=Divorced; 4=Separated; 5=Never married; 6=Cohabiting; -8=Don't know,"2003 response order: never married, married, divorced, widowed, separated. 2004 response order: married, widowed, divorced, separated, never married."
w2018,MARITAL,marital_status,Demographics,"I would like to ask about your relationship with your family members. Family members include those living in your house, living somewhere else, and those who are not blood-related to you but live in your house. Please answer the following questions accordingly.","Is [PERSON] now never married, married, divorced, widowed, or separated?",1=Married; 2=Widowed; 3=Divorced; 4=Separated; 5=Never married; 6=Cohabiting; -8=Don't know,"2003 response order: never married, married, divorced, widowed, separated. 2004 response order: married, widowed, divorced, separated, never married."
w2021,MARITAL,marital_status,Demographics,"I would like to ask about your relationship with your family members. Family members include those living in your house, living somewhere else, and those who are not blood-related to you but live in your house. Please answer the following questions accordingly.","Is [PERSON] now never married, married, divorced, widowed, or separated?",1=Married; 2=Widowed; 3=Divorced; 4=Separated; 5=Never married; 6=Cohabiting; -8=Don't know,"2003 response order: never married, married, divorced, widowed, separated. 2004 response order: married, widowed, divorced, separated, never married."
w2023,MARITAL,marital_status,Demographics,"I would like to ask about your relationship with your family members. Family members include those living in your house, living somewhere else, and those who are not blood-related to you but live in your house. Please answer the following questions accordingly.","Is [PERSON] now never married, married, divorced, widowed, or separated?",1=Married; 2=Widowed; 3=Divorced; 4=Separated; 5=Never married; 6=Cohabiting; -8=Don't know,"2003 response order: never married, married, divorced, widowed, separated. 2004 response order: married, widowed, divorced, separated, never married."
w2003,ECOPROS,pol_econ_prospect,Political Attitudes,,"Do you think the economic conditions in South Korea will be much better, somewhat better, about the same, somewhat worse, or much worse?",1=Much better; 2=Somewhat better; 3=About the same; 4=Somewhat worse; 5=Much worse; -8=Don't know,
w2004,ECOPROS,pol_econ_prospect,Political Attitudes,,"Do you think the economic conditions in South Korea will be much better, somewhat better, about the same, somewhat worse, or much worse?",1=Much better; 2=Somewhat better; 3=About the same; 4=Somewhat worse; 5=Much worse; -8=Don't know,
w2005,ECOPROS,pol_econ_prospect,Political Attitudes,,"Do you think the economic conditions in South Korea will be much better, somewhat better, about the same, somewhat worse, or much worse?",1=Much better; 2=Somewhat better; 3=About the same; 4=Somewhat worse; 5=Much worse; -8=Don't know,
w2006,ECOPROS,pol_econ_prospect,Political Attitudes,,"Do you think the economic conditions in South Korea will be much better, somewhat better, about the same, somewhat worse, or much worse?",1=Much better; 2=Somewhat better; 3=About the same; 4=Somewhat worse; 5=Much worse; -8=Don't know,
w2007,ECOPROS,pol_econ_prospect,Political Attitudes,,"Do you think the economic conditions in South Korea will be much better, somewhat better, about the same, somewhat worse, or much worse?",1=Much better; 2=Somewhat better; 3=About the same; 4=Somewhat worse; 5=Much worse; -8=Don't know,
w2008,ECOPROS,pol_econ_prospect,Political Attitudes,,"Do you think the economic conditions in South Korea will be much better, somewhat better, about the same, somewhat worse, or much worse?",1=Much better; 2=Somewhat better; 3=About the same; 4=Somewhat worse; 5=Much worse; -8=Don't know,
w2009,ECOPROS,pol_econ_prospect,Political Attitudes,,"Do you think the economic conditions in South Korea will be much better, somewhat better, about the same, somewhat worse, or much worse?",1=Much better; 2=Somewhat better; 3=About the same; 4=Somewhat worse; 5=Much worse; -8=Don't know,
w2010,ECOPROS,pol_econ_prospect,Political Attitudes,,"Do you think the economic conditions in South Korea will be much better, somewhat better, about the same, somewhat worse, or much worse?",1=Much better; 2=Somewhat better; 3=About the same; 4=Somewhat worse; 5=Much worse; -8=Don't know,
w2011,ECOPROS,pol_econ_prospect,Political Attitudes,,"Do you think the economic conditions in South Korea will be much better, somewhat better, about the same, somewhat worse, or much worse?",1=Much better; 2=Somewhat better; 3=About the same; 4=Somewhat worse; 5=Much worse; -8=Don't know,
w2012,ECOPROS,pol_econ_prospect,Political Attitudes,,"Do you think the economic conditions in South Korea will be much better, somewhat better, about the same, somewhat worse, or much worse?",1=Much better; 2=Somewhat better; 3=About the same; 4=Somewhat worse; 5=Much worse; -8=Don't know,
w2013,ECOPROS,pol_econ_prospect,Political Attitudes,,"Do you think the economic conditions in South Korea will be much better, somewhat better, about the same, somewhat worse, or much worse?",1=Much better; 2=Somewhat better; 3=About the same; 4=Somewhat worse; 5=Much worse; -8=Don't know,
w2014,ECOPROS,pol_econ_prospect,Political Attitudes,,"Do you think the economic conditions in South Korea will be much better, somewhat better, about the same, somewhat worse, or much worse?",1=Much better; 2=Somewhat better; 3=About the same; 4=Somewhat worse; 5=Much worse; -8=Don't know,
w2016,ECOPROS,pol_econ_prospect,Political Attitudes,,,,Not included in this wave
w2018,ECOPROS,pol_econ_prospect,Political Attitudes,,,,Not included in this wave
w2021,ECOPROS,pol_econ_prospect,Political Attitudes,,,,Not included in this wave
w2023,ECOPROS,pol_econ_prospect,Political Attitudes,,,,Not included in this wave
w2003,SATECO,pol_econ_sat,Political Attitudes,,How satisfied are you with the present state of the economy in South Korea?,1=Very satisfied; 2=Somewhat satisfied; 3=Neither satisfied nor dissatisfied; 4=Somewhat dissatisfied; 5=Very dissatisfied; -8=Don't know,
w2004,SATECO,pol_econ_sat,Political Attitudes,,How satisfied are you with the present state of the economy in South Korea?,1=Very satisfied; 2=Somewhat satisfied; 3=Neither satisfied nor dissatisfied; 4=Somewhat dissatisfied; 5=Very dissatisfied; -8=Don't know,
w2005,SATECO,pol_econ_sat,Political Attitudes,,How satisfied are you with the present state of the economy in South Korea?,1=Very satisfied; 2=Somewhat satisfied; 3=Neither satisfied nor dissatisfied; 4=Somewhat dissatisfied; 5=Very dissatisfied; -8=Don't know,
w2006,SATECO,pol_econ_sat,Political Attitudes,,How satisfied are you with the present state of the economy in South Korea?,1=Very satisfied; 2=Somewhat satisfied; 3=Neither satisfied nor dissatisfied; 4=Somewhat dissatisfied; 5=Very dissatisfied; -8=Don't know,
w2007,SATECO,pol_econ_sat,Political Attitudes,,How satisfied are you with the present state of the economy in South Korea?,1=Very satisfied; 2=Somewhat satisfied; 3=Neither satisfied nor dissatisfied; 4=Somewhat dissatisfied; 5=Very dissatisfied; -8=Don't know,
w2008,SATECO,pol_econ_sat,Political Attitudes,,How satisfied are you with the present state of the economy in South Korea?,1=Very satisfied; 2=Somewhat satisfied; 3=Neither satisfied nor dissatisfied; 4=Somewhat dissatisfied; 5=Very dissatisfied; -8=Don't know,
w2009,SATECO,pol_econ_sat,Political Attitudes,,,,Not included in this wave
w2010,SATECO,pol_econ_sat,Political Attitudes,,,,Not included in this wave
w2011,SATECO,pol_econ_sat,Political Attitudes,,How satisfied are you with the present state of the economy in South Korea?,1=Very satisfied; 2=Somewhat satisfied; 3=Neither satisfied nor dissatisfied; 4=Somewhat dissatisfied; 5=Very dissatisfied; -8=Don't know,
w2012,SATECO,pol_econ_sat,Political Attitudes,,How satisfied are you with the present state of the economy in South Korea?,1=Very satisfied; 2=Somewhat satisfied; 3=Neither satisfied nor dissatisfied; 4=Somewhat dissatisfied; 5=Very dissatisfied; -8=Don't know,
w2013,SATECO,pol_econ_sat,Political Attitudes,,How satisfied are you with the present state of the economy in South Korea?,1=Very satisfied; 2=Somewhat satisfied; 3=Neither satisfied nor dissatisfied; 4=Somewhat dissatisfied; 5=Very dissatisfied; -8=Don't know,
w2014,SATECO,pol_econ_sat,Political Attitudes,,How satisfied are you with the present state of the economy in South Korea?,1=Very satisfied; 2=Somewhat satisfied; 3=Neither satisfied nor dissatisfied; 4=Somewhat dissatisfied; 5=Very dissatisfied; -8=Don't know,
w2016,SATECO,pol_econ_sat,Political Attitudes,,,,Not included in this wave
w2018,SATECO,pol_econ_sat,Political Attitudes,,,,Not included in this wave
w2021,SATECO,pol_econ_sat,Political Attitudes,,,,Not included in this wave
w2023,SATECO,pol_econ_sat,Political Attitudes,,,,Not included in this wave
w2003,CURGOV,pol_govt_eval,Political Attitudes,,"On the whole, how good do you think the current government is in administering state affairs?",1=Very good; 2=Somewhat good; 3=Neither good nor poor; 4=Somewhat poor; 5=Very poor; -8=Don't know,
w2004,CURGOV,pol_govt_eval,Political Attitudes,,"On the whole, how good do you think the current government is in administering state affairs?",1=Very good; 2=Somewhat good; 3=Neither good nor poor; 4=Somewhat poor; 5=Very poor; -8=Don't know,
w2005,CURGOV,pol_govt_eval,Political Attitudes,,"On the whole, how good do you think the current government is in administering state affairs?",1=Very good; 2=Somewhat good; 3=Neither good nor poor; 4=Somewhat poor; 5=Very poor; -8=Don't know,
w2006,CURGOV,pol_govt_eval,Political Attitudes,,"On the whole, how good do you think the current government is in administering state affairs?",1=Very good; 2=Somewhat good; 3=Neither good nor poor; 4=Somewhat poor; 5=Very poor; -8=Don't know,
w2007,CURGOV,pol_govt_eval,Political Attitudes,,"On the whole, how good do you think the current government is in administering state affairs?",1=Very good; 2=Somewhat good; 3=Neither good nor poor; 4=Somewhat poor; 5=Very poor; -8=Don't know,
w2008,CURGOV,pol_govt_eval,Political Attitudes,,"On the whole, how good do you think the current government is in administering state affairs?",1=Very good; 2=Somewhat good; 3=Neither good nor poor; 4=Somewhat poor; 5=Very poor; -8=Don't know,
w2009,CURGOV,pol_govt_eval,Political Attitudes,,"On the whole, how good do you think the current government is in administering state affairs?",1=Very good; 2=Somewhat good; 3=Neither good nor poor; 4=Somewhat poor; 5=Very poor; -8=Don't know,
w2010,CURGOV,pol_govt_eval,Political Attitudes,,"On the whole, how good do you think the current government is in administering state affairs?",1=Very good; 2=Somewhat good; 3=Neither good nor poor; 4=Somewhat poor; 5=Very poor; -8=Don't know,
w2011,CURGOV,pol_govt_eval,Political Attitudes,,"On the whole, how good do you think the current government is in administering state affairs?",1=Very good; 2=Somewhat good; 3=Neither good nor poor; 4=Somewhat poor; 5=Very poor; -8=Don't know,
w2012,CURGOV,pol_govt_eval,Political Attitudes,,"On the whole, how good do you think the current government is in administering state affairs?",1=Very good; 2=Somewhat good; 3=Neither good nor poor; 4=Somewhat poor; 5=Very poor; -8=Don't know,
w2013,CURGOV,pol_govt_eval,Political Attitudes,,"On the whole, how good do you think the current government is in administering state affairs?",1=Very good; 2=Somewhat good; 3=Neither good nor poor; 4=Somewhat poor; 5=Very poor; -8=Don't know,
w2014,CURGOV,pol_govt_eval,Political Attitudes,,"On the whole, how good do you think the current government is in administering state affairs?",1=Very good; 2=Somewhat good; 3=Neither good nor poor; 4=Somewhat poor; 5=Very poor; -8=Don't know,
w2016,CURGOV,pol_govt_eval,Political Attitudes,,"On the whole, how good do you think the current government is in administering state affairs?",1=Very good; 2=Somewhat good; 3=Neither good nor poor; 4=Somewhat poor; 5=Very poor; -8=Don't know,
w2018,CURGOV,pol_govt_eval,Political Attitudes,,"On the whole, how good do you think the current government is in administering state affairs?",1=Very good; 2=Somewhat good; 3=Neither good nor poor; 4=Somewhat poor; 5=Very poor; -8=Don't know,
w2021,CURGOV,pol_govt_eval,Political Attitudes,,,,Not included in this wave
w2023,CURGOV,pol_govt_eval,Political Attitudes,,"On the whole, how good do you think the current government is in administering state affairs?",1=Very good; 2=Somewhat good; 3=Neither good nor poor; 4=Somewhat poor; 5=Very poor; -8=Don't know,
w2003,PARTYLR,pol_ideology,Political Attitudes,,To what degree do you think yourself politically liberal or conservative?,1=Very liberal; 2=Somewhat liberal; 3=Neither liberal nor conservative; 4=Somewhat conservative; 5=Very conservative; -8=Don't know,Show card 16-18.
w2004,PARTYLR,pol_ideology,Political Attitudes,,To what degree do you think yourself politically liberal or conservative?,1=Very liberal; 2=Somewhat liberal; 3=Neither liberal nor conservative; 4=Somewhat conservative; 5=Very conservative; -8=Don't know,Show card 16-18.
w2005,PARTYLR,pol_ideology,Political Attitudes,,To what degree do you think yourself politically liberal or conservative?,1=Very liberal; 2=Somewhat liberal; 3=Neither liberal nor conservative; 4=Somewhat conservative; 5=Very conservative; -8=Don't know,Show card 16-18.
w2006,PARTYLR,pol_ideology,Political Attitudes,,To what degree do you think yourself politically liberal or conservative?,1=Very liberal; 2=Somewhat liberal; 3=Neither liberal nor conservative; 4=Somewhat conservative; 5=Very conservative; -8=Don't know,Show card 16-18.
w2007,PARTYLR,pol_ideology,Political Attitudes,,To what degree do you think yourself politically liberal or conservative?,1=Very liberal; 2=Somewhat liberal; 3=Neither liberal nor conservative; 4=Somewhat conservative; 5=Very conservative; -8=Don't know,Show card 16-18.
w2008,PARTYLR,pol_ideology,Political Attitudes,,To what degree do you think yourself politically liberal or conservative?,1=Very liberal; 2=Somewhat liberal; 3=Neither liberal nor conservative; 4=Somewhat conservative; 5=Very conservative; -8=Don't know,Show card 16-18.
w2009,PARTYLR,pol_ideology,Political Attitudes,,To what degree do you think yourself politically liberal or conservative?,1=Very liberal; 2=Somewhat liberal; 3=Neither liberal nor conservative; 4=Somewhat conservative; 5=Very conservative; -8=Don't know,Show card 16-18.
w2010,PARTYLR,pol_ideology,Political Attitudes,,To what degree do you think yourself politically liberal or conservative?,1=Very liberal; 2=Somewhat liberal; 3=Neither liberal nor conservative; 4=Somewhat conservative; 5=Very conservative; -8=Don't know,Show card 16-18.
w2011,PARTYLR,pol_ideology,Political Attitudes,,To what degree do you think yourself politically liberal or conservative?,1=Very liberal; 2=Somewhat liberal; 3=Neither liberal nor conservative; 4=Somewhat conservative; 5=Very conservative; -8=Don't know,Show card 16-18.
w2012,PARTYLR,pol_ideology,Political Attitudes,,To what degree do you think yourself politically liberal or conservative?,1=Very liberal; 2=Somewhat liberal; 3=Neither liberal nor conservative; 4=Somewhat conservative; 5=Very conservative; -8=Don't know,Show card 16-18.
w2013,PARTYLR,pol_ideology,Political Attitudes,,To what degree do you think yourself politically liberal or conservative?,1=Very liberal; 2=Somewhat liberal; 3=Neither liberal nor conservative; 4=Somewhat conservative; 5=Very conservative; -8=Don't know,Show card 16-18.
w2014,PARTYLR,pol_ideology,Political Attitudes,,To what degree do you think yourself politically liberal or conservative?,1=Very liberal; 2=Somewhat liberal; 3=Neither liberal nor conservative; 4=Somewhat conservative; 5=Very conservative; -8=Don't know,Show card 16-18.
w2016,PARTYLR,pol_ideology,Political Attitudes,,To what degree do you think yourself politically liberal or conservative?,1=Very liberal; 2=Somewhat liberal; 3=Neither liberal nor conservative; 4=Somewhat conservative; 5=Very conservative; -8=Don't know,Show card 16-18.
w2018,PARTYLR,pol_ideology,Political Attitudes,,To what degree do you think yourself politically liberal or conservative?,1=Very liberal; 2=Somewhat liberal; 3=Neither liberal nor conservative; 4=Somewhat conservative; 5=Very conservative; -8=Don't know,Show card 16-18.
w2021,PARTYLR,pol_ideology,Political Attitudes,,To what degree do you think yourself politically liberal or conservative?,1=Very liberal; 2=Somewhat liberal; 3=Neither liberal nor conservative; 4=Somewhat conservative; 5=Very conservative; -8=Don't know,Show card 16-18.
w2023,PARTYLR,pol_ideology,Political Attitudes,,To what degree do you think yourself politically liberal or conservative?,1=Very liberal; 2=Somewhat liberal; 3=Neither liberal nor conservative; 4=Somewhat conservative; 5=Very conservative; -8=Don't know,Show card 16-18.
w2003,KRPROUD,pol_national_pride,Political Attitudes,,How proud are you of being Korean?,1=Very proud; 2=Somewhat proud; 3=Not very proud; 4=Not proud at all; -8=Don't know,Show card 16-18.
w2004,KRPROUD,pol_national_pride,Political Attitudes,,How proud are you of being Korean?,1=Very proud; 2=Somewhat proud; 3=Not very proud; 4=Not proud at all; -8=Don't know,Show card 16-18.
w2005,KRPROUD,pol_national_pride,Political Attitudes,,How proud are you of being Korean?,1=Very proud; 2=Somewhat proud; 3=Not very proud; 4=Not proud at all; -8=Don't know,Show card 16-18.
w2006,KRPROUD,pol_national_pride,Political Attitudes,,How proud are you of being Korean?,1=Very proud; 2=Somewhat proud; 3=Not very proud; 4=Not proud at all; -8=Don't know,Show card 16-18.
w2007,KRPROUD,pol_national_pride,Political Attitudes,,How proud are you of being Korean?,1=Very proud; 2=Somewhat proud; 3=Not very proud; 4=Not proud at all; -8=Don't know,Show card 16-18.
w2008,KRPROUD,pol_national_pride,Political Attitudes,,How proud are you of being Korean?,1=Very proud; 2=Somewhat proud; 3=Not very proud; 4=Not proud at all; -8=Don't know,Show card 16-18.
w2009,KRPROUD,pol_national_pride,Political Attitudes,,How proud are you of being Korean?,1=Very proud; 2=Somewhat proud; 3=Not very proud; 4=Not proud at all; -8=Don't know,Show card 16-18.
w2010,KRPROUD,pol_national_pride,Political Attitudes,,How proud are you of being Korean?,1=Very proud; 2=Somewhat proud; 3=Not very proud; 4=Not proud at all; -8=Don't know,Show card 16-18.
w2011,KRPROUD,pol_national_pride,Political Attitudes,,How proud are you of being Korean?,1=Very proud; 2=Somewhat proud; 3=Not very proud; 4=Not proud at all; -8=Don't know,Show card 16-18.
w2012,KRPROUD,pol_national_pride,Political Attitudes,,How proud are you of being Korean?,1=Very proud; 2=Somewhat proud; 3=Not very proud; 4=Not proud at all; -8=Don't know,Show card 16-18.
w2013,KRPROUD,pol_national_pride,Political Attitudes,,How proud are you of being Korean?,1=Very proud; 2=Somewhat proud; 3=Not very proud; 4=Not proud at all; -8=Don't know,Show card 16-18.
w2014,KRPROUD,pol_national_pride,Political Attitudes,,How proud are you of being Korean?,1=Very proud; 2=Somewhat proud; 3=Not very proud; 4=Not proud at all; -8=Don't know,Show card 16-18.
w2016,KRPROUD,pol_national_pride,Political Attitudes,,How proud are you of being Korean?,1=Very proud; 2=Somewhat proud; 3=Not very proud; 4=Not proud at all; -8=Don't know,Show card 16-18.
w2018,KRPROUD,pol_national_pride,Political Attitudes,,How proud are you of being Korean?,1=Very proud; 2=Somewhat proud; 3=Not very proud; 4=Not proud at all; -8=Don't know,Show card 16-18.
w2021,KRPROUD,pol_national_pride,Political Attitudes,,How proud are you of being Korean?,1=Very proud; 2=Somewhat proud; 3=Not very proud; 4=Not proud at all; -8=Don't know,Show card 16-18.
w2023,KRPROUD,pol_national_pride,Political Attitudes,,How proud are you of being Korean?,1=Very proud; 2=Somewhat proud; 3=Not very proud; 4=Not proud at all; -8=Don't know,Show card 16-18.
w2003,NKACCEPT,pol_nk_defectors,Political Attitudes,,,,Not included in this wave
w2004,NKACCEPT,pol_nk_defectors,Political Attitudes,,,,Not included in this wave
w2005,NKACCEPT,pol_nk_defectors,Political Attitudes,,,,Not included in this wave
w2006,NKACCEPT,pol_nk_defectors,Political Attitudes,,,,Not included in this wave
w2007,NKACCEPT,pol_nk_defectors,Political Attitudes,,,,Not included in this wave
w2008,NKACCEPT,pol_nk_defectors,Political Attitudes,,,,Not included in this wave
w2009,NKACCEPT,pol_nk_defectors,Political Attitudes,,,,Not included in this wave
w2010,NKACCEPT,pol_nk_defectors,Political Attitudes,,,,Not included in this wave
w2011,NKACCEPT,pol_nk_defectors,Political Attitudes,,Which of the following is closest to your opinion about admitting North Korean defectors to South Korea?,1=All should be admitted; 2=Should be admitted selectively; 3=Should not be admitted any more; -8=Don't know,
w2012,NKACCEPT,pol_nk_defectors,Political Attitudes,,Which of the following is closest to your opinion about admitting North Korean defectors to South Korea?,1=All should be admitted; 2=Should be admitted selectively; 3=Should not be admitted any more; -8=Don't know,
w2013,NKACCEPT,pol_nk_defectors,Political Attitudes,,Which of the following is closest to your opinion about admitting North Korean defectors to South Korea?,1=All should be admitted; 2=Should be admitted selectively; 3=Should not be admitted any more; -8=Don't know,
w2014,NKACCEPT,pol_nk_defectors,Political Attitudes,,Which of the following is closest to your opinion about admitting North Korean defectors to South Korea?,1=All should be admitted; 2=Should be admitted selectively; 3=Should not be admitted any more; -8=Don't know,
w2016,NKACCEPT,pol_nk_defectors,Political Attitudes,,Which of the following is closest to your opinion about admitting North Korean defectors to South Korea?,1=All should be admitted; 2=Should be admitted selectively; 3=Should not be admitted any more; -8=Don't know,
w2018,NKACCEPT,pol_nk_defectors,Political Attitudes,,,,Not included in this wave
w2021,NKACCEPT,pol_nk_defectors,Political Attitudes,,,,Not included in this wave
w2023,NKACCEPT,pol_nk_defectors,Political Attitudes,,,,Not included in this wave
w2003,NORTHWHO,pol_northkorea_view,Political Attitudes,,What do you think North Korea is to us? Please choose only one.,1=A country to support; 2=A country to cooperate with; 3=A country to guard against; 4=A country to fight against; -8=Don't know,
w2004,NORTHWHO,pol_northkorea_view,Political Attitudes,,What do you think North Korea is to us? Please choose only one.,1=A country to support; 2=A country to cooperate with; 3=A country to guard against; 4=A country to fight against; -8=Don't know,
w2005,NORTHWHO,pol_northkorea_view,Political Attitudes,,What do you think North Korea is to us? Please choose only one.,1=A country to support; 2=A country to cooperate with; 3=A country to guard against; 4=A country to fight against; -8=Don't know,
w2006,NORTHWHO,pol_northkorea_view,Political Attitudes,,What do you think North Korea is to us? Please choose only one.,1=A country to support; 2=A country to cooperate with; 3=A country to guard against; 4=A country to fight against; -8=Don't know,
w2007,NORTHWHO,pol_northkorea_view,Political Attitudes,,What do you think North Korea is to us? Please choose only one.,1=A country to support; 2=A country to cooperate with; 3=A country to guard against; 4=A country to fight against; -8=Don't know,
w2008,NORTHWHO,pol_northkorea_view,Political Attitudes,,What do you think North Korea is to us? Please choose only one.,1=A country to support; 2=A country to cooperate with; 3=A country to guard against; 4=A country to fight against; -8=Don't know,
w2009,NORTHWHO,pol_northkorea_view,Political Attitudes,,What do you think North Korea is to us? Please choose only one.,1=A country to support; 2=A country to cooperate with; 3=A country to guard against; 4=A country to fight against; -8=Don't know,
w2010,NORTHWHO,pol_northkorea_view,Political Attitudes,,What do you think North Korea is to us? Please choose only one.,1=A country to support; 2=A country to cooperate with; 3=A country to guard against; 4=A country to fight against; -8=Don't know,
w2011,NORTHWHO,pol_northkorea_view,Political Attitudes,,What do you think North Korea is to us? Please choose only one.,1=A country to support; 2=A country to cooperate with; 3=A country to guard against; 4=A country to fight against; -8=Don't know,
w2012,NORTHWHO,pol_northkorea_view,Political Attitudes,,What do you think North Korea is to us? Please choose only one.,1=A country to support; 2=A country to cooperate with; 3=A country to guard against; 4=A country to fight against; -8=Don't know,
w2013,NORTHWHO,pol_northkorea_view,Political Attitudes,,What do you think North Korea is to us? Please choose only one.,1=A country to support; 2=A country to cooperate with; 3=A country to guard against; 4=A country to fight against; -8=Don't know,
w2014,NORTHWHO,pol_northkorea_view,Political Attitudes,,What do you think North Korea is to us? Please choose only one.,1=A country to support; 2=A country to cooperate with; 3=A country to guard against; 4=A country to fight against; -8=Don't know,
w2016,NORTHWHO,pol_northkorea_view,Political Attitudes,,What do you think North Korea is to us? Please choose only one.,1=A country to support; 2=A country to cooperate with; 3=A country to guard against; 4=A country to fight against; -8=Don't know,
w2018,NORTHWHO,pol_northkorea_view,Political Attitudes,,What do you think North Korea is to us? Please choose only one.,1=A country to support; 2=A country to cooperate with; 3=A country to guard against; 4=A country to fight against; -8=Don't know,
w2021,NORTHWHO,pol_northkorea_view,Political Attitudes,,What do you think North Korea is to us? Please choose only one.,1=A country to support; 2=A country to cooperate with; 3=A country to guard against; 4=A country to fight against; -8=Don't know,
w2023,NORTHWHO,pol_northkorea_view,Political Attitudes,,What do you think North Korea is to us? Please choose only one.,1=A country to support; 2=A country to cooperate with; 3=A country to guard against; 4=A country to fight against; -8=Don't know,
w2003,POLPROS,pol_pol_prospect,Political Attitudes,,,,Not included in this wave
w2004,POLPROS,pol_pol_prospect,Political Attitudes,,"Do you think South Korean politics will be much better, somewhat better, about the same, somewhat worse, or much worse?",1=Much better; 2=Somewhat better; 3=About the same; 4=Somewhat worse; 5=Much worse; -8=Don't know,
w2005,POLPROS,pol_pol_prospect,Political Attitudes,,"Do you think South Korean politics will be much better, somewhat better, about the same, somewhat worse, or much worse?",1=Much better; 2=Somewhat better; 3=About the same; 4=Somewhat worse; 5=Much worse; -8=Don't know,
w2006,POLPROS,pol_pol_prospect,Political Attitudes,,"Do you think South Korean politics will be much better, somewhat better, about the same, somewhat worse, or much worse?",1=Much better; 2=Somewhat better; 3=About the same; 4=Somewhat worse; 5=Much worse; -8=Don't know,
w2007,POLPROS,pol_pol_prospect,Political Attitudes,,"Do you think South Korean politics will be much better, somewhat better, about the same, somewhat worse, or much worse?",1=Much better; 2=Somewhat better; 3=About the same; 4=Somewhat worse; 5=Much worse; -8=Don't know,
w2008,POLPROS,pol_pol_prospect,Political Attitudes,,"Do you think South Korean politics will be much better, somewhat better, about the same, somewhat worse, or much worse?",1=Much better; 2=Somewhat better; 3=About the same; 4=Somewhat worse; 5=Much worse; -8=Don't know,
w2009,POLPROS,pol_pol_prospect,Political Attitudes,,"Do you think South Korean politics will be much better, somewhat better, about the same, somewhat worse, or much worse?",1=Much better; 2=Somewhat better; 3=About the same; 4=Somewhat worse; 5=Much worse; -8=Don't know,
w2010,POLPROS,pol_pol_prospect,Political Attitudes,,"Do you think South Korean politics will be much better, somewhat better, about the same, somewhat worse, or much worse?",1=Much better; 2=Somewhat better; 3=About the same; 4=Somewhat worse; 5=Much worse; -8=Don't know,
w2011,POLPROS,pol_pol_prospect,Political Attitudes,,"Do you think South Korean politics will be much better, somewhat better, about the same, somewhat worse, or much worse?",1=Much better; 2=Somewhat better; 3=About the same; 4=Somewhat worse; 5=Much worse; -8=Don't know,
w2012,POLPROS,pol_pol_prospect,Political Attitudes,,"Do you think South Korean politics will be much better, somewhat better, about the same, somewhat worse, or much worse?",1=Much better; 2=Somewhat better; 3=About the same; 4=Somewhat worse; 5=Much worse; -8=Don't know,
w2013,POLPROS,pol_pol_prospect,Political Attitudes,,"Do you think South Korean politics will be much better, somewhat better, about the same, somewhat worse, or much worse?",1=Much better; 2=Somewhat better; 3=About the same; 4=Somewhat worse; 5=Much worse; -8=Don't know,
w2014,POLPROS,pol_pol_prospect,Political Attitudes,,"Do you think South Korean politics will be much better, somewhat better, about the same, somewhat worse, or much worse?",1=Much better; 2=Somewhat better; 3=About the same; 4=Somewhat worse; 5=Much worse; -8=Don't know,
w2016,POLPROS,pol_pol_prospect,Political Attitudes,,,,Not included in this wave
w2018,POLPROS,pol_pol_prospect,Political Attitudes,,,,Not included in this wave
w2021,POLPROS,pol_pol_prospect,Political Attitudes,,,,Not included in this wave
w2023,POLPROS,pol_pol_prospect,Political Attitudes,,,,Not included in this wave
w2003,UNIFI,pol_unification,Political Attitudes,,To what extent is the unification between South and North Korea necessary?,1=Very necessary; 2=Fairly necessary; 3=Not too necessary; 4=Not necessary at all; -8=Don't know,Show card 16-18.
w2004,UNIFI,pol_unification,Political Attitudes,,,,Not included in this wave
w2005,UNIFI,pol_unification,Political Attitudes,,,,Not included in this wave
w2006,UNIFI,pol_unification,Political Attitudes,,To what extent is the unification between South and North Korea necessary?,1=Very necessary; 2=Fairly necessary; 3=Not too necessary; 4=Not necessary at all; -8=Don't know,Show card 16-18.
w2007,UNIFI,pol_unification,Political Attitudes,,To what extent is the unification between South and North Korea necessary?,1=Very necessary; 2=Fairly necessary; 3=Not too necessary; 4=Not necessary at all; -8=Don't know,Show card 16-18.
w2008,UNIFI,pol_unification,Political Attitudes,,To what extent is the unification between South and North Korea necessary?,1=Very necessary; 2=Fairly necessary; 3=Not too necessary; 4=Not necessary at all; -8=Don't know,Show card 16-18.
w2009,UNIFI,pol_unification,Political Attitudes,,To what extent is the unification between South and North Korea necessary?,1=Very necessary; 2=Fairly necessary; 3=Not too necessary; 4=Not necessary at all; -8=Don't know,Show card 16-18.
w2010,UNIFI,pol_unification,Political Attitudes,,To what extent is the unification between South and North Korea necessary?,1=Very necessary; 2=Fairly necessary; 3=Not too necessary; 4=Not necessary at all; -8=Don't know,Show card 16-18.
w2011,UNIFI,pol_unification,Political Attitudes,,To what extent is the unification between South and North Korea necessary?,1=Very necessary; 2=Fairly necessary; 3=Not too necessary; 4=Not necessary at all; -8=Don't know,Show card 16-18.
w2012,UNIFI,pol_unification,Political Attitudes,,To what extent is the unification between South and North Korea necessary?,1=Very necessary; 2=Fairly necessary; 3=Not too necessary; 4=Not necessary at all; -8=Don't know,Show card 16-18.
w2013,UNIFI,pol_unification,Political Attitudes,,To what extent is the unification between South and North Korea necessary?,1=Very necessary; 2=Fairly necessary; 3=Not too necessary; 4=Not necessary at all; -8=Don't know,Show card 16-18.
w2014,UNIFI,pol_unification,Political Attitudes,,To what extent is the unification between South and North Korea necessary?,1=Very necessary; 2=Fairly necessary; 3=Not too necessary; 4=Not necessary at all; -8=Don't know,Show card 16-18.
w2016,UNIFI,pol_unification,Political Attitudes,,To what extent is the unification between South and North Korea necessary?,1=Very necessary; 2=Fairly necessary; 3=Not too necessary; 4=Not necessary at all; -8=Don't know,Show card 16-18.
w2018,UNIFI,pol_unification,Political Attitudes,,To what extent is the unification between South and North Korea necessary?,1=Very necessary; 2=Fairly necessary; 3=Not too necessary; 4=Not necessary at all; -8=Don't know,Show card 16-18.
w2021,UNIFI,pol_unification,Political Attitudes,,To what extent is the unification between South and North Korea necessary?,1=Very necessary; 2=Fairly necessary; 3=Not too necessary; 4=Not necessary at all; -8=Don't know,Show card 16-18.
w2023,UNIFI,pol_unification,Political Attitudes,,To what extent is the unification between South and North Korea necessary?,1=Very necessary; 2=Fairly necessary; 3=Not too necessary; 4=Not necessary at all; -8=Don't know,Show card 16-18.
w2003,SAMPLEAB,questionnaire_form,Identifiers,,,,Not included in this wave
w2004,SAMPLEAB,questionnaire_form,Identifiers,,,,Not included in this wave
w2005,SAMPLEAB,questionnaire_form,Identifiers,,,,Not included in this wave
w2006,SAMPLEAB,questionnaire_form,Identifiers,,,,Not included in this wave
w2007,SAMPLEAB,questionnaire_form,Identifiers,,,,Not included in this wave
w2008,SAMPLEAB,questionnaire_form,Identifiers,,,,Not included in this wave
w2009,SAMPLEAB,questionnaire_form,Identifiers,,,,Not included in this wave
w2010,SAMPLEAB,questionnaire_form,Identifiers,,,,Not included in this wave
w2011,SAMPLEAB,questionnaire_form,Identifiers,,,,Not included in this wave
w2012,SAMPLEAB,questionnaire_form,Identifiers,,,,Not included in this wave
w2013,SAMPLEAB,questionnaire_form,Identifiers,,,,Not included in this wave
w2014,SAMPLEAB,questionnaire_form,Identifiers,,,,Not included in this wave
w2016,SAMPLEAB,questionnaire_form,Identifiers,,Type of the survey questionnaire (split-ballot design).,0=Type A (Form A); 1=Type B (Form B),"Split-ballot design used from 2016. In years without split-ballot, all respondents coded as IAP (-1)."
w2018,SAMPLEAB,questionnaire_form,Identifiers,,Type of the survey questionnaire (split-ballot design).,0=Type A (Form A); 1=Type B (Form B),"Split-ballot design used from 2016. In years without split-ballot, all respondents coded as IAP (-1)."
w2021,SAMPLEAB,questionnaire_form,Identifiers,,Type of the survey questionnaire (split-ballot design).,0=Type A (Form A); 1=Type B (Form B),"Split-ballot design used from 2016. In years without split-ballot, all respondents coded as IAP (-1)."
w2023,SAMPLEAB,questionnaire_form,Identifiers,,,,Not included in this wave
w2003,REGION,region,Demographics,,Region of residence (administrative classification).,1=Seoul; 2=Gyeonggi; 3=Gangwon; 4=Chungcheong; 5=Gyeongsang; 6=Jeolla; 7=Jeju,Derived from sampling frame; not asked directly of respondent.
w2004,REGION,region,Demographics,,Region of residence (administrative classification).,1=Seoul; 2=Gyeonggi; 3=Gangwon; 4=Chungcheong; 5=Gyeongsang; 6=Jeolla; 7=Jeju,Derived from sampling frame; not asked directly of respondent.
w2005,REGION,region,Demographics,,Region of residence (administrative classification).,1=Seoul; 2=Gyeonggi; 3=Gangwon; 4=Chungcheong; 5=Gyeongsang; 6=Jeolla; 7=Jeju,Derived from sampling frame; not asked directly of respondent.
w2006,REGION,region,Demographics,,Region of residence (administrative classification).,1=Seoul; 2=Gyeonggi; 3=Gangwon; 4=Chungcheong; 5=Gyeongsang; 6=Jeolla; 7=Jeju,Derived from sampling frame; not asked directly of respondent.
w2007,REGION,region,Demographics,,Region of residence (administrative classification).,1=Seoul; 2=Gyeonggi; 3=Gangwon; 4=Chungcheong; 5=Gyeongsang; 6=Jeolla; 7=Jeju,Derived from sampling frame; not asked directly of respondent.
w2008,REGION,region,Demographics,,Region of residence (administrative classification).,1=Seoul; 2=Gyeonggi; 3=Gangwon; 4=Chungcheong; 5=Gyeongsang; 6=Jeolla; 7=Jeju,Derived from sampling frame; not asked directly of respondent.
w2009,REGION,region,Demographics,,Region of residence (administrative classification).,1=Seoul; 2=Gyeonggi; 3=Gangwon; 4=Chungcheong; 5=Gyeongsang; 6=Jeolla; 7=Jeju,Derived from sampling frame; not asked directly of respondent.
w2010,REGION,region,Demographics,,Region of residence (administrative classification).,1=Seoul; 2=Gyeonggi; 3=Gangwon; 4=Chungcheong; 5=Gyeongsang; 6=Jeolla; 7=Jeju,Derived from sampling frame; not asked directly of respondent.
w2011,REGION,region,Demographics,,Region of residence (administrative classification).,1=Seoul; 2=Gyeonggi; 3=Gangwon; 4=Chungcheong; 5=Gyeongsang; 6=Jeolla; 7=Jeju,Derived from sampling frame; not asked directly of respondent.
w2012,REGION,region,Demographics,,Region of residence (administrative classification).,1=Seoul; 2=Gyeonggi; 3=Gangwon; 4=Chungcheong; 5=Gyeongsang; 6=Jeolla; 7=Jeju,Derived from sampling frame; not asked directly of respondent.
w2013,REGION,region,Demographics,,Region of residence (administrative classification).,1=Seoul; 2=Gyeonggi; 3=Gangwon; 4=Chungcheong; 5=Gyeongsang; 6=Jeolla; 7=Jeju,Derived from sampling frame; not asked directly of respondent.
w2014,REGION,region,Demographics,,Region of residence (administrative classification).,1=Seoul; 2=Gyeonggi; 3=Gangwon; 4=Chungcheong; 5=Gyeongsang; 6=Jeolla; 7=Jeju,Derived from sampling frame; not asked directly of respondent.
w2016,REGION,region,Demographics,,Region of residence (administrative classification).,1=Seoul; 2=Gyeonggi; 3=Gangwon; 4=Chungcheong; 5=Gyeongsang; 6=Jeolla; 7=Jeju,Derived from sampling frame; not asked directly of respondent.
w2018,REGION,region,Demographics,,Region of residence (administrative classification).,1=Seoul; 2=Gyeonggi; 3=Gangwon; 4=Chungcheong; 5=Gyeongsang; 6=Jeolla; 7=Jeju,Derived from sampling frame; not asked directly of respondent.
w2021,REGION,region,Demographics,,Region of residence (administrative classification).,1=Seoul; 2=Gyeonggi; 3=Gangwon; 4=Chungcheong; 5=Gyeongsang; 6=Jeolla; 7=Jeju,Derived from sampling frame; not asked directly of respondent.
w2023,REGION,region,Demographics,,Region of residence (administrative classification).,1=Seoul; 2=Gyeonggi; 3=Gangwon; 4=Chungcheong; 5=Gyeongsang; 6=Jeolla; 7=Jeju,Derived from sampling frame; not asked directly of respondent.
w2003,RELIG,religion,Demographics,,What is your religion?,1=Buddhist; 2=Protestant; 3=Catholic; 4=No religion; 7+=Other (specify religion and/or church denomination),
w2004,RELIG,religion,Demographics,,What is your religion?,1=Buddhist; 2=Protestant; 3=Catholic; 4=No religion; 7+=Other (specify religion and/or church denomination),
w2005,RELIG,religion,Demographics,,What is your religion?,1=Buddhist; 2=Protestant; 3=Catholic; 4=No religion; 7+=Other (specify religion and/or church denomination),
w2006,RELIG,religion,Demographics,,What is your religion?,1=Buddhist; 2=Protestant; 3=Catholic; 4=No religion; 7+=Other (specify religion and/or church denomination),
w2007,RELIG,religion,Demographics,,What is your religion?,1=Buddhist; 2=Protestant; 3=Catholic; 4=No religion; 7+=Other (specify religion and/or church denomination),
w2008,RELIG,religion,Demographics,,What is your religion?,1=Buddhist; 2=Protestant; 3=Catholic; 4=No religion; 7+=Other (specify religion and/or church denomination),
w2009,RELIG,religion,Demographics,,What is your religion?,1=Buddhist; 2=Protestant; 3=Catholic; 4=No religion; 7+=Other (specify religion and/or church denomination),
w2010,RELIG,religion,Demographics,,What is your religion?,1=Buddhist; 2=Protestant; 3=Catholic; 4=No religion; 7+=Other (specify religion and/or church denomination),
w2011,RELIG,religion,Demographics,,What is your religion?,1=Buddhist; 2=Protestant; 3=Catholic; 4=No religion; 7+=Other (specify religion and/or church denomination),
w2012,RELIG,religion,Demographics,,What is your religion?,1=Buddhist; 2=Protestant; 3=Catholic; 4=No religion; 7+=Other (specify religion and/or church denomination),
w2013,RELIG,religion,Demographics,,What is your religion?,1=Buddhist; 2=Protestant; 3=Catholic; 4=No religion; 7+=Other (specify religion and/or church denomination),
w2014,RELIG,religion,Demographics,,What is your religion?,1=Buddhist; 2=Protestant; 3=Catholic; 4=No religion; 7+=Other (specify religion and/or church denomination),
w2016,RELIG,religion,Demographics,,What is your religion?,1=Buddhist; 2=Protestant; 3=Catholic; 4=No religion; 7+=Other (specify religion and/or church denomination),
w2018,RELIG,religion,Demographics,,What is your religion?,1=Buddhist; 2=Protestant; 3=Catholic; 4=No religion; 7+=Other (specify religion and/or church denomination),
w2021,RELIG,religion,Demographics,,What is your religion?,1=Buddhist; 2=Protestant; 3=Catholic; 4=No religion; 7+=Other (specify religion and/or church denomination),
w2023,RELIG,religion,Demographics,,What is your religion?,1=Buddhist; 2=Protestant; 3=Catholic; 4=No religion; 7+=Other (specify religion and/or church denomination),
w2003,ATTEND,religious_attendance,Demographics,,How often do you attend religious services?,1=A few times a week; 2=Once a week; 3=Twice or three times a month; 4=Once a month; 5=Several times a year; 6=Once a year; 7=Less than once a year; 8=Never; -8=Don't know,Asked only if respondent has a religion.
w2004,ATTEND,religious_attendance,Demographics,,How often do you attend religious services?,1=A few times a week; 2=Once a week; 3=Twice or three times a month; 4=Once a month; 5=Several times a year; 6=Once a year; 7=Less than once a year; 8=Never; -8=Don't know,Asked only if respondent has a religion.
w2005,ATTEND,religious_attendance,Demographics,,How often do you attend religious services?,1=A few times a week; 2=Once a week; 3=Twice or three times a month; 4=Once a month; 5=Several times a year; 6=Once a year; 7=Less than once a year; 8=Never; -8=Don't know,Asked only if respondent has a religion.
w2006,ATTEND,religious_attendance,Demographics,,How often do you attend religious services?,1=A few times a week; 2=Once a week; 3=Twice or three times a month; 4=Once a month; 5=Several times a year; 6=Once a year; 7=Less than once a year; 8=Never; -8=Don't know,Asked only if respondent has a religion.
w2007,ATTEND,religious_attendance,Demographics,,How often do you attend religious services?,1=A few times a week; 2=Once a week; 3=Twice or three times a month; 4=Once a month; 5=Several times a year; 6=Once a year; 7=Less than once a year; 8=Never; -8=Don't know,Asked only if respondent has a religion.
w2008,ATTEND,religious_attendance,Demographics,,How often do you attend religious services?,1=A few times a week; 2=Once a week; 3=Twice or three times a month; 4=Once a month; 5=Several times a year; 6=Once a year; 7=Less than once a year; 8=Never; -8=Don't know,Asked only if respondent has a religion.
w2009,ATTEND,religious_attendance,Demographics,,How often do you attend religious services?,1=A few times a week; 2=Once a week; 3=Twice or three times a month; 4=Once a month; 5=Several times a year; 6=Once a year; 7=Less than once a year; 8=Never; -8=Don't know,Asked only if respondent has a religion.
w2010,ATTEND,religious_attendance,Demographics,,How often do you attend religious services?,1=A few times a week; 2=Once a week; 3=Twice or three times a month; 4=Once a month; 5=Several times a year; 6=Once a year; 7=Less than once a year; 8=Never; -8=Don't know,Asked only if respondent has a religion.
w2011,ATTEND,religious_attendance,Demographics,,How often do you attend religious services?,1=A few times a week; 2=Once a week; 3=Twice or three times a month; 4=Once a month; 5=Several times a year; 6=Once a year; 7=Less than once a year; 8=Never; -8=Don't know,Asked only if respondent has a religion.
w2012,ATTEND,religious_attendance,Demographics,,How often do you attend religious services?,1=A few times a week; 2=Once a week; 3=Twice or three times a month; 4=Once a month; 5=Several times a year; 6=Once a year; 7=Less than once a year; 8=Never; -8=Don't know,Asked only if respondent has a religion.
w2013,ATTEND,religious_attendance,Demographics,,How often do you attend religious services?,1=A few times a week; 2=Once a week; 3=Twice or three times a month; 4=Once a month; 5=Several times a year; 6=Once a year; 7=Less than once a year; 8=Never; -8=Don't know,Asked only if respondent has a religion.
w2014,ATTEND,religious_attendance,Demographics,,How often do you attend religious services?,1=A few times a week; 2=Once a week; 3=Twice or three times a month; 4=Once a month; 5=Several times a year; 6=Once a year; 7=Less than once a year; 8=Never; -8=Don't know,Asked only if respondent has a religion.
w2016,ATTEND,religious_attendance,Demographics,,How often do you attend religious services?,1=A few times a week; 2=Once a week; 3=Twice or three times a month; 4=Once a month; 5=Several times a year; 6=Once a year; 7=Less than once a year; 8=Never; -8=Don't know,Asked only if respondent has a religion.
w2018,ATTEND,religious_attendance,Demographics,,How often do you attend religious services?,1=A few times a week; 2=Once a week; 3=Twice or three times a month; 4=Once a month; 5=Several times a year; 6=Once a year; 7=Less than once a year; 8=Never; -8=Don't know,Asked only if respondent has a religion.
w2021,ATTEND,religious_attendance,Demographics,,How often do you attend religious services?,1=A few times a week; 2=Once a week; 3=Twice or three times a month; 4=Once a month; 5=Several times a year; 6=Once a year; 7=Less than once a year; 8=Never; -8=Don't know,Asked only if respondent has a religion.
w2023,ATTEND,religious_attendance,Demographics,,How often do you attend religious services?,1=A few times a week; 2=Once a week; 3=Twice or three times a month; 4=Once a month; 5=Several times a year; 6=Once a year; 7=Less than once a year; 8=Never; -8=Don't know,Asked only if respondent has a religion.
w2003,RESPID,resp_id,Identifiers,,Respondent ID number within survey year.,Numeric (within-year ID),Not unique across years; use yr_resp_id for cross-year uniqueness.
w2004,RESPID,resp_id,Identifiers,,Respondent ID number within survey year.,Numeric (within-year ID),Not unique across years; use yr_resp_id for cross-year uniqueness.
w2005,RESPID,resp_id,Identifiers,,Respondent ID number within survey year.,Numeric (within-year ID),Not unique across years; use yr_resp_id for cross-year uniqueness.
w2006,RESPID,resp_id,Identifiers,,Respondent ID number within survey year.,Numeric (within-year ID),Not unique across years; use yr_resp_id for cross-year uniqueness.
w2007,RESPID,resp_id,Identifiers,,Respondent ID number within survey year.,Numeric (within-year ID),Not unique across years; use yr_resp_id for cross-year uniqueness.
w2008,RESPID,resp_id,Identifiers,,Respondent ID number within survey year.,Numeric (within-year ID),Not unique across years; use yr_resp_id for cross-year uniqueness.
w2009,RESPID,resp_id,Identifiers,,Respondent ID number within survey year.,Numeric (within-year ID),Not unique across years; use yr_resp_id for cross-year uniqueness.
w2010,RESPID,resp_id,Identifiers,,Respondent ID number within survey year.,Numeric (within-year ID),Not unique across years; use yr_resp_id for cross-year uniqueness.
w2011,RESPID,resp_id,Identifiers,,Respondent ID number within survey year.,Numeric (within-year ID),Not unique across years; use yr_resp_id for cross-year uniqueness.
w2012,RESPID,resp_id,Identifiers,,Respondent ID number within survey year.,Numeric (within-year ID),Not unique across years; use yr_resp_id for cross-year uniqueness.
w2013,RESPID,resp_id,Identifiers,,Respondent ID number within survey year.,Numeric (within-year ID),Not unique across years; use yr_resp_id for cross-year uniqueness.
w2014,RESPID,resp_id,Identifiers,,Respondent ID number within survey year.,Numeric (within-year ID),Not unique across years; use yr_resp_id for cross-year uniqueness.
w2016,RESPID,resp_id,Identifiers,,Respondent ID number within survey year.,Numeric (within-year ID),Not unique across years; use yr_resp_id for cross-year uniqueness.
w2018,RESPID,resp_id,Identifiers,,Respondent ID number within survey year.,Numeric (within-year ID),Not unique across years; use yr_resp_id for cross-year uniqueness.
w2021,RESPID,resp_id,Identifiers,,Respondent ID number within survey year.,Numeric (within-year ID),Not unique across years; use yr_resp_id for cross-year uniqueness.
w2023,RESPID,resp_id,Identifiers,,Respondent ID number within survey year.,Numeric (within-year ID),Not unique across years; use yr_resp_id for cross-year uniqueness.
w2003,SEX,sex,Demographics,"I would like to ask about your relationship with your family members. Family members include those living in your house, living somewhere else, and those who are not blood-related to you but live in your house. Please answer the following questions accordingly.",Is [PERSON] male or female?,1=Male; 2=Female,
w2004,SEX,sex,Demographics,"I would like to ask about your relationship with your family members. Family members include those living in your house, living somewhere else, and those who are not blood-related to you but live in your house. Please answer the following questions accordingly.",Is [PERSON] male or female?,1=Male; 2=Female,
w2005,SEX,sex,Demographics,"I would like to ask about your relationship with your family members. Family members include those living in your house, living somewhere else, and those who are not blood-related to you but live in your house. Please answer the following questions accordingly.",Is [PERSON] male or female?,1=Male; 2=Female,
w2006,SEX,sex,Demographics,"I would like to ask about your relationship with your family members. Family members include those living in your house, living somewhere else, and those who are not blood-related to you but live in your house. Please answer the following questions accordingly.",Is [PERSON] male or female?,1=Male; 2=Female,
w2007,SEX,sex,Demographics,"I would like to ask about your relationship with your family members. Family members include those living in your house, living somewhere else, and those who are not blood-related to you but live in your house. Please answer the following questions accordingly.",Is [PERSON] male or female?,1=Male; 2=Female,
w2008,SEX,sex,Demographics,"I would like to ask about your relationship with your family members. Family members include those living in your house, living somewhere else, and those who are not blood-related to you but live in your house. Please answer the following questions accordingly.",Is [PERSON] male or female?,1=Male; 2=Female,
w2009,SEX,sex,Demographics,"I would like to ask about your relationship with your family members. Family members include those living in your house, living somewhere else, and those who are not blood-related to you but live in your house. Please answer the following questions accordingly.",Is [PERSON] male or female?,1=Male; 2=Female,
w2010,SEX,sex,Demographics,"I would like to ask about your relationship with your family members. Family members include those living in your house, living somewhere else, and those who are not blood-related to you but live in your house. Please answer the following questions accordingly.",Is [PERSON] male or female?,1=Male; 2=Female,
w2011,SEX,sex,Demographics,"I would like to ask about your relationship with your family members. Family members include those living in your house, living somewhere else, and those who are not blood-related to you but live in your house. Please answer the following questions accordingly.",Is [PERSON] male or female?,1=Male; 2=Female,
w2012,SEX,sex,Demographics,"I would like to ask about your relationship with your family members. Family members include those living in your house, living somewhere else, and those who are not blood-related to you but live in your house. Please answer the following questions accordingly.",Is [PERSON] male or female?,1=Male; 2=Female,
w2013,SEX,sex,Demographics,"I would like to ask about your relationship with your family members. Family members include those living in your house, living somewhere else, and those who are not blood-related to you but live in your house. Please answer the following questions accordingly.",Is [PERSON] male or female?,1=Male; 2=Female,
w2014,SEX,sex,Demographics,"I would like to ask about your relationship with your family members. Family members include those living in your house, living somewhere else, and those who are not blood-related to you but live in your house. Please answer the following questions accordingly.",Is [PERSON] male or female?,1=Male; 2=Female,
w2016,SEX,sex,Demographics,"I would like to ask about your relationship with your family members. Family members include those living in your house, living somewhere else, and those who are not blood-related to you but live in your house. Please answer the following questions accordingly.",Is [PERSON] male or female?,1=Male; 2=Female,
w2018,SEX,sex,Demographics,"I would like to ask about your relationship with your family members. Family members include those living in your house, living somewhere else, and those who are not blood-related to you but live in your house. Please answer the following questions accordingly.",Is [PERSON] male or female?,1=Male; 2=Female,
w2021,SEX,sex,Demographics,"I would like to ask about your relationship with your family members. Family members include those living in your house, living somewhere else, and those who are not blood-related to you but live in your house. Please answer the following questions accordingly.",Is [PERSON] male or female?,1=Male; 2=Female,
w2023,SEX,sex,Demographics,"I would like to ask about your relationship with your family members. Family members include those living in your house, living somewhere else, and those who are not blood-related to you but live in your house. Please answer the following questions accordingly.",Is [PERSON] male or female?,1=Male; 2=Female,
w2003,CLASS,subjective_class_6pt,Demographics,,Which social class do you think you belong to?,1=Upper-upper; 2=Lower-upper; 3=Upper-middle; 4=Lower-middle; 5=Upper-lower; 6=Lower-lower; -8=Don't know,Show card.
w2004,CLASS,subjective_class_6pt,Demographics,,Which social class do you think you belong to?,1=Upper-upper; 2=Lower-upper; 3=Upper-middle; 4=Lower-middle; 5=Upper-lower; 6=Lower-lower; -8=Don't know,Show card.
w2005,CLASS,subjective_class_6pt,Demographics,,Which social class do you think you belong to?,1=Upper-upper; 2=Lower-upper; 3=Upper-middle; 4=Lower-middle; 5=Upper-lower; 6=Lower-lower; -8=Don't know,Show card.
w2006,CLASS,subjective_class_6pt,Demographics,,Which social class do you think you belong to?,1=Upper-upper; 2=Lower-upper; 3=Upper-middle; 4=Lower-middle; 5=Upper-lower; 6=Lower-lower; -8=Don't know,Show card.
w2007,CLASS,subjective_class_6pt,Demographics,,Which social class do you think you belong to?,1=Upper-upper; 2=Lower-upper; 3=Upper-middle; 4=Lower-middle; 5=Upper-lower; 6=Lower-lower; -8=Don't know,Show card.
w2008,CLASS,subjective_class_6pt,Demographics,,Which social class do you think you belong to?,1=Upper-upper; 2=Lower-upper; 3=Upper-middle; 4=Lower-middle; 5=Upper-lower; 6=Lower-lower; -8=Don't know,Show card.
w2009,CLASS,subjective_class_6pt,Demographics,,Which social class do you think you belong to?,1=Upper-upper; 2=Lower-upper; 3=Upper-middle; 4=Lower-middle; 5=Upper-lower; 6=Lower-lower; -8=Don't know,Show card.
w2010,CLASS,subjective_class_6pt,Demographics,,Which social class do you think you belong to?,1=Upper-upper; 2=Lower-upper; 3=Upper-middle; 4=Lower-middle; 5=Upper-lower; 6=Lower-lower; -8=Don't know,Show card.
w2011,CLASS,subjective_class_6pt,Demographics,,Which social class do you think you belong to?,1=Upper-upper; 2=Lower-upper; 3=Upper-middle; 4=Lower-middle; 5=Upper-lower; 6=Lower-lower; -8=Don't know,Show card.
w2012,CLASS,subjective_class_6pt,Demographics,,Which social class do you think you belong to?,1=Upper-upper; 2=Lower-upper; 3=Upper-middle; 4=Lower-middle; 5=Upper-lower; 6=Lower-lower; -8=Don't know,Show card.
w2013,CLASS,subjective_class_6pt,Demographics,,Which social class do you think you belong to?,1=Upper-upper; 2=Lower-upper; 3=Upper-middle; 4=Lower-middle; 5=Upper-lower; 6=Lower-lower; -8=Don't know,Show card.
w2014,CLASS,subjective_class_6pt,Demographics,,Which social class do you think you belong to?,1=Upper-upper; 2=Lower-upper; 3=Upper-middle; 4=Lower-middle; 5=Upper-lower; 6=Lower-lower; -8=Don't know,Show card.
w2016,CLASS,subjective_class_6pt,Demographics,,Which social class do you think you belong to?,1=Upper-upper; 2=Lower-upper; 3=Upper-middle; 4=Lower-middle; 5=Upper-lower; 6=Lower-lower; -8=Don't know,Show card.
w2018,CLASS,subjective_class_6pt,Demographics,,Which social class do you think you belong to?,1=Upper-upper; 2=Lower-upper; 3=Upper-middle; 4=Lower-middle; 5=Upper-lower; 6=Lower-lower; -8=Don't know,Show card.
w2021,CLASS,subjective_class_6pt,Demographics,,Which social class do you think you belong to?,1=Upper-upper; 2=Lower-upper; 3=Upper-middle; 4=Lower-middle; 5=Upper-lower; 6=Lower-lower; -8=Don't know,Show card.
w2023,CLASS,subjective_class_6pt,Demographics,,Which social class do you think you belong to?,1=Upper-upper; 2=Lower-upper; 3=Upper-middle; 4=Lower-middle; 5=Upper-lower; 6=Lower-lower; -8=Don't know,Show card.
w2003,RANK,subjective_rank_10pt,Demographics,,"In our society, there are people who are near the top and people who are near the bottom. Where would you place yourself on a scale from 1 to 10, where 1 is the bottom and 10 is the top?",1=Bottom ... 10=Top; -8=Don't know,Show card.
w2004,RANK,subjective_rank_10pt,Demographics,,"In our society, there are people who are near the top and people who are near the bottom. Where would you place yourself on a scale from 1 to 10, where 1 is the bottom and 10 is the top?",1=Bottom ... 10=Top; -8=Don't know,Show card.
w2005,RANK,subjective_rank_10pt,Demographics,,"In our society, there are people who are near the top and people who are near the bottom. Where would you place yourself on a scale from 1 to 10, where 1 is the bottom and 10 is the top?",1=Bottom ... 10=Top; -8=Don't know,Show card.
w2006,RANK,subjective_rank_10pt,Demographics,,"In our society, there are people who are near the top and people who are near the bottom. Where would you place yourself on a scale from 1 to 10, where 1 is the bottom and 10 is the top?",1=Bottom ... 10=Top; -8=Don't know,Show card.
w2007,RANK,subjective_rank_10pt,Demographics,,"In our society, there are people who are near the top and people who are near the bottom. Where would you place yourself on a scale from 1 to 10, where 1 is the bottom and 10 is the top?",1=Bottom ... 10=Top; -8=Don't know,Show card.
w2008,RANK,subjective_rank_10pt,Demographics,,"In our society, there are people who are near the top and people who are near the bottom. Where would you place yourself on a scale from 1 to 10, where 1 is the bottom and 10 is the top?",1=Bottom ... 10=Top; -8=Don't know,Show card.
w2009,RANK,subjective_rank_10pt,Demographics,,"In our society, there are people who are near the top and people who are near the bottom. Where would you place yourself on a scale from 1 to 10, where 1 is the bottom and 10 is the top?",1=Bottom ... 10=Top; -8=Don't know,Show card.
w2010,RANK,subjective_rank_10pt,Demographics,,"In our society, there are people who are near the top and people who are near the bottom. Where would you place yourself on a scale from 1 to 10, where 1 is the bottom and 10 is the top?",1=Bottom ... 10=Top; -8=Don't know,Show card.
w2011,RANK,subjective_rank_10pt,Demographics,,"In our society, there are people who are near the top and people who are near the bottom. Where would you place yourself on a scale from 1 to 10, where 1 is the bottom and 10 is the top?",1=Bottom ... 10=Top; -8=Don't know,Show card.
w2012,RANK,subjective_rank_10pt,Demographics,,"In our society, there are people who are near the top and people who are near the bottom. Where would you place yourself on a scale from 1 to 10, where 1 is the bottom and 10 is the top?",1=Bottom ... 10=Top; -8=Don't know,Show card.
w2013,RANK,subjective_rank_10pt,Demographics,,"In our society, there are people who are near the top and people who are near the bottom. Where would you place yourself on a scale from 1 to 10, where 1 is the bottom and 10 is the top?",1=Bottom ... 10=Top; -8=Don't know,Show card.
w2014,RANK,subjective_rank_10pt,Demographics,,"In our society, there are people who are near the top and people who are near the bottom. Where would you place yourself on a scale from 1 to 10, where 1 is the bottom and 10 is the top?",1=Bottom ... 10=Top; -8=Don't know,Show card.
w2016,RANK,subjective_rank_10pt,Demographics,,"In our society, there are people who are near the top and people who are near the bottom. Where would you place yourself on a scale from 1 to 10, where 1 is the bottom and 10 is the top?",1=Bottom ... 10=Top; -8=Don't know,Show card.
w2018,RANK,subjective_rank_10pt,Demographics,,"In our society, there are people who are near the top and people who are near the bottom. Where would you place yourself on a scale from 1 to 10, where 1 is the bottom and 10 is the top?",1=Bottom ... 10=Top; -8=Don't know,Show card.
w2021,RANK,subjective_rank_10pt,Demographics,,"In our society, there are people who are near the top and people who are near the bottom. Where would you place yourself on a scale from 1 to 10, where 1 is the bottom and 10 is the top?",1=Bottom ... 10=Top; -8=Don't know,Show card.
w2023,RANK,subjective_rank_10pt,Demographics,,"In our society, there are people who are near the top and people who are near the bottom. Where would you place yourself on a scale from 1 to 10, where 1 is the bottom and 10 is the top?",1=Bottom ... 10=Top; -8=Don't know,Show card.
w2003,FAIR,trust_fair,Social Trust,,"Do you think most people would try to take advantage of you if they got a chance, or would they try to be fair?",1=Would take advantage of you; 2=Would try to be fair; 3=Depends; -8=Don't know,
w2004,FAIR,trust_fair,Social Trust,,,,Not included in this wave
w2005,FAIR,trust_fair,Social Trust,,"Do you think most people would try to take advantage of you if they got a chance, or would they try to be fair?",1=Would take advantage of you; 2=Would try to be fair; 3=Depends; -8=Don't know,
w2006,FAIR,trust_fair,Social Trust,,,,Not included in this wave
w2007,FAIR,trust_fair,Social Trust,,"Do you think most people would try to take advantage of you if they got a chance, or would they try to be fair?",1=Would take advantage of you; 2=Would try to be fair; 3=Depends; -8=Don't know,
w2008,FAIR,trust_fair,Social Trust,,"Do you think most people would try to take advantage of you if they got a chance, or would they try to be fair?",1=Would take advantage of you; 2=Would try to be fair; 3=Depends; -8=Don't know,
w2009,FAIR,trust_fair,Social Trust,,"Do you think most people would try to take advantage of you if they got a chance, or would they try to be fair?",1=Would take advantage of you; 2=Would try to be fair; 3=Depends; -8=Don't know,
w2010,FAIR,trust_fair,Social Trust,,,,Not included in this wave
w2011,FAIR,trust_fair,Social Trust,,"Do you think most people would try to take advantage of you if they got a chance, or would they try to be fair?",1=Would take advantage of you; 2=Would try to be fair; 3=Depends; -8=Don't know,
w2012,FAIR,trust_fair,Social Trust,,"Do you think most people would try to take advantage of you if they got a chance, or would they try to be fair?",1=Would take advantage of you; 2=Would try to be fair; 3=Depends; -8=Don't know,
w2013,FAIR,trust_fair,Social Trust,,"Do you think most people would try to take advantage of you if they got a chance, or would they try to be fair?",1=Would take advantage of you; 2=Would try to be fair; 3=Depends; -8=Don't know,
w2014,FAIR,trust_fair,Social Trust,,"Do you think most people would try to take advantage of you if they got a chance, or would they try to be fair?",1=Would take advantage of you; 2=Would try to be fair; 3=Depends; -8=Don't know,
w2016,FAIR,trust_fair,Social Trust,,"Do you think most people would try to take advantage of you if they got a chance, or would they try to be fair?",1=Would take advantage of you; 2=Would try to be fair; 3=Depends; -8=Don't know,
w2018,FAIR,trust_fair,Social Trust,,"Do you think most people would try to take advantage of you if they got a chance, or would they try to be fair?",1=Would take advantage of you; 2=Would try to be fair; 3=Depends; -8=Don't know,
w2021,FAIR,trust_fair,Social Trust,,"Do you think most people would try to take advantage of you if they got a chance, or would they try to be fair?",1=Would take advantage of you; 2=Would try to be fair; 3=Depends; -8=Don't know,
w2023,FAIR,trust_fair,Social Trust,,"Do you think most people would try to take advantage of you if they got a chance, or would they try to be fair?",1=Would take advantage of you; 2=Would try to be fair; 3=Depends; -8=Don't know,
w2003,CANTRUST,trust_generalized,Social Trust,,,,Not included in this wave
w2004,CANTRUST,trust_generalized,Social Trust,,"Would you say that people can almost always be trusted, that people can usually be trusted, that you usually can't be too careful in dealing with people, or that you almost always can't be too careful in dealing with people?",1=People can almost always be trusted; 2=People can usually be trusted; 3=You usually can't be too careful; 4=You almost always can't be too careful; -8=Don't know,CANTRUST is the 4-point version of the GSS generalized trust item.
w2005,CANTRUST,trust_generalized,Social Trust,,,,Not included in this wave
w2006,CANTRUST,trust_generalized,Social Trust,,,,Not included in this wave
w2007,CANTRUST,trust_generalized,Social Trust,,"Would you say that people can almost always be trusted, that people can usually be trusted, that you usually can't be too careful in dealing with people, or that you almost always can't be too careful in dealing with people?",1=People can almost always be trusted; 2=People can usually be trusted; 3=You usually can't be too careful; 4=You almost always can't be too careful; -8=Don't know,CANTRUST is the 4-point version of the GSS generalized trust item.
w2008,CANTRUST,trust_generalized,Social Trust,,"Would you say that people can almost always be trusted, that people can usually be trusted, that you usually can't be too careful in dealing with people, or that you almost always can't be too careful in dealing with people?",1=People can almost always be trusted; 2=People can usually be trusted; 3=You usually can't be too careful; 4=You almost always can't be too careful; -8=Don't know,CANTRUST is the 4-point version of the GSS generalized trust item.
w2009,CANTRUST,trust_generalized,Social Trust,,,,Not included in this wave
w2010,CANTRUST,trust_generalized,Social Trust,,"Would you say that people can almost always be trusted, that people can usually be trusted, that you usually can't be too careful in dealing with people, or that you almost always can't be too careful in dealing with people?",1=People can almost always be trusted; 2=People can usually be trusted; 3=You usually can't be too careful; 4=You almost always can't be too careful; -8=Don't know,CANTRUST is the 4-point version of the GSS generalized trust item.
w2011,CANTRUST,trust_generalized,Social Trust,,"Would you say that people can almost always be trusted, that people can usually be trusted, that you usually can't be too careful in dealing with people, or that you almost always can't be too careful in dealing with people?",1=People can almost always be trusted; 2=People can usually be trusted; 3=You usually can't be too careful; 4=You almost always can't be too careful; -8=Don't know,CANTRUST is the 4-point version of the GSS generalized trust item.
w2012,CANTRUST,trust_generalized,Social Trust,,"Would you say that people can almost always be trusted, that people can usually be trusted, that you usually can't be too careful in dealing with people, or that you almost always can't be too careful in dealing with people?",1=People can almost always be trusted; 2=People can usually be trusted; 3=You usually can't be too careful; 4=You almost always can't be too careful; -8=Don't know,CANTRUST is the 4-point version of the GSS generalized trust item.
w2013,CANTRUST,trust_generalized,Social Trust,,,,Not included in this wave
w2014,CANTRUST,trust_generalized,Social Trust,,"Would you say that people can almost always be trusted, that people can usually be trusted, that you usually can't be too careful in dealing with people, or that you almost always can't be too careful in dealing with people?",1=People can almost always be trusted; 2=People can usually be trusted; 3=You usually can't be too careful; 4=You almost always can't be too careful; -8=Don't know,CANTRUST is the 4-point version of the GSS generalized trust item.
w2016,CANTRUST,trust_generalized,Social Trust,,"Would you say that people can almost always be trusted, that people can usually be trusted, that you usually can't be too careful in dealing with people, or that you almost always can't be too careful in dealing with people?",1=People can almost always be trusted; 2=People can usually be trusted; 3=You usually can't be too careful; 4=You almost always can't be too careful; -8=Don't know,CANTRUST is the 4-point version of the GSS generalized trust item.
w2018,CANTRUST,trust_generalized,Social Trust,,"Would you say that people can almost always be trusted, that people can usually be trusted, that you usually can't be too careful in dealing with people, or that you almost always can't be too careful in dealing with people?",1=People can almost always be trusted; 2=People can usually be trusted; 3=You usually can't be too careful; 4=You almost always can't be too careful; -8=Don't know,CANTRUST is the 4-point version of the GSS generalized trust item.
w2021,CANTRUST,trust_generalized,Social Trust,,"Would you say that people can almost always be trusted, that people can usually be trusted, that you usually can't be too careful in dealing with people, or that you almost always can't be too careful in dealing with people?",1=People can almost always be trusted; 2=People can usually be trusted; 3=You usually can't be too careful; 4=You almost always can't be too careful; -8=Don't know,CANTRUST is the 4-point version of the GSS generalized trust item.
w2023,CANTRUST,trust_generalized,Social Trust,,"Would you say that people can almost always be trusted, that people can usually be trusted, that you usually can't be too careful in dealing with people, or that you almost always can't be too careful in dealing with people?",1=People can almost always be trusted; 2=People can usually be trusted; 3=You usually can't be too careful; 4=You almost always can't be too careful; -8=Don't know,CANTRUST is the 4-point version of the GSS generalized trust item.
w2003,RELIABLE,trust_reliable,Social Trust,,,,Not included in this wave
w2004,RELIABLE,trust_reliable,Social Trust,,"Generally, how trustful do you perceive this society to be? A score of 0 indicates a society that is hardly trustful, while a score of 10 indicates a society that is very trustful.",0=Hardly trustful ... 10=Very trustful; -8=Don't know,0-10 continuous scale.
w2005,RELIABLE,trust_reliable,Social Trust,,"Generally, how trustful do you perceive this society to be? A score of 0 indicates a society that is hardly trustful, while a score of 10 indicates a society that is very trustful.",0=Hardly trustful ... 10=Very trustful; -8=Don't know,0-10 continuous scale.
w2006,RELIABLE,trust_reliable,Social Trust,,"Generally, how trustful do you perceive this society to be? A score of 0 indicates a society that is hardly trustful, while a score of 10 indicates a society that is very trustful.",0=Hardly trustful ... 10=Very trustful; -8=Don't know,0-10 continuous scale.
w2007,RELIABLE,trust_reliable,Social Trust,,"Generally, how trustful do you perceive this society to be? A score of 0 indicates a society that is hardly trustful, while a score of 10 indicates a society that is very trustful.",0=Hardly trustful ... 10=Very trustful; -8=Don't know,0-10 continuous scale.
w2008,RELIABLE,trust_reliable,Social Trust,,"Generally, how trustful do you perceive this society to be? A score of 0 indicates a society that is hardly trustful, while a score of 10 indicates a society that is very trustful.",0=Hardly trustful ... 10=Very trustful; -8=Don't know,0-10 continuous scale.
w2009,RELIABLE,trust_reliable,Social Trust,,"Generally, how trustful do you perceive this society to be? A score of 0 indicates a society that is hardly trustful, while a score of 10 indicates a society that is very trustful.",0=Hardly trustful ... 10=Very trustful; -8=Don't know,0-10 continuous scale.
w2010,RELIABLE,trust_reliable,Social Trust,,,,Not included in this wave
w2011,RELIABLE,trust_reliable,Social Trust,,"Generally, how trustful do you perceive this society to be? A score of 0 indicates a society that is hardly trustful, while a score of 10 indicates a society that is very trustful.",0=Hardly trustful ... 10=Very trustful; -8=Don't know,0-10 continuous scale.
w2012,RELIABLE,trust_reliable,Social Trust,,"Generally, how trustful do you perceive this society to be? A score of 0 indicates a society that is hardly trustful, while a score of 10 indicates a society that is very trustful.",0=Hardly trustful ... 10=Very trustful; -8=Don't know,0-10 continuous scale.
w2013,RELIABLE,trust_reliable,Social Trust,,"Generally, how trustful do you perceive this society to be? A score of 0 indicates a society that is hardly trustful, while a score of 10 indicates a society that is very trustful.",0=Hardly trustful ... 10=Very trustful; -8=Don't know,0-10 continuous scale.
w2014,RELIABLE,trust_reliable,Social Trust,,"Generally, how trustful do you perceive this society to be? A score of 0 indicates a society that is hardly trustful, while a score of 10 indicates a society that is very trustful.",0=Hardly trustful ... 10=Very trustful; -8=Don't know,0-10 continuous scale.
w2016,RELIABLE,trust_reliable,Social Trust,,,,Not included in this wave
w2018,RELIABLE,trust_reliable,Social Trust,,"Generally, how trustful do you perceive this society to be? A score of 0 indicates a society that is hardly trustful, while a score of 10 indicates a society that is very trustful.",0=Hardly trustful ... 10=Very trustful; -8=Don't know,0-10 continuous scale.
w2021,RELIABLE,trust_reliable,Social Trust,,"Generally, how trustful do you perceive this society to be? A score of 0 indicates a society that is hardly trustful, while a score of 10 indicates a society that is very trustful.",0=Hardly trustful ... 10=Very trustful; -8=Don't know,0-10 continuous scale.
w2023,RELIABLE,trust_reliable,Social Trust,,"Generally, how trustful do you perceive this society to be? A score of 0 indicates a society that is hardly trustful, while a score of 10 indicates a society that is very trustful.",0=Hardly trustful ... 10=Very trustful; -8=Don't know,0-10 continuous scale.
w2003,URBAN,urban_rural,Demographics,,Which of the categories below comes closest to the type of place you are living in now?,0=Rural area; 1=Urban area,"Recoded from URBRURAL (1=A big city, 2=The suburbs or outskirts of a big city, 3=A town or a small city, 4=A country village, 5=A farm or home in the country). Show card 16-18."
w2004,URBAN,urban_rural,Demographics,,Which of the categories below comes closest to the type of place you are living in now?,0=Rural area; 1=Urban area,"Recoded from URBRURAL (1=A big city, 2=The suburbs or outskirts of a big city, 3=A town or a small city, 4=A country village, 5=A farm or home in the country). Show card 16-18."
w2005,URBAN,urban_rural,Demographics,,Which of the categories below comes closest to the type of place you are living in now?,0=Rural area; 1=Urban area,"Recoded from URBRURAL (1=A big city, 2=The suburbs or outskirts of a big city, 3=A town or a small city, 4=A country village, 5=A farm or home in the country). Show card 16-18."
w2006,URBAN,urban_rural,Demographics,,Which of the categories below comes closest to the type of place you are living in now?,0=Rural area; 1=Urban area,"Recoded from URBRURAL (1=A big city, 2=The suburbs or outskirts of a big city, 3=A town or a small city, 4=A country village, 5=A farm or home in the country). Show card 16-18."
w2007,URBAN,urban_rural,Demographics,,Which of the categories below comes closest to the type of place you are living in now?,0=Rural area; 1=Urban area,"Recoded from URBRURAL (1=A big city, 2=The suburbs or outskirts of a big city, 3=A town or a small city, 4=A country village, 5=A farm or home in the country). Show card 16-18."
w2008,URBAN,urban_rural,Demographics,,Which of the categories below comes closest to the type of place you are living in now?,0=Rural area; 1=Urban area,"Recoded from URBRURAL (1=A big city, 2=The suburbs or outskirts of a big city, 3=A town or a small city, 4=A country village, 5=A farm or home in the country). Show card 16-18."
w2009,URBAN,urban_rural,Demographics,,Which of the categories below comes closest to the type of place you are living in now?,0=Rural area; 1=Urban area,"Recoded from URBRURAL (1=A big city, 2=The suburbs or outskirts of a big city, 3=A town or a small city, 4=A country village, 5=A farm or home in the country). Show card 16-18."
w2010,URBAN,urban_rural,Demographics,,Which of the categories below comes closest to the type of place you are living in now?,0=Rural area; 1=Urban area,"Recoded from URBRURAL (1=A big city, 2=The suburbs or outskirts of a big city, 3=A town or a small city, 4=A country village, 5=A farm or home in the country). Show card 16-18."
w2011,URBAN,urban_rural,Demographics,,Which of the categories below comes closest to the type of place you are living in now?,0=Rural area; 1=Urban area,"Recoded from URBRURAL (1=A big city, 2=The suburbs or outskirts of a big city, 3=A town or a small city, 4=A country village, 5=A farm or home in the country). Show card 16-18."
w2012,URBAN,urban_rural,Demographics,,Which of the categories below comes closest to the type of place you are living in now?,0=Rural area; 1=Urban area,"Recoded from URBRURAL (1=A big city, 2=The suburbs or outskirts of a big city, 3=A town or a small city, 4=A country village, 5=A farm or home in the country). Show card 16-18."
w2013,URBAN,urban_rural,Demographics,,Which of the categories below comes closest to the type of place you are living in now?,0=Rural area; 1=Urban area,"Recoded from URBRURAL (1=A big city, 2=The suburbs or outskirts of a big city, 3=A town or a small city, 4=A country village, 5=A farm or home in the country). Show card 16-18."
w2014,URBAN,urban_rural,Demographics,,Which of the categories below comes closest to the type of place you are living in now?,0=Rural area; 1=Urban area,"Recoded from URBRURAL (1=A big city, 2=The suburbs or outskirts of a big city, 3=A town or a small city, 4=A country village, 5=A farm or home in the country). Show card 16-18."
w2016,URBAN,urban_rural,Demographics,,Which of the categories below comes closest to the type of place you are living in now?,0=Rural area; 1=Urban area,"Recoded from URBRURAL (1=A big city, 2=The suburbs or outskirts of a big city, 3=A town or a small city, 4=A country village, 5=A farm or home in the country). Show card 16-18."
w2018,URBAN,urban_rural,Demographics,,Which of the categories below comes closest to the type of place you are living in now?,0=Rural area; 1=Urban area,"Recoded from URBRURAL (1=A big city, 2=The suburbs or outskirts of a big city, 3=A town or a small city, 4=A country village, 5=A farm or home in the country). Show card 16-18."
w2021,URBAN,urban_rural,Demographics,,Which of the categories below comes closest to the type of place you are living in now?,0=Rural area; 1=Urban area,"Recoded from URBRURAL (1=A big city, 2=The suburbs or outskirts of a big city, 3=A town or a small city, 4=A country village, 5=A farm or home in the country). Show card 16-18."
w2023,URBAN,urban_rural,Demographics,,Which of the categories below comes closest to the type of place you are living in now?,0=Rural area; 1=Urban area,"Recoded from URBRURAL (1=A big city, 2=The suburbs or outskirts of a big city, 3=A town or a small city, 4=A country village, 5=A farm or home in the country). Show card 16-18."
w2003,FINALWT,weight,Weight,,Post-stratification survey weight.,Continuous; mean approximately 1.0; range approximately 0.20-4.59,
w2004,FINALWT,weight,Weight,,Post-stratification survey weight.,Continuous; mean approximately 1.0; range approximately 0.20-4.59,
w2005,FINALWT,weight,Weight,,Post-stratification survey weight.,Continuous; mean approximately 1.0; range approximately 0.20-4.59,
w2006,FINALWT,weight,Weight,,Post-stratification survey weight.,Continuous; mean approximately 1.0; range approximately 0.20-4.59,
w2007,FINALWT,weight,Weight,,Post-stratification survey weight.,Continuous; mean approximately 1.0; range approximately 0.20-4.59,
w2008,FINALWT,weight,Weight,,Post-stratification survey weight.,Continuous; mean approximately 1.0; range approximately 0.20-4.59,
w2009,FINALWT,weight,Weight,,Post-stratification survey weight.,Continuous; mean approximately 1.0; range approximately 0.20-4.59,
w2010,FINALWT,weight,Weight,,Post-stratification survey weight.,Continuous; mean approximately 1.0; range approximately 0.20-4.59,
w2011,FINALWT,weight,Weight,,Post-stratification survey weight.,Continuous; mean approximately 1.0; range approximately 0.20-4.59,
w2012,FINALWT,weight,Weight,,Post-stratification survey weight.,Continuous; mean approximately 1.0; range approximately 0.20-4.59,
w2013,FINALWT,weight,Weight,,Post-stratification survey weight.,Continuous; mean approximately 1.0; range approximately 0.20-4.59,
w2014,FINALWT,weight,Weight,,Post-stratification survey weight.,Continuous; mean approximately 1.0; range approximately 0.20-4.59,
w2016,FINALWT,weight,Weight,,Post-stratification survey weight.,Continuous; mean approximately 1.0; range approximately 0.20-4.59,
w2018,FINALWT,weight,Weight,,Post-stratification survey weight.,Continuous; mean approximately 1.0; range approximately 0.20-4.59,
w2021,FINALWT,weight,Weight,,Post-stratification survey weight.,Continuous; mean approximately 1.0; range approximately 0.20-4.59,
w2023,FINALWT,weight,Weight,,Post-stratification survey weight.,Continuous; mean approximately 1.0; range approximately 0.20-4.59,
w2003,YRRESPID,yr_resp_id,Identifiers,,"Unique respondent ID across all years (format: YYYYnnnnn, e.g. 200300102 = 2003, respondent 102).",Numeric (cross-year unique ID),
w2004,YRRESPID,yr_resp_id,Identifiers,,"Unique respondent ID across all years (format: YYYYnnnnn, e.g. 200300102 = 2003, respondent 102).",Numeric (cross-year unique ID),
w2005,YRRESPID,yr_resp_id,Identifiers,,"Unique respondent ID across all years (format: YYYYnnnnn, e.g. 200300102 = 2003, respondent 102).",Numeric (cross-year unique ID),
w2006,YRRESPID,yr_resp_id,Identifiers,,"Unique respondent ID across all years (format: YYYYnnnnn, e.g. 200300102 = 2003, respondent 102).",Numeric (cross-year unique ID),
w2007,YRRESPID,yr_resp_id,Identifiers,,"Unique respondent ID across all years (format: YYYYnnnnn, e.g. 200300102 = 2003, respondent 102).",Numeric (cross-year unique ID),
w2008,YRRESPID,yr_resp_id,Identifiers,,"Unique respondent ID across all years (format: YYYYnnnnn, e.g. 200300102 = 2003, respondent 102).",Numeric (cross-year unique ID),
w2009,YRRESPID,yr_resp_id,Identifiers,,"Unique respondent ID across all years (format: YYYYnnnnn, e.g. 200300102 = 2003, respondent 102).",Numeric (cross-year unique ID),
w2010,YRRESPID,yr_resp_id,Identifiers,,"Unique respondent ID across all years (format: YYYYnnnnn, e.g. 200300102 = 2003, respondent 102).",Numeric (cross-year unique ID),
w2011,YRRESPID,yr_resp_id,Identifiers,,"Unique respondent ID across all years (format: YYYYnnnnn, e.g. 200300102 = 2003, respondent 102).",Numeric (cross-year unique ID),
w2012,YRRESPID,yr_resp_id,Identifiers,,"Unique respondent ID across all years (format: YYYYnnnnn, e.g. 200300102 = 2003, respondent 102).",Numeric (cross-year unique ID),
w2013,YRRESPID,yr_resp_id,Identifiers,,"Unique respondent ID across all years (format: YYYYnnnnn, e.g. 200300102 = 2003, respondent 102).",Numeric (cross-year unique ID),
w2014,YRRESPID,yr_resp_id,Identifiers,,"Unique respondent ID across all years (format: YYYYnnnnn, e.g. 200300102 = 2003, respondent 102).",Numeric (cross-year unique ID),
w2016,YRRESPID,yr_resp_id,Identifiers,,"Unique respondent ID across all years (format: YYYYnnnnn, e.g. 200300102 = 2003, respondent 102).",Numeric (cross-year unique ID),
w2018,YRRESPID,yr_resp_id,Identifiers,,"Unique respondent ID across all years (format: YYYYnnnnn, e.g. 200300102 = 2003, respondent 102).",Numeric (cross-year unique ID),
w2021,YRRESPID,yr_resp_id,Identifiers,,"Unique respondent ID across all years (format: YYYYnnnnn, e.g. 200300102 = 2003, respondent 102).",Numeric (cross-year unique ID),
w2023,YRRESPID,yr_resp_id,Identifiers,,"Unique respondent ID across all years (format: YYYYnnnnn, e.g. 200300102 = 2003, respondent 102).",Numeric (cross-year unique ID),
