"harmonized_name","english_description","year","raw_var","korean_label","value_labels","match_method"
"age_group","Age group",2011,"age","응답자 연령","1=20대 이하; 2=30대; 3=40대; 4=50대; 5=60대; 6= 70대 이상","crosswalk"
"age_group","Age group",2013,"d2","연령별","1=19∼29세; 2=30대; 3=40대; 4=50대; 5=60∼69세","crosswalk"
"age_group","Age group",2014,"d2","연령별","1=19∼29세; 2=30대; 3=40대; 4=50대; 5=60∼69세","crosswalk"
"age_group","Age group",2015,"d2","연령별","1=19~29세; 2=30대; 3=40대; 4=50대; 5=60~69세","crosswalk"
"age_group","Age group",2016,"d2","연령별","1=19∼29세; 2=30대; 3=40대; 4=50대; 5=60∼69세","crosswalk"
"age_group","Age group",2017,"d2","연령","1=19~29세; 2=30대; 3=40대; 4=50대; 5=60~69세","crosswalk"
"age_group","Age group",2018,"d2","연령","1=19~29세; 2=30대; 3=40대; 4=50대; 5=60~69세","crosswalk"
"age_group","Age group",2019,"d2","연령","1=19~29세; 2=30대; 3=40대; 4=50대; 5=60~69세","crosswalk"
"age_group","Age group",2020,"d2","연령","1=19~29세; 2=30대; 3=40대; 4=50대; 5=60세 이상","crosswalk"
"age_group","Age group",2021,"d2","연령","1=19~29세; 2=30대; 3=40대; 4=50대; 5=60세 이상","crosswalk"
"age_group","Age group",2022,"d2","연령","1=19~29세; 2=30대; 3=40대; 4=50대; 5=60세 이상","crosswalk"
"age_group","Age group",2023,"d2","연령","1=19~29세; 2=30대; 3=40대; 4=50대; 5=60세 이상","crosswalk"
"age_group","Age group",2024,"d2","연령","1=19~29세; 2=30대; 3=40대; 4=50대; 5=60세 이상","crosswalk"
"belong_city","Sense of belonging — city/county/district level (1-4)",2015,"q5_2_1","살고 있는 지역에 대한 소속감-시군구","1=전혀 그렇지 않다; 2=별로 그렇지 않다; 3=약간 그렇다; 4=매우 그렇다","crosswalk"
"belong_city","Sense of belonging — city/county/district level (1-4)",2016,"q5_2_1","살고 있는 지역에 대한 소속감-시·군·구","1=전혀 그렇지 않다; 2=별로 그렇지 않다; 3=약간 그렇다; 4=매우 그렇다","crosswalk"
"belong_city","Sense of belonging — city/county/district level (1-4)",2017,"q5_2_1","살고 있는 지역에 대한 소속감-시/군/구","1=전혀 그렇지 않다; 2=별로 그렇지 않다; 3=약간 그렇다; 4=매우 그렇다; 9=모름/무응답","crosswalk"
"belong_city","Sense of belonging — city/county/district level (1-4)",2018,"q5_2_1","살고 있는 지역에 대한 소속감-시･군･구","1=전혀 그렇지 않다; 2=별로 그렇지 않다; 3=약간 그렇다; 4=매우 그렇다; 9=모름/무응답","crosswalk"
"belong_city","Sense of belonging — city/county/district level (1-4)",2019,"q5_2_1","살고 있는 지역에 대한 소속감-시･군･구","1=전혀 그렇지 않다; 2=별로 그렇지 않다; 3=약간 그렇다; 4=매우 그렇다; 9=모름/무응답","crosswalk"
"belong_city","Sense of belonging — city/county/district level (1-4)",2020,"q5_2_1","살고 있는 지역에 대한 소속감-시･군･구","1=전혀 그렇지 않다; 2=별로 그렇지 않다; 3=약간 그렇다; 4=매우 그렇다; 9=모름/무응답","crosswalk"
"belong_city","Sense of belonging — city/county/district level (1-4)",2021,"q5_2_1","살고 있는 지역에 대한 소속감-시군구","1=전혀 그렇지 않다; 2=별로 그렇지 않다; 3=약간 그렇다; 4=매우 그렇다; 9=모름/무응답","crosswalk"
"belong_city","Sense of belonging — city/county/district level (1-4)",2022,"q5_2_1","살고 있는 지역에 대한 소속감-시･군･구","1=전혀 그렇지 않다; 2=별로 그렇지 않다; 3=약간 그렇다; 4=매우 그렇다; 9=모름/무응답","crosswalk"
"belong_city","Sense of belonging — city/county/district level (1-4)",2023,"q5_2_1","살고 있는 지역에 대한 소속감-시/군/구","1=전혀 그렇지 않다; 2=별로 그렇지 않다; 3=약간 그렇다; 4=매우 그렇다; 9=모름/무응답","crosswalk"
"belong_city","Sense of belonging — city/county/district level (1-4)",2024,"q5_2_1","살고 있는 지역에 대한 소속감-시/군/구","1=전혀 그렇지 않다; 2=별로 그렇지 않다; 3=약간 그렇다; 4=매우 그렇다","crosswalk"
"belong_province","Sense of belonging — province/city level (1-4)",2013,"q3_2","살고 있는 지역에 대한 소속감","1=전혀 그렇지 않다; 2=별로 그렇지 않다; 3=약간 그렇다; 4=매우 그렇다; 8=모름; 9=무응답","crosswalk"
"belong_province","Sense of belonging — province/city level (1-4)",2014,"q3_2","살고 있는 지역에 대한 소속감","1=전혀 그렇지 않다; 2=별로 그렇지 않다; 3=약간 그렇다; 4=매우 그렇다; 8=모름; 9=무응답","crosswalk"
"belong_province","Sense of belonging — province/city level (1-4)",2015,"q5_2","살고 있는 지역에 대한 소속감-시도","1=전혀 그렇지 않다; 2=별로 그렇지 않다; 3=약간 그렇다; 4=매우 그렇다","crosswalk"
"belong_province","Sense of belonging — province/city level (1-4)",2016,"q5_2","살고 있는 지역에 대한 소속감-시·도","1=전혀 그렇지 않다; 2=별로 그렇지 않다; 3=약간 그렇다; 4=매우 그렇다","crosswalk"
"belong_province","Sense of belonging — province/city level (1-4)",2017,"q5_2","살고 있는 지역에 대한 소속감-시/도","1=전혀 그렇지 않다; 2=별로 그렇지 않다; 3=약간 그렇다; 4=매우 그렇다; 9=모름/무응답","crosswalk"
"belong_province","Sense of belonging — province/city level (1-4)",2018,"q5_2","살고 있는 지역에 대한 소속감-시･도","1=전혀 그렇지 않다; 2=별로 그렇지 않다; 3=약간 그렇다; 4=매우 그렇다; 9=모름/무응답","crosswalk"
"belong_province","Sense of belonging — province/city level (1-4)",2019,"q5_2","살고 있는 지역에 대한 소속감-시･도","1=전혀 그렇지 않다; 2=별로 그렇지 않다; 3=약간 그렇다; 4=매우 그렇다; 9=모름/무응답","crosswalk"
"belong_province","Sense of belonging — province/city level (1-4)",2020,"q5_2","살고 있는 지역에 대한 소속감-시･도","1=전혀 그렇지 않다; 2=별로 그렇지 않다; 3=약간 그렇다; 4=매우 그렇다; 9=모름/무응답","crosswalk"
"belong_province","Sense of belonging — province/city level (1-4)",2021,"q5_2","살고 있는 지역에 대한 소속감-시도","1=전혀 그렇지 않다; 2=별로 그렇지 않다; 3=약간 그렇다; 4=매우 그렇다; 9=모름/무응답","crosswalk"
"belong_province","Sense of belonging — province/city level (1-4)",2022,"q5_2","살고 있는 지역에 대한 소속감-시･도","1=전혀 그렇지 않다; 2=별로 그렇지 않다; 3=약간 그렇다; 4=매우 그렇다; 9=모름/무응답","crosswalk"
"belong_province","Sense of belonging — province/city level (1-4)",2023,"q5_2","살고 있는 지역에 대한 소속감-시/도","1=전혀 그렇지 않다; 2=별로 그렇지 않다; 3=약간 그렇다; 4=매우 그렇다; 9=모름/무응답","crosswalk"
"belong_province","Sense of belonging — province/city level (1-4)",2024,"q5_2","살고 있는 지역에 대한 소속감-시/도","1=전혀 그렇지 않다; 2=별로 그렇지 않다; 3=약간 그렇다; 4=매우 그렇다","crosswalk"
"belong_town","Sense of belonging — town/village level (1-4)",2015,"q5_2_2","살고 있는 지역에 대한 소속감-읍면동","1=전혀 그렇지 않다; 2=별로 그렇지 않다; 3=약간 그렇다; 4=매우 그렇다","crosswalk"
"belong_town","Sense of belonging — town/village level (1-4)",2016,"q5_2_2","살고 있는 지역에 대한 소속감-읍·면·동","1=전혀 그렇지 않다; 2=별로 그렇지 않다; 3=약간 그렇다; 4=매우 그렇다","crosswalk"
"belong_town","Sense of belonging — town/village level (1-4)",2017,"q5_2_2","살고 있는 지역에 대한 소속감-읍/면/동","1=전혀 그렇지 않다; 2=별로 그렇지 않다; 3=약간 그렇다; 4=매우 그렇다; 9=모름/무응답","crosswalk"
"belong_town","Sense of belonging — town/village level (1-4)",2018,"q5_2_2","살고 있는 지역에 대한 소속감-읍･면･동","1=전혀 그렇지 않다; 2=별로 그렇지 않다; 3=약간 그렇다; 4=매우 그렇다; 9=모름/무응답","crosswalk"
"belong_town","Sense of belonging — town/village level (1-4)",2019,"q5_2_2","살고 있는 지역에 대한 소속감-읍･면･동","1=전혀 그렇지 않다; 2=별로 그렇지 않다; 3=약간 그렇다; 4=매우 그렇다; 9=모름/무응답","crosswalk"
"belong_town","Sense of belonging — town/village level (1-4)",2020,"q5_2_2","살고 있는 지역에 대한 소속감-읍･면･동","1=전혀 그렇지 않다; 2=별로 그렇지 않다; 3=약간 그렇다; 4=매우 그렇다; 9=모름/무응답","crosswalk"
"belong_town","Sense of belonging — town/village level (1-4)",2021,"q5_2_2","살고 있는 지역에 대한 소속감-읍면동","1=전혀 그렇지 않다; 2=별로 그렇지 않다; 3=약간 그렇다; 4=매우 그렇다; 9=모름/무응답","crosswalk"
"belong_town","Sense of belonging — town/village level (1-4)",2022,"q5_2_2","살고 있는 지역에 대한 소속감-읍･면･동","1=전혀 그렇지 않다; 2=별로 그렇지 않다; 3=약간 그렇다; 4=매우 그렇다; 9=모름/무응답","crosswalk"
"belong_town","Sense of belonging — town/village level (1-4)",2023,"q5_2_2","살고 있는 지역에 대한 소속감-읍/면/동","1=전혀 그렇지 않다; 2=별로 그렇지 않다; 3=약간 그렇다; 4=매우 그렇다; 9=모름/무응답","crosswalk"
"belong_town","Sense of belonging — town/village level (1-4)",2024,"q5_2_2","살고 있는 지역에 대한 소속감-읍/면/동","1=전혀 그렇지 않다; 2=별로 그렇지 않다; 3=약간 그렇다; 4=매우 그렇다","crosswalk"
"dem_prospect","Prospect for democracy level (0-10)",2018,"q9","향후 민주주의 수준 전망","0=0점 매우 나빠질 것이다; 1=1점; 2=2점; 3=3점; 4=4점; 5=5점 보통; 6=6점; 7=7점; 8=8점; 9=9점; 10=10점 매우 좋아질 것이다","crosswalk"
"dem_prospect","Prospect for democracy level (0-10)",2019,"q9","향후 민주주의 수준 전망","0=0점 매우 나빠질 것이다; 1=1점; 2=2점; 3=3점; 4=4점; 5=5점 보통; 6=6점; 7=7점; 8=8점; 9=9점; 10=10점 매우 좋아질 것이다","crosswalk"
"dem_prospect","Prospect for democracy level (0-10)",2020,"q9","향후 민주주의 수준 전망","0=0점 매우 나빠질 것이다; 1=1점; 2=2점; 3=3점; 4=4점; 5=5점 보통; 6=6점; 7=7점; 8=8점; 9=9점; 10=10점 매우 좋아질 것이다","crosswalk"
"dem_prospect","Prospect for democracy level (0-10)",2021,"q9","향후 민주주의 수준 전망","0=0점 매우 나빠질 것이다; 1=1점; 2=2점; 3=3점; 4=4점; 5=5점 보통; 6=6점; 7=7점; 8=8점; 9=9점; 10=10점 매우 좋아질 것이다","crosswalk"
"dem_prospect","Prospect for democracy level (0-10)",2022,"q9","향후 민주주의 수준 전망","0=0점 매우 나빠질 것이다; 1=1점; 2=2점; 3=3점; 4=4점; 5=5점 보통; 6=6점; 7=7점; 8=8점; 9=9점; 10=10점 매우 좋아질 것이다","crosswalk"
"dem_satisfaction","Satisfaction with democracy level (0-10)",2018,"q8","우리나라 민주주의 수준 만족도","0=0점 전혀 만족하지 않는다; 1=1점; 2=2점; 3=3점; 4=4점; 5=5점 보통; 6=6점; 7=7점; 8=8점; 9=9점; 10=10점 매우 만족한다","crosswalk"
"dem_satisfaction","Satisfaction with democracy level (0-10)",2019,"q8","우리나라 민주주의 수준 만족도","0=0점 전혀 만족하지 않는다; 1=1점; 2=2점; 3=3점; 4=4점; 5=5점 보통; 6=6점; 7=7점; 8=8점; 9=9점; 10=10점 매우 만족한다","crosswalk"
"dem_satisfaction","Satisfaction with democracy level (0-10)",2020,"q8","우리나라 민주주의 수준 만족도","0=0점 전혀 만족하지 않는다; 1=1점; 2=2점; 3=3점; 4=4점; 5=5점 보통; 6=6점; 7=7점; 8=8점; 9=9점; 10=10점 매우 만족한다","crosswalk"
"dem_satisfaction","Satisfaction with democracy level (0-10)",2021,"q8","우리나라 민주주의 수준 만족도","0=0점 전혀 만족하지 않는다; 1=1점; 2=2점; 3=3점; 4=4점; 5=5점 보통; 6=6점; 7=7점; 8=8점; 9=9점; 10=10점 매우 만족한다","crosswalk"
"dem_satisfaction","Satisfaction with democracy level (0-10)",2022,"q8","우리나라 민주주의 수준 만족도","0=0점 전혀 만족하지 않는다; 1=1점; 2=2점; 3=3점; 4=4점; 5=5점 보통; 6=6점; 7=7점; 8=8점; 9=9점; 10=10점 매우 만족한다","crosswalk"
"econ_nat_prospect","Prospect for national economic situation (0-10)",2013,"q7","향후 경제 상황 전망","0=0 매우 나빠질 것이다; 1=1; 2=2; 3=3; 4=4; 5=5 보통; 6=6; 7=7; 8=8; 9=9; 10=10 매우 좋아질 것이다; 98=98 모름; 99=99 무응답","crosswalk"
"econ_nat_prospect","Prospect for national economic situation (0-10)",2015,"q9","향후 경제 상황 전망","0=0점 매우 나빠질 것이다; 1=1점; 2=2점; 3=3점; 4=4점; 5=5점 보통; 6=6점; 7=7점; 8=8점; 9=9점; 10=10점 매우 좋아질 것이다","crosswalk"
"econ_nat_prospect","Prospect for national economic situation (0-10)",2016,"q9","향후 경제 상황 전망","0=0점 매우 나빠질 것이다; 1=1점; 2=2점; 3=3점; 4=4점; 5=5점 보통; 6=6점; 7=7점; 8=8점; 9=9점; 10=10점 매우 좋아질 것이다","crosswalk"
"econ_nat_prospect","Prospect for national economic situation (0-10)",2017,"q9","향후 경제 상황 전망","0=0점 매우 나빠질 것이다; 1=1점; 2=2점; 3=3점; 4=4점; 5=5점 보통; 6=6점; 7=7점; 8=8점; 9=9점; 10=10점 매우 좋아질 것이다","crosswalk"
"econ_nat_prospect","Prospect for national economic situation (0-10)",2018,"q11","향후 경제 상황 전망","0=0점 매우 나빠질 것이다; 1=1점; 2=2점; 3=3점; 4=4점; 5=5점 보통; 6=6점; 7=7점; 8=8점; 9=9점; 10=10점 매우 좋아질 것이다","crosswalk"
"econ_nat_prospect","Prospect for national economic situation (0-10)",2019,"q11","향후 경제 상황 전망","0=0점 매우 나빠질 것이다; 1=1점; 2=2점; 3=3점; 4=4점; 5=5점 보통; 6=6점; 7=7점; 8=8점; 9=9점; 10=10점 매우 좋아질 것이다","crosswalk"
"econ_nat_prospect","Prospect for national economic situation (0-10)",2020,"q11","향후 경제 상황 전망","0=0점 매우 나빠질 것이다; 1=1점; 2=2점; 3=3점; 4=4점; 5=5점 보통; 6=6점; 7=7점; 8=8점; 9=9점; 10=10점 매우 좋아질 것이다","crosswalk"
"econ_nat_prospect","Prospect for national economic situation (0-10)",2021,"q11","향후 경제 상황 전망","0=0점 매우 나빠질 것이다; 1=1점; 2=2점; 3=3점; 4=4점; 5=5점 보통; 6=6점; 7=7점; 8=8점; 9=9점; 10=10점 매우 좋아질 것이다","crosswalk"
"econ_nat_prospect","Prospect for national economic situation (0-10)",2022,"q11","향후 경제 상황 전망","0=0점 매우 나빠질 것이다; 1=1점; 2=2점; 3=3점; 4=4점; 5=5점 보통; 6=6점; 7=7점; 8=8점; 9=9점; 10=10점 매우 좋아질 것이다","crosswalk"
"econ_nat_prospect","Prospect for national economic situation (0-10)",2023,"q9","향후 경제 상황 전망","0=0점 매우 나빠질 것이다; 1=1점; 2=2점; 3=3점; 4=4점; 5=5점 보통; 6=6점; 7=7점; 8=8점; 9=9점; 10=10점 매우 좋아질 것이다","crosswalk"
"econ_nat_prospect","Prospect for national economic situation (0-10)",2024,"q9","향후 경제 상황 전망","0=0점 매우 나빠질 것이다; 1=1점; 2=2점; 3=3점; 4=4점; 5=5점 보통; 6=6점; 7=7점; 8=8점; 9=9점; 10=10점 매우 좋아질 것이다","crosswalk"
"econ_nat_sat","Satisfaction with national economic situation (0-10)",2013,"q6","우리나라 경제 상황 만족도","0=0 전혀 만족하지 않는다; 1=1; 2=2; 3=3; 4=4; 5=5 보통; 6=6; 7=7; 8=8; 9=9; 10=10 매우 만족한다; 98=98 모름; 99=99 무응답","crosswalk"
"econ_nat_sat","Satisfaction with national economic situation (0-10)",2014,"q6","현재 우리나라 경제 상황 만족도","0=0 전혀 만족하지 않는다; 1=1; 2=2; 3=3; 4=4; 5=5 보통; 6=6; 7=7; 8=8; 9=9; 10=10 매우 만족한다; 98=98 모름; 99=99 무응답","crosswalk"
"econ_nat_sat","Satisfaction with national economic situation (0-10)",2015,"q8","우리나라 경제 상황 만족도","0=0점 전혀 만족하지 않는다; 1=1점; 2=2점; 3=3점; 4=4점; 5=5점 보통; 6=6점; 7=7점; 8=8점; 9=9점; 10=10점 매우 만족한다","crosswalk"
"econ_nat_sat","Satisfaction with national economic situation (0-10)",2016,"q8","우리나라 경제 상황 만족도","0=0점 전혀 만족 하지 않는다; 1=1점; 2=2점; 3=3점; 4=4점; 5=5점 보통; 6=6점; 7=7점; 8=8점; 9=9점; 10=10점 매우 만족 한다","crosswalk"
"econ_nat_sat","Satisfaction with national economic situation (0-10)",2017,"q8","우리나라 경제 상황 만족도","0=0점 전혀 만족하지 않는다; 1=1점; 2=2점; 3=3점; 4=4점; 5=5점 보통; 6=6점; 7=7점; 8=8점; 9=9점; 10=10점 매우 만족한다","crosswalk"
"econ_nat_sat","Satisfaction with national economic situation (0-10)",2018,"q10","우리나라 경제 상황 만족도","0=0점 전혀 만족하지 않는다; 1=1점; 2=2점; 3=3점; 4=4점; 5=5점 보통; 6=6점; 7=7점; 8=8점; 9=9점; 10=10점 매우 만족한다","crosswalk"
"econ_nat_sat","Satisfaction with national economic situation (0-10)",2019,"q10","우리나라 경제 상황 만족도","0=0점 전혀 만족하지 않는다; 1=1점; 2=2점; 3=3점; 4=4점; 5=5점 보통; 6=6점; 7=7점; 8=8점; 9=9점; 10=10점 매우 만족한다","crosswalk"
"econ_nat_sat","Satisfaction with national economic situation (0-10)",2020,"q10","우리나라 경제 상황 만족도","0=0점 전혀 만족하지 않는다; 1=1점; 2=2점; 3=3점; 4=4점; 5=5점 보통; 6=6점; 7=7점; 8=8점; 9=9점; 10=10점 매우 만족한다","crosswalk"
"econ_nat_sat","Satisfaction with national economic situation (0-10)",2021,"q10","우리나라 경제 상황 만족도","0=0점 전혀 만족하지 않는다; 1=1점; 2=2점; 3=3점; 4=4점; 5=5점 보통; 6=6점; 7=7점; 8=8점; 9=9점; 10=10점 매우 만족한다","crosswalk"
"econ_nat_sat","Satisfaction with national economic situation (0-10)",2022,"q10","우리나라 경제 상황 만족도","0=0점 전혀 만족하지 않는다; 1=1점; 2=2점; 3=3점; 4=4점; 5=5점 보통; 6=6점; 7=7점; 8=8점; 9=9점; 10=10점 매우 만족한다","crosswalk"
"econ_nat_sat","Satisfaction with national economic situation (0-10)",2023,"q8","우리나라 경제 상황 만족도","0=0점 전혀 만족하지 않는다; 1=1점; 2=2점; 3=3점; 4=4점; 5=5점 보통; 6=6점; 7=7점; 8=8점; 9=9점; 10=10점 매우 만족한다","crosswalk"
"econ_nat_sat","Satisfaction with national economic situation (0-10)",2024,"q8","우리나라 경제 상황 만족도","0=0점 전혀 만족하지 않는다; 1=1점; 2=2점; 3=3점; 4=4점; 5=5점 보통; 6=6점; 7=7점; 8=8점; 9=9점; 10=10점 매우 만족한다","crosswalk"
"econ_pers_prospect","Personal future economic outlook (0-10)",2018,"q52","본인의 향후 경제 상황 전망","0=0점 매우 나빠질 것이다; 1=1점; 2=2점; 3=3점; 4=4점; 5=5점 보통; 6=6점; 7=7점; 8=8점; 9=9점; 10=10점 매우 좋아질 것이다","crosswalk"
"econ_pers_prospect","Personal future economic outlook (0-10)",2019,"q53","본인의 향후 경제 상황 전망","0=0점 매우 나빠질 것이다; 1=1점; 2=2점; 3=3점; 4=4점; 5=5점 보통; 6=6점; 7=7점; 8=8점; 9=9점; 10=10점 매우 좋아질 것이다","crosswalk"
"econ_pers_prospect","Personal future economic outlook (0-10)",2020,"q52","본인의 향후 경제 상황 전망","0=0점 매우 나빠질 것이다; 1=1점; 2=2점; 3=3점; 4=4점; 5=5점 보통; 6=6점; 7=7점; 8=8점; 9=9점; 10=10점 매우 좋아질 것이다","crosswalk"
"econ_pers_prospect","Personal future economic outlook (0-10)",2021,"q55","본인의 향후 경제 상황 전망","0=0점 매우 나빠질 것이다; 1=1점; 2=2점; 3=3점; 4=4점; 5=5점 보통; 6=6점; 7=7점; 8=8점; 9=9점; 10=10점 매우 좋아질 것이다","crosswalk"
"econ_pers_prospect","Personal future economic outlook (0-10)",2022,"q56","본인의 향후 경제 상황 전망","0=0점 매우 나빠질 것이다; 1=1점; 2=2점; 3=3점; 4=4점; 5=5점 보통; 6=6점; 7=7점; 8=8점; 9=9점; 10=10점 매우 좋아질 것이다","crosswalk"
"econ_pers_prospect","Personal future economic outlook (0-10)",2023,"q52","본인의 향후 경제 상황 전망","0=0점 매우 나빠질 것이다; 1=1점; 2=2점; 3=3점; 4=4점; 5=5점 보통; 6=6점; 7=7점; 8=8점; 9=9점; 10=10점 매우 좋아질 것이다","crosswalk"
"econ_pers_prospect","Personal future economic outlook (0-10)",2024,"q53","본인의 향후 경제 상황 전망","0=0점 매우 나빠질 것이다; 1=1점; 2=2점; 3=3점; 4=4점; 5=5점 보통; 6=6점; 7=7점; 8=8점; 9=9점; 10=10점 매우 좋아질 것이다","crosswalk"
"econ_pers_stability","Personal current economic stability (0-10)",2013,"q42","본인의 현재 경제 상황 안정 정도","0=0 전혀 안정적이지 않다; 1=1; 2=2; 3=3; 4=4; 5=5 보통; 6=6; 7=7; 8=8; 9=9; 10=10 매우 안정적이다; 98=98 모름; 99=99 무응답","crosswalk"
"econ_pers_stability","Personal current economic stability (0-10)",2014,"q44","본인의 현재 경제 상황 안정 정도","0=0 전혀 안정적이지 않다; 1=1; 2=2; 3=3; 4=4; 5=5 보통; 6=6; 7=7; 8=8; 9=9; 10=10 매우 안정적이다; 98=98 모름; 99=99 무응답","crosswalk"
"econ_pers_stability","Personal current economic stability (0-10)",2015,"q47","본인의 현재 경제 상황 안정 정도","0=0점 전혀 안정적이지 않다; 1=1점; 2=2점; 3=3점; 4=4점; 5=5점 보통; 6=6점; 7=7점; 8=8점; 9=9점; 10=10점 매우 안정적이다","crosswalk"
"econ_pers_stability","Personal current economic stability (0-10)",2016,"q49","본인의 현재 경제 상황 안정 정도","0=0점 전혀 안정적 이지 않다; 1=1점; 2=2점; 3=3점; 4=4점; 5=5점 보통; 6=6점; 7=7점; 8=8점; 9=9점; 10=10점 매우 안정적 이다","crosswalk"
"econ_pers_stability","Personal current economic stability (0-10)",2017,"q48","본인의 현재 경제 상황 안정 정도","0=0점 전혀 안정적이지 않다; 1=1점; 2=2점; 3=3점; 4=4점; 5=5점 보통; 6=6점; 7=7점; 8=8점; 9=9점; 10=10점 매우 안정적이다","crosswalk"
"econ_pers_stability","Personal current economic stability (0-10)",2018,"q51","본인의 현재 경제 상황 안정 정도","0=0점 전혀 안정적이지 않다; 1=1점; 2=2점; 3=3점; 4=4점; 5=5점 보통; 6=6점; 7=7점; 8=8점; 9=9점; 10=10점 매우 안정적이다","crosswalk"
"econ_pers_stability","Personal current economic stability (0-10)",2019,"q52","본인의 현재 경제 상황 안정 정도","0=0점 전혀 안정적이지 않다; 1=1점; 2=2점; 3=3점; 4=4점; 5=5점 보통; 6=6점; 7=7점; 8=8점; 9=9점; 10=10점 매우 안정적이다","crosswalk"
"econ_pers_stability","Personal current economic stability (0-10)",2020,"q51","본인의 현재 경제 상황 안정 정도","0=0점 전혀 안정적이지 않다; 1=1점; 2=2점; 3=3점; 4=4점; 5=5점 보통; 6=6점; 7=7점; 8=8점; 9=9점; 10=10점 매우 안정적이다","crosswalk"
"econ_pers_stability","Personal current economic stability (0-10)",2021,"q54","본인의 현재 경제 상황 안정 정도","0=0점 전혀 안정적이지 않다; 1=1점; 2=2점; 3=3점; 4=4점; 5=5점 보통; 6=6점; 7=7점; 8=8점; 9=9점; 10=10점 매우 안정적이다","crosswalk"
"econ_pers_stability","Personal current economic stability (0-10)",2022,"q55","본인의 현재 경제 상황 안정 정도","0=0점 전혀 안정적이지 않다; 1=1점; 2=2점; 3=3점; 4=4점; 5=5점 보통; 6=6점; 7=7점; 8=8점; 9=9점; 10=10점 매우 안정적이다","crosswalk"
"econ_pers_stability","Personal current economic stability (0-10)",2023,"q51","본인의 현재 경제 상황 안정 정도","0=0점 전혀 안정적이지 않다; 1=1점; 2=2점; 3=3점; 4=4점; 5=5점 보통; 6=6점; 7=7점; 8=8점; 9=9점; 10=10점 매우 안정적이다","crosswalk"
"econ_pers_stability","Personal current economic stability (0-10)",2024,"q52","본인의 현재 경제 상황 안정 정도","0=0점 전혀 안정적이지 않다; 1=1점; 2=2점; 3=3점; 4=4점; 5=5점 보통; 6=6점; 7=7점; 8=8점; 9=9점; 10=10점 매우 안정적이다","crosswalk"
"education","Education level",2018,"d5_1_1","학력_정규교육 과정(본인)","0=안 받았음; 1=초등학교; 2=중학교; 3=고등학교; 4=대학(교)(4년제 미만); 5=대학교(4년제 이상); 6=대학원 석사 과정; 7=대학원 박사 과정","crosswalk"
"education","Education level",2019,"d5_1_1","학력_정규교육 과정(본인)","0=안 받았음; 1=초등학교; 2=중학교; 3=고등학교; 4=대학(교)(4년제 미만); 5=대학교(4년제 이상); 6=대학원 석사 과정; 7=대학원 박사 과정","crosswalk"
"education","Education level",2020,"d5_1_1","학력_정규교육 과정(본인)","0=안 받았음; 1=초등학교; 2=중학교; 3=고등학교; 4=대학(교)(4년제 미만); 5=대학교(4년제 이상); 6=대학원 석사 과정; 7=대학원 박사 과정","crosswalk"
"education","Education level",2021,"d5_1_1","학력_정규교육 과정(본인)","0=안 받았음; 1=초등학교; 2=중학교; 3=고등학교; 4=대학(교)(4년제 미만); 5=대학교(4년제 이상); 6=대학원 석사 과정; 7=대학원 박사 과정","crosswalk"
"education","Education level",2022,"d5_1_1","학력_정규교육 과정(본인)","0=안 받았음; 1=초등학교; 2=중학교; 3=고등학교; 4=대학(교)(4년제 미만); 5=대학교(4년제 이상); 6=대학원 석사 과정; 7=대학원 박사 과정","crosswalk"
"education","Education level",2023,"d5_1_1","학력_정규교육 과정(본인)","0=안 받았음; 1=초등학교; 2=중학교; 3=고등학교; 4=대학(교)(4년제 미만); 5=대학교(4년제 이상); 6=대학원 석사 과정; 7=대학원 박사 과정","crosswalk"
"education","Education level",2024,"d5_1_1","학력_정규교육 과정(본인)","0=안 받았음; 1=초등학교; 2=중학교; 3=고등학교; 4=대학(교)(4년제 미만); 5=대학교(4년제 이상); 6=대학원 석사 과정; 7=대학원 박사 과정","crosswalk"
"grp_alumni","Activity in alumni / hometown association (1-5)",2013,"q15_7","사회단체 활동 정도-동창회/향우회","1=소속된 적이 없다; 2=과거에 소속된 적이 있으나 현재는 아니다; 3=소속되어 있지만 활동은 안 한다; 4=소속되어 가끔 활동한다; 5=소속되어 적극적으로 활동한다; 8=모름; 9=무응답","crosswalk"
"grp_alumni","Activity in alumni / hometown association (1-5)",2014,"q15_7","사회단체 활동 정도-동창회/향우회","1=소속된 적이 없다; 2=과거에 소속된 적이 있으나 현재는 아니다; 3=소속되어 있지만 활동은 안 한다; 4=소속되어 가끔 활동한다; 5=소속되어 적극적으로 활동한다; 8=모름; 9=무응답","crosswalk"
"grp_alumni","Activity in alumni / hometown association (1-5)",2015,"q17_7","사회단체 활동 정도-동창회, 향우회","1=소속된 적이 없다; 2=과거에 소속된 적이 있으나 현재는 아니다; 3=소속되어 있지만 활동은 안 한다; 4=소속되어 가끔 활동한다; 5=소속되어 적극적으로 활동한다","crosswalk"
"grp_alumni","Activity in alumni / hometown association (1-5)",2016,"q17_7","사회단체 활동 정도-동창회, 향우회","1=소속된 적이 없다; 2=과거에 소속된 적이 있으나 현재는 아니다; 3=소속되어 있지만 활동은 안 한다; 4=소속되어 가끔 활동한다; 5=소속되어 적극적으로 활동한다","crosswalk"
"grp_alumni","Activity in alumni / hometown association (1-5)",2017,"q17_7","사회단체 활동 정도-동창회, 향우회","1=소속된 적이 없다; 2=과거에 소속된 적이 있으나 현재는 아니다; 3=소속되어 있지만 활동은 안 한다; 4=소속되어 가끔 활동한다; 5=소속되어 적극적으로 활동한다; 9=모름/무응답","crosswalk"
"grp_alumni","Activity in alumni / hometown association (1-5)",2018,"q19_7","사회단체 활동 정도-동창회, 향우회","1=소속된 적이 없다; 2=과거에 소속된 적이 있으나 현재는 아니다; 3=소속되어 있지만 활동은 안 한다; 4=소속되어 가끔 활동한다; 5=소속되어 적극적으로 활동한다; 9=모름/무응답","crosswalk"
"grp_alumni","Activity in alumni / hometown association (1-5)",2019,"q19_7","사회단체 활동 정도-동창회, 향우회","1=소속된 적이 없다; 2=과거에 소속된 적이 있으나 현재는 아니다; 3=소속되어 있지만 활동은 안 한다; 4=소속되어 가끔 활동한다; 5=소속되어 적극적으로 활동한다; 9=모름/무응답","crosswalk"
"grp_alumni","Activity in alumni / hometown association (1-5)",2020,"q17_7","사회단체 활동 정도-동창회, 향우회","1=소속된 적이 없다; 2=과거에 소속된 적이 있으나 현재는 아니다; 3=소속되어 있지만 활동은 안 한다; 4=소속되어 가끔 활동한다; 5=소속되어 적극적으로 활동한다; 9=모름/무응답","crosswalk"
"grp_alumni","Activity in alumni / hometown association (1-5)",2021,"q17_7","사회단체 활동 정도-동창회, 향우회","1=소속된 적이 없다; 2=과거에 소속된 적이 있으나 현재는 아니다; 3=소속되어 있지만 활동은 안 한다; 4=소속되어 가끔 활동한다; 5=소속되어 적극적으로 활동한다; 9=모름/무응답","crosswalk"
"grp_alumni","Activity in alumni / hometown association (1-5)",2022,"q17_7","사회단체 활동 정도-동창회, 향우회","1=소속된 적이 없다; 2=과거에 소속된 적이 있으나 현재는 아니다; 3=소속되어 있지만 활동은 안 한다; 4=소속되어 있지만 적극적으로 활동하지 않는다; 5=소속되어 적극적으로 활동한다; 9=모름/무응답","crosswalk"
"grp_alumni","Activity in alumni / hometown association (1-5)",2023,"q14_7","사회단체 활동 정도-동창회, 향우회","1=소속된 적이 없다; 2=과거에 소속된 적이 있으나 현재는 아니다; 3=소속되어 있지만 활동은 안 한다; 4=소속되어 있지만 적극적으로 활동하지 않는다; 5=소속되어 적극적으로 활동한다; 9=모름/무응답","crosswalk"
"grp_alumni","Activity in alumni / hometown association (1-5)",2024,"q14_7","사회단체 활동 정도-동창회, 향우회","1=소속된 적이 없다; 2=과거에 소속된 적이 있으나 현재는 아니다; 3=소속되어 있지만 활동은 안 한다; 4=소속되어 있지만 적극적으로 활동하지 않는다; 5=소속되어 적극적으로 활동한다","crosswalk"
"grp_civic","Activity in civic organization (1-5)",2013,"q15_5","사회단체 활동 정도-시민운동 단체","1=소속된 적이 없다; 2=과거에 소속된 적이 있으나 현재는 아니다; 3=소속되어 있지만 활동은 안 한다; 4=소속되어 가끔 활동한다; 5=소속되어 적극적으로 활동한다; 8=모름; 9=무응답","crosswalk"
"grp_civic","Activity in civic organization (1-5)",2014,"q15_5","사회단체 활동 정도-시민운동 단체","1=소속된 적이 없다; 2=과거에 소속된 적이 있으나 현재는 아니다; 3=소속되어 있지만 활동은 안 한다; 4=소속되어 가끔 활동한다; 5=소속되어 적극적으로 활동한다; 8=모름; 9=무응답","crosswalk"
"grp_civic","Activity in civic organization (1-5)",2015,"q17_5","사회단체 활동 정도-시민운동단체","1=소속된 적이 없다; 2=과거에 소속된 적이 있으나 현재는 아니다; 3=소속되어 있지만 활동은 안 한다; 4=소속되어 가끔 활동한다; 5=소속되어 적극적으로 활동한다","crosswalk"
"grp_civic","Activity in civic organization (1-5)",2016,"q17_5","사회단체 활동 정도-시민운동단체","1=소속된 적이 없다; 2=과거에 소속된 적이 있으나 현재는 아니다; 3=소속되어 있지만 활동은 안 한다; 4=소속되어 가끔 활동한다; 5=소속되어 적극적으로 활동한다","crosswalk"
"grp_civic","Activity in civic organization (1-5)",2017,"q17_5","사회단체 활동 정도-시민단체","1=소속된 적이 없다; 2=과거에 소속된 적이 있으나 현재는 아니다; 3=소속되어 있지만 활동은 안 한다; 4=소속되어 가끔 활동한다; 5=소속되어 적극적으로 활동한다; 9=모름/무응답","crosswalk"
"grp_civic","Activity in civic organization (1-5)",2018,"q19_5","사회단체 활동 정도-시민단체","1=소속된 적이 없다; 2=과거에 소속된 적이 있으나 현재는 아니다; 3=소속되어 있지만 활동은 안 한다; 4=소속되어 가끔 활동한다; 5=소속되어 적극적으로 활동한다; 9=모름/무응답","crosswalk"
"grp_civic","Activity in civic organization (1-5)",2019,"q19_5","사회단체 활동 정도-시민단체","1=소속된 적이 없다; 2=과거에 소속된 적이 있으나 현재는 아니다; 3=소속되어 있지만 활동은 안 한다; 4=소속되어 가끔 활동한다; 5=소속되어 적극적으로 활동한다; 9=모름/무응답","crosswalk"
"grp_civic","Activity in civic organization (1-5)",2020,"q17_5","사회단체 활동 정도-시민단체","1=소속된 적이 없다; 2=과거에 소속된 적이 있으나 현재는 아니다; 3=소속되어 있지만 활동은 안 한다; 4=소속되어 가끔 활동한다; 5=소속되어 적극적으로 활동한다; 9=모름/무응답","crosswalk"
"grp_civic","Activity in civic organization (1-5)",2021,"q17_5","사회단체 활동 정도-시민단체","1=소속된 적이 없다; 2=과거에 소속된 적이 있으나 현재는 아니다; 3=소속되어 있지만 활동은 안 한다; 4=소속되어 가끔 활동한다; 5=소속되어 적극적으로 활동한다; 9=모름/무응답","crosswalk"
"grp_civic","Activity in civic organization (1-5)",2022,"q17_5","사회단체 활동 정도-시민단체","1=소속된 적이 없다; 2=과거에 소속된 적이 있으나 현재는 아니다; 3=소속되어 있지만 활동은 안 한다; 4=소속되어 있지만 적극적으로 활동하지 않는다; 5=소속되어 적극적으로 활동한다; 9=모름/무응답","crosswalk"
"grp_civic","Activity in civic organization (1-5)",2023,"q14_5","사회단체 활동 정도-시민단체","1=소속된 적이 없다; 2=과거에 소속된 적이 있으나 현재는 아니다; 3=소속되어 있지만 활동은 안 한다; 4=소속되어 있지만 적극적으로 활동하지 않는다; 5=소속되어 적극적으로 활동한다; 9=모름/무응답","crosswalk"
"grp_civic","Activity in civic organization (1-5)",2024,"q14_5","사회단체 활동 정도-시민단체","1=소속된 적이 없다; 2=과거에 소속된 적이 있으나 현재는 아니다; 3=소속되어 있지만 활동은 안 한다; 4=소속되어 있지만 적극적으로 활동하지 않는다; 5=소속되어 적극적으로 활동한다","crosswalk"
"grp_community","Activity in local community meetings (1-5)",2013,"q15_6","사회단체 활동 정도-지역사회 공공모임","1=소속된 적이 없다; 2=과거에 소속된 적이 있으나 현재는 아니다; 3=소속되어 있지만 활동은 안 한다; 4=소속되어 가끔 활동한다; 5=소속되어 적극적으로 활동한다; 8=모름; 9=무응답","crosswalk"
"grp_community","Activity in local community meetings (1-5)",2014,"q15_6","사회단체 활동 정도-지역사회 공공모임","1=소속된 적이 없다; 2=과거에 소속된 적이 있으나 현재는 아니다; 3=소속되어 있지만 활동은 안 한다; 4=소속되어 가끔 활동한다; 5=소속되어 적극적으로 활동한다; 8=모름; 9=무응답","crosswalk"
"grp_community","Activity in local community meetings (1-5)",2015,"q17_6","사회단체 활동 정도-지역사회 공공모임","1=소속된 적이 없다; 2=과거에 소속된 적이 있으나 현재는 아니다; 3=소속되어 있지만 활동은 안 한다; 4=소속되어 가끔 활동한다; 5=소속되어 적극적으로 활동한다","crosswalk"
"grp_community","Activity in local community meetings (1-5)",2016,"q17_6","사회단체 활동 정도-지역사회 공공모임","1=소속된 적이 없다; 2=과거에 소속된 적이 있으나 현재는 아니다; 3=소속되어 있지만 활동은 안 한다; 4=소속되어 가끔 활동한다; 5=소속되어 적극적으로 활동한다","crosswalk"
"grp_community","Activity in local community meetings (1-5)",2017,"q17_6","사회단체 활동 정도-지역사회 공공모임","1=소속된 적이 없다; 2=과거에 소속된 적이 있으나 현재는 아니다; 3=소속되어 있지만 활동은 안 한다; 4=소속되어 가끔 활동한다; 5=소속되어 적극적으로 활동한다; 9=모름/무응답","crosswalk"
"grp_community","Activity in local community meetings (1-5)",2018,"q19_6","사회단체 활동 정도-지역사회 공공모임","1=소속된 적이 없다; 2=과거에 소속된 적이 있으나 현재는 아니다; 3=소속되어 있지만 활동은 안 한다; 4=소속되어 가끔 활동한다; 5=소속되어 적극적으로 활동한다; 9=모름/무응답","crosswalk"
"grp_community","Activity in local community meetings (1-5)",2019,"q19_6","사회단체 활동 정도-지역사회 공공모임","1=소속된 적이 없다; 2=과거에 소속된 적이 있으나 현재는 아니다; 3=소속되어 있지만 활동은 안 한다; 4=소속되어 가끔 활동한다; 5=소속되어 적극적으로 활동한다; 9=모름/무응답","crosswalk"
"grp_community","Activity in local community meetings (1-5)",2020,"q17_6","사회단체 활동 정도-지역사회 공공모임","1=소속된 적이 없다; 2=과거에 소속된 적이 있으나 현재는 아니다; 3=소속되어 있지만 활동은 안 한다; 4=소속되어 가끔 활동한다; 5=소속되어 적극적으로 활동한다; 9=모름/무응답","crosswalk"
"grp_community","Activity in local community meetings (1-5)",2021,"q17_6","사회단체 활동 정도-지역사회 공공모임","1=소속된 적이 없다; 2=과거에 소속된 적이 있으나 현재는 아니다; 3=소속되어 있지만 활동은 안 한다; 4=소속되어 가끔 활동한다; 5=소속되어 적극적으로 활동한다; 9=모름/무응답","crosswalk"
"grp_community","Activity in local community meetings (1-5)",2022,"q17_6","사회단체 활동 정도-지역사회 공공모임","1=소속된 적이 없다; 2=과거에 소속된 적이 있으나 현재는 아니다; 3=소속되어 있지만 활동은 안 한다; 4=소속되어 있지만 적극적으로 활동하지 않는다; 5=소속되어 적극적으로 활동한다; 9=모름/무응답","crosswalk"
"grp_community","Activity in local community meetings (1-5)",2023,"q14_6","사회단체 활동 정도-지역사회 공공모임","1=소속된 적이 없다; 2=과거에 소속된 적이 있으나 현재는 아니다; 3=소속되어 있지만 활동은 안 한다; 4=소속되어 있지만 적극적으로 활동하지 않는다; 5=소속되어 적극적으로 활동한다; 9=모름/무응답","crosswalk"
"grp_community","Activity in local community meetings (1-5)",2024,"q14_6","사회단체 활동 정도-지역사회 공공모임","1=소속된 적이 없다; 2=과거에 소속된 적이 있으나 현재는 아니다; 3=소속되어 있지만 활동은 안 한다; 4=소속되어 있지만 적극적으로 활동하지 않는다; 5=소속되어 적극적으로 활동한다","crosswalk"
"grp_hobby","Activity in hobby/interest club (1-5)",2013,"q15_4","사회단체 활동 정도-동호회","1=소속된 적이 없다; 2=과거에 소속된 적이 있으나 현재는 아니다; 3=소속되어 있지만 활동은 안 한다; 4=소속되어 가끔 활동한다; 5=소속되어 적극적으로 활동한다; 8=모름; 9=무응답","crosswalk"
"grp_hobby","Activity in hobby/interest club (1-5)",2014,"q15_4","사회단체 활동 정도-동호회","1=소속된 적이 없다; 2=과거에 소속된 적이 있으나 현재는 아니다; 3=소속되어 있지만 활동은 안 한다; 4=소속되어 가끔 활동한다; 5=소속되어 적극적으로 활동한다; 8=모름; 9=무응답","crosswalk"
"grp_hobby","Activity in hobby/interest club (1-5)",2015,"q17_4","사회단체 활동 정도-동호회","1=소속된 적이 없다; 2=과거에 소속된 적이 있으나 현재는 아니다; 3=소속되어 있지만 활동은 안 한다; 4=소속되어 가끔 활동한다; 5=소속되어 적극적으로 활동한다","crosswalk"
"grp_hobby","Activity in hobby/interest club (1-5)",2016,"q17_4","사회단체 활동 정도-동호회","1=소속된 적이 없다; 2=과거에 소속된 적이 있으나 현재는 아니다; 3=소속되어 있지만 활동은 안 한다; 4=소속되어 가끔 활동한다; 5=소속되어 적극적으로 활동한다","crosswalk"
"grp_hobby","Activity in hobby/interest club (1-5)",2017,"q17_4","사회단체 활동 정도-동호회","1=소속된 적이 없다; 2=과거에 소속된 적이 있으나 현재는 아니다; 3=소속되어 있지만 활동은 안 한다; 4=소속되어 가끔 활동한다; 5=소속되어 적극적으로 활동한다; 9=모름/무응답","crosswalk"
"grp_hobby","Activity in hobby/interest club (1-5)",2018,"q19_4","사회단체 활동 정도-동호회","1=소속된 적이 없다; 2=과거에 소속된 적이 있으나 현재는 아니다; 3=소속되어 있지만 활동은 안 한다; 4=소속되어 가끔 활동한다; 5=소속되어 적극적으로 활동한다; 9=모름/무응답","crosswalk"
"grp_hobby","Activity in hobby/interest club (1-5)",2019,"q19_4","사회단체 활동 정도-동호회","1=소속된 적이 없다; 2=과거에 소속된 적이 있으나 현재는 아니다; 3=소속되어 있지만 활동은 안 한다; 4=소속되어 가끔 활동한다; 5=소속되어 적극적으로 활동한다; 9=모름/무응답","crosswalk"
"grp_hobby","Activity in hobby/interest club (1-5)",2020,"q17_4","사회단체 활동 정도-동호회","1=소속된 적이 없다; 2=과거에 소속된 적이 있으나 현재는 아니다; 3=소속되어 있지만 활동은 안 한다; 4=소속되어 가끔 활동한다; 5=소속되어 적극적으로 활동한다; 9=모름/무응답","crosswalk"
"grp_hobby","Activity in hobby/interest club (1-5)",2021,"q17_4","사회단체 활동 정도-동호회","1=소속된 적이 없다; 2=과거에 소속된 적이 있으나 현재는 아니다; 3=소속되어 있지만 활동은 안 한다; 4=소속되어 가끔 활동한다; 5=소속되어 적극적으로 활동한다; 9=모름/무응답","crosswalk"
"grp_hobby","Activity in hobby/interest club (1-5)",2022,"q17_4","사회단체 활동 정도-동호회","1=소속된 적이 없다; 2=과거에 소속된 적이 있으나 현재는 아니다; 3=소속되어 있지만 활동은 안 한다; 4=소속되어 있지만 적극적으로 활동하지 않는다; 5=소속되어 적극적으로 활동한다; 9=모름/무응답","crosswalk"
"grp_hobby","Activity in hobby/interest club (1-5)",2023,"q14_4","사회단체 활동 정도-동호회","1=소속된 적이 없다; 2=과거에 소속된 적이 있으나 현재는 아니다; 3=소속되어 있지만 활동은 안 한다; 4=소속되어 있지만 적극적으로 활동하지 않는다; 5=소속되어 적극적으로 활동한다; 9=모름/무응답","crosswalk"
"grp_hobby","Activity in hobby/interest club (1-5)",2024,"q14_4","사회단체 활동 정도-동호회","1=소속된 적이 없다; 2=과거에 소속된 적이 있으나 현재는 아니다; 3=소속되어 있지만 활동은 안 한다; 4=소속되어 있지만 적극적으로 활동하지 않는다; 5=소속되어 적극적으로 활동한다","crosswalk"
"grp_labor","Activity in labor union / professional assoc. (1-5)",2013,"q15_2","사회단체 활동 정도-노조, 사업자단체, 직업조합","1=소속된 적이 없다; 2=과거에 소속된 적이 있으나 현재는 아니다; 3=소속되어 있지만 활동은 안 한다; 4=소속되어 가끔 활동한다; 5=소속되어 적극적으로 활동한다; 8=모름; 9=무응답","crosswalk"
"grp_labor","Activity in labor union / professional assoc. (1-5)",2014,"q15_2","사회단체 활동 정도-노조, 사업자단체, 직업조합","1=소속된 적이 없다; 2=과거에 소속된 적이 있으나 현재는 아니다; 3=소속되어 있지만 활동은 안 한다; 4=소속되어 가끔 활동한다; 5=소속되어 적극적으로 활동한다; 8=모름; 9=무응답","crosswalk"
"grp_labor","Activity in labor union / professional assoc. (1-5)",2015,"q17_2","사회단체 활동 정도-노동조합단체, 사업자단체, 직업조합","1=소속된 적이 없다; 2=과거에 소속된 적이 있으나 현재는 아니다; 3=소속되어 있지만 활동은 안 한다; 4=소속되어 가끔 활동한다; 5=소속되어 적극적으로 활동한다","crosswalk"
"grp_labor","Activity in labor union / professional assoc. (1-5)",2016,"q17_2","사회단체 활동 정도-노동조합단체, 사업자단체, 직업조합","1=소속된 적이 없다; 2=과거에 소속된 적이 있으나 현재는 아니다; 3=소속되어 있지만 활동은 안 한다; 4=소속되어 가끔 활동한다; 5=소속되어 적극적으로 활동한다","crosswalk"
"grp_labor","Activity in labor union / professional assoc. (1-5)",2017,"q17_2","사회단체 활동 정도-노동조합단체, 사업자단체, 직업조합","1=소속된 적이 없다; 2=과거에 소속된 적이 있으나 현재는 아니다; 3=소속되어 있지만 활동은 안 한다; 4=소속되어 가끔 활동한다; 5=소속되어 적극적으로 활동한다; 9=모름/무응답","crosswalk"
"grp_labor","Activity in labor union / professional assoc. (1-5)",2018,"q19_2","사회단체 활동 정도-노동조합단체, 사업자단체, 직업조합","1=소속된 적이 없다; 2=과거에 소속된 적이 있으나 현재는 아니다; 3=소속되어 있지만 활동은 안 한다; 4=소속되어 가끔 활동한다; 5=소속되어 적극적으로 활동한다; 9=모름/무응답","crosswalk"
"grp_labor","Activity in labor union / professional assoc. (1-5)",2019,"q19_2","사회단체 활동 정도-노동조합단체, 사업자단체, 직업조합","1=소속된 적이 없다; 2=과거에 소속된 적이 있으나 현재는 아니다; 3=소속되어 있지만 활동은 안 한다; 4=소속되어 가끔 활동한다; 5=소속되어 적극적으로 활동한다; 9=모름/무응답","crosswalk"
"grp_labor","Activity in labor union / professional assoc. (1-5)",2020,"q17_2","사회단체 활동 정도-노동조합단체, 사업자단체, 직업조합","1=소속된 적이 없다; 2=과거에 소속된 적이 있으나 현재는 아니다; 3=소속되어 있지만 활동은 안 한다; 4=소속되어 가끔 활동한다; 5=소속되어 적극적으로 활동한다; 9=모름/무응답","crosswalk"
"grp_labor","Activity in labor union / professional assoc. (1-5)",2021,"q17_2","사회단체 활동 정도-노동조합단체, 사업자단체, 직업조합","1=소속된 적이 없다; 2=과거에 소속된 적이 있으나 현재는 아니다; 3=소속되어 있지만 활동은 안 한다; 4=소속되어 가끔 활동한다; 5=소속되어 적극적으로 활동한다; 9=모름/무응답","crosswalk"
"grp_labor","Activity in labor union / professional assoc. (1-5)",2022,"q17_2","사회단체 활동 정도-노동조합단체, 사업자단체, 직업조합","1=소속된 적이 없다; 2=과거에 소속된 적이 있으나 현재는 아니다; 3=소속되어 있지만 활동은 안 한다; 4=소속되어 있지만 적극적으로 활동하지 않는다; 5=소속되어 적극적으로 활동한다; 9=모름/무응답","crosswalk"
"grp_labor","Activity in labor union / professional assoc. (1-5)",2023,"q14_2","사회단체 활동 정도-노동조합단체, 사업자단체, 직업조합","1=소속된 적이 없다; 2=과거에 소속된 적이 있으나 현재는 아니다; 3=소속되어 있지만 활동은 안 한다; 4=소속되어 있지만 적극적으로 활동하지 않는다; 5=소속되어 적극적으로 활동한다; 9=모름/무응답","crosswalk"
"grp_labor","Activity in labor union / professional assoc. (1-5)",2024,"q14_2","사회단체 활동 정도-노동조합단체, 사업자단체, 직업조합","1=소속된 적이 없다; 2=과거에 소속된 적이 있으나 현재는 아니다; 3=소속되어 있지만 활동은 안 한다; 4=소속되어 있지만 적극적으로 활동하지 않는다; 5=소속되어 적극적으로 활동한다","crosswalk"
"grp_party","Activity in political party (1-5)",2013,"q15_1","사회단체 활동 정도-정당","1=소속된 적이 없다; 2=과거에 소속된 적이 있으나 현재는 아니다; 3=소속되어 있지만 활동은 안 한다; 4=소속되어 가끔 활동한다; 5=소속되어 적극적으로 활동한다; 8=모름; 9=무응답","crosswalk"
"grp_party","Activity in political party (1-5)",2014,"q15_1","사회단체 활동 정도-정당","1=소속된 적이 없다; 2=과거에 소속된 적이 있으나 현재는 아니다; 3=소속되어 있지만 활동은 안 한다; 4=소속되어 가끔 활동한다; 5=소속되어 적극적으로 활동한다; 8=모름; 9=무응답","crosswalk"
"grp_party","Activity in political party (1-5)",2015,"q17_1","사회단체 활동 정도-정당","1=소속된 적이 없다; 2=과거에 소속된 적이 있으나 현재는 아니다; 3=소속되어 있지만 활동은 안 한다; 4=소속되어 가끔 활동한다; 5=소속되어 적극적으로 활동한다","crosswalk"
"grp_party","Activity in political party (1-5)",2016,"q17_1","사회단체 활동 정도-정당","1=소속된 적이 없다; 2=과거에 소속된 적이 있으나 현재는 아니다; 3=소속되어 있지만 활동은 안 한다; 4=소속되어 가끔 활동한다; 5=소속되어 적극적으로 활동한다","crosswalk"
"grp_party","Activity in political party (1-5)",2017,"q17_1","사회단체 활동 정도-정당","1=소속된 적이 없다; 2=과거에 소속된 적이 있으나 현재는 아니다; 3=소속되어 있지만 활동은 안 한다; 4=소속되어 가끔 활동한다; 5=소속되어 적극적으로 활동한다; 9=모름/무응답","crosswalk"
"grp_party","Activity in political party (1-5)",2018,"q19_1","사회단체 활동 정도-정당","1=소속된 적이 없다; 2=과거에 소속된 적이 있으나 현재는 아니다; 3=소속되어 있지만 활동은 안 한다; 4=소속되어 가끔 활동한다; 5=소속되어 적극적으로 활동한다; 9=모름/무응답","crosswalk"
"grp_party","Activity in political party (1-5)",2019,"q19_1","사회단체 활동 정도-정당","1=소속된 적이 없다; 2=과거에 소속된 적이 있으나 현재는 아니다; 3=소속되어 있지만 활동은 안 한다; 4=소속되어 가끔 활동한다; 5=소속되어 적극적으로 활동한다; 9=모름/무응답","crosswalk"
"grp_party","Activity in political party (1-5)",2020,"q17_1","사회단체 활동 정도-정당","1=소속된 적이 없다; 2=과거에 소속된 적이 있으나 현재는 아니다; 3=소속되어 있지만 활동은 안 한다; 4=소속되어 가끔 활동한다; 5=소속되어 적극적으로 활동한다; 9=모름/무응답","crosswalk"
"grp_party","Activity in political party (1-5)",2021,"q17_1","사회단체 활동 정도-정당","1=소속된 적이 없다; 2=과거에 소속된 적이 있으나 현재는 아니다; 3=소속되어 있지만 활동은 안 한다; 4=소속되어 가끔 활동한다; 5=소속되어 적극적으로 활동한다; 9=모름/무응답","crosswalk"
"grp_party","Activity in political party (1-5)",2022,"q17_1","사회단체 활동 정도-정당","1=소속된 적이 없다; 2=과거에 소속된 적이 있으나 현재는 아니다; 3=소속되어 있지만 활동은 안 한다; 4=소속되어 있지만 적극적으로 활동하지 않는다; 5=소속되어 적극적으로 활동한다; 9=모름/무응답","crosswalk"
"grp_party","Activity in political party (1-5)",2023,"q14_1","사회단체 활동 정도-정당","1=소속된 적이 없다; 2=과거에 소속된 적이 있으나 현재는 아니다; 3=소속되어 있지만 활동은 안 한다; 4=소속되어 있지만 적극적으로 활동하지 않는다; 5=소속되어 적극적으로 활동한다; 9=모름/무응답","crosswalk"
"grp_party","Activity in political party (1-5)",2024,"q14_1","사회단체 활동 정도-정당","1=소속된 적이 없다; 2=과거에 소속된 적이 있으나 현재는 아니다; 3=소속되어 있지만 활동은 안 한다; 4=소속되어 있지만 적극적으로 활동하지 않는다; 5=소속되어 적극적으로 활동한다","crosswalk"
"grp_religion","Activity in religious organization (1-5)",2013,"q15_3","사회단체 활동 정도-종교 단체","1=소속된 적이 없다; 2=과거에 소속된 적이 있으나 현재는 아니다; 3=소속되어 있지만 활동은 안 한다; 4=소속되어 가끔 활동한다; 5=소속되어 적극적으로 활동한다; 8=모름; 9=무응답","crosswalk"
"grp_religion","Activity in religious organization (1-5)",2014,"q15_3","사회단체 활동 정도-종교 단체","1=소속된 적이 없다; 2=과거에 소속된 적이 있으나 현재는 아니다; 3=소속되어 있지만 활동은 안 한다; 4=소속되어 가끔 활동한다; 5=소속되어 적극적으로 활동한다; 8=모름; 9=무응답","crosswalk"
"grp_religion","Activity in religious organization (1-5)",2015,"q17_3","사회단체 활동 정도-종교단체","1=소속된 적이 없다; 2=과거에 소속된 적이 있으나 현재는 아니다; 3=소속되어 있지만 활동은 안 한다; 4=소속되어 가끔 활동한다; 5=소속되어 적극적으로 활동한다","crosswalk"
"grp_religion","Activity in religious organization (1-5)",2016,"q17_3","사회단체 활동 정도-종교단체","1=소속된 적이 없다; 2=과거에 소속된 적이 있으나 현재는 아니다; 3=소속되어 있지만 활동은 안 한다; 4=소속되어 가끔 활동한다; 5=소속되어 적극적으로 활동한다","crosswalk"
"grp_religion","Activity in religious organization (1-5)",2017,"q17_3","사회단체 활동 정도-종교단체","1=소속된 적이 없다; 2=과거에 소속된 적이 있으나 현재는 아니다; 3=소속되어 있지만 활동은 안 한다; 4=소속되어 가끔 활동한다; 5=소속되어 적극적으로 활동한다; 9=모름/무응답","crosswalk"
"grp_religion","Activity in religious organization (1-5)",2018,"q19_3","사회단체 활동 정도-종교단체","1=소속된 적이 없다; 2=과거에 소속된 적이 있으나 현재는 아니다; 3=소속되어 있지만 활동은 안 한다; 4=소속되어 가끔 활동한다; 5=소속되어 적극적으로 활동한다; 9=모름/무응답","crosswalk"
"grp_religion","Activity in religious organization (1-5)",2019,"q19_3","사회단체 활동 정도-종교단체","1=소속된 적이 없다; 2=과거에 소속된 적이 있으나 현재는 아니다; 3=소속되어 있지만 활동은 안 한다; 4=소속되어 가끔 활동한다; 5=소속되어 적극적으로 활동한다; 9=모름/무응답","crosswalk"
"grp_religion","Activity in religious organization (1-5)",2020,"q17_3","사회단체 활동 정도-종교단체","1=소속된 적이 없다; 2=과거에 소속된 적이 있으나 현재는 아니다; 3=소속되어 있지만 활동은 안 한다; 4=소속되어 가끔 활동한다; 5=소속되어 적극적으로 활동한다; 9=모름/무응답","crosswalk"
"grp_religion","Activity in religious organization (1-5)",2021,"q17_3","사회단체 활동 정도-종교단체","1=소속된 적이 없다; 2=과거에 소속된 적이 있으나 현재는 아니다; 3=소속되어 있지만 활동은 안 한다; 4=소속되어 가끔 활동한다; 5=소속되어 적극적으로 활동한다; 9=모름/무응답","crosswalk"
"grp_religion","Activity in religious organization (1-5)",2022,"q17_3","사회단체 활동 정도-종교단체","1=소속된 적이 없다; 2=과거에 소속된 적이 있으나 현재는 아니다; 3=소속되어 있지만 활동은 안 한다; 4=소속되어 있지만 적극적으로 활동하지 않는다; 5=소속되어 적극적으로 활동한다; 9=모름/무응답","crosswalk"
"grp_religion","Activity in religious organization (1-5)",2023,"q14_3","사회단체 활동 정도-종교단체","1=소속된 적이 없다; 2=과거에 소속된 적이 있으나 현재는 아니다; 3=소속되어 있지만 활동은 안 한다; 4=소속되어 있지만 적극적으로 활동하지 않는다; 5=소속되어 적극적으로 활동한다; 9=모름/무응답","crosswalk"
"grp_religion","Activity in religious organization (1-5)",2024,"q14_3","사회단체 활동 정도-종교단체","1=소속된 적이 없다; 2=과거에 소속된 적이 있으나 현재는 아니다; 3=소속되어 있지만 활동은 안 한다; 4=소속되어 있지만 적극적으로 활동하지 않는다; 5=소속되어 적극적으로 활동한다","crosswalk"
"grp_social_econ","Activity in social economy organization (1-5)",2015,"q17_9","사회단체 활동 정도-사회적 경제조직","1=소속된 적이 없다; 2=과거에 소속된 적이 있으나 현재는 아니다; 3=소속되어 있지만 활동은 안 한다; 4=소속되어 가끔 활동한다; 5=소속되어 적극적으로 활동한다","crosswalk"
"grp_social_econ","Activity in social economy organization (1-5)",2016,"q17_9","사회단체 활동 정도-사회적 경제조직","1=소속된 적이 없다; 2=과거에 소속된 적이 있으나 현재는 아니다; 3=소속되어 있지만 활동은 안 한다; 4=소속되어 가끔 활동한다; 5=소속되어 적극적으로 활동한다","crosswalk"
"grp_social_econ","Activity in social economy organization (1-5)",2017,"q17_9","사회단체 활동 정도-사회적 경제조직","1=소속된 적이 없다; 2=과거에 소속된 적이 있으나 현재는 아니다; 3=소속되어 있지만 활동은 안 한다; 4=소속되어 가끔 활동한다; 5=소속되어 적극적으로 활동한다; 9=모름/무응답","crosswalk"
"grp_social_econ","Activity in social economy organization (1-5)",2018,"q19_9","사회단체 활동 정도-사회적 경제조직","1=소속된 적이 없다; 2=과거에 소속된 적이 있으나 현재는 아니다; 3=소속되어 있지만 활동은 안 한다; 4=소속되어 가끔 활동한다; 5=소속되어 적극적으로 활동한다; 9=모름/무응답","crosswalk"
"grp_social_econ","Activity in social economy organization (1-5)",2019,"q19_9","사회단체 활동 정도-사회적 경제조직","1=소속된 적이 없다; 2=과거에 소속된 적이 있으나 현재는 아니다; 3=소속되어 있지만 활동은 안 한다; 4=소속되어 가끔 활동한다; 5=소속되어 적극적으로 활동한다; 9=모름/무응답","crosswalk"
"grp_social_econ","Activity in social economy organization (1-5)",2020,"q17_9","사회단체 활동 정도-사회적 경제조직","1=소속된 적이 없다; 2=과거에 소속된 적이 있으나 현재는 아니다; 3=소속되어 있지만 활동은 안 한다; 4=소속되어 가끔 활동한다; 5=소속되어 적극적으로 활동한다; 9=모름/무응답","crosswalk"
"grp_social_econ","Activity in social economy organization (1-5)",2021,"q17_9","사회단체 활동 정도-사회적 경제조직","1=소속된 적이 없다; 2=과거에 소속된 적이 있으나 현재는 아니다; 3=소속되어 있지만 활동은 안 한다; 4=소속되어 가끔 활동한다; 5=소속되어 적극적으로 활동한다; 9=모름/무응답","crosswalk"
"grp_social_econ","Activity in social economy organization (1-5)",2022,"q17_9","사회단체 활동 정도-사회적 경제조직","1=소속된 적이 없다; 2=과거에 소속된 적이 있으나 현재는 아니다; 3=소속되어 있지만 활동은 안 한다; 4=소속되어 있지만 적극적으로 활동하지 않는다; 5=소속되어 적극적으로 활동한다; 9=모름/무응답","crosswalk"
"grp_social_econ","Activity in social economy organization (1-5)",2023,"q14_9","사회단체 활동 정도-사회적 경제조직","1=소속된 적이 없다; 2=과거에 소속된 적이 있으나 현재는 아니다; 3=소속되어 있지만 활동은 안 한다; 4=소속되어 있지만 적극적으로 활동하지 않는다; 5=소속되어 적극적으로 활동한다; 9=모름/무응답","crosswalk"
"grp_social_econ","Activity in social economy organization (1-5)",2024,"q14_9","사회단체 활동 정도-사회적 경제조직","1=소속된 적이 없다; 2=과거에 소속된 적이 있으나 현재는 아니다; 3=소속되어 있지만 활동은 안 한다; 4=소속되어 있지만 적극적으로 활동하지 않는다; 5=소속되어 적극적으로 활동한다","crosswalk"
"grp_volunteer","Activity in volunteer / charitable org. (1-5)",2015,"q17_8","사회단체 활동 정도-자원봉사, 기부단체","1=소속된 적이 없다; 2=과거에 소속된 적이 있으나 현재는 아니다; 3=소속되어 있지만 활동은 안 한다; 4=소속되어 가끔 활동한다; 5=소속되어 적극적으로 활동한다","crosswalk"
"grp_volunteer","Activity in volunteer / charitable org. (1-5)",2016,"q17_8","사회단체 활동 정도-자원봉사, 기부단체","1=소속된 적이 없다; 2=과거에 소속된 적이 있으나 현재는 아니다; 3=소속되어 있지만 활동은 안 한다; 4=소속되어 가끔 활동한다; 5=소속되어 적극적으로 활동한다","crosswalk"
"grp_volunteer","Activity in volunteer / charitable org. (1-5)",2017,"q17_8","사회단체 활동 정도-자원봉사, 기부단체","1=소속된 적이 없다; 2=과거에 소속된 적이 있으나 현재는 아니다; 3=소속되어 있지만 활동은 안 한다; 4=소속되어 가끔 활동한다; 5=소속되어 적극적으로 활동한다; 9=모름/무응답","crosswalk"
"grp_volunteer","Activity in volunteer / charitable org. (1-5)",2018,"q19_8","사회단체 활동 정도-자원봉사, 기부단체","1=소속된 적이 없다; 2=과거에 소속된 적이 있으나 현재는 아니다; 3=소속되어 있지만 활동은 안 한다; 4=소속되어 가끔 활동한다; 5=소속되어 적극적으로 활동한다; 9=모름/무응답","crosswalk"
"grp_volunteer","Activity in volunteer / charitable org. (1-5)",2019,"q19_8","사회단체 활동 정도-자원봉사, 기부단체","1=소속된 적이 없다; 2=과거에 소속된 적이 있으나 현재는 아니다; 3=소속되어 있지만 활동은 안 한다; 4=소속되어 가끔 활동한다; 5=소속되어 적극적으로 활동한다; 9=모름/무응답","crosswalk"
"grp_volunteer","Activity in volunteer / charitable org. (1-5)",2020,"q17_8","사회단체 활동 정도-자원봉사, 기부단체","1=소속된 적이 없다; 2=과거에 소속된 적이 있으나 현재는 아니다; 3=소속되어 있지만 활동은 안 한다; 4=소속되어 가끔 활동한다; 5=소속되어 적극적으로 활동한다; 9=모름/무응답","crosswalk"
"grp_volunteer","Activity in volunteer / charitable org. (1-5)",2021,"q17_8","사회단체 활동 정도-자원봉사, 기부단체","1=소속된 적이 없다; 2=과거에 소속된 적이 있으나 현재는 아니다; 3=소속되어 있지만 활동은 안 한다; 4=소속되어 가끔 활동한다; 5=소속되어 적극적으로 활동한다; 9=모름/무응답","crosswalk"
"grp_volunteer","Activity in volunteer / charitable org. (1-5)",2022,"q17_8","사회단체 활동 정도-자원봉사, 기부단체","1=소속된 적이 없다; 2=과거에 소속된 적이 있으나 현재는 아니다; 3=소속되어 있지만 활동은 안 한다; 4=소속되어 있지만 적극적으로 활동하지 않는다; 5=소속되어 적극적으로 활동한다; 9=모름/무응답","crosswalk"
"grp_volunteer","Activity in volunteer / charitable org. (1-5)",2023,"q14_8","사회단체 활동 정도-자원봉사, 기부단체","1=소속된 적이 없다; 2=과거에 소속된 적이 있으나 현재는 아니다; 3=소속되어 있지만 활동은 안 한다; 4=소속되어 있지만 적극적으로 활동하지 않는다; 5=소속되어 적극적으로 활동한다; 9=모름/무응답","crosswalk"
"grp_volunteer","Activity in volunteer / charitable org. (1-5)",2024,"q14_8","사회단체 활동 정도-자원봉사, 기부단체","1=소속된 적이 없다; 2=과거에 소속된 적이 있으나 현재는 아니다; 3=소속되어 있지만 활동은 안 한다; 4=소속되어 있지만 적극적으로 활동하지 않는다; 5=소속되어 적극적으로 활동한다","crosswalk"
"honesty_central_govt","Honesty/integrity of central government (1-4)",2013,"q31_1","기관별 청렴도-중앙정부 부처","1=전혀 청렴하지 않다; 2=별로 청렴하지 않다; 3=약간 청렴하다; 4=매우 청렴하다; 8=모름; 9=무응답","label_honesty"
"honesty_central_govt","Honesty/integrity of central government (1-4)",2014,"q31_1","기관별 청렴도-중앙정부 부처","1=전혀 청렴하지 않다; 2=별로 청렴하지 않다; 3=약간 청렴하다; 4=매우 청렴하다; 8=모름; 9=무응답","label_honesty"
"honesty_central_govt","Honesty/integrity of central government (1-4)",2015,"q33_1","기관별 청렴도-중앙정부 부처","1=전혀 청렴하지 않다; 2=별로 청렴하지 않다; 3=약간 청렴하다; 4=매우 청렴하다","label_honesty"
"honesty_central_govt","Honesty/integrity of central government (1-4)",2016,"q34_1","기관별 청렴도-중앙정부 부처","1=전혀 청렴하지 않다; 2=별로 청렴하지 않다; 3=약간 청렴하다; 4=매우 청렴하다","label_honesty"
"honesty_central_govt","Honesty/integrity of central government (1-4)",2017,"q33_1","기관별 청렴도-중앙정부 부처","1=전혀 청렴하지 않다; 2=별로 청렴하지 않다; 3=약간 청렴하다; 4=매우 청렴하다","label_honesty"
"honesty_central_govt","Honesty/integrity of central government (1-4)",2018,"q36_1","기관별 청렴도-중앙정부 부처","1=전혀 청렴하지 않다; 2=별로 청렴하지 않다; 3=약간 청렴하다; 4=매우 청렴하다","label_honesty"
"honesty_central_govt","Honesty/integrity of central government (1-4)",2019,"q36_1","기관별 청렴도-중앙정부 부처","1=전혀 청렴하지 않다; 2=별로 청렴하지 않다; 3=약간 청렴하다; 4=매우 청렴하다","label_honesty"
"honesty_central_govt","Honesty/integrity of central government (1-4)",2020,"q34_1","기관별 청렴도-중앙정부 부처","1=전혀 청렴하지 않다; 2=별로 청렴하지 않다; 3=약간 청렴하다; 4=매우 청렴하다","label_honesty"
"honesty_central_govt","Honesty/integrity of central government (1-4)",2021,"q36_1","기관별 청렴도-중앙정부 부처","1=전혀 청렴하지 않다; 2=별로 청렴하지 않다; 3=약간 청렴하다; 4=매우 청렴하다","label_honesty"
"honesty_central_govt","Honesty/integrity of central government (1-4)",2022,"q36_1","기관별 청렴도-중앙정부 부처","1=전혀 청렴하지 않다; 2=별로 청렴하지 않다; 3=약간 청렴하다; 4=매우 청렴하다","label_honesty"
"honesty_central_govt","Honesty/integrity of central government (1-4)",2023,"q31_1","기관별 청렴도-중앙정부 부처","1=전혀 청렴하지 않다; 2=별로 청렴하지 않다; 3=약간 청렴하다; 4=매우 청렴하다","label_honesty"
"honesty_central_govt","Honesty/integrity of central government (1-4)",2024,"q32_1","기관별 청렴도-중앙정부 부처","1=전혀 청렴하지 않다; 2=별로 청렴하지 않다; 3=약간 청렴하다; 4=매우 청렴하다","label_honesty"
"honesty_civic_orgs","Honesty/integrity of civic organizations (1-4)",2013,"q31_9","기관별 청렴도-시민단체","1=전혀 청렴하지 않다; 2=별로 청렴하지 않다; 3=약간 청렴하다; 4=매우 청렴하다; 8=모름; 9=무응답","label_honesty"
"honesty_civic_orgs","Honesty/integrity of civic organizations (1-4)",2014,"q31_9","기관별 청렴도-시민단체","1=전혀 청렴하지 않다; 2=별로 청렴하지 않다; 3=약간 청렴하다; 4=매우 청렴하다; 8=모름; 9=무응답","label_honesty"
"honesty_civic_orgs","Honesty/integrity of civic organizations (1-4)",2015,"q33_9","기관별 청렴도-시민단체","1=전혀 청렴하지 않다; 2=별로 청렴하지 않다; 3=약간 청렴하다; 4=매우 청렴하다","label_honesty"
"honesty_civic_orgs","Honesty/integrity of civic organizations (1-4)",2016,"q34_10","기관별 청렴도-시민단체","1=전혀 청렴하지 않다; 2=별로 청렴하지 않다; 3=약간 청렴하다; 4=매우 청렴하다","label_honesty"
"honesty_civic_orgs","Honesty/integrity of civic organizations (1-4)",2017,"q33_10","기관별 청렴도-시민단체","1=전혀 청렴하지 않다; 2=별로 청렴하지 않다; 3=약간 청렴하다; 4=매우 청렴하다","label_honesty"
"honesty_civic_orgs","Honesty/integrity of civic organizations (1-4)",2018,"q36_10","기관별 청렴도-시민단체","1=전혀 청렴하지 않다; 2=별로 청렴하지 않다; 3=약간 청렴하다; 4=매우 청렴하다","label_honesty"
"honesty_civic_orgs","Honesty/integrity of civic organizations (1-4)",2019,"q36_10","기관별 청렴도-시민단체","1=전혀 청렴하지 않다; 2=별로 청렴하지 않다; 3=약간 청렴하다; 4=매우 청렴하다","label_honesty"
"honesty_civic_orgs","Honesty/integrity of civic organizations (1-4)",2020,"q34_10","기관별 청렴도-시민단체","1=전혀 청렴하지 않다; 2=별로 청렴하지 않다; 3=약간 청렴하다; 4=매우 청렴하다","label_honesty"
"honesty_civic_orgs","Honesty/integrity of civic organizations (1-4)",2021,"q36_10","기관별 청렴도-시민단체","1=전혀 청렴하지 않다; 2=별로 청렴하지 않다; 3=약간 청렴하다; 4=매우 청렴하다","label_honesty"
"honesty_civic_orgs","Honesty/integrity of civic organizations (1-4)",2022,"q36_10","기관별 청렴도-시민단체","1=전혀 청렴하지 않다; 2=별로 청렴하지 않다; 3=약간 청렴하다; 4=매우 청렴하다","label_honesty"
"honesty_civic_orgs","Honesty/integrity of civic organizations (1-4)",2023,"q31_10","기관별 청렴도-시민단체","1=전혀 청렴하지 않다; 2=별로 청렴하지 않다; 3=약간 청렴하다; 4=매우 청렴하다","label_honesty"
"honesty_civic_orgs","Honesty/integrity of civic organizations (1-4)",2024,"q32_10","기관별 청렴도-시민단체","1=전혀 청렴하지 않다; 2=별로 청렴하지 않다; 3=약간 청렴하다; 4=매우 청렴하다","label_honesty"
"honesty_courts","Honesty/integrity of courts (1-4)",2013,"q31_3","기관별 청렴도-법원","1=전혀 청렴하지 않다; 2=별로 청렴하지 않다; 3=약간 청렴하다; 4=매우 청렴하다; 8=모름; 9=무응답","label_honesty"
"honesty_courts","Honesty/integrity of courts (1-4)",2014,"q31_3","기관별 청렴도-법원","1=전혀 청렴하지 않다; 2=별로 청렴하지 않다; 3=약간 청렴하다; 4=매우 청렴하다; 8=모름; 9=무응답","label_honesty"
"honesty_courts","Honesty/integrity of courts (1-4)",2015,"q33_3","기관별 청렴도-법원","1=전혀 청렴하지 않다; 2=별로 청렴하지 않다; 3=약간 청렴하다; 4=매우 청렴하다","label_honesty"
"honesty_courts","Honesty/integrity of courts (1-4)",2016,"q34_3","기관별 청렴도-법원","1=전혀 청렴하지 않다; 2=별로 청렴하지 않다; 3=약간 청렴하다; 4=매우 청렴하다","label_honesty"
"honesty_courts","Honesty/integrity of courts (1-4)",2017,"q33_3","기관별 청렴도-법원","1=전혀 청렴하지 않다; 2=별로 청렴하지 않다; 3=약간 청렴하다; 4=매우 청렴하다","label_honesty"
"honesty_courts","Honesty/integrity of courts (1-4)",2018,"q36_3","기관별 청렴도-법원","1=전혀 청렴하지 않다; 2=별로 청렴하지 않다; 3=약간 청렴하다; 4=매우 청렴하다","label_honesty"
"honesty_courts","Honesty/integrity of courts (1-4)",2019,"q36_3","기관별 청렴도-법원","1=전혀 청렴하지 않다; 2=별로 청렴하지 않다; 3=약간 청렴하다; 4=매우 청렴하다","label_honesty"
"honesty_courts","Honesty/integrity of courts (1-4)",2020,"q34_3","기관별 청렴도-법원","1=전혀 청렴하지 않다; 2=별로 청렴하지 않다; 3=약간 청렴하다; 4=매우 청렴하다","label_honesty"
"honesty_courts","Honesty/integrity of courts (1-4)",2021,"q36_3","기관별 청렴도-법원","1=전혀 청렴하지 않다; 2=별로 청렴하지 않다; 3=약간 청렴하다; 4=매우 청렴하다","label_honesty"
"honesty_courts","Honesty/integrity of courts (1-4)",2022,"q36_3","기관별 청렴도-법원","1=전혀 청렴하지 않다; 2=별로 청렴하지 않다; 3=약간 청렴하다; 4=매우 청렴하다","label_honesty"
"honesty_courts","Honesty/integrity of courts (1-4)",2023,"q31_3","기관별 청렴도-법원","1=전혀 청렴하지 않다; 2=별로 청렴하지 않다; 3=약간 청렴하다; 4=매우 청렴하다","label_honesty"
"honesty_courts","Honesty/integrity of courts (1-4)",2024,"q32_3","기관별 청렴도-법원","1=전혀 청렴하지 않다; 2=별로 청렴하지 않다; 3=약간 청렴하다; 4=매우 청렴하다","label_honesty"
"honesty_education","Honesty/integrity of educational institutions (1-4)",2013,"q31_12","기관별 청렴도-교육계","1=전혀 청렴하지 않다; 2=별로 청렴하지 않다; 3=약간 청렴하다; 4=매우 청렴하다; 8=모름; 9=무응답","label_honesty"
"honesty_education","Honesty/integrity of educational institutions (1-4)",2014,"q31_12","기관별 청렴도-교육계","1=전혀 청렴하지 않다; 2=별로 청렴하지 않다; 3=약간 청렴하다; 4=매우 청렴하다; 8=모름; 9=무응답","label_honesty"
"honesty_education","Honesty/integrity of educational institutions (1-4)",2015,"q33_12","기관별 청렴도-교육계","1=전혀 청렴하지 않다; 2=별로 청렴하지 않다; 3=약간 청렴하다; 4=매우 청렴하다","label_honesty"
"honesty_education","Honesty/integrity of educational institutions (1-4)",2016,"q34_13","기관별 청렴도-교육기관","1=전혀 청렴하지 않다; 2=별로 청렴하지 않다; 3=약간 청렴하다; 4=매우 청렴하다","label_honesty"
"honesty_education","Honesty/integrity of educational institutions (1-4)",2017,"q33_13","기관별 청렴도-교육기관","1=전혀 청렴하지 않다; 2=별로 청렴하지 않다; 3=약간 청렴하다; 4=매우 청렴하다","label_honesty"
"honesty_education","Honesty/integrity of educational institutions (1-4)",2018,"q36_13","기관별 청렴도-교육기관","1=전혀 청렴하지 않다; 2=별로 청렴하지 않다; 3=약간 청렴하다; 4=매우 청렴하다","label_honesty"
"honesty_education","Honesty/integrity of educational institutions (1-4)",2019,"q36_13","기관별 청렴도-교육기관","1=전혀 청렴하지 않다; 2=별로 청렴하지 않다; 3=약간 청렴하다; 4=매우 청렴하다","label_honesty"
"honesty_education","Honesty/integrity of educational institutions (1-4)",2020,"q34_13","기관별 청렴도-교육기관","1=전혀 청렴하지 않다; 2=별로 청렴하지 않다; 3=약간 청렴하다; 4=매우 청렴하다","label_honesty"
"honesty_education","Honesty/integrity of educational institutions (1-4)",2021,"q36_13","기관별 청렴도-교육기관","1=전혀 청렴하지 않다; 2=별로 청렴하지 않다; 3=약간 청렴하다; 4=매우 청렴하다","label_honesty"
"honesty_education","Honesty/integrity of educational institutions (1-4)",2022,"q36_13","기관별 청렴도-교육기관","1=전혀 청렴하지 않다; 2=별로 청렴하지 않다; 3=약간 청렴하다; 4=매우 청렴하다","label_honesty"
"honesty_education","Honesty/integrity of educational institutions (1-4)",2023,"q31_13","기관별 청렴도-교육기관","1=전혀 청렴하지 않다; 2=별로 청렴하지 않다; 3=약간 청렴하다; 4=매우 청렴하다","label_honesty"
"honesty_education","Honesty/integrity of educational institutions (1-4)",2024,"q32_13","기관별 청렴도-교육기관","1=전혀 청렴하지 않다; 2=별로 청렴하지 않다; 3=약간 청렴하다; 4=매우 청렴하다","label_honesty"
"honesty_financial","Honesty/integrity of financial institutions (1-4)",2013,"q31_16","기관별 청렴도-금융기관","1=전혀 청렴하지 않다; 2=별로 청렴하지 않다; 3=약간 청렴하다; 4=매우 청렴하다; 8=모름; 9=무응답","label_honesty"
"honesty_financial","Honesty/integrity of financial institutions (1-4)",2014,"q31_16","기관별 청렴도-금융기관","1=전혀 청렴하지 않다; 2=별로 청렴하지 않다; 3=약간 청렴하다; 4=매우 청렴하다; 8=모름; 9=무응답","label_honesty"
"honesty_financial","Honesty/integrity of financial institutions (1-4)",2015,"q33_16","기관별 청렴도-금융기관","1=전혀 청렴하지 않다; 2=별로 청렴하지 않다; 3=약간 청렴하다; 4=매우 청렴하다","label_honesty"
"honesty_financial","Honesty/integrity of financial institutions (1-4)",2016,"q34_17","기관별 청렴도-금융기관","1=전혀 청렴하지 않다; 2=별로 청렴하지 않다; 3=약간 청렴하다; 4=매우 청렴하다","label_honesty"
"honesty_financial","Honesty/integrity of financial institutions (1-4)",2017,"q33_17","기관별 청렴도-금융기관","1=전혀 청렴하지 않다; 2=별로 청렴하지 않다; 3=약간 청렴하다; 4=매우 청렴하다","label_honesty"
"honesty_financial","Honesty/integrity of financial institutions (1-4)",2018,"q36_17","기관별 청렴도-금융기관","1=전혀 청렴하지 않다; 2=별로 청렴하지 않다; 3=약간 청렴하다; 4=매우 청렴하다","label_honesty"
"honesty_financial","Honesty/integrity of financial institutions (1-4)",2019,"q36_17","기관별 청렴도-금융기관","1=전혀 청렴하지 않다; 2=별로 청렴하지 않다; 3=약간 청렴하다; 4=매우 청렴하다","label_honesty"
"honesty_financial","Honesty/integrity of financial institutions (1-4)",2020,"q34_17","기관별 청렴도-금융기관","1=전혀 청렴하지 않다; 2=별로 청렴하지 않다; 3=약간 청렴하다; 4=매우 청렴하다","label_honesty"
"honesty_financial","Honesty/integrity of financial institutions (1-4)",2021,"q36_17","기관별 청렴도-금융기관","1=전혀 청렴하지 않다; 2=별로 청렴하지 않다; 3=약간 청렴하다; 4=매우 청렴하다","label_honesty"
"honesty_financial","Honesty/integrity of financial institutions (1-4)",2022,"q36_17","기관별 청렴도-금융기관","1=전혀 청렴하지 않다; 2=별로 청렴하지 않다; 3=약간 청렴하다; 4=매우 청렴하다","label_honesty"
"honesty_financial","Honesty/integrity of financial institutions (1-4)",2023,"q31_17","기관별 청렴도-금융기관","1=전혀 청렴하지 않다; 2=별로 청렴하지 않다; 3=약간 청렴하다; 4=매우 청렴하다","label_honesty"
"honesty_financial","Honesty/integrity of financial institutions (1-4)",2024,"q32_17","기관별 청렴도-금융기관","1=전혀 청렴하지 않다; 2=별로 청렴하지 않다; 3=약간 청렴하다; 4=매우 청렴하다","label_honesty"
"honesty_labor_unions","Honesty/integrity of labor unions (1-4)",2013,"q31_8","기관별 청렴도-노동조합","1=전혀 청렴하지 않다; 2=별로 청렴하지 않다; 3=약간 청렴하다; 4=매우 청렴하다; 8=모름; 9=무응답","label_honesty"
"honesty_labor_unions","Honesty/integrity of labor unions (1-4)",2014,"q31_8","기관별 청렴도-노동조합단체","1=전혀 청렴하지 않다; 2=별로 청렴하지 않다; 3=약간 청렴하다; 4=매우 청렴하다; 8=모름; 9=무응답","label_honesty"
"honesty_labor_unions","Honesty/integrity of labor unions (1-4)",2015,"q33_8","기관별 청렴도-노동조합단체","1=전혀 청렴하지 않다; 2=별로 청렴하지 않다; 3=약간 청렴하다; 4=매우 청렴하다","label_honesty"
"honesty_labor_unions","Honesty/integrity of labor unions (1-4)",2016,"q34_9","기관별 청렴도-노동조합단체","1=전혀 청렴하지 않다; 2=별로 청렴하지 않다; 3=약간 청렴하다; 4=매우 청렴하다","label_honesty"
"honesty_labor_unions","Honesty/integrity of labor unions (1-4)",2017,"q33_9","기관별 청렴도-노동조합단체","1=전혀 청렴하지 않다; 2=별로 청렴하지 않다; 3=약간 청렴하다; 4=매우 청렴하다","label_honesty"
"honesty_labor_unions","Honesty/integrity of labor unions (1-4)",2018,"q36_9","기관별 청렴도-노동조합단체","1=전혀 청렴하지 않다; 2=별로 청렴하지 않다; 3=약간 청렴하다; 4=매우 청렴하다","label_honesty"
"honesty_labor_unions","Honesty/integrity of labor unions (1-4)",2019,"q36_9","기관별 청렴도-노동조합단체","1=전혀 청렴하지 않다; 2=별로 청렴하지 않다; 3=약간 청렴하다; 4=매우 청렴하다","label_honesty"
"honesty_labor_unions","Honesty/integrity of labor unions (1-4)",2020,"q34_9","기관별 청렴도-노동조합단체","1=전혀 청렴하지 않다; 2=별로 청렴하지 않다; 3=약간 청렴하다; 4=매우 청렴하다","label_honesty"
"honesty_labor_unions","Honesty/integrity of labor unions (1-4)",2021,"q36_9","기관별 청렴도-노동조합단체","1=전혀 청렴하지 않다; 2=별로 청렴하지 않다; 3=약간 청렴하다; 4=매우 청렴하다","label_honesty"
"honesty_labor_unions","Honesty/integrity of labor unions (1-4)",2022,"q36_9","기관별 청렴도-노동조합단체","1=전혀 청렴하지 않다; 2=별로 청렴하지 않다; 3=약간 청렴하다; 4=매우 청렴하다","label_honesty"
"honesty_labor_unions","Honesty/integrity of labor unions (1-4)",2023,"q31_9","기관별 청렴도-노동조합단체","1=전혀 청렴하지 않다; 2=별로 청렴하지 않다; 3=약간 청렴하다; 4=매우 청렴하다","label_honesty"
"honesty_labor_unions","Honesty/integrity of labor unions (1-4)",2024,"q32_9","기관별 청렴도-노동조합단체","1=전혀 청렴하지 않다; 2=별로 청렴하지 않다; 3=약간 청렴하다; 4=매우 청렴하다","label_honesty"
"honesty_large_corps","Honesty/integrity of large corporations (1-4)",2013,"q31_14","기관별 청렴도-대기업","1=전혀 청렴하지 않다; 2=별로 청렴하지 않다; 3=약간 청렴하다; 4=매우 청렴하다; 8=모름; 9=무응답","label_honesty"
"honesty_large_corps","Honesty/integrity of large corporations (1-4)",2014,"q31_14","기관별 청렴도-대기업","1=전혀 청렴하지 않다; 2=별로 청렴하지 않다; 3=약간 청렴하다; 4=매우 청렴하다; 8=모름; 9=무응답","label_honesty"
"honesty_large_corps","Honesty/integrity of large corporations (1-4)",2015,"q33_14","기관별 청렴도-대기업","1=전혀 청렴하지 않다; 2=별로 청렴하지 않다; 3=약간 청렴하다; 4=매우 청렴하다","label_honesty"
"honesty_large_corps","Honesty/integrity of large corporations (1-4)",2016,"q34_15","기관별 청렴도-대기업","1=전혀 청렴하지 않다; 2=별로 청렴하지 않다; 3=약간 청렴하다; 4=매우 청렴하다","label_honesty"
"honesty_large_corps","Honesty/integrity of large corporations (1-4)",2017,"q33_15","기관별 청렴도-대기업","1=전혀 청렴하지 않다; 2=별로 청렴하지 않다; 3=약간 청렴하다; 4=매우 청렴하다","label_honesty"
"honesty_large_corps","Honesty/integrity of large corporations (1-4)",2018,"q36_15","기관별 청렴도-대기업","1=전혀 청렴하지 않다; 2=별로 청렴하지 않다; 3=약간 청렴하다; 4=매우 청렴하다","label_honesty"
"honesty_large_corps","Honesty/integrity of large corporations (1-4)",2019,"q36_15","기관별 청렴도-대기업","1=전혀 청렴하지 않다; 2=별로 청렴하지 않다; 3=약간 청렴하다; 4=매우 청렴하다","label_honesty"
"honesty_large_corps","Honesty/integrity of large corporations (1-4)",2020,"q34_15","기관별 청렴도-대기업","1=전혀 청렴하지 않다; 2=별로 청렴하지 않다; 3=약간 청렴하다; 4=매우 청렴하다","label_honesty"
"honesty_large_corps","Honesty/integrity of large corporations (1-4)",2021,"q36_15","기관별 청렴도-대기업","1=전혀 청렴하지 않다; 2=별로 청렴하지 않다; 3=약간 청렴하다; 4=매우 청렴하다","label_honesty"
"honesty_large_corps","Honesty/integrity of large corporations (1-4)",2022,"q36_15","기관별 청렴도-대기업","1=전혀 청렴하지 않다; 2=별로 청렴하지 않다; 3=약간 청렴하다; 4=매우 청렴하다","label_honesty"
"honesty_large_corps","Honesty/integrity of large corporations (1-4)",2023,"q31_15","기관별 청렴도-대기업","1=전혀 청렴하지 않다; 2=별로 청렴하지 않다; 3=약간 청렴하다; 4=매우 청렴하다","label_honesty"
"honesty_large_corps","Honesty/integrity of large corporations (1-4)",2024,"q32_15","기관별 청렴도-대기업","1=전혀 청렴하지 않다; 2=별로 청렴하지 않다; 3=약간 청렴하다; 4=매우 청렴하다","label_honesty"
"honesty_local_govt","Honesty/integrity of local government (1-4)",2013,"q31_6","기관별 청렴도-지방자치단체","1=전혀 청렴하지 않다; 2=별로 청렴하지 않다; 3=약간 청렴하다; 4=매우 청렴하다; 8=모름; 9=무응답","label_honesty"
"honesty_local_govt","Honesty/integrity of local government (1-4)",2014,"q31_6","기관별 청렴도-지방자치단체","1=전혀 청렴하지 않다; 2=별로 청렴하지 않다; 3=약간 청렴하다; 4=매우 청렴하다; 8=모름; 9=무응답","label_honesty"
"honesty_local_govt","Honesty/integrity of local government (1-4)",2015,"q33_6","기관별 청렴도-지방자치단체","1=전혀 청렴하지 않다; 2=별로 청렴하지 않다; 3=약간 청렴하다; 4=매우 청렴하다","label_honesty"
"honesty_local_govt","Honesty/integrity of local government (1-4)",2016,"q34_6","기관별 청렴도-지방자치단체","1=전혀 청렴하지 않다; 2=별로 청렴하지 않다; 3=약간 청렴하다; 4=매우 청렴하다","label_honesty"
"honesty_local_govt","Honesty/integrity of local government (1-4)",2017,"q33_6","기관별 청렴도-지방자치단체","1=전혀 청렴하지 않다; 2=별로 청렴하지 않다; 3=약간 청렴하다; 4=매우 청렴하다","label_honesty"
"honesty_local_govt","Honesty/integrity of local government (1-4)",2018,"q36_6","기관별 청렴도-지방자치단체","1=전혀 청렴하지 않다; 2=별로 청렴하지 않다; 3=약간 청렴하다; 4=매우 청렴하다","label_honesty"
"honesty_local_govt","Honesty/integrity of local government (1-4)",2019,"q36_6","기관별 청렴도-지방자치단체","1=전혀 청렴하지 않다; 2=별로 청렴하지 않다; 3=약간 청렴하다; 4=매우 청렴하다","label_honesty"
"honesty_local_govt","Honesty/integrity of local government (1-4)",2020,"q34_6","기관별 청렴도-지방자치단체","1=전혀 청렴하지 않다; 2=별로 청렴하지 않다; 3=약간 청렴하다; 4=매우 청렴하다","label_honesty"
"honesty_local_govt","Honesty/integrity of local government (1-4)",2021,"q36_6","기관별 청렴도-지방자치단체","1=전혀 청렴하지 않다; 2=별로 청렴하지 않다; 3=약간 청렴하다; 4=매우 청렴하다","label_honesty"
"honesty_local_govt","Honesty/integrity of local government (1-4)",2022,"q36_6","기관별 청렴도-지방자치단체","1=전혀 청렴하지 않다; 2=별로 청렴하지 않다; 3=약간 청렴하다; 4=매우 청렴하다","label_honesty"
"honesty_local_govt","Honesty/integrity of local government (1-4)",2023,"q31_6","기관별 청렴도-지방자치단체","1=전혀 청렴하지 않다; 2=별로 청렴하지 않다; 3=약간 청렴하다; 4=매우 청렴하다","label_honesty"
"honesty_local_govt","Honesty/integrity of local government (1-4)",2024,"q32_6","기관별 청렴도-지방자치단체","1=전혀 청렴하지 않다; 2=별로 청렴하지 않다; 3=약간 청렴하다; 4=매우 청렴하다","label_honesty"
"honesty_medical","Honesty/integrity of medical institutions (1-4)",2013,"q31_13","기관별 청렴도-의료계","1=전혀 청렴하지 않다; 2=별로 청렴하지 않다; 3=약간 청렴하다; 4=매우 청렴하다; 8=모름; 9=무응답","label_honesty"
"honesty_medical","Honesty/integrity of medical institutions (1-4)",2014,"q31_13","기관별 청렴도-의료계","1=전혀 청렴하지 않다; 2=별로 청렴하지 않다; 3=약간 청렴하다; 4=매우 청렴하다; 8=모름; 9=무응답","label_honesty"
"honesty_medical","Honesty/integrity of medical institutions (1-4)",2015,"q33_13","기관별 청렴도-의료계","1=전혀 청렴하지 않다; 2=별로 청렴하지 않다; 3=약간 청렴하다; 4=매우 청렴하다","label_honesty"
"honesty_medical","Honesty/integrity of medical institutions (1-4)",2016,"q34_14","기관별 청렴도-의료기관","1=전혀 청렴하지 않다; 2=별로 청렴하지 않다; 3=약간 청렴하다; 4=매우 청렴하다","label_honesty"
"honesty_medical","Honesty/integrity of medical institutions (1-4)",2017,"q33_14","기관별 청렴도-의료기관","1=전혀 청렴하지 않다; 2=별로 청렴하지 않다; 3=약간 청렴하다; 4=매우 청렴하다","label_honesty"
"honesty_medical","Honesty/integrity of medical institutions (1-4)",2018,"q36_14","기관별 청렴도-의료기관","1=전혀 청렴하지 않다; 2=별로 청렴하지 않다; 3=약간 청렴하다; 4=매우 청렴하다","label_honesty"
"honesty_medical","Honesty/integrity of medical institutions (1-4)",2019,"q36_14","기관별 청렴도-의료기관","1=전혀 청렴하지 않다; 2=별로 청렴하지 않다; 3=약간 청렴하다; 4=매우 청렴하다","label_honesty"
"honesty_medical","Honesty/integrity of medical institutions (1-4)",2020,"q34_14","기관별 청렴도-의료기관","1=전혀 청렴하지 않다; 2=별로 청렴하지 않다; 3=약간 청렴하다; 4=매우 청렴하다","label_honesty"
"honesty_medical","Honesty/integrity of medical institutions (1-4)",2021,"q36_14","기관별 청렴도-의료기관","1=전혀 청렴하지 않다; 2=별로 청렴하지 않다; 3=약간 청렴하다; 4=매우 청렴하다","label_honesty"
"honesty_medical","Honesty/integrity of medical institutions (1-4)",2022,"q36_14","기관별 청렴도-의료기관","1=전혀 청렴하지 않다; 2=별로 청렴하지 않다; 3=약간 청렴하다; 4=매우 청렴하다","label_honesty"
"honesty_medical","Honesty/integrity of medical institutions (1-4)",2023,"q31_14","기관별 청렴도-의료기관","1=전혀 청렴하지 않다; 2=별로 청렴하지 않다; 3=약간 청렴하다; 4=매우 청렴하다","label_honesty"
"honesty_medical","Honesty/integrity of medical institutions (1-4)",2024,"q32_14","기관별 청렴도-의료기관","1=전혀 청렴하지 않다; 2=별로 청렴하지 않다; 3=약간 청렴하다; 4=매우 청렴하다","label_honesty"
"honesty_military","Honesty/integrity of military (1-4)",2013,"q31_7","기관별 청렴도-군대","1=전혀 청렴하지 않다; 2=별로 청렴하지 않다; 3=약간 청렴하다; 4=매우 청렴하다; 8=모름; 9=무응답","label_honesty"
"honesty_military","Honesty/integrity of military (1-4)",2014,"q31_7","기관별 청렴도-군대","1=전혀 청렴하지 않다; 2=별로 청렴하지 않다; 3=약간 청렴하다; 4=매우 청렴하다; 8=모름; 9=무응답","label_honesty"
"honesty_military","Honesty/integrity of military (1-4)",2015,"q33_7","기관별 청렴도-군대","1=전혀 청렴하지 않다; 2=별로 청렴하지 않다; 3=약간 청렴하다; 4=매우 청렴하다","label_honesty"
"honesty_military","Honesty/integrity of military (1-4)",2016,"q34_8","기관별 청렴도-군대","1=전혀 청렴하지 않다; 2=별로 청렴하지 않다; 3=약간 청렴하다; 4=매우 청렴하다","label_honesty"
"honesty_military","Honesty/integrity of military (1-4)",2017,"q33_8","기관별 청렴도-군대","1=전혀 청렴하지 않다; 2=별로 청렴하지 않다; 3=약간 청렴하다; 4=매우 청렴하다","label_honesty"
"honesty_military","Honesty/integrity of military (1-4)",2018,"q36_8","기관별 청렴도-군대","1=전혀 청렴하지 않다; 2=별로 청렴하지 않다; 3=약간 청렴하다; 4=매우 청렴하다","label_honesty"
"honesty_military","Honesty/integrity of military (1-4)",2019,"q36_8","기관별 청렴도-군대","1=전혀 청렴하지 않다; 2=별로 청렴하지 않다; 3=약간 청렴하다; 4=매우 청렴하다","label_honesty"
"honesty_military","Honesty/integrity of military (1-4)",2020,"q34_8","기관별 청렴도-군대","1=전혀 청렴하지 않다; 2=별로 청렴하지 않다; 3=약간 청렴하다; 4=매우 청렴하다","label_honesty"
"honesty_military","Honesty/integrity of military (1-4)",2021,"q36_8","기관별 청렴도-군대","1=전혀 청렴하지 않다; 2=별로 청렴하지 않다; 3=약간 청렴하다; 4=매우 청렴하다","label_honesty"
"honesty_military","Honesty/integrity of military (1-4)",2022,"q36_8","기관별 청렴도-군대","1=전혀 청렴하지 않다; 2=별로 청렴하지 않다; 3=약간 청렴하다; 4=매우 청렴하다","label_honesty"
"honesty_military","Honesty/integrity of military (1-4)",2023,"q31_8","기관별 청렴도-군대","1=전혀 청렴하지 않다; 2=별로 청렴하지 않다; 3=약간 청렴하다; 4=매우 청렴하다","label_honesty"
"honesty_military","Honesty/integrity of military (1-4)",2024,"q32_8","기관별 청렴도-군대","1=전혀 청렴하지 않다; 2=별로 청렴하지 않다; 3=약간 청렴하다; 4=매우 청렴하다","label_honesty"
"honesty_national_assembly","Honesty/integrity of National Assembly (1-4)",2013,"q31_2","기관별 청렴도-국회","1=전혀 청렴하지 않다; 2=별로 청렴하지 않다; 3=약간 청렴하다; 4=매우 청렴하다; 8=모름; 9=무응답","label_honesty"
"honesty_national_assembly","Honesty/integrity of National Assembly (1-4)",2014,"q31_2","기관별 청렴도-국회","1=전혀 청렴하지 않다; 2=별로 청렴하지 않다; 3=약간 청렴하다; 4=매우 청렴하다; 8=모름; 9=무응답","label_honesty"
"honesty_national_assembly","Honesty/integrity of National Assembly (1-4)",2015,"q33_2","기관별 청렴도-국회","1=전혀 청렴하지 않다; 2=별로 청렴하지 않다; 3=약간 청렴하다; 4=매우 청렴하다","label_honesty"
"honesty_national_assembly","Honesty/integrity of National Assembly (1-4)",2016,"q34_2","기관별 청렴도-국회","1=전혀 청렴하지 않다; 2=별로 청렴하지 않다; 3=약간 청렴하다; 4=매우 청렴하다","label_honesty"
"honesty_national_assembly","Honesty/integrity of National Assembly (1-4)",2017,"q33_2","기관별 청렴도-국회","1=전혀 청렴하지 않다; 2=별로 청렴하지 않다; 3=약간 청렴하다; 4=매우 청렴하다","label_honesty"
"honesty_national_assembly","Honesty/integrity of National Assembly (1-4)",2018,"q36_2","기관별 청렴도-국회","1=전혀 청렴하지 않다; 2=별로 청렴하지 않다; 3=약간 청렴하다; 4=매우 청렴하다","label_honesty"
"honesty_national_assembly","Honesty/integrity of National Assembly (1-4)",2019,"q36_2","기관별 청렴도-국회","1=전혀 청렴하지 않다; 2=별로 청렴하지 않다; 3=약간 청렴하다; 4=매우 청렴하다","label_honesty"
"honesty_national_assembly","Honesty/integrity of National Assembly (1-4)",2020,"q34_2","기관별 청렴도-국회","1=전혀 청렴하지 않다; 2=별로 청렴하지 않다; 3=약간 청렴하다; 4=매우 청렴하다","label_honesty"
"honesty_national_assembly","Honesty/integrity of National Assembly (1-4)",2021,"q36_2","기관별 청렴도-국회","1=전혀 청렴하지 않다; 2=별로 청렴하지 않다; 3=약간 청렴하다; 4=매우 청렴하다","label_honesty"
"honesty_national_assembly","Honesty/integrity of National Assembly (1-4)",2022,"q36_2","기관별 청렴도-국회","1=전혀 청렴하지 않다; 2=별로 청렴하지 않다; 3=약간 청렴하다; 4=매우 청렴하다","label_honesty"
"honesty_national_assembly","Honesty/integrity of National Assembly (1-4)",2023,"q31_2","기관별 청렴도-국회","1=전혀 청렴하지 않다; 2=별로 청렴하지 않다; 3=약간 청렴하다; 4=매우 청렴하다","label_honesty"
"honesty_national_assembly","Honesty/integrity of National Assembly (1-4)",2024,"q32_2","기관별 청렴도-국회","1=전혀 청렴하지 않다; 2=별로 청렴하지 않다; 3=약간 청렴하다; 4=매우 청렴하다","label_honesty"
"honesty_newspapers","Honesty/integrity of newspapers (1-4)",2013,"q31_11","기관별 청렴도-신문사","1=전혀 청렴하지 않다; 2=별로 청렴하지 않다; 3=약간 청렴하다; 4=매우 청렴하다; 8=모름; 9=무응답","label_honesty"
"honesty_newspapers","Honesty/integrity of newspapers (1-4)",2014,"q31_11","기관별 청렴도-신문사","1=전혀 청렴하지 않다; 2=별로 청렴하지 않다; 3=약간 청렴하다; 4=매우 청렴하다; 8=모름; 9=무응답","label_honesty"
"honesty_newspapers","Honesty/integrity of newspapers (1-4)",2015,"q33_11","기관별 청렴도-신문사","1=전혀 청렴하지 않다; 2=별로 청렴하지 않다; 3=약간 청렴하다; 4=매우 청렴하다","label_honesty"
"honesty_newspapers","Honesty/integrity of newspapers (1-4)",2016,"q34_12","기관별 청렴도-신문사","1=전혀 청렴하지 않다; 2=별로 청렴하지 않다; 3=약간 청렴하다; 4=매우 청렴하다","label_honesty"
"honesty_newspapers","Honesty/integrity of newspapers (1-4)",2017,"q33_12","기관별 청렴도-신문사","1=전혀 청렴하지 않다; 2=별로 청렴하지 않다; 3=약간 청렴하다; 4=매우 청렴하다","label_honesty"
"honesty_newspapers","Honesty/integrity of newspapers (1-4)",2018,"q36_12","기관별 청렴도-신문사","1=전혀 청렴하지 않다; 2=별로 청렴하지 않다; 3=약간 청렴하다; 4=매우 청렴하다","label_honesty"
"honesty_newspapers","Honesty/integrity of newspapers (1-4)",2019,"q36_12","기관별 청렴도-신문사","1=전혀 청렴하지 않다; 2=별로 청렴하지 않다; 3=약간 청렴하다; 4=매우 청렴하다","label_honesty"
"honesty_newspapers","Honesty/integrity of newspapers (1-4)",2020,"q34_12","기관별 청렴도-신문사","1=전혀 청렴하지 않다; 2=별로 청렴하지 않다; 3=약간 청렴하다; 4=매우 청렴하다","label_honesty"
"honesty_newspapers","Honesty/integrity of newspapers (1-4)",2021,"q36_12","기관별 청렴도-신문사","1=전혀 청렴하지 않다; 2=별로 청렴하지 않다; 3=약간 청렴하다; 4=매우 청렴하다","label_honesty"
"honesty_newspapers","Honesty/integrity of newspapers (1-4)",2022,"q36_12","기관별 청렴도-신문사","1=전혀 청렴하지 않다; 2=별로 청렴하지 않다; 3=약간 청렴하다; 4=매우 청렴하다","label_honesty"
"honesty_newspapers","Honesty/integrity of newspapers (1-4)",2023,"q31_12","기관별 청렴도-신문사","1=전혀 청렴하지 않다; 2=별로 청렴하지 않다; 3=약간 청렴하다; 4=매우 청렴하다","label_honesty"
"honesty_newspapers","Honesty/integrity of newspapers (1-4)",2024,"q32_12","기관별 청렴도-신문사","1=전혀 청렴하지 않다; 2=별로 청렴하지 않다; 3=약간 청렴하다; 4=매우 청렴하다","label_honesty"
"honesty_police","Honesty/integrity of police (1-4)",2013,"q31_5","기관별 청렴도-경찰","1=전혀 청렴하지 않다; 2=별로 청렴하지 않다; 3=약간 청렴하다; 4=매우 청렴하다; 8=모름; 9=무응답","label_honesty"
"honesty_police","Honesty/integrity of police (1-4)",2014,"q31_5","기관별 청렴도-경찰","1=전혀 청렴하지 않다; 2=별로 청렴하지 않다; 3=약간 청렴하다; 4=매우 청렴하다; 8=모름; 9=무응답","label_honesty"
"honesty_police","Honesty/integrity of police (1-4)",2015,"q33_5","기관별 청렴도-경찰","1=전혀 청렴하지 않다; 2=별로 청렴하지 않다; 3=약간 청렴하다; 4=매우 청렴하다","label_honesty"
"honesty_police","Honesty/integrity of police (1-4)",2016,"q34_5","기관별 청렴도-경찰","1=전혀 청렴하지 않다; 2=별로 청렴하지 않다; 3=약간 청렴하다; 4=매우 청렴하다","label_honesty"
"honesty_police","Honesty/integrity of police (1-4)",2017,"q33_5","기관별 청렴도-경찰","1=전혀 청렴하지 않다; 2=별로 청렴하지 않다; 3=약간 청렴하다; 4=매우 청렴하다","label_honesty"
"honesty_police","Honesty/integrity of police (1-4)",2018,"q36_5","기관별 청렴도-경찰","1=전혀 청렴하지 않다; 2=별로 청렴하지 않다; 3=약간 청렴하다; 4=매우 청렴하다","label_honesty"
"honesty_police","Honesty/integrity of police (1-4)",2019,"q36_5","기관별 청렴도-경찰","1=전혀 청렴하지 않다; 2=별로 청렴하지 않다; 3=약간 청렴하다; 4=매우 청렴하다","label_honesty"
"honesty_police","Honesty/integrity of police (1-4)",2020,"q34_5","기관별 청렴도-경찰","1=전혀 청렴하지 않다; 2=별로 청렴하지 않다; 3=약간 청렴하다; 4=매우 청렴하다","label_honesty"
"honesty_police","Honesty/integrity of police (1-4)",2021,"q36_5","기관별 청렴도-경찰","1=전혀 청렴하지 않다; 2=별로 청렴하지 않다; 3=약간 청렴하다; 4=매우 청렴하다","label_honesty"
"honesty_police","Honesty/integrity of police (1-4)",2022,"q36_5","기관별 청렴도-경찰","1=전혀 청렴하지 않다; 2=별로 청렴하지 않다; 3=약간 청렴하다; 4=매우 청렴하다","label_honesty"
"honesty_police","Honesty/integrity of police (1-4)",2023,"q31_5","기관별 청렴도-경찰","1=전혀 청렴하지 않다; 2=별로 청렴하지 않다; 3=약간 청렴하다; 4=매우 청렴하다","label_honesty"
"honesty_police","Honesty/integrity of police (1-4)",2024,"q32_5","기관별 청렴도-경찰","1=전혀 청렴하지 않다; 2=별로 청렴하지 않다; 3=약간 청렴하다; 4=매우 청렴하다","label_honesty"
"honesty_prosecution","Honesty/integrity of prosecution (1-4)",2013,"q31_4","기관별 청렴도-검찰","1=전혀 청렴하지 않다; 2=별로 청렴하지 않다; 3=약간 청렴하다; 4=매우 청렴하다; 8=모름; 9=무응답","label_honesty"
"honesty_prosecution","Honesty/integrity of prosecution (1-4)",2014,"q31_4","기관별 청렴도-검찰","1=전혀 청렴하지 않다; 2=별로 청렴하지 않다; 3=약간 청렴하다; 4=매우 청렴하다; 8=모름; 9=무응답","label_honesty"
"honesty_prosecution","Honesty/integrity of prosecution (1-4)",2015,"q33_4","기관별 청렴도-검찰","1=전혀 청렴하지 않다; 2=별로 청렴하지 않다; 3=약간 청렴하다; 4=매우 청렴하다","label_honesty"
"honesty_prosecution","Honesty/integrity of prosecution (1-4)",2016,"q34_4","기관별 청렴도-검찰","1=전혀 청렴하지 않다; 2=별로 청렴하지 않다; 3=약간 청렴하다; 4=매우 청렴하다","label_honesty"
"honesty_prosecution","Honesty/integrity of prosecution (1-4)",2017,"q33_4","기관별 청렴도-검찰","1=전혀 청렴하지 않다; 2=별로 청렴하지 않다; 3=약간 청렴하다; 4=매우 청렴하다","label_honesty"
"honesty_prosecution","Honesty/integrity of prosecution (1-4)",2018,"q36_4","기관별 청렴도-검찰","1=전혀 청렴하지 않다; 2=별로 청렴하지 않다; 3=약간 청렴하다; 4=매우 청렴하다","label_honesty"
"honesty_prosecution","Honesty/integrity of prosecution (1-4)",2019,"q36_4","기관별 청렴도-검찰","1=전혀 청렴하지 않다; 2=별로 청렴하지 않다; 3=약간 청렴하다; 4=매우 청렴하다","label_honesty"
"honesty_prosecution","Honesty/integrity of prosecution (1-4)",2020,"q34_4","기관별 청렴도-검찰","1=전혀 청렴하지 않다; 2=별로 청렴하지 않다; 3=약간 청렴하다; 4=매우 청렴하다","label_honesty"
"honesty_prosecution","Honesty/integrity of prosecution (1-4)",2021,"q36_4","기관별 청렴도-검찰","1=전혀 청렴하지 않다; 2=별로 청렴하지 않다; 3=약간 청렴하다; 4=매우 청렴하다","label_honesty"
"honesty_prosecution","Honesty/integrity of prosecution (1-4)",2022,"q36_4","기관별 청렴도-검찰","1=전혀 청렴하지 않다; 2=별로 청렴하지 않다; 3=약간 청렴하다; 4=매우 청렴하다","label_honesty"
"honesty_prosecution","Honesty/integrity of prosecution (1-4)",2023,"q31_4","기관별 청렴도-검찰","1=전혀 청렴하지 않다; 2=별로 청렴하지 않다; 3=약간 청렴하다; 4=매우 청렴하다","label_honesty"
"honesty_prosecution","Honesty/integrity of prosecution (1-4)",2024,"q32_4","기관별 청렴도-검찰","1=전혀 청렴하지 않다; 2=별로 청렴하지 않다; 3=약간 청렴하다; 4=매우 청렴하다","label_honesty"
"honesty_public_enterprises","Honesty/integrity of public enterprises (1-4)",2016,"q34_7","기관별 청렴도-공기업","1=전혀 청렴하지 않다; 2=별로 청렴하지 않다; 3=약간 청렴하다; 4=매우 청렴하다","label_honesty"
"honesty_public_enterprises","Honesty/integrity of public enterprises (1-4)",2017,"q33_7","기관별 청렴도-공기업","1=전혀 청렴하지 않다; 2=별로 청렴하지 않다; 3=약간 청렴하다; 4=매우 청렴하다","label_honesty"
"honesty_public_enterprises","Honesty/integrity of public enterprises (1-4)",2018,"q36_7","기관별 청렴도-공기업","1=전혀 청렴하지 않다; 2=별로 청렴하지 않다; 3=약간 청렴하다; 4=매우 청렴하다","label_honesty"
"honesty_public_enterprises","Honesty/integrity of public enterprises (1-4)",2019,"q36_7","기관별 청렴도-공기업","1=전혀 청렴하지 않다; 2=별로 청렴하지 않다; 3=약간 청렴하다; 4=매우 청렴하다","label_honesty"
"honesty_public_enterprises","Honesty/integrity of public enterprises (1-4)",2020,"q34_7","기관별 청렴도-공기업","1=전혀 청렴하지 않다; 2=별로 청렴하지 않다; 3=약간 청렴하다; 4=매우 청렴하다","label_honesty"
"honesty_public_enterprises","Honesty/integrity of public enterprises (1-4)",2021,"q36_7","기관별 청렴도-공기업","1=전혀 청렴하지 않다; 2=별로 청렴하지 않다; 3=약간 청렴하다; 4=매우 청렴하다","label_honesty"
"honesty_public_enterprises","Honesty/integrity of public enterprises (1-4)",2022,"q36_7","기관별 청렴도-공기업","1=전혀 청렴하지 않다; 2=별로 청렴하지 않다; 3=약간 청렴하다; 4=매우 청렴하다","label_honesty"
"honesty_public_enterprises","Honesty/integrity of public enterprises (1-4)",2023,"q31_7","기관별 청렴도-공기업","1=전혀 청렴하지 않다; 2=별로 청렴하지 않다; 3=약간 청렴하다; 4=매우 청렴하다","label_honesty"
"honesty_public_enterprises","Honesty/integrity of public enterprises (1-4)",2024,"q32_7","기관별 청렴도-공기업","1=전혀 청렴하지 않다; 2=별로 청렴하지 않다; 3=약간 청렴하다; 4=매우 청렴하다","label_honesty"
"honesty_religious","Honesty/integrity of religious institutions (1-4)",2013,"q31_15","기관별 청렴도-종교계","1=전혀 청렴하지 않다; 2=별로 청렴하지 않다; 3=약간 청렴하다; 4=매우 청렴하다; 8=모름; 9=무응답","label_honesty"
"honesty_religious","Honesty/integrity of religious institutions (1-4)",2014,"q31_15","기관별 청렴도-종교계","1=전혀 청렴하지 않다; 2=별로 청렴하지 않다; 3=약간 청렴하다; 4=매우 청렴하다; 8=모름; 9=무응답","label_honesty"
"honesty_religious","Honesty/integrity of religious institutions (1-4)",2015,"q33_15","기관별 청렴도-종교계","1=전혀 청렴하지 않다; 2=별로 청렴하지 않다; 3=약간 청렴하다; 4=매우 청렴하다","label_honesty"
"honesty_religious","Honesty/integrity of religious institutions (1-4)",2016,"q34_16","기관별 청렴도-종교기관","1=전혀 청렴하지 않다; 2=별로 청렴하지 않다; 3=약간 청렴하다; 4=매우 청렴하다","label_honesty"
"honesty_religious","Honesty/integrity of religious institutions (1-4)",2017,"q33_16","기관별 청렴도-종교기관","1=전혀 청렴하지 않다; 2=별로 청렴하지 않다; 3=약간 청렴하다; 4=매우 청렴하다","label_honesty"
"honesty_religious","Honesty/integrity of religious institutions (1-4)",2018,"q36_16","기관별 청렴도-종교기관","1=전혀 청렴하지 않다; 2=별로 청렴하지 않다; 3=약간 청렴하다; 4=매우 청렴하다","label_honesty"
"honesty_religious","Honesty/integrity of religious institutions (1-4)",2019,"q36_16","기관별 청렴도-종교기관","1=전혀 청렴하지 않다; 2=별로 청렴하지 않다; 3=약간 청렴하다; 4=매우 청렴하다","label_honesty"
"honesty_religious","Honesty/integrity of religious institutions (1-4)",2020,"q34_16","기관별 청렴도-종교기관","1=전혀 청렴하지 않다; 2=별로 청렴하지 않다; 3=약간 청렴하다; 4=매우 청렴하다","label_honesty"
"honesty_religious","Honesty/integrity of religious institutions (1-4)",2021,"q36_16","기관별 청렴도-종교기관","1=전혀 청렴하지 않다; 2=별로 청렴하지 않다; 3=약간 청렴하다; 4=매우 청렴하다","label_honesty"
"honesty_religious","Honesty/integrity of religious institutions (1-4)",2022,"q36_16","기관별 청렴도-종교기관","1=전혀 청렴하지 않다; 2=별로 청렴하지 않다; 3=약간 청렴하다; 4=매우 청렴하다","label_honesty"
"honesty_religious","Honesty/integrity of religious institutions (1-4)",2023,"q31_16","기관별 청렴도-종교기관","1=전혀 청렴하지 않다; 2=별로 청렴하지 않다; 3=약간 청렴하다; 4=매우 청렴하다","label_honesty"
"honesty_religious","Honesty/integrity of religious institutions (1-4)",2024,"q32_16","기관별 청렴도-종교기관","1=전혀 청렴하지 않다; 2=별로 청렴하지 않다; 3=약간 청렴하다; 4=매우 청렴하다","label_honesty"
"honesty_tv","Honesty/integrity of TV broadcasting (1-4)",2013,"q31_10","기관별 청렴도-TV방송사","1=전혀 청렴하지 않다; 2=별로 청렴하지 않다; 3=약간 청렴하다; 4=매우 청렴하다; 8=모름; 9=무응답","label_honesty"
"honesty_tv","Honesty/integrity of TV broadcasting (1-4)",2014,"q31_10","기관별 청렴도-TV방송사","1=전혀 청렴하지 않다; 2=별로 청렴하지 않다; 3=약간 청렴하다; 4=매우 청렴하다; 8=모름; 9=무응답","label_honesty"
"honesty_tv","Honesty/integrity of TV broadcasting (1-4)",2015,"q33_10","기관별 청렴도-TV방송사","1=전혀 청렴하지 않다; 2=별로 청렴하지 않다; 3=약간 청렴하다; 4=매우 청렴하다","label_honesty"
"honesty_tv","Honesty/integrity of TV broadcasting (1-4)",2016,"q34_11","기관별 청렴도-TV방송사","1=전혀 청렴하지 않다; 2=별로 청렴하지 않다; 3=약간 청렴하다; 4=매우 청렴하다","label_honesty"
"honesty_tv","Honesty/integrity of TV broadcasting (1-4)",2017,"q33_11","기관별 청렴도-TV방송사","1=전혀 청렴하지 않다; 2=별로 청렴하지 않다; 3=약간 청렴하다; 4=매우 청렴하다","label_honesty"
"honesty_tv","Honesty/integrity of TV broadcasting (1-4)",2018,"q36_11","기관별 청렴도-TV방송사","1=전혀 청렴하지 않다; 2=별로 청렴하지 않다; 3=약간 청렴하다; 4=매우 청렴하다","label_honesty"
"honesty_tv","Honesty/integrity of TV broadcasting (1-4)",2019,"q36_11","기관별 청렴도-TV방송사","1=전혀 청렴하지 않다; 2=별로 청렴하지 않다; 3=약간 청렴하다; 4=매우 청렴하다","label_honesty"
"honesty_tv","Honesty/integrity of TV broadcasting (1-4)",2020,"q34_11","기관별 청렴도-TV방송사","1=전혀 청렴하지 않다; 2=별로 청렴하지 않다; 3=약간 청렴하다; 4=매우 청렴하다","label_honesty"
"honesty_tv","Honesty/integrity of TV broadcasting (1-4)",2021,"q36_11","기관별 청렴도-TV방송사","1=전혀 청렴하지 않다; 2=별로 청렴하지 않다; 3=약간 청렴하다; 4=매우 청렴하다","label_honesty"
"honesty_tv","Honesty/integrity of TV broadcasting (1-4)",2022,"q36_11","기관별 청렴도-TV방송사","1=전혀 청렴하지 않다; 2=별로 청렴하지 않다; 3=약간 청렴하다; 4=매우 청렴하다","label_honesty"
"honesty_tv","Honesty/integrity of TV broadcasting (1-4)",2023,"q31_11","기관별 청렴도-TV방송사","1=전혀 청렴하지 않다; 2=별로 청렴하지 않다; 3=약간 청렴하다; 4=매우 청렴하다","label_honesty"
"honesty_tv","Honesty/integrity of TV broadcasting (1-4)",2024,"q32_11","기관별 청렴도-TV방송사","1=전혀 청렴하지 않다; 2=별로 청렴하지 않다; 3=약간 청렴하다; 4=매우 청렴하다","label_honesty"
"ideology","Political ideology (liberal-conservative)",2013,"q22","이념적 성향","1=매우 보수적; 2=다소 보수적; 3=중도적; 4=다소 진보적; 5=매우 진보적; 8=모름; 9=무응답","crosswalk"
"ideology","Political ideology (liberal-conservative)",2014,"q22","이념적 성향","1=매우 보수적; 2=다소 보수적; 3=중도적; 4=다소 진보적; 5=매우 진보적; 8=모름; 9=무응답","crosswalk"
"ideology","Political ideology (liberal-conservative)",2015,"q24","이념적 성향","1=매우 보수적; 2=다소 보수적; 3=중도적; 4=다소 진보적; 5=매우 진보적","crosswalk"
"ideology","Political ideology (liberal-conservative)",2016,"q25","이념적 성향","1=매우 보수적; 2=다소 보수적; 3=중도적; 4=다소 진보적; 5=매우 진보적","crosswalk"
"ideology","Political ideology (liberal-conservative)",2017,"q24","이념적 성향","1=매우 보수적; 2=다소 보수적; 3=중도적; 4=다소 진보적; 5=매우 진보적; 9=모름/무응답","crosswalk"
"ideology","Political ideology (liberal-conservative)",2018,"q27","이념적 성향","1=매우 보수적; 2=다소 보수적; 3=중도적; 4=다소 진보적; 5=매우 진보적; 9=모름/무응답","crosswalk"
"ideology","Political ideology (liberal-conservative)",2019,"q27","이념적 성향","1=매우 보수적; 2=다소 보수적; 3=중도적; 4=다소 진보적; 5=매우 진보적; 9=모름/무응답","crosswalk"
"ideology","Political ideology (liberal-conservative)",2020,"q25","이념적 성향","1=매우 보수적; 2=다소 보수적; 3=중도적; 4=다소 진보적; 5=매우 진보적; 9=모름/무응답","crosswalk"
"ideology","Political ideology (liberal-conservative)",2021,"q26","이념적 성향","1=매우 보수적; 2=다소 보수적; 3=중도적; 4=다소 진보적; 5=매우 진보적; 9=모름/무응답","crosswalk"
"ideology","Political ideology (liberal-conservative)",2022,"q26","이념적 성향","1=매우 보수적; 2=다소 보수적; 3=중도적; 4=다소 진보적; 5=매우 진보적; 9=모름/무응답","crosswalk"
"ideology","Political ideology (liberal-conservative)",2023,"q21","이념적 성향","1=매우 보수적; 2=다소 보수적; 3=중도적; 4=다소 진보적; 5=매우 진보적; 9=모름/무응답","crosswalk"
"ideology","Political ideology (liberal-conservative)",2024,"q21","이념적 성향","1=매우 보수적; 2=다소 보수적; 3=중도적; 4=다소 진보적; 5=매우 진보적","crosswalk"
"income_hh","Household income",2018,"d12_2","지난 1년 간 월평균 가구 소득","1=소득 없음; 2=100만원 미만; 3=100만원 이상~200만원 미만; 4=200만원 이상~300만원 미만; 5=300만원 이상~400만원 미만; 6=400만원 이상~500만원 미만; 7=500만원 이상~600만원 미만; 8=600만원 이상~700만원 미만; 9=700만원 이상~800만원 미만; 10=800만원 이상~900만원 미만; 11=900만원 이상~1,000만원 미만; 12=1,000만원 이상","crosswalk"
"income_hh","Household income",2019,"d12_2","지난 1년 간 월평균 가구 소득","1=소득 없음; 2=100만원 미만; 3=100만원 이상~200만원 미만; 4=200만원 이상~300만원 미만; 5=300만원 이상~400만원 미만; 6=400만원 이상~500만원 미만; 7=500만원 이상~600만원 미만; 8=600만원 이상~700만원 미만; 9=700만원 이상~800만원 미만; 10=800만원 이상~900만원 미만; 11=900만원 이상~1,000만원 미만; 12=1,000만원 이상","crosswalk"
"income_hh","Household income",2020,"d12_2","지난 1년 간 월평균 가구 소득","1=소득 없음; 2=100만원 미만; 3=100만원 이상~200만원 미만; 4=200만원 이상~300만원 미만; 5=300만원 이상~400만원 미만; 6=400만원 이상~500만원 미만; 7=500만원 이상~600만원 미만; 8=600만원 이상~700만원 미만; 9=700만원 이상~800만원 미만; 10=800만원 이상~900만원 미만; 11=900만원 이상~1,000만원 미만; 12=1,000만원 이상","crosswalk"
"income_hh","Household income",2021,"d12_2","지난 1년 간 월평균 가구 소득","1=소득 없음; 2=100만원 미만; 3=100만원 이상~200만원 미만; 4=200만원 이상~300만원 미만; 5=300만원 이상~400만원 미만; 6=400만원 이상~500만원 미만; 7=500만원 이상~600만원 미만; 8=600만원 이상~700만원 미만; 9=700만원 이상~800만원 미만; 10=800만원 이상~900만원 미만; 11=900만원 이상~1,000만원 미만; 12=1,000만원 이상","crosswalk"
"income_hh","Household income",2022,"d12_2","지난 1년 간 월평균 가구 소득","1=소득 없음; 2=100만원 미만; 3=100만원 이상~200만원 미만; 4=200만원 이상~300만원 미만; 5=300만원 이상~400만원 미만; 6=400만원 이상~500만원 미만; 7=500만원 이상~600만원 미만; 8=600만원 이상~700만원 미만; 9=700만원 이상~800만원 미만; 10=800만원 이상~900만원 미만; 11=900만원 이상~1,000만원 미만; 12=1,000만원 이상","crosswalk"
"income_hh","Household income",2023,"d11_2","지난 1년 간 월평균 가구 소득","1=소득 없음; 2=100만원 미만; 3=100만원 이상~200만원 미만; 4=200만원 이상~300만원 미만; 5=300만원 이상~400만원 미만; 6=400만원 이상~500만원 미만; 7=500만원 이상~600만원 미만; 8=600만원 이상~700만원 미만; 9=700만원 이상~800만원 미만; 10=800만원 이상~900만원 미만; 11=900만원 이상~1,000만원 미만; 12=1,000만원 이상","crosswalk"
"income_hh","Household income",2024,"d11_2","지난 1년 간 월평균 가구 소득","1=소득 없음; 2=100만원 미만; 3=100만원 이상 ~ 200만원 미만; 4=200만원 이상 ~ 300만원 미만; 5=300만원 이상 ~ 400만원 미만; 6=400만원 이상 ~ 500만원 미만; 7=500만원 이상 ~ 600만원 미만; 8=600만원 이상 ~ 700만원 미만; 9=700만원 이상 ~ 800만원 미만; 10=800만원 이상 ~ 900만원 미만; 11=900만원 이상 ~ 1,000만원 미만; 12=1,000만원 이상","crosswalk"
"mobility_children","Possibility of upward mobility — children (1-4)",2013,"q3_4","개인의 노력을 통한 사회/경제적 지위 상승 가능성 - 자녀","1=전혀 그렇지 않다; 2=별로 그렇지 않다; 3=약간 그렇다; 4=매우 그렇다; 8=모름; 9=무응답","crosswalk"
"mobility_children","Possibility of upward mobility — children (1-4)",2014,"q3_4","개인의 노력을 통한 사회/경제적 지위 상승 가능성-자녀","1=전혀 그렇지 않다; 2=별로 그렇지 않다; 3=약간 그렇다; 4=매우 그렇다; 8=모름; 9=무응답","crosswalk"
"mobility_children","Possibility of upward mobility — children (1-4)",2015,"q5_4","개인의 노력을 통한 사회/경제적 지위 상승 가능성-자녀","1=전혀 그렇지 않다; 2=별로 그렇지 않다; 3=약간 그렇다; 4=매우 그렇다","crosswalk"
"mobility_children","Possibility of upward mobility — children (1-4)",2016,"q5_4","개인의 노력을 통한 사회·경제적 지위 상승 가능성-자녀","1=전혀 그렇지 않다; 2=별로 그렇지 않다; 3=약간 그렇다; 4=매우 그렇다","crosswalk"
"mobility_children","Possibility of upward mobility — children (1-4)",2017,"q5_4","개인의 노력을 통한 사회/경제적 지위 상승 가능성-자녀","1=전혀 그렇지 않다; 2=별로 그렇지 않다; 3=약간 그렇다; 4=매우 그렇다; 9=모름/무응답","crosswalk"
"mobility_children","Possibility of upward mobility — children (1-4)",2018,"q5_4","개인의 노력을 통한 사회･경제적 지위 상승 가능성-자녀","1=전혀 그렇지 않다; 2=별로 그렇지 않다; 3=약간 그렇다; 4=매우 그렇다; 9=모름/무응답","crosswalk"
"mobility_children","Possibility of upward mobility — children (1-4)",2019,"q5_4","개인의 노력을 통한 사회･경제적 지위 상승 가능성-자녀","1=전혀 그렇지 않다; 2=별로 그렇지 않다; 3=약간 그렇다; 4=매우 그렇다; 9=모름/무응답","crosswalk"
"mobility_children","Possibility of upward mobility — children (1-4)",2020,"q5_4","개인의 노력을 통한 사회･경제적 지위 상승 가능성-자녀","1=전혀 그렇지 않다; 2=별로 그렇지 않다; 3=약간 그렇다; 4=매우 그렇다; 9=모름/무응답","crosswalk"
"mobility_children","Possibility of upward mobility — children (1-4)",2021,"q5_4","개인의 노력을 통한 사회/경제적 지위 상승 가능성-자녀","1=전혀 그렇지 않다; 2=별로 그렇지 않다; 3=약간 그렇다; 4=매우 그렇다; 9=모름/무응답","crosswalk"
"mobility_children","Possibility of upward mobility — children (1-4)",2022,"q5_4","개인의 노력을 통한 사회･경제적 지위 상승 가능성-자녀","1=전혀 그렇지 않다; 2=별로 그렇지 않다; 3=약간 그렇다; 4=매우 그렇다; 9=모름/무응답","crosswalk"
"mobility_children","Possibility of upward mobility — children (1-4)",2023,"q5_4","개인의 노력을 통한 사회/경제적 지위 상승 가능성-자녀","1=전혀 그렇지 않다; 2=별로 그렇지 않다; 3=약간 그렇다; 4=매우 그렇다; 9=모름/무응답","crosswalk"
"mobility_children","Possibility of upward mobility — children (1-4)",2024,"q5_4","개인의 노력을 통한 사회/경제적 지위 상승 가능성-자녀","1=전혀 그렇지 않다; 2=별로 그렇지 않다; 3=약간 그렇다; 4=매우 그렇다","crosswalk"
"mobility_self","Possibility of upward mobility — self (1-4)",2013,"q3_3","개인의 노력을 통한 사회/경제적 지위 상승 가능성 - 자신","1=전혀 그렇지 않다; 2=별로 그렇지 않다; 3=약간 그렇다; 4=매우 그렇다; 8=모름; 9=무응답","crosswalk"
"mobility_self","Possibility of upward mobility — self (1-4)",2014,"q3_3","개인의 노력을 통한 사회/경제적 지위 상승 가능성-자신","1=전혀 그렇지 않다; 2=별로 그렇지 않다; 3=약간 그렇다; 4=매우 그렇다; 8=모름; 9=무응답","crosswalk"
"mobility_self","Possibility of upward mobility — self (1-4)",2015,"q5_3","개인의 노력을 통한 사회/경제적 지위 상승 가능성-자신","1=전혀 그렇지 않다; 2=별로 그렇지 않다; 3=약간 그렇다; 4=매우 그렇다","crosswalk"
"mobility_self","Possibility of upward mobility — self (1-4)",2016,"q5_3","개인의 노력을 통한 사회·경제적 지위 상승 가능성-자신","1=전혀 그렇지 않다; 2=별로 그렇지 않다; 3=약간 그렇다; 4=매우 그렇다","crosswalk"
"mobility_self","Possibility of upward mobility — self (1-4)",2017,"q5_3","개인의 노력을 통한 사회/경제적 지위 상승 가능성-자신","1=전혀 그렇지 않다; 2=별로 그렇지 않다; 3=약간 그렇다; 4=매우 그렇다; 9=모름/무응답","crosswalk"
"mobility_self","Possibility of upward mobility — self (1-4)",2018,"q5_3","개인의 노력을 통한 사회･경제적 지위 상승 가능성-자신","1=전혀 그렇지 않다; 2=별로 그렇지 않다; 3=약간 그렇다; 4=매우 그렇다; 9=모름/무응답","crosswalk"
"mobility_self","Possibility of upward mobility — self (1-4)",2019,"q5_3","개인의 노력을 통한 사회･경제적 지위 상승 가능성-자신","1=전혀 그렇지 않다; 2=별로 그렇지 않다; 3=약간 그렇다; 4=매우 그렇다; 9=모름/무응답","crosswalk"
"mobility_self","Possibility of upward mobility — self (1-4)",2020,"q5_3","개인의 노력을 통한 사회･경제적 지위 상승 가능성-자신","1=전혀 그렇지 않다; 2=별로 그렇지 않다; 3=약간 그렇다; 4=매우 그렇다; 9=모름/무응답","crosswalk"
"mobility_self","Possibility of upward mobility — self (1-4)",2021,"q5_3","개인의 노력을 통한 사회/경제적 지위 상승 가능성-자신","1=전혀 그렇지 않다; 2=별로 그렇지 않다; 3=약간 그렇다; 4=매우 그렇다; 9=모름/무응답","crosswalk"
"mobility_self","Possibility of upward mobility — self (1-4)",2022,"q5_3","개인의 노력을 통한 사회･경제적 지위 상승 가능성-자신","1=전혀 그렇지 않다; 2=별로 그렇지 않다; 3=약간 그렇다; 4=매우 그렇다; 9=모름/무응답","crosswalk"
"mobility_self","Possibility of upward mobility — self (1-4)",2023,"q5_3","개인의 노력을 통한 사회/경제적 지위 상승 가능성-자신","1=전혀 그렇지 않다; 2=별로 그렇지 않다; 3=약간 그렇다; 4=매우 그렇다; 9=모름/무응답","crosswalk"
"mobility_self","Possibility of upward mobility — self (1-4)",2024,"q5_3","개인의 노력을 통한 사회/경제적 지위 상승 가능성-자신","1=전혀 그렇지 않다; 2=별로 그렇지 않다; 3=약간 그렇다; 4=매우 그렇다","crosswalk"
"national_pride","National pride as Korean citizen (1-4)",2013,"q3_1","대한민국 국민으로서의 자긍심","1=전혀 그렇지 않다; 2=별로 그렇지 않다; 3=약간 그렇다; 4=매우 그렇다; 8=모름; 9=무응답","crosswalk"
"national_pride","National pride as Korean citizen (1-4)",2014,"q3_1","대한민국 국민으로서의 자긍심","1=전혀 그렇지 않다; 2=별로 그렇지 않다; 3=약간 그렇다; 4=매우 그렇다; 8=모름; 9=무응답","crosswalk"
"national_pride","National pride as Korean citizen (1-4)",2015,"q5_1","대한민국 국민으로서의 자긍심","1=전혀 그렇지 않다; 2=별로 그렇지 않다; 3=약간 그렇다; 4=매우 그렇다","crosswalk"
"national_pride","National pride as Korean citizen (1-4)",2016,"q5_1","대한민국 국민으로서의 자긍심","1=전혀 그렇지 않다; 2=별로 그렇지 않다; 3=약간 그렇다; 4=매우 그렇다","crosswalk"
"national_pride","National pride as Korean citizen (1-4)",2017,"q5_1","대한민국 국민으로서의 자긍심","1=전혀 그렇지 않다; 2=별로 그렇지 않다; 3=약간 그렇다; 4=매우 그렇다; 9=모름/무응답","crosswalk"
"national_pride","National pride as Korean citizen (1-4)",2018,"q5_1","대한민국 국민으로서의 자긍심","1=전혀 그렇지 않다; 2=별로 그렇지 않다; 3=약간 그렇다; 4=매우 그렇다; 9=모름/무응답","crosswalk"
"national_pride","National pride as Korean citizen (1-4)",2019,"q5_1","대한민국 국민으로서의 자긍심","1=전혀 그렇지 않다; 2=별로 그렇지 않다; 3=약간 그렇다; 4=매우 그렇다; 9=모름/무응답","crosswalk"
"national_pride","National pride as Korean citizen (1-4)",2020,"q5_1","대한민국 국민으로서의 자긍심","1=전혀 그렇지 않다; 2=별로 그렇지 않다; 3=약간 그렇다; 4=매우 그렇다; 9=모름/무응답","crosswalk"
"national_pride","National pride as Korean citizen (1-4)",2021,"q5_1","대한민국 국민으로서의 자긍심","1=전혀 그렇지 않다; 2=별로 그렇지 않다; 3=약간 그렇다; 4=매우 그렇다; 9=모름/무응답","crosswalk"
"national_pride","National pride as Korean citizen (1-4)",2022,"q5_1","대한민국 국민으로서의 자긍심","1=전혀 그렇지 않다; 2=별로 그렇지 않다; 3=약간 그렇다; 4=매우 그렇다; 9=모름/무응답","crosswalk"
"national_pride","National pride as Korean citizen (1-4)",2023,"q5_1","대한민국 국민으로서의 자긍심","1=전혀 그렇지 않다; 2=별로 그렇지 않다; 3=약간 그렇다; 4=매우 그렇다; 9=모름/무응답","crosswalk"
"national_pride","National pride as Korean citizen (1-4)",2024,"q5_1","대한민국 국민으로서의 자긍심","1=전혀 그렇지 않다; 2=별로 그렇지 않다; 3=약간 그렇다; 4=매우 그렇다","crosswalk"
"pol_efficacy","Political efficacy: government cares what people like me think (1-7)",2018,"q21_1","정부가 하는 일에 대한 정치 효능감","1=전혀 동의하지 않는다; 2=별로 동의하지 않는다; 3=동의도 반대도 하지 않는다; 4=약간 동의한다; 5=매우 동의한다","crosswalk"
"pol_efficacy","Political efficacy: government cares what people like me think (1-7)",2019,"q21_1","정부가 하는 일에 대한 정치 효능감","1=전혀 동의하지 않는다; 2=별로 동의하지 않는다; 3=동의도 반대도 하지 않는다; 4=약간 동의한다; 5=매우 동의한다","crosswalk"
"pol_efficacy","Political efficacy: government cares what people like me think (1-7)",2020,"q19_1","정부가 하는 일에 대한 정치 효능감","1=전혀 동의하지 않는다; 2=별로 동의하지 않는다; 3=동의도 반대도 하지 않는다; 4=약간 동의한다; 5=매우 동의한다","crosswalk"
"pol_efficacy","Political efficacy: government cares what people like me think (1-7)",2021,"q20_1","정부가 하는 일에 대한 정치 효능감","1=전혀 동의하지 않는다; 2=별로 동의하지 않는다; 3=동의도 반대도 하지 않는다; 4=약간 동의한다; 5=매우 동의한다","crosswalk"
"pol_efficacy","Political efficacy: government cares what people like me think (1-7)",2022,"q20_1","정부가 하는 일에 대한 정치 효능감","1=전혀 동의하지 않는다; 2=별로 동의하지 않는다; 3=동의도 반대도 하지 않는다; 4=약간 동의한다; 5=매우 동의한다","crosswalk"
"pol_efficacy","Political efficacy: government cares what people like me think (1-7)",2023,"q17_1","정부가 하는 일에 대한 정치 효능감","1=전혀 동의하지 않는다; 2=별로 동의하지 않는다; 3=동의도 반대도 하지 않는다; 4=약간 동의한다; 5=매우 동의한다","crosswalk"
"pol_efficacy","Political efficacy: government cares what people like me think (1-7)",2024,"q17_1","정부가 하는 일에 대한 정치 효능감","1=전혀 동의하지 않는다; 2=별로 동의하지 않는다; 3=동의도 반대도 하지 않는다; 4=약간 동의한다; 5=매우 동의한다","crosswalk"
"pol_interest","Interest in politics (1-4)",2021,"q19","정치 관심도","1=전혀 관심이 없다; 2=별로 관심이 없다; 3=약간 관심이 있다; 4=매우 관심이 있다","crosswalk"
"pol_interest","Interest in politics (1-4)",2022,"q19","정치 관심도","1=전혀 관심이 없다; 2=별로 관심이 없다; 3=약간 관심이 있다; 4=매우 관심이 있다","crosswalk"
"pol_interest","Interest in politics (1-4)",2023,"q16","정치 관심도","1=전혀 관심이 없다; 2=별로 관심이 없다; 3=약간 관심이 있다; 4=매우 관심이 있다","crosswalk"
"pol_interest","Interest in politics (1-4)",2024,"q16","정치 관심도","1=전혀 관심이 없다; 2=별로 관심이 없다; 3=약간 관심이 있다; 4=매우 관심이 있다","crosswalk"
"pol_prospect","Prospect for political situation (0-10)",2013,"q5","향후 정치 상황 전망","0=0 매우 나빠질 것이다; 1=1; 2=2; 3=3; 4=4; 5=5 보통; 6=6; 7=7; 8=8; 9=9; 10=10 매우 좋아질 것이다; 98=98 모름; 99=99 무응답","crosswalk"
"pol_prospect","Prospect for political situation (0-10)",2015,"q7","향후 정치 상황 전망","0=0점 매우 나빠질 것이다; 1=1점; 2=2점; 3=3점; 4=4점; 5=5점 보통; 6=6점; 7=7점; 8=8점; 9=9점; 10=10점 매우 좋아질 것이다","crosswalk"
"pol_prospect","Prospect for political situation (0-10)",2016,"q7","향후 정치 상황 전망","0=0점 매우 나빠질 것이다; 1=1점; 2=2점; 3=3점; 4=4점; 5=5점 보통; 6=6점; 7=7점; 8=8점; 9=9점; 10=10점 매우 좋아질 것이다","crosswalk"
"pol_prospect","Prospect for political situation (0-10)",2017,"q7","향후 정치 상황 전망","0=0점 매우 나빠질 것이다; 1=1점; 2=2점; 3=3점; 4=4점; 5=5점 보통; 6=6점; 7=7점; 8=8점; 9=9점; 10=10점 매우 좋아질 것이다","crosswalk"
"pol_prospect","Prospect for political situation (0-10)",2018,"q7","향후 정치 상황 전망","0=0점 매우 나빠질 것이다; 1=1점; 2=2점; 3=3점; 4=4점; 5=5점 보통; 6=6점; 7=7점; 8=8점; 9=9점; 10=10점 매우 좋아질 것이다","crosswalk"
"pol_prospect","Prospect for political situation (0-10)",2019,"q7","향후 정치 상황 전망","0=0점 매우 나빠질 것이다; 1=1점; 2=2점; 3=3점; 4=4점; 5=5점 보통; 6=6점; 7=7점; 8=8점; 9=9점; 10=10점 매우 좋아질 것이다","crosswalk"
"pol_prospect","Prospect for political situation (0-10)",2020,"q7","향후 정치 상황 전망","0=0점 매우 나빠질 것이다; 1=1점; 2=2점; 3=3점; 4=4점; 5=5점 보통; 6=6점; 7=7점; 8=8점; 9=9점; 10=10점 매우 좋아질 것이다","crosswalk"
"pol_prospect","Prospect for political situation (0-10)",2021,"q7","향후 정치 상황 전망","0=0점 매우 나빠질 것이다; 1=1점; 2=2점; 3=3점; 4=4점; 5=5점 보통; 6=6점; 7=7점; 8=8점; 9=9점; 10=10점 매우 좋아질 것이다","crosswalk"
"pol_prospect","Prospect for political situation (0-10)",2022,"q7","향후 정치 상황 전망","0=0점 매우 나빠질 것이다; 1=1점; 2=2점; 3=3점; 4=4점; 5=5점 보통; 6=6점; 7=7점; 8=8점; 9=9점; 10=10점 매우 좋아질 것이다","crosswalk"
"pol_prospect","Prospect for political situation (0-10)",2023,"q7","향후 정치 상황 전망","0=0점 매우 나빠질 것이다; 1=1점; 2=2점; 3=3점; 4=4점; 5=5점 보통; 6=6점; 7=7점; 8=8점; 9=9점; 10=10점 매우 좋아질 것이다","crosswalk"
"pol_prospect","Prospect for political situation (0-10)",2024,"q7","향후 정치 상황 전망","0=0점 매우 나빠질 것이다; 1=1점; 2=2점; 3=3점; 4=4점; 5=5점 보통; 6=6점; 7=7점; 8=8점; 9=9점; 10=10점 매우 좋아질 것이다","crosswalk"
"pol_satisfaction","Satisfaction with political situation (0-10)",2013,"q4","우리나라 정치 상황 만족도","0=0 전혀 만족하지 않는다; 1=1; 2=2; 3=3; 4=4; 5=5 보통; 6=6; 7=7; 8=8; 9=9; 10=10 매우 만족한다; 98=98 모름; 99=99 무응답","crosswalk"
"pol_satisfaction","Satisfaction with political situation (0-10)",2014,"q4","현재 우리나라 정치 상황 만족도","0=0 전혀 만족 하지 않는다; 1=1; 2=2; 3=3; 4=4; 5=5 보통; 6=6; 7=7; 8=8; 9=9; 10=10 매우 만족 한다; 98=98 모름; 99=99 무응답","crosswalk"
"pol_satisfaction","Satisfaction with political situation (0-10)",2015,"q6","우리나라 정치 상황 만족도","0=0점 전혀 만족하지 않는다; 1=1점; 2=2점; 3=3점; 4=4점; 5=5점 보통; 6=6점; 7=7점; 8=8점; 9=9점; 10=10점 매우 만족한다","crosswalk"
"pol_satisfaction","Satisfaction with political situation (0-10)",2016,"q6","우리나라 정치 상황 만족도","0=0점 전혀 만족 하지 않는다; 1=1점; 2=2점; 3=3점; 4=4점; 5=5점 보통; 6=6점; 7=7점; 8=8점; 9=9점; 10=10점 매우 만족 한다","crosswalk"
"pol_satisfaction","Satisfaction with political situation (0-10)",2017,"q6","우리나라 정치 상황 만족도","0=0점 전혀 만족하지 않는다; 1=1점; 2=2점; 3=3점; 4=4점; 5=5점 보통; 6=6점; 7=7점; 8=8점; 9=9점; 10=10점 매우 만족한다","crosswalk"
"pol_satisfaction","Satisfaction with political situation (0-10)",2018,"q6","우리나라 정치 상황 만족도","0=0점 전혀 만족하지 않는다; 1=1점; 2=2점; 3=3점; 4=4점; 5=5점 보통; 6=6점; 7=7점; 8=8점; 9=9점; 10=10점 매우 만족한다","crosswalk"
"pol_satisfaction","Satisfaction with political situation (0-10)",2019,"q6","우리나라 정치 상황 만족도","0=0점 전혀 만족하지 않는다; 1=1점; 2=2점; 3=3점; 4=4점; 5=5점 보통; 6=6점; 7=7점; 8=8점; 9=9점; 10=10점 매우 만족한다","crosswalk"
"pol_satisfaction","Satisfaction with political situation (0-10)",2020,"q6","우리나라 정치 상황 만족도","0=0점 전혀 만족하지 않는다; 1=1점; 2=2점; 3=3점; 4=4점; 5=5점 보통; 6=6점; 7=7점; 8=8점; 9=9점; 10=10점 매우 만족한다","crosswalk"
"pol_satisfaction","Satisfaction with political situation (0-10)",2021,"q6","우리나라 정치 상황 만족도","0=0점 전혀 만족하지 않는다; 1=1점; 2=2점; 3=3점; 4=4점; 5=5점 보통; 6=6점; 7=7점; 8=8점; 9=9점; 10=10점 매우 만족한다","crosswalk"
"pol_satisfaction","Satisfaction with political situation (0-10)",2022,"q6","우리나라 정치 상황 만족도","0=0점 전혀 만족하지 않는다; 1=1점; 2=2점; 3=3점; 4=4점; 5=5점 보통; 6=6점; 7=7점; 8=8점; 9=9점; 10=10점 매우 만족한다","crosswalk"
"pol_satisfaction","Satisfaction with political situation (0-10)",2023,"q6","우리나라 정치 상황 만족도","0=0점 전혀 만족하지 않는다; 1=1점; 2=2점; 3=3점; 4=4점; 5=5점 보통; 6=6점; 7=7점; 8=8점; 9=9점; 10=10점 매우 만족한다","crosswalk"
"pol_satisfaction","Satisfaction with political situation (0-10)",2024,"q6","우리나라 정치 상황 만족도","0=0점 전혀 만족하지 않는다; 1=1점; 2=2점; 3=3점; 4=4점; 5=5점 보통; 6=6점; 7=7점; 8=8점; 9=9점; 10=10점 매우 만족한다","crosswalk"
"region","Region",2011,"region_1","거주지역: 시/도","1=서울; 2=부산; 3=대구; 4=인천; 5=광주; 6=대전; 7=울산; 8=경기; 9=강원; 10=충북; 11=충남; 12=전북; 13=전남; 14=경북; 15=경남; 16=제주","crosswalk"
"region","Region",2013,"ara","지역","11=서울; 21=부산; 22=대구; 23=인천; 24=광주; 25=대전; 26=울산; 31=경기; 32=강원; 33=충북; 34=충남; 35=전북; 36=전남; 37=경북; 38=경남; 39=제주","crosswalk"
"region","Region",2014,"ara","지역","11=서울; 21=부산; 22=대구; 23=인천; 24=광주; 25=대전; 26=울산; 31=경기; 32=강원; 33=충북; 34=충남; 35=전북; 36=전남; 37=경북; 38=경남; 39=제주","crosswalk"
"region","Region",2015,"ara","지역","11=서울; 21=부산; 22=대구; 23=인천; 24=광주; 25=대전; 26=울산; 29=세종; 31=경기; 32=강원; 33=충북; 34=충남; 35=전북; 36=전남; 37=경북; 38=경남; 39=제주","crosswalk"
"region","Region",2016,"ara","지역","11=서울; 21=부산; 22=대구; 23=인천; 24=광주; 25=대전; 26=울산; 29=세종; 31=경기; 32=강원; 33=충북; 34=충남; 35=전북; 36=전남; 37=경북; 38=경남; 39=제주","crosswalk"
"region","Region",2017,"ara","지역","11=서울; 21=부산; 22=대구; 23=인천; 24=광주; 25=대전; 26=울산; 29=세종; 31=경기; 32=강원; 33=충북; 34=충남; 35=전북; 36=전남; 37=경북; 38=경남; 39=제주","crosswalk"
"region","Region",2018,"ara","지역","11=서울; 21=부산; 22=대구; 23=인천; 24=광주; 25=대전; 26=울산; 29=세종; 31=경기; 32=강원; 33=충북; 34=충남; 35=전북; 36=전남; 37=경북; 38=경남; 39=제주","crosswalk"
"region","Region",2019,"ara","지역","11=서울; 21=부산; 22=대구; 23=인천; 24=광주; 25=대전; 26=울산; 29=세종; 31=경기; 32=강원; 33=충북; 34=충남; 35=전북; 36=전남; 37=경북; 38=경남; 39=제주","crosswalk"
"region","Region",2020,"ara","지역","11=서울; 21=부산; 22=대구; 23=인천; 24=광주; 25=대전; 26=울산; 29=세종; 31=경기; 32=강원; 33=충북; 34=충남; 35=전북; 36=전남; 37=경북; 38=경남; 39=제주","crosswalk"
"region","Region",2021,"ara","지역","11=서울; 21=부산; 22=대구; 23=인천; 24=광주; 25=대전; 26=울산; 29=세종; 31=경기; 32=강원; 33=충북; 34=충남; 35=전북; 36=전남; 37=경북; 38=경남; 39=제주","crosswalk"
"region","Region",2022,"ara","지역","11=서울; 21=부산; 22=대구; 23=인천; 24=광주; 25=대전; 26=울산; 29=세종; 31=경기; 32=강원; 33=충북; 34=충남; 35=전북; 36=전남; 37=경북; 38=경남; 39=제주","crosswalk"
"region","Region",2023,"ara","지역","11=서울; 21=부산; 22=대구; 23=인천; 24=광주; 25=대전; 26=울산; 29=세종; 31=경기; 32=강원; 33=충북; 34=충남; 35=전북; 36=전남; 37=경북; 38=경남; 39=제주","crosswalk"
"region","Region",2024,"ara","지역","11=서울; 21=부산; 22=대구; 23=인천; 24=광주; 25=대전; 26=울산; 29=세종; 31=경기; 32=강원; 33=충북; 34=충남; 35=전북; 36=전남; 37=경북; 38=경남; 39=제주","crosswalk"
"sex","Respondent sex",2011,"sex","응답자 성별","1=남성; 2=여성","crosswalk"
"sex","Respondent sex",2013,"d1","성별","1=남자; 2=여자","crosswalk"
"sex","Respondent sex",2014,"d1","성별","1=남자; 2=여자","crosswalk"
"sex","Respondent sex",2015,"d1","성별","1=남자; 2=여자","crosswalk"
"sex","Respondent sex",2016,"d1","성별","1=남자; 2=여자","crosswalk"
"sex","Respondent sex",2017,"d1","성별","1=남성; 2=여성","crosswalk"
"sex","Respondent sex",2018,"d1","성별","1=남성; 2=여성","crosswalk"
"sex","Respondent sex",2019,"d1","성별","1=남성; 2=여성","crosswalk"
"sex","Respondent sex",2020,"d1","성별","1=남성; 2=여성","crosswalk"
"sex","Respondent sex",2021,"d1","성별","1=남성; 2=여성","crosswalk"
"sex","Respondent sex",2022,"d1","성별","1=남성; 2=여성","crosswalk"
"sex","Respondent sex",2023,"d1","성별","1=남성; 2=여성","crosswalk"
"sex","Respondent sex",2024,"d1","성별","1=남성; 2=여성","crosswalk"
"trust_acquaintances","Trust in acquaintances (1-4)",2013,"q29_3","집단별 신뢰 정도-지인","1=전혀 신뢰하지 않는다; 2=별로 신뢰하지 않는다; 3=약간 신뢰한다; 4=매우 신뢰한다; 8=모름; 9=무응답","label_social"
"trust_acquaintances","Trust in acquaintances (1-4)",2014,"q29_3","집단별 신뢰 정도-지인","1=전혀 신뢰하지 않는다; 2=별로 신뢰하지 않는다; 3=약간 신뢰한다; 4=매우 신뢰한다; 8=모름; 9=무응답","label_social"
"trust_acquaintances","Trust in acquaintances (1-4)",2015,"q31_3","집단별 신뢰 정도-지인","1=전혀 신뢰하지 않는다; 2=별로 신뢰하지 않는다; 3=약간 신뢰한다; 4=매우 신뢰한다","label_social"
"trust_acquaintances","Trust in acquaintances (1-4)",2016,"q32_3","집단별 신뢰 정도-지인","1=전혀 신뢰하지 않는다; 2=별로 신뢰하지 않는다; 3=약간 신뢰한다; 4=매우 신뢰한다","label_social"
"trust_acquaintances","Trust in acquaintances (1-4)",2017,"q31_3","집단별 신뢰 정도-지인","1=전혀 신뢰하지 않는다; 2=별로 신뢰하지 않는다; 3=약간 신뢰한다; 4=매우 신뢰한다","label_social"
"trust_acquaintances","Trust in acquaintances (1-4)",2018,"q34_3","집단별 신뢰 정도-지인","1=전혀 신뢰하지 않는다; 2=별로 신뢰하지 않는다; 3=약간 신뢰한다; 4=매우 신뢰한다","label_social"
"trust_acquaintances","Trust in acquaintances (1-4)",2019,"q34_3","집단별 신뢰 정도-지인","1=전혀 신뢰하지 않는다; 2=별로 신뢰하지 않는다; 3=약간 신뢰한다; 4=매우 신뢰한다","label_social"
"trust_acquaintances","Trust in acquaintances (1-4)",2020,"q32_3","집단별 신뢰 정도-지인","1=전혀 신뢰하지 않는다; 2=별로 신뢰하지 않는다; 3=약간 신뢰한다; 4=매우 신뢰한다","label_social"
"trust_acquaintances","Trust in acquaintances (1-4)",2021,"q34_3","집단별 신뢰 정도-지인","1=전혀 신뢰하지 않는다; 2=별로 신뢰하지 않는다; 3=약간 신뢰한다; 4=매우 신뢰한다","label_social"
"trust_acquaintances","Trust in acquaintances (1-4)",2022,"q34_3","집단별 신뢰 정도-지인","1=전혀 신뢰하지 않는다; 2=별로 신뢰하지 않는다; 3=약간 신뢰한다; 4=매우 신뢰한다","label_social"
"trust_acquaintances","Trust in acquaintances (1-4)",2023,"q29_3","집단별 신뢰 정도-지인","1=전혀 신뢰하지 않는다; 2=별로 신뢰하지 않는다; 3=약간 신뢰한다; 4=매우 신뢰한다","label_social"
"trust_acquaintances","Trust in acquaintances (1-4)",2024,"q29_3","집단별 신뢰 정도-지인","1=전혀 신뢰하지 않는다; 2=별로 신뢰하지 않는다; 3=약간 신뢰한다; 4=매우 신뢰한다","label_social"
"trust_blue_house","Trust in Blue House (Presidential Office) [2011 only] (1-5 rescaled to 1-4)",2011,"T13_13","사회기관에 대한 신뢰13: 청와대","1=전혀 신뢰하지 않음; 2=신뢰하지 않음; 3=보통; 4=신뢰함; 5=매우 신뢰함","label_trust"
"trust_central_govt","Trust in central government (1-4)",2011,"T13_10","사회기관에 대한 신뢰10: 중앙정부","1=전혀 신뢰하지 않음; 2=신뢰하지 않음; 3=보통; 4=신뢰함; 5=매우 신뢰함","label_trust"
"trust_central_govt","Trust in central government (1-4)",2013,"q30_1","기관별 신뢰 정도-중앙정부 부처","1=전혀 믿지 않는다; 2=별로 믿지 않는다; 3=약간 믿는다; 4=매우 믿는다; 8=모름; 9=무응답","label_trust"
"trust_central_govt","Trust in central government (1-4)",2014,"q30_1","기관별 신뢰 정도-중앙정부 부처","1=전혀 믿지 않는다; 2=별로 믿지 않는다; 3=약간 믿는다; 4=매우 믿는다; 8=모름; 9=무응답","label_trust"
"trust_central_govt","Trust in central government (1-4)",2015,"q32_1","기관별 신뢰 정도-중앙정부 부처","1=전혀 믿지 않는다; 2=별로 믿지 않는다; 3=약간 믿는다; 4=매우 믿는다","label_trust"
"trust_central_govt","Trust in central government (1-4)",2016,"q33_1","기관별 신뢰 정도-중앙정부 부처","1=전혀 믿지 않는다; 2=별로 믿지 않는다; 3=약간 믿는다; 4=매우 믿는다","label_trust"
"trust_central_govt","Trust in central government (1-4)",2017,"q32_1","기관별 신뢰 정도-중앙정부 부처","1=전혀 믿지 않는다; 2=별로 믿지 않는다; 3=약간 믿는다; 4=매우 믿는다","label_trust"
"trust_central_govt","Trust in central government (1-4)",2018,"q35_1","기관별 신뢰 정도-중앙정부 부처","1=전혀 믿지 않는다; 2=별로 믿지 않는다; 3=약간 믿는다; 4=매우 믿는다","label_trust"
"trust_central_govt","Trust in central government (1-4)",2019,"q35_1","기관별 신뢰 정도-중앙정부 부처","1=전혀 믿지 않는다; 2=별로 믿지 않는다; 3=약간 믿는다; 4=매우 믿는다","label_trust"
"trust_central_govt","Trust in central government (1-4)",2020,"q33_1","기관별 신뢰 정도-중앙정부 부처","1=전혀 믿지 않는다; 2=별로 믿지 않는다; 3=약간 믿는다; 4=매우 믿는다","label_trust"
"trust_central_govt","Trust in central government (1-4)",2021,"q35_1","기관별 신뢰 정도-중앙정부 부처","1=전혀 믿지 않는다; 2=별로 믿지 않는다; 3=약간 믿는다; 4=매우 믿는다","label_trust"
"trust_central_govt","Trust in central government (1-4)",2022,"q35_1","기관별 신뢰 정도-중앙정부 부처","1=전혀 믿지 않는다; 2=별로 믿지 않는다; 3=약간 믿는다; 4=매우 믿는다","label_trust"
"trust_central_govt","Trust in central government (1-4)",2023,"q30_1","기관별 신뢰 정도-중앙정부 부처","1=전혀 믿지 않는다; 2=별로 믿지 않는다; 3=약간 믿는다; 4=매우 믿는다","label_trust"
"trust_central_govt","Trust in central government (1-4)",2024,"q31_1","기관별 신뢰 정도-중앙정부 부처","1=전혀 믿지 않는다; 2=별로 믿지 않는다; 3=약간 믿는다; 4=매우 믿는다","label_trust"
"trust_civic_orgs","Trust in civic organizations (1-4)",2011,"T13_4","사회기관에 대한 신뢰4: 시민단체","1=전혀 신뢰하지 않음; 2=신뢰하지 않음; 3=보통; 4=신뢰함; 5=매우 신뢰함","label_trust"
"trust_civic_orgs","Trust in civic organizations (1-4)",2013,"q30_9","기관별 신뢰 정도-시민단체","1=전혀 믿지 않는다; 2=별로 믿지 않는다; 3=약간 믿는다; 4=매우 믿는다; 8=모름; 9=무응답","label_trust"
"trust_civic_orgs","Trust in civic organizations (1-4)",2014,"q30_9","기관별 신뢰 정도-시민단체","1=전혀 믿지 않는다; 2=별로 믿지 않는다; 3=약간 믿는다; 4=매우 믿는다; 8=모름; 9=무응답","label_trust"
"trust_civic_orgs","Trust in civic organizations (1-4)",2015,"q32_9","기관별 신뢰 정도-시민단체","1=전혀 믿지 않는다; 2=별로 믿지 않는다; 3=약간 믿는다; 4=매우 믿는다","label_trust"
"trust_civic_orgs","Trust in civic organizations (1-4)",2016,"q33_10","기관별 신뢰 정도-시민단체","1=전혀 믿지 않는다; 2=별로 믿지 않는다; 3=약간 믿는다; 4=매우 믿는다","label_trust"
"trust_civic_orgs","Trust in civic organizations (1-4)",2017,"q32_10","기관별 신뢰 정도-시민단체","1=전혀 믿지 않는다; 2=별로 믿지 않는다; 3=약간 믿는다; 4=매우 믿는다","label_trust"
"trust_civic_orgs","Trust in civic organizations (1-4)",2018,"q35_10","기관별 신뢰 정도-시민단체","1=전혀 믿지 않는다; 2=별로 믿지 않는다; 3=약간 믿는다; 4=매우 믿는다","label_trust"
"trust_civic_orgs","Trust in civic organizations (1-4)",2019,"q35_10","기관별 신뢰 정도-시민단체","1=전혀 믿지 않는다; 2=별로 믿지 않는다; 3=약간 믿는다; 4=매우 믿는다","label_trust"
"trust_civic_orgs","Trust in civic organizations (1-4)",2020,"q33_10","기관별 신뢰 정도-시민단체","1=전혀 믿지 않는다; 2=별로 믿지 않는다; 3=약간 믿는다; 4=매우 믿는다","label_trust"
"trust_civic_orgs","Trust in civic organizations (1-4)",2021,"q35_10","기관별 신뢰 정도-시민단체","1=전혀 믿지 않는다; 2=별로 믿지 않는다; 3=약간 믿는다; 4=매우 믿는다","label_trust"
"trust_civic_orgs","Trust in civic organizations (1-4)",2022,"q35_10","기관별 신뢰 정도-시민단체","1=전혀 믿지 않는다; 2=별로 믿지 않는다; 3=약간 믿는다; 4=매우 믿는다","label_trust"
"trust_civic_orgs","Trust in civic organizations (1-4)",2023,"q30_10","기관별 신뢰 정도-시민단체","1=전혀 믿지 않는다; 2=별로 믿지 않는다; 3=약간 믿는다; 4=매우 믿는다","label_trust"
"trust_civic_orgs","Trust in civic organizations (1-4)",2024,"q31_10","기관별 신뢰 정도-시민단체","1=전혀 믿지 않는다; 2=별로 믿지 않는다; 3=약간 믿는다; 4=매우 믿는다","label_trust"
"trust_corporations","Trust in corporations [2011 only] (1-5 rescaled to 1-4)",2011,"T13_1","사회기관에 대한 신뢰1: 기업","1=전혀 신뢰하지 않음; 2=신뢰하지 않음; 3=보통; 4=신뢰함; 5=매우 신뢰함","label_trust"
"trust_corporations","Trust in corporations [2011 only] (1-5 rescaled to 1-4)",2013,"q30_14","기관별 신뢰 정도-대기업","1=전혀 믿지 않는다; 2=별로 믿지 않는다; 3=약간 믿는다; 4=매우 믿는다; 8=모름; 9=무응답","label_trust"
"trust_corporations","Trust in corporations [2011 only] (1-5 rescaled to 1-4)",2014,"q30_14","기관별 신뢰 정도-대기업","1=전혀 믿지 않는다; 2=별로 믿지 않는다; 3=약간 믿는다; 4=매우 믿는다; 8=모름; 9=무응답","label_trust"
"trust_corporations","Trust in corporations [2011 only] (1-5 rescaled to 1-4)",2015,"q32_14","기관별 신뢰 정도-대기업","1=전혀 믿지 않는다; 2=별로 믿지 않는다; 3=약간 믿는다; 4=매우 믿는다","label_trust"
"trust_corporations","Trust in corporations [2011 only] (1-5 rescaled to 1-4)",2016,"q33_7","기관별 신뢰 정도-공기업","1=전혀 믿지 않는다; 2=별로 믿지 않는다; 3=약간 믿는다; 4=매우 믿는다","label_trust"
"trust_corporations","Trust in corporations [2011 only] (1-5 rescaled to 1-4)",2017,"q32_7","기관별 신뢰 정도-공기업","1=전혀 믿지 않는다; 2=별로 믿지 않는다; 3=약간 믿는다; 4=매우 믿는다","label_trust"
"trust_corporations","Trust in corporations [2011 only] (1-5 rescaled to 1-4)",2018,"q35_7","기관별 신뢰 정도-공기업","1=전혀 믿지 않는다; 2=별로 믿지 않는다; 3=약간 믿는다; 4=매우 믿는다","label_trust"
"trust_corporations","Trust in corporations [2011 only] (1-5 rescaled to 1-4)",2019,"q35_7","기관별 신뢰 정도-공기업","1=전혀 믿지 않는다; 2=별로 믿지 않는다; 3=약간 믿는다; 4=매우 믿는다","label_trust"
"trust_corporations","Trust in corporations [2011 only] (1-5 rescaled to 1-4)",2020,"q33_7","기관별 신뢰 정도-공기업","1=전혀 믿지 않는다; 2=별로 믿지 않는다; 3=약간 믿는다; 4=매우 믿는다","label_trust"
"trust_corporations","Trust in corporations [2011 only] (1-5 rescaled to 1-4)",2021,"q35_7","기관별 신뢰 정도-공기업","1=전혀 믿지 않는다; 2=별로 믿지 않는다; 3=약간 믿는다; 4=매우 믿는다","label_trust"
"trust_corporations","Trust in corporations [2011 only] (1-5 rescaled to 1-4)",2022,"q35_7","기관별 신뢰 정도-공기업","1=전혀 믿지 않는다; 2=별로 믿지 않는다; 3=약간 믿는다; 4=매우 믿는다","label_trust"
"trust_corporations","Trust in corporations [2011 only] (1-5 rescaled to 1-4)",2023,"q30_7","기관별 신뢰 정도-공기업","1=전혀 믿지 않는다; 2=별로 믿지 않는다; 3=약간 믿는다; 4=매우 믿는다","label_trust"
"trust_corporations","Trust in corporations [2011 only] (1-5 rescaled to 1-4)",2024,"q31_7","기관별 신뢰 정도-공기업","1=전혀 믿지 않는다; 2=별로 믿지 않는다; 3=약간 믿는다; 4=매우 믿는다","label_trust"
"trust_courts","Trust in courts / Supreme Court (1-4)",2011,"T13_14","사회기관에 대한 신뢰14: 대법원","1=전혀 신뢰하지 않음; 2=신뢰하지 않음; 3=보통; 4=신뢰함; 5=매우 신뢰함","label_trust"
"trust_courts","Trust in courts / Supreme Court (1-4)",2013,"q30_3","기관별 신뢰 정도-법원","1=전혀 믿지 않는다; 2=별로 믿지 않는다; 3=약간 믿는다; 4=매우 믿는다; 8=모름; 9=무응답","label_trust"
"trust_courts","Trust in courts / Supreme Court (1-4)",2014,"q30_3","기관별 신뢰 정도-법원","1=전혀 믿지 않는다; 2=별로 믿지 않는다; 3=약간 믿는다; 4=매우 믿는다; 8=모름; 9=무응답","label_trust"
"trust_courts","Trust in courts / Supreme Court (1-4)",2015,"q32_3","기관별 신뢰 정도-법원","1=전혀 믿지 않는다; 2=별로 믿지 않는다; 3=약간 믿는다; 4=매우 믿는다","label_trust"
"trust_courts","Trust in courts / Supreme Court (1-4)",2016,"q33_3","기관별 신뢰 정도-법원","1=전혀 믿지 않는다; 2=별로 믿지 않는다; 3=약간 믿는다; 4=매우 믿는다","label_trust"
"trust_courts","Trust in courts / Supreme Court (1-4)",2017,"q32_3","기관별 신뢰 정도-법원","1=전혀 믿지 않는다; 2=별로 믿지 않는다; 3=약간 믿는다; 4=매우 믿는다","label_trust"
"trust_courts","Trust in courts / Supreme Court (1-4)",2018,"q35_3","기관별 신뢰 정도-법원","1=전혀 믿지 않는다; 2=별로 믿지 않는다; 3=약간 믿는다; 4=매우 믿는다","label_trust"
"trust_courts","Trust in courts / Supreme Court (1-4)",2019,"q35_3","기관별 신뢰 정도-법원","1=전혀 믿지 않는다; 2=별로 믿지 않는다; 3=약간 믿는다; 4=매우 믿는다","label_trust"
"trust_courts","Trust in courts / Supreme Court (1-4)",2020,"q33_3","기관별 신뢰 정도-법원","1=전혀 믿지 않는다; 2=별로 믿지 않는다; 3=약간 믿는다; 4=매우 믿는다","label_trust"
"trust_courts","Trust in courts / Supreme Court (1-4)",2021,"q35_3","기관별 신뢰 정도-법원","1=전혀 믿지 않는다; 2=별로 믿지 않는다; 3=약간 믿는다; 4=매우 믿는다","label_trust"
"trust_courts","Trust in courts / Supreme Court (1-4)",2022,"q35_3","기관별 신뢰 정도-법원","1=전혀 믿지 않는다; 2=별로 믿지 않는다; 3=약간 믿는다; 4=매우 믿는다","label_trust"
"trust_courts","Trust in courts / Supreme Court (1-4)",2023,"q30_3","기관별 신뢰 정도-법원","1=전혀 믿지 않는다; 2=별로 믿지 않는다; 3=약간 믿는다; 4=매우 믿는다","label_trust"
"trust_courts","Trust in courts / Supreme Court (1-4)",2024,"q31_3","기관별 신뢰 정도-법원","1=전혀 믿지 않는다; 2=별로 믿지 않는다; 3=약간 믿는다; 4=매우 믿는다","label_trust"
"trust_education","Trust in educational institutions (1-4)",2011,"T13_7","사회기관에 대한 신뢰7: 교육기관","1=전혀 신뢰하지 않음; 2=신뢰하지 않음; 3=보통; 4=신뢰함; 5=매우 신뢰함","label_trust"
"trust_education","Trust in educational institutions (1-4)",2013,"q30_12","기관별 신뢰 정도-교육계","1=전혀 믿지 않는다; 2=별로 믿지 않는다; 3=약간 믿는다; 4=매우 믿는다; 8=모름; 9=무응답","label_trust"
"trust_education","Trust in educational institutions (1-4)",2014,"q30_12","기관별 신뢰 정도-교육계","1=전혀 믿지 않는다; 2=별로 믿지 않는다; 3=약간 믿는다; 4=매우 믿는다; 8=모름; 9=무응답","label_trust"
"trust_education","Trust in educational institutions (1-4)",2015,"q32_12","기관별 신뢰 정도-교육계","1=전혀 믿지 않는다; 2=별로 믿지 않는다; 3=약간 믿는다; 4=매우 믿는다","label_trust"
"trust_education","Trust in educational institutions (1-4)",2016,"q33_13","기관별 신뢰 정도-교육기관","1=전혀 믿지 않는다; 2=별로 믿지 않는다; 3=약간 믿는다; 4=매우 믿는다","label_trust"
"trust_education","Trust in educational institutions (1-4)",2017,"q32_13","기관별 신뢰 정도-교육기관","1=전혀 믿지 않는다; 2=별로 믿지 않는다; 3=약간 믿는다; 4=매우 믿는다","label_trust"
"trust_education","Trust in educational institutions (1-4)",2018,"q35_13","기관별 신뢰 정도-교육기관","1=전혀 믿지 않는다; 2=별로 믿지 않는다; 3=약간 믿는다; 4=매우 믿는다","label_trust"
"trust_education","Trust in educational institutions (1-4)",2019,"q35_13","기관별 신뢰 정도-교육기관","1=전혀 믿지 않는다; 2=별로 믿지 않는다; 3=약간 믿는다; 4=매우 믿는다","label_trust"
"trust_education","Trust in educational institutions (1-4)",2020,"q33_13","기관별 신뢰 정도-교육기관","1=전혀 믿지 않는다; 2=별로 믿지 않는다; 3=약간 믿는다; 4=매우 믿는다","label_trust"
"trust_education","Trust in educational institutions (1-4)",2021,"q35_13","기관별 신뢰 정도-교육기관","1=전혀 믿지 않는다; 2=별로 믿지 않는다; 3=약간 믿는다; 4=매우 믿는다","label_trust"
"trust_education","Trust in educational institutions (1-4)",2022,"q35_13","기관별 신뢰 정도-교육기관","1=전혀 믿지 않는다; 2=별로 믿지 않는다; 3=약간 믿는다; 4=매우 믿는다","label_trust"
"trust_education","Trust in educational institutions (1-4)",2023,"q30_13","기관별 신뢰 정도-교육기관","1=전혀 믿지 않는다; 2=별로 믿지 않는다; 3=약간 믿는다; 4=매우 믿는다","label_trust"
"trust_education","Trust in educational institutions (1-4)",2024,"q31_13","기관별 신뢰 정도-교육기관","1=전혀 믿지 않는다; 2=별로 믿지 않는다; 3=약간 믿는다; 4=매우 믿는다","label_trust"
"trust_family","Trust in family members (1-4)",2011,"F5_1","소득분배에 대한 의견1: 소득이 평등하게 분배되면 내 가족은 더 살기 좋아질 것","1=전혀 그렇지 않음; 2=그렇지 않음; 3=보통; 4=그러함; 5=매우 그러함","label_social"
"trust_family","Trust in family members (1-4)",2013,"q23_1","우리사회 집단 간 소통 수준-가족 간","1=전혀 이루어지지 않고 있다; 2=별로 이루어지지 않고 있다; 3=약간 이루어지고 있다; 4=매우 잘 이루어지고 있다; 8=모름; 9=무응답","label_social"
"trust_family","Trust in family members (1-4)",2014,"q23_1","우리사회 집단 간 소통 수준-가족 간","1=전혀 이루어지지 않고 있다; 2=별로 이루어지지 않고 있다; 3=약간 이루어지고 있다; 4=매우 잘 이루어지고 있다; 8=모름; 9=무응답","label_social"
"trust_family","Trust in family members (1-4)",2015,"q25_1","우리 사회 집단 간 소통 수준-가족 간","1=전혀 이루어지지 않고 있다; 2=별로 이루어지지 않고 있다; 3=약간 이루어지고 있다; 4=매우 잘 이루어지고 있다","label_social"
"trust_family","Trust in family members (1-4)",2016,"q26_1","우리 사회 집단 간 소통 수준-가족 간","1=전혀  이루어지지 않고 있다; 2=별로 이루어지지 않고 있다; 3=약간 이루어지고 있다; 4=매우 잘 이루어지고 있다","label_social"
"trust_family","Trust in family members (1-4)",2017,"q25_1","우리 사회 집단 간 소통 수준-가족 간","1=전혀 이루어지지 않고 있다; 2=별로 이루어지지 않고 있다; 3=약간 이루어지고 있다; 4=매우 잘 이루어지고 있다","label_social"
"trust_family","Trust in family members (1-4)",2018,"q28_1","우리 사회 집단 간 소통 수준-가족 간","1=전혀 이루어지지 않고 있다; 2=별로 이루어지지 않고 있다; 3=약간 이루어지고 있다; 4=매우 잘 이루어지고 있다","label_social"
"trust_family","Trust in family members (1-4)",2019,"q28_1","우리 사회 집단 간 소통 수준-가족 간","1=전혀 이루어지지 않고 있다; 2=별로 이루어지지 않고 있다; 3=약간 이루어지고 있다; 4=매우 잘 이루어지고 있다","label_social"
"trust_family","Trust in family members (1-4)",2020,"q26_1","우리 사회 집단 간 소통 수준-가족 간","1=전혀 이루어지지 않고 있다; 2=별로 이루어지지 않고 있다; 3=약간 이루어지고 있다; 4=매우 잘 이루어지고 있다","label_social"
"trust_family","Trust in family members (1-4)",2021,"q28_1","우리 사회 집단 간 소통 수준-가족 간","1=전혀 이루어지지 않고 있다; 2=별로 이루어지지 않고 있다; 3=약간 이루어지고 있다; 4=매우 잘 이루어지고 있다","label_social"
"trust_family","Trust in family members (1-4)",2022,"q28_1","우리 사회 집단 간 소통 수준-가족 간","1=전혀 이루어지지 않고 있다; 2=별로 이루어지지 않고 있다; 3=약간 이루어지고 있다; 4=매우 잘 이루어지고 있다","label_social"
"trust_family","Trust in family members (1-4)",2023,"q23_1","우리 사회 집단 간 소통 수준-가족 간","1=전혀 이루어지지 않고 있다; 2=별로 이루어지지 않고 있다; 3=약간 이루어지고 있다; 4=매우 잘 이루어지고 있다","label_social"
"trust_family","Trust in family members (1-4)",2024,"q23_1","우리 사회 집단 간 소통 수준-가족 간","1=전혀 이루어지지 않고 있다; 2=별로 이루어지지 않고 있다; 3=약간 이루어지고 있다; 4=매우 잘 이루어지고 있다","label_social"
"trust_financial","Trust in financial institutions (1-4)",2011,"T13_2","사회기관에 대한 신뢰2: 금융기관","1=전혀 신뢰하지 않음; 2=신뢰하지 않음; 3=보통; 4=신뢰함; 5=매우 신뢰함","label_trust"
"trust_financial","Trust in financial institutions (1-4)",2013,"q30_16","기관별 신뢰 정도-금융기관","1=전혀 믿지 않는다; 2=별로 믿지 않는다; 3=약간 믿는다; 4=매우 믿는다; 8=모름; 9=무응답","label_trust"
"trust_financial","Trust in financial institutions (1-4)",2014,"q30_16","기관별 신뢰 정도-금융기관","1=전혀 믿지 않는다; 2=별로 믿지 않는다; 3=약간 믿는다; 4=매우 믿는다; 8=모름; 9=무응답","label_trust"
"trust_financial","Trust in financial institutions (1-4)",2015,"q32_16","기관별 신뢰 정도-금융기관","1=전혀 믿지 않는다; 2=별로 믿지 않는다; 3=약간 믿는다; 4=매우 믿는다","label_trust"
"trust_financial","Trust in financial institutions (1-4)",2016,"q33_17","기관별 신뢰 정도-금융기관","1=전혀 믿지 않는다; 2=별로 믿지 않는다; 3=약간 믿는다; 4=매우 믿는다","label_trust"
"trust_financial","Trust in financial institutions (1-4)",2017,"q32_17","기관별 신뢰 정도-금융기관","1=전혀 믿지 않는다; 2=별로 믿지 않는다; 3=약간 믿는다; 4=매우 믿는다","label_trust"
"trust_financial","Trust in financial institutions (1-4)",2018,"q35_17","기관별 신뢰 정도-금융기관","1=전혀 믿지 않는다; 2=별로 믿지 않는다; 3=약간 믿는다; 4=매우 믿는다","label_trust"
"trust_financial","Trust in financial institutions (1-4)",2019,"q35_17","기관별 신뢰 정도-금융기관","1=전혀 믿지 않는다; 2=별로 믿지 않는다; 3=약간 믿는다; 4=매우 믿는다","label_trust"
"trust_financial","Trust in financial institutions (1-4)",2020,"q33_17","기관별 신뢰 정도-금융기관","1=전혀 믿지 않는다; 2=별로 믿지 않는다; 3=약간 믿는다; 4=매우 믿는다","label_trust"
"trust_financial","Trust in financial institutions (1-4)",2021,"q35_17","기관별 신뢰 정도-금융기관","1=전혀 믿지 않는다; 2=별로 믿지 않는다; 3=약간 믿는다; 4=매우 믿는다","label_trust"
"trust_financial","Trust in financial institutions (1-4)",2022,"q35_17","기관별 신뢰 정도-금융기관","1=전혀 믿지 않는다; 2=별로 믿지 않는다; 3=약간 믿는다; 4=매우 믿는다","label_trust"
"trust_financial","Trust in financial institutions (1-4)",2023,"q30_17","기관별 신뢰 정도-금융기관","1=전혀 믿지 않는다; 2=별로 믿지 않는다; 3=약간 믿는다; 4=매우 믿는다","label_trust"
"trust_financial","Trust in financial institutions (1-4)",2024,"q31_17","기관별 신뢰 정도-금융기관","1=전혀 믿지 않는다; 2=별로 믿지 않는다; 3=약간 믿는다; 4=매우 믿는다","label_trust"
"trust_foreigners","Trust in foreigners (1-4)",2011,"C5_14","집단간 갈등수준14: 한국인과 외국인","1=전혀 심각하지 않음; 2=심각하지 않음; 3=보통; 4=심각함; 5=매우 심각함","label_social"
"trust_foreigners","Trust in foreigners (1-4)",2013,"q29_5","집단별 신뢰 정도-국내 거주 외국인","1=전혀 신뢰하지 않는다; 2=별로 신뢰하지 않는다; 3=약간 신뢰한다; 4=매우 신뢰한다; 8=모름; 9=무응답","label_social"
"trust_foreigners","Trust in foreigners (1-4)",2014,"q29_5","집단별 신뢰 정도-국내 거주 외국인","1=전혀 신뢰하지 않는다; 2=별로 신뢰하지 않는다; 3=약간 신뢰한다; 4=매우 신뢰한다; 8=모름; 9=무응답","label_social"
"trust_foreigners","Trust in foreigners (1-4)",2015,"q31_5","집단별 신뢰 정도-국내 거주 외국인","1=전혀 신뢰하지 않는다; 2=별로 신뢰하지 않는다; 3=약간 신뢰한다; 4=매우 신뢰한다","label_social"
"trust_foreigners","Trust in foreigners (1-4)",2016,"q32_5","집단별 신뢰 정도-국내 거주 외국인","1=전혀 신뢰하지 않는다; 2=별로 신뢰하지 않는다; 3=약간 신뢰한다; 4=매우 신뢰한다","label_social"
"trust_foreigners","Trust in foreigners (1-4)",2017,"q31_5","집단별 신뢰 정도-국내 거주 외국인","1=전혀 신뢰하지 않는다; 2=별로 신뢰하지 않는다; 3=약간 신뢰한다; 4=매우 신뢰한다","label_social"
"trust_foreigners","Trust in foreigners (1-4)",2018,"q34_5","집단별 신뢰 정도-국내 거주 외국인","1=전혀 신뢰하지 않는다; 2=별로 신뢰하지 않는다; 3=약간 신뢰한다; 4=매우 신뢰한다","label_social"
"trust_foreigners","Trust in foreigners (1-4)",2019,"q34_5","집단별 신뢰 정도-국내 거주 외국인","1=전혀 신뢰하지 않는다; 2=별로 신뢰하지 않는다; 3=약간 신뢰한다; 4=매우 신뢰한다","label_social"
"trust_foreigners","Trust in foreigners (1-4)",2020,"q32_5","집단별 신뢰 정도-국내 거주 외국인","1=전혀 신뢰하지 않는다; 2=별로 신뢰하지 않는다; 3=약간 신뢰한다; 4=매우 신뢰한다","label_social"
"trust_foreigners","Trust in foreigners (1-4)",2021,"q34_5","집단별 신뢰 정도-국내 거주 외국인","1=전혀 신뢰하지 않는다; 2=별로 신뢰하지 않는다; 3=약간 신뢰한다; 4=매우 신뢰한다","label_social"
"trust_foreigners","Trust in foreigners (1-4)",2022,"q34_5","집단별 신뢰 정도-국내 거주 외국인","1=전혀 신뢰하지 않는다; 2=별로 신뢰하지 않는다; 3=약간 신뢰한다; 4=매우 신뢰한다","label_social"
"trust_foreigners","Trust in foreigners (1-4)",2023,"q29_5","집단별 신뢰 정도-국내 거주 외국인","1=전혀 신뢰하지 않는다; 2=별로 신뢰하지 않는다; 3=약간 신뢰한다; 4=매우 신뢰한다","label_social"
"trust_foreigners","Trust in foreigners (1-4)",2024,"q29_5","집단별 신뢰 정도-국내 거주 외국인","1=전혀 신뢰하지 않는다; 2=별로 신뢰하지 않는다; 3=약간 신뢰한다; 4=매우 신뢰한다","label_social"
"trust_generalized","Generalized social trust",2011,"T12_1","사회적 신뢰1: 대부분의 사람들 대체로 신뢰할만하다","1=전혀 그렇지 않음; 2=그렇지 않음; 3=보통; 4=그러함; 5=매우 그러함","crosswalk"
"trust_generalized","Generalized social trust",2013,"q28","일반적인 인간관계에서 사람들을 신뢰하는 정도","1=전혀 믿을 수 없다; 2=별로 믿을 수 없다; 3=약간 믿을 수 있다; 4=매우 믿을 수 있다; 8=모름; 9=무응답","crosswalk"
"trust_generalized","Generalized social trust",2014,"q28","일반적인 인간관계에서 사람들을 신뢰하는 정도","1=전혀 믿을 수 없다; 2=별로 믿을 수 없다; 3=약간 믿을 수 있다; 4=매우 믿을 수 있다; 8=모름; 9=무응답","crosswalk"
"trust_generalized","Generalized social trust",2015,"q30","일반적인 인간관계에서 사람들을 신뢰하는 정도","1=전혀 믿을 수 없다; 2=별로 믿을 수 없다; 3=약간 믿을 수 있다; 4=매우 믿을 수 있다","crosswalk"
"trust_generalized","Generalized social trust",2016,"q31","일반적인 인간관계에서 사람들을 신뢰하는 정도","1=전혀 믿을 수 없다; 2=별로 믿을 수 없다; 3=약간 믿을 수 있다; 4=매우 믿을 수 있다","crosswalk"
"trust_generalized","Generalized social trust",2017,"q30","일반적으로 사람들을 신뢰하는 정도","1=전혀 믿을 수 없다; 2=별로 믿을 수 없다; 3=약간 믿을 수 있다; 4=매우 믿을 수 있다; 9=모름/무응답","crosswalk"
"trust_generalized","Generalized social trust",2018,"q33","일반적으로 사람들을 신뢰하는 정도","1=전혀 믿을 수 없다; 2=별로 믿을 수 없다; 3=약간 믿을 수 있다; 4=매우 믿을 수 있다; 9=모름/무응답","crosswalk"
"trust_generalized","Generalized social trust",2019,"q33","일반적으로 사람들을 신뢰하는 정도","1=전혀 믿을 수 없다; 2=별로 믿을 수 없다; 3=약간 믿을 수 있다; 4=매우 믿을 수 있다; 9=모름/무응답","crosswalk"
"trust_generalized","Generalized social trust",2020,"q31","일반적으로 사람들을 신뢰하는 정도","1=전혀 믿을 수 없다; 2=별로 믿을 수 없다; 3=약간 믿을 수 있다; 4=매우 믿을 수 있다; 9=모름/무응답","crosswalk"
"trust_generalized","Generalized social trust",2021,"q33","일반적으로 사람들을 신뢰하는 정도","1=전혀 믿을 수 없다; 2=별로 믿을 수 없다; 3=약간 믿을 수 있다; 4=매우 믿을 수 있다; 9=모름/무응답","crosswalk"
"trust_generalized","Generalized social trust",2022,"q33","일반적으로 사람들을 신뢰하는 정도","1=전혀 믿을 수 없다; 2=별로 믿을 수 없다; 3=약간 믿을 수 있다; 4=매우 믿을 수 있다; 9=모름/무응답","crosswalk"
"trust_generalized","Generalized social trust",2023,"q28","일반적으로 사람들을 신뢰하는 정도","1=전혀 믿을 수 없다; 2=별로 믿을 수 없다; 3=약간 믿을 수 있다; 4=매우 믿을 수 있다; 9=모름/무응답","crosswalk"
"trust_generalized","Generalized social trust",2024,"q28","일반적으로 사람들을 신뢰하는 정도","1=전혀 믿을 수 없다; 2=별로 믿을 수 없다; 3=약간 믿을 수 있다; 4=매우 믿을 수 있다","crosswalk"
"trust_labor_unions","Trust in labor unions (1-4)",2011,"T13_5","사회기관에 대한 신뢰5: 노동조합","1=전혀 신뢰하지 않음; 2=신뢰하지 않음; 3=보통; 4=신뢰함; 5=매우 신뢰함","label_trust"
"trust_labor_unions","Trust in labor unions (1-4)",2013,"q30_8","기관별 신뢰 정도-노동조합","1=전혀 믿지 않는다; 2=별로 믿지 않는다; 3=약간 믿는다; 4=매우 믿는다; 8=모름; 9=무응답","label_trust"
"trust_labor_unions","Trust in labor unions (1-4)",2014,"q30_8","기관별 신뢰 정도-노동조합단체","1=전혀 믿지 않는다; 2=별로 믿지 않는다; 3=약간 믿는다; 4=매우 믿는다; 8=모름; 9=무응답","label_trust"
"trust_labor_unions","Trust in labor unions (1-4)",2015,"q32_8","기관별 신뢰 정도-노동조합단체","1=전혀 믿지 않는다; 2=별로 믿지 않는다; 3=약간 믿는다; 4=매우 믿는다","label_trust"
"trust_labor_unions","Trust in labor unions (1-4)",2016,"q33_9","기관별 신뢰 정도-노동조합단체","1=전혀 믿지 않는다; 2=별로 믿지 않는다; 3=약간 믿는다; 4=매우 믿는다","label_trust"
"trust_labor_unions","Trust in labor unions (1-4)",2017,"q32_9","기관별 신뢰 정도-노동조합단체","1=전혀 믿지 않는다; 2=별로 믿지 않는다; 3=약간 믿는다; 4=매우 믿는다","label_trust"
"trust_labor_unions","Trust in labor unions (1-4)",2018,"q35_9","기관별 신뢰 정도-노동조합단체","1=전혀 믿지 않는다; 2=별로 믿지 않는다; 3=약간 믿는다; 4=매우 믿는다","label_trust"
"trust_labor_unions","Trust in labor unions (1-4)",2019,"q35_9","기관별 신뢰 정도-노동조합단체","1=전혀 믿지 않는다; 2=별로 믿지 않는다; 3=약간 믿는다; 4=매우 믿는다","label_trust"
"trust_labor_unions","Trust in labor unions (1-4)",2020,"q33_9","기관별 신뢰 정도-노동조합단체","1=전혀 믿지 않는다; 2=별로 믿지 않는다; 3=약간 믿는다; 4=매우 믿는다","label_trust"
"trust_labor_unions","Trust in labor unions (1-4)",2021,"q35_9","기관별 신뢰 정도-노동조합단체","1=전혀 믿지 않는다; 2=별로 믿지 않는다; 3=약간 믿는다; 4=매우 믿는다","label_trust"
"trust_labor_unions","Trust in labor unions (1-4)",2022,"q35_9","기관별 신뢰 정도-노동조합단체","1=전혀 믿지 않는다; 2=별로 믿지 않는다; 3=약간 믿는다; 4=매우 믿는다","label_trust"
"trust_labor_unions","Trust in labor unions (1-4)",2023,"q30_9","기관별 신뢰 정도-노동조합단체","1=전혀 믿지 않는다; 2=별로 믿지 않는다; 3=약간 믿는다; 4=매우 믿는다","label_trust"
"trust_labor_unions","Trust in labor unions (1-4)",2024,"q31_9","기관별 신뢰 정도-노동조합단체","1=전혀 믿지 않는다; 2=별로 믿지 않는다; 3=약간 믿는다; 4=매우 믿는다","label_trust"
"trust_large_corps","Trust in large corporations (1-4)",2013,"q30_14","기관별 신뢰 정도-대기업","1=전혀 믿지 않는다; 2=별로 믿지 않는다; 3=약간 믿는다; 4=매우 믿는다; 8=모름; 9=무응답","label_trust"
"trust_large_corps","Trust in large corporations (1-4)",2014,"q30_14","기관별 신뢰 정도-대기업","1=전혀 믿지 않는다; 2=별로 믿지 않는다; 3=약간 믿는다; 4=매우 믿는다; 8=모름; 9=무응답","label_trust"
"trust_large_corps","Trust in large corporations (1-4)",2015,"q32_14","기관별 신뢰 정도-대기업","1=전혀 믿지 않는다; 2=별로 믿지 않는다; 3=약간 믿는다; 4=매우 믿는다","label_trust"
"trust_large_corps","Trust in large corporations (1-4)",2016,"q33_15","기관별 신뢰 정도-대기업","1=전혀 믿지 않는다; 2=별로 믿지 않는다; 3=약간 믿는다; 4=매우 믿는다","label_trust"
"trust_large_corps","Trust in large corporations (1-4)",2017,"q32_15","기관별 신뢰 정도-대기업","1=전혀 믿지 않는다; 2=별로 믿지 않는다; 3=약간 믿는다; 4=매우 믿는다","label_trust"
"trust_large_corps","Trust in large corporations (1-4)",2018,"q35_15","기관별 신뢰 정도-대기업","1=전혀 믿지 않는다; 2=별로 믿지 않는다; 3=약간 믿는다; 4=매우 믿는다","label_trust"
"trust_large_corps","Trust in large corporations (1-4)",2019,"q35_15","기관별 신뢰 정도-대기업","1=전혀 믿지 않는다; 2=별로 믿지 않는다; 3=약간 믿는다; 4=매우 믿는다","label_trust"
"trust_large_corps","Trust in large corporations (1-4)",2020,"q33_15","기관별 신뢰 정도-대기업","1=전혀 믿지 않는다; 2=별로 믿지 않는다; 3=약간 믿는다; 4=매우 믿는다","label_trust"
"trust_large_corps","Trust in large corporations (1-4)",2021,"q35_15","기관별 신뢰 정도-대기업","1=전혀 믿지 않는다; 2=별로 믿지 않는다; 3=약간 믿는다; 4=매우 믿는다","label_trust"
"trust_large_corps","Trust in large corporations (1-4)",2022,"q35_15","기관별 신뢰 정도-대기업","1=전혀 믿지 않는다; 2=별로 믿지 않는다; 3=약간 믿는다; 4=매우 믿는다","label_trust"
"trust_large_corps","Trust in large corporations (1-4)",2023,"q30_15","기관별 신뢰 정도-대기업","1=전혀 믿지 않는다; 2=별로 믿지 않는다; 3=약간 믿는다; 4=매우 믿는다","label_trust"
"trust_large_corps","Trust in large corporations (1-4)",2024,"q31_15","기관별 신뢰 정도-대기업","1=전혀 믿지 않는다; 2=별로 믿지 않는다; 3=약간 믿는다; 4=매우 믿는다","label_trust"
"trust_local_govt","Trust in local government (1-4)",2011,"T13_11","사회기관에 대한 신뢰11: 지방자치단체","1=전혀 신뢰하지 않음; 2=신뢰하지 않음; 3=보통; 4=신뢰함; 5=매우 신뢰함","label_trust"
"trust_local_govt","Trust in local government (1-4)",2013,"q30_6","기관별 신뢰 정도-지방자치단체","1=전혀 믿지 않는다; 2=별로 믿지 않는다; 3=약간 믿는다; 4=매우 믿는다; 8=모름; 9=무응답","label_trust"
"trust_local_govt","Trust in local government (1-4)",2014,"q30_6","기관별 신뢰 정도-지방자치단체","1=전혀 믿지 않는다; 2=별로 믿지 않는다; 3=약간 믿는다; 4=매우 믿는다; 8=모름; 9=무응답","label_trust"
"trust_local_govt","Trust in local government (1-4)",2015,"q32_6","기관별 신뢰 정도-지방자치단체","1=전혀 믿지 않는다; 2=별로 믿지 않는다; 3=약간 믿는다; 4=매우 믿는다","label_trust"
"trust_local_govt","Trust in local government (1-4)",2016,"q33_6","기관별 신뢰 정도-지방자치단체","1=전혀 믿지 않는다; 2=별로 믿지 않는다; 3=약간 믿는다; 4=매우 믿는다","label_trust"
"trust_local_govt","Trust in local government (1-4)",2017,"q32_6","기관별 신뢰 정도-지방자치단체","1=전혀 믿지 않는다; 2=별로 믿지 않는다; 3=약간 믿는다; 4=매우 믿는다","label_trust"
"trust_local_govt","Trust in local government (1-4)",2018,"q35_6","기관별 신뢰 정도-지방자치단체","1=전혀 믿지 않는다; 2=별로 믿지 않는다; 3=약간 믿는다; 4=매우 믿는다","label_trust"
"trust_local_govt","Trust in local government (1-4)",2019,"q35_6","기관별 신뢰 정도-지방자치단체","1=전혀 믿지 않는다; 2=별로 믿지 않는다; 3=약간 믿는다; 4=매우 믿는다","label_trust"
"trust_local_govt","Trust in local government (1-4)",2020,"q33_6","기관별 신뢰 정도-지방자치단체","1=전혀 믿지 않는다; 2=별로 믿지 않는다; 3=약간 믿는다; 4=매우 믿는다","label_trust"
"trust_local_govt","Trust in local government (1-4)",2021,"q35_6","기관별 신뢰 정도-지방자치단체","1=전혀 믿지 않는다; 2=별로 믿지 않는다; 3=약간 믿는다; 4=매우 믿는다","label_trust"
"trust_local_govt","Trust in local government (1-4)",2022,"q35_6","기관별 신뢰 정도-지방자치단체","1=전혀 믿지 않는다; 2=별로 믿지 않는다; 3=약간 믿는다; 4=매우 믿는다","label_trust"
"trust_local_govt","Trust in local government (1-4)",2023,"q30_6","기관별 신뢰 정도-지방자치단체","1=전혀 믿지 않는다; 2=별로 믿지 않는다; 3=약간 믿는다; 4=매우 믿는다","label_trust"
"trust_local_govt","Trust in local government (1-4)",2024,"q31_6","기관별 신뢰 정도-지방자치단체","1=전혀 믿지 않는다; 2=별로 믿지 않는다; 3=약간 믿는다; 4=매우 믿는다","label_trust"
"trust_media","Trust in media [2011 only] (1-5 rescaled to 1-4)",2011,"T13_6","사회기관에 대한 신뢰6: 언론","1=전혀 신뢰하지 않음; 2=신뢰하지 않음; 3=보통; 4=신뢰함; 5=매우 신뢰함","label_trust"
"trust_medical","Trust in medical institutions (1-4)",2011,"T13_8","사회기관에 대한 신뢰8: 의료기관","1=전혀 신뢰하지 않음; 2=신뢰하지 않음; 3=보통; 4=신뢰함; 5=매우 신뢰함","label_trust"
"trust_medical","Trust in medical institutions (1-4)",2013,"q30_13","기관별 신뢰 정도-의료계","1=전혀 믿지 않는다; 2=별로 믿지 않는다; 3=약간 믿는다; 4=매우 믿는다; 8=모름; 9=무응답","label_trust"
"trust_medical","Trust in medical institutions (1-4)",2014,"q30_13","기관별 신뢰 정도-의료계","1=전혀 믿지 않는다; 2=별로 믿지 않는다; 3=약간 믿는다; 4=매우 믿는다; 8=모름; 9=무응답","label_trust"
"trust_medical","Trust in medical institutions (1-4)",2015,"q32_13","기관별 신뢰 정도-의료계","1=전혀 믿지 않는다; 2=별로 믿지 않는다; 3=약간 믿는다; 4=매우 믿는다","label_trust"
"trust_medical","Trust in medical institutions (1-4)",2016,"q33_14","기관별 신뢰 정도-의료기관","1=전혀 믿지 않는다; 2=별로 믿지 않는다; 3=약간 믿는다; 4=매우 믿는다","label_trust"
"trust_medical","Trust in medical institutions (1-4)",2017,"q32_14","기관별 신뢰 정도-의료기관","1=전혀 믿지 않는다; 2=별로 믿지 않는다; 3=약간 믿는다; 4=매우 믿는다","label_trust"
"trust_medical","Trust in medical institutions (1-4)",2018,"q35_14","기관별 신뢰 정도-의료기관","1=전혀 믿지 않는다; 2=별로 믿지 않는다; 3=약간 믿는다; 4=매우 믿는다","label_trust"
"trust_medical","Trust in medical institutions (1-4)",2019,"q35_14","기관별 신뢰 정도-의료기관","1=전혀 믿지 않는다; 2=별로 믿지 않는다; 3=약간 믿는다; 4=매우 믿는다","label_trust"
"trust_medical","Trust in medical institutions (1-4)",2020,"q33_14","기관별 신뢰 정도-의료기관","1=전혀 믿지 않는다; 2=별로 믿지 않는다; 3=약간 믿는다; 4=매우 믿는다","label_trust"
"trust_medical","Trust in medical institutions (1-4)",2021,"q35_14","기관별 신뢰 정도-의료기관","1=전혀 믿지 않는다; 2=별로 믿지 않는다; 3=약간 믿는다; 4=매우 믿는다","label_trust"
"trust_medical","Trust in medical institutions (1-4)",2022,"q35_14","기관별 신뢰 정도-의료기관","1=전혀 믿지 않는다; 2=별로 믿지 않는다; 3=약간 믿는다; 4=매우 믿는다","label_trust"
"trust_medical","Trust in medical institutions (1-4)",2023,"q30_14","기관별 신뢰 정도-의료기관","1=전혀 믿지 않는다; 2=별로 믿지 않는다; 3=약간 믿는다; 4=매우 믿는다","label_trust"
"trust_medical","Trust in medical institutions (1-4)",2024,"q31_14","기관별 신뢰 정도-의료기관","1=전혀 믿지 않는다; 2=별로 믿지 않는다; 3=약간 믿는다; 4=매우 믿는다","label_trust"
"trust_military","Trust in military (1-4)",2011,"T13_15","사회기관에 대한 신뢰15: 군대","1=전혀 신뢰하지 않음; 2=신뢰하지 않음; 3=보통; 4=신뢰함; 5=매우 신뢰함","label_trust"
"trust_military","Trust in military (1-4)",2013,"q30_7","기관별 신뢰 정도-군대","1=전혀 믿지 않는다; 2=별로 믿지 않는다; 3=약간 믿는다; 4=매우 믿는다; 8=모름; 9=무응답","label_trust"
"trust_military","Trust in military (1-4)",2014,"q30_7","기관별 신뢰 정도-군대","1=전혀 믿지 않는다; 2=별로 믿지 않는다; 3=약간 믿는다; 4=매우 믿는다; 8=모름; 9=무응답","label_trust"
"trust_military","Trust in military (1-4)",2015,"q32_7","기관별 신뢰 정도-군대","1=전혀 믿지 않는다; 2=별로 믿지 않는다; 3=약간 믿는다; 4=매우 믿는다","label_trust"
"trust_military","Trust in military (1-4)",2016,"q33_8","기관별 신뢰 정도-군대","1=전혀 믿지 않는다; 2=별로 믿지 않는다; 3=약간 믿는다; 4=매우 믿는다","label_trust"
"trust_military","Trust in military (1-4)",2017,"q32_8","기관별 신뢰 정도-군대","1=전혀 믿지 않는다; 2=별로 믿지 않는다; 3=약간 믿는다; 4=매우 믿는다","label_trust"
"trust_military","Trust in military (1-4)",2018,"q35_8","기관별 신뢰 정도-군대","1=전혀 믿지 않는다; 2=별로 믿지 않는다; 3=약간 믿는다; 4=매우 믿는다","label_trust"
"trust_military","Trust in military (1-4)",2019,"q35_8","기관별 신뢰 정도-군대","1=전혀 믿지 않는다; 2=별로 믿지 않는다; 3=약간 믿는다; 4=매우 믿는다","label_trust"
"trust_military","Trust in military (1-4)",2020,"q33_8","기관별 신뢰 정도-군대","1=전혀 믿지 않는다; 2=별로 믿지 않는다; 3=약간 믿는다; 4=매우 믿는다","label_trust"
"trust_military","Trust in military (1-4)",2021,"q35_8","기관별 신뢰 정도-군대","1=전혀 믿지 않는다; 2=별로 믿지 않는다; 3=약간 믿는다; 4=매우 믿는다","label_trust"
"trust_military","Trust in military (1-4)",2022,"q35_8","기관별 신뢰 정도-군대","1=전혀 믿지 않는다; 2=별로 믿지 않는다; 3=약간 믿는다; 4=매우 믿는다","label_trust"
"trust_military","Trust in military (1-4)",2023,"q30_8","기관별 신뢰 정도-군대","1=전혀 믿지 않는다; 2=별로 믿지 않는다; 3=약간 믿는다; 4=매우 믿는다","label_trust"
"trust_military","Trust in military (1-4)",2024,"q31_8","기관별 신뢰 정도-군대","1=전혀 믿지 않는다; 2=별로 믿지 않는다; 3=약간 믿는다; 4=매우 믿는다","label_trust"
"trust_national_assembly","Trust in National Assembly (1-4)",2011,"T13_12","사회기관에 대한 신뢰12: 국회","1=전혀 신뢰하지 않음; 2=신뢰하지 않음; 3=보통; 4=신뢰함; 5=매우 신뢰함","label_trust"
"trust_national_assembly","Trust in National Assembly (1-4)",2013,"q30_2","기관별 신뢰 정도-국회","1=전혀 믿지 않는다; 2=별로 믿지 않는다; 3=약간 믿는다; 4=매우 믿는다; 8=모름; 9=무응답","label_trust"
"trust_national_assembly","Trust in National Assembly (1-4)",2014,"q30_2","기관별 신뢰 정도-국회","1=전혀 믿지 않는다; 2=별로 믿지 않는다; 3=약간 믿는다; 4=매우 믿는다; 8=모름; 9=무응답","label_trust"
"trust_national_assembly","Trust in National Assembly (1-4)",2015,"q32_2","기관별 신뢰 정도-국회","1=전혀 믿지 않는다; 2=별로 믿지 않는다; 3=약간 믿는다; 4=매우 믿는다","label_trust"
"trust_national_assembly","Trust in National Assembly (1-4)",2016,"q33_2","기관별 신뢰 정도-국회","1=전혀 믿지 않는다; 2=별로 믿지 않는다; 3=약간 믿는다; 4=매우 믿는다","label_trust"
"trust_national_assembly","Trust in National Assembly (1-4)",2017,"q32_2","기관별 신뢰 정도-국회","1=전혀 믿지 않는다; 2=별로 믿지 않는다; 3=약간 믿는다; 4=매우 믿는다","label_trust"
"trust_national_assembly","Trust in National Assembly (1-4)",2018,"q35_2","기관별 신뢰 정도-국회","1=전혀 믿지 않는다; 2=별로 믿지 않는다; 3=약간 믿는다; 4=매우 믿는다","label_trust"
"trust_national_assembly","Trust in National Assembly (1-4)",2019,"q35_2","기관별 신뢰 정도-국회","1=전혀 믿지 않는다; 2=별로 믿지 않는다; 3=약간 믿는다; 4=매우 믿는다","label_trust"
"trust_national_assembly","Trust in National Assembly (1-4)",2020,"q33_2","기관별 신뢰 정도-국회","1=전혀 믿지 않는다; 2=별로 믿지 않는다; 3=약간 믿는다; 4=매우 믿는다","label_trust"
"trust_national_assembly","Trust in National Assembly (1-4)",2021,"q35_2","기관별 신뢰 정도-국회","1=전혀 믿지 않는다; 2=별로 믿지 않는다; 3=약간 믿는다; 4=매우 믿는다","label_trust"
"trust_national_assembly","Trust in National Assembly (1-4)",2022,"q35_2","기관별 신뢰 정도-국회","1=전혀 믿지 않는다; 2=별로 믿지 않는다; 3=약간 믿는다; 4=매우 믿는다","label_trust"
"trust_national_assembly","Trust in National Assembly (1-4)",2023,"q30_2","기관별 신뢰 정도-국회","1=전혀 믿지 않는다; 2=별로 믿지 않는다; 3=약간 믿는다; 4=매우 믿는다","label_trust"
"trust_national_assembly","Trust in National Assembly (1-4)",2024,"q31_2","기관별 신뢰 정도-국회","1=전혀 믿지 않는다; 2=별로 믿지 않는다; 3=약간 믿는다; 4=매우 믿는다","label_trust"
"trust_neighbors","Trust in neighbors (1-4)",2011,"T9_1","지역소속감1: 동네에 사는 이웃들 잘 아는 편","1=전혀 그렇지 않음; 2=그렇지 않음; 3=보통; 4=그러함; 5=매우 그러함","label_social"
"trust_neighbors","Trust in neighbors (1-4)",2013,"q23_3","우리사회 집단 간 소통 수준-이웃 간","1=전혀 이루어지지 않고 있다; 2=별로 이루어지지 않고 있다; 3=약간 이루어지고 있다; 4=매우 잘 이루어지고 있다; 8=모름; 9=무응답","label_social"
"trust_neighbors","Trust in neighbors (1-4)",2014,"q23_3","우리사회 집단 간 소통 수준-이웃 간","1=전혀 이루어지지 않고 있다; 2=별로 이루어지지 않고 있다; 3=약간 이루어지고 있다; 4=매우 잘 이루어지고 있다; 8=모름; 9=무응답","label_social"
"trust_neighbors","Trust in neighbors (1-4)",2015,"q25_3","우리 사회 집단 간 소통 수준-이웃 간","1=전혀 이루어지지 않고 있다; 2=별로 이루어지지 않고 있다; 3=약간 이루어지고 있다; 4=매우 잘 이루어지고 있다","label_social"
"trust_neighbors","Trust in neighbors (1-4)",2016,"q26_3","우리 사회 집단 간 소통 수준-이웃 간","1=전혀  이루어지지 않고 있다; 2=별로 이루어지지 않고 있다; 3=약간 이루어지고 있다; 4=매우 잘 이루어지고 있다","label_social"
"trust_neighbors","Trust in neighbors (1-4)",2017,"q25_3","우리 사회 집단 간 소통 수준-이웃 간","1=전혀 이루어지지 않고 있다; 2=별로 이루어지지 않고 있다; 3=약간 이루어지고 있다; 4=매우 잘 이루어지고 있다","label_social"
"trust_neighbors","Trust in neighbors (1-4)",2018,"q28_3","우리 사회 집단 간 소통 수준-이웃 간","1=전혀 이루어지지 않고 있다; 2=별로 이루어지지 않고 있다; 3=약간 이루어지고 있다; 4=매우 잘 이루어지고 있다","label_social"
"trust_neighbors","Trust in neighbors (1-4)",2019,"q28_3","우리 사회 집단 간 소통 수준-이웃 간","1=전혀 이루어지지 않고 있다; 2=별로 이루어지지 않고 있다; 3=약간 이루어지고 있다; 4=매우 잘 이루어지고 있다","label_social"
"trust_neighbors","Trust in neighbors (1-4)",2020,"q26_3","우리 사회 집단 간 소통 수준-이웃 간","1=전혀 이루어지지 않고 있다; 2=별로 이루어지지 않고 있다; 3=약간 이루어지고 있다; 4=매우 잘 이루어지고 있다","label_social"
"trust_neighbors","Trust in neighbors (1-4)",2021,"q28_3","우리 사회 집단 간 소통 수준-이웃 간","1=전혀 이루어지지 않고 있다; 2=별로 이루어지지 않고 있다; 3=약간 이루어지고 있다; 4=매우 잘 이루어지고 있다","label_social"
"trust_neighbors","Trust in neighbors (1-4)",2022,"q28_3","우리 사회 집단 간 소통 수준-이웃 간","1=전혀 이루어지지 않고 있다; 2=별로 이루어지지 않고 있다; 3=약간 이루어지고 있다; 4=매우 잘 이루어지고 있다","label_social"
"trust_neighbors","Trust in neighbors (1-4)",2023,"q23_3","우리 사회 집단 간 소통 수준-이웃 간","1=전혀 이루어지지 않고 있다; 2=별로 이루어지지 않고 있다; 3=약간 이루어지고 있다; 4=매우 잘 이루어지고 있다","label_social"
"trust_neighbors","Trust in neighbors (1-4)",2024,"q23_3","우리 사회 집단 간 소통 수준-이웃 간","1=전혀 이루어지지 않고 있다; 2=별로 이루어지지 않고 있다; 3=약간 이루어지고 있다; 4=매우 잘 이루어지고 있다","label_social"
"trust_newspapers","Trust in newspapers (1-4)",2013,"q30_11","기관별 신뢰 정도-신문사","1=전혀 믿지 않는다; 2=별로 믿지 않는다; 3=약간 믿는다; 4=매우 믿는다; 8=모름; 9=무응답","label_trust"
"trust_newspapers","Trust in newspapers (1-4)",2014,"q30_11","기관별 신뢰 정도-신문사","1=전혀 믿지 않는다; 2=별로 믿지 않는다; 3=약간 믿는다; 4=매우 믿는다; 8=모름; 9=무응답","label_trust"
"trust_newspapers","Trust in newspapers (1-4)",2015,"q32_11","기관별 신뢰 정도-신문사","1=전혀 믿지 않는다; 2=별로 믿지 않는다; 3=약간 믿는다; 4=매우 믿는다","label_trust"
"trust_newspapers","Trust in newspapers (1-4)",2016,"q33_12","기관별 신뢰 정도-신문사","1=전혀 믿지 않는다; 2=별로 믿지 않는다; 3=약간 믿는다; 4=매우 믿는다","label_trust"
"trust_newspapers","Trust in newspapers (1-4)",2017,"q32_12","기관별 신뢰 정도-신문사","1=전혀 믿지 않는다; 2=별로 믿지 않는다; 3=약간 믿는다; 4=매우 믿는다","label_trust"
"trust_newspapers","Trust in newspapers (1-4)",2018,"q35_12","기관별 신뢰 정도-신문사","1=전혀 믿지 않는다; 2=별로 믿지 않는다; 3=약간 믿는다; 4=매우 믿는다","label_trust"
"trust_newspapers","Trust in newspapers (1-4)",2019,"q35_12","기관별 신뢰 정도-신문사","1=전혀 믿지 않는다; 2=별로 믿지 않는다; 3=약간 믿는다; 4=매우 믿는다","label_trust"
"trust_newspapers","Trust in newspapers (1-4)",2020,"q33_12","기관별 신뢰 정도-신문사","1=전혀 믿지 않는다; 2=별로 믿지 않는다; 3=약간 믿는다; 4=매우 믿는다","label_trust"
"trust_newspapers","Trust in newspapers (1-4)",2021,"q35_12","기관별 신뢰 정도-신문사","1=전혀 믿지 않는다; 2=별로 믿지 않는다; 3=약간 믿는다; 4=매우 믿는다","label_trust"
"trust_newspapers","Trust in newspapers (1-4)",2022,"q35_12","기관별 신뢰 정도-신문사","1=전혀 믿지 않는다; 2=별로 믿지 않는다; 3=약간 믿는다; 4=매우 믿는다","label_trust"
"trust_newspapers","Trust in newspapers (1-4)",2023,"q30_12","기관별 신뢰 정도-신문사","1=전혀 믿지 않는다; 2=별로 믿지 않는다; 3=약간 믿는다; 4=매우 믿는다","label_trust"
"trust_newspapers","Trust in newspapers (1-4)",2024,"q31_12","기관별 신뢰 정도-신문사","1=전혀 믿지 않는다; 2=별로 믿지 않는다; 3=약간 믿는다; 4=매우 믿는다","label_trust"
"trust_police","Trust in police (1-4)",2013,"q30_5","기관별 신뢰 정도-경찰","1=전혀 믿지 않는다; 2=별로 믿지 않는다; 3=약간 믿는다; 4=매우 믿는다; 8=모름; 9=무응답","label_trust"
"trust_police","Trust in police (1-4)",2014,"q30_5","기관별 신뢰 정도-경찰","1=전혀 믿지 않는다; 2=별로 믿지 않는다; 3=약간 믿는다; 4=매우 믿는다; 8=모름; 9=무응답","label_trust"
"trust_police","Trust in police (1-4)",2015,"q32_5","기관별 신뢰 정도-경찰","1=전혀 믿지 않는다; 2=별로 믿지 않는다; 3=약간 믿는다; 4=매우 믿는다","label_trust"
"trust_police","Trust in police (1-4)",2016,"q33_5","기관별 신뢰 정도-경찰","1=전혀 믿지 않는다; 2=별로 믿지 않는다; 3=약간 믿는다; 4=매우 믿는다","label_trust"
"trust_police","Trust in police (1-4)",2017,"q32_5","기관별 신뢰 정도-경찰","1=전혀 믿지 않는다; 2=별로 믿지 않는다; 3=약간 믿는다; 4=매우 믿는다","label_trust"
"trust_police","Trust in police (1-4)",2018,"q35_5","기관별 신뢰 정도-경찰","1=전혀 믿지 않는다; 2=별로 믿지 않는다; 3=약간 믿는다; 4=매우 믿는다","label_trust"
"trust_police","Trust in police (1-4)",2019,"q35_5","기관별 신뢰 정도-경찰","1=전혀 믿지 않는다; 2=별로 믿지 않는다; 3=약간 믿는다; 4=매우 믿는다","label_trust"
"trust_police","Trust in police (1-4)",2020,"q33_5","기관별 신뢰 정도-경찰","1=전혀 믿지 않는다; 2=별로 믿지 않는다; 3=약간 믿는다; 4=매우 믿는다","label_trust"
"trust_police","Trust in police (1-4)",2021,"q35_5","기관별 신뢰 정도-경찰","1=전혀 믿지 않는다; 2=별로 믿지 않는다; 3=약간 믿는다; 4=매우 믿는다","label_trust"
"trust_police","Trust in police (1-4)",2022,"q35_5","기관별 신뢰 정도-경찰","1=전혀 믿지 않는다; 2=별로 믿지 않는다; 3=약간 믿는다; 4=매우 믿는다","label_trust"
"trust_police","Trust in police (1-4)",2023,"q30_5","기관별 신뢰 정도-경찰","1=전혀 믿지 않는다; 2=별로 믿지 않는다; 3=약간 믿는다; 4=매우 믿는다","label_trust"
"trust_police","Trust in police (1-4)",2024,"q31_5","기관별 신뢰 정도-경찰","1=전혀 믿지 않는다; 2=별로 믿지 않는다; 3=약간 믿는다; 4=매우 믿는다","label_trust"
"trust_political_parties","Trust in political parties [2011 only] (1-5 rescaled to 1-4)",2011,"T13_9","사회기관에 대한 신뢰9: 정당","1=전혀 신뢰하지 않음; 2=신뢰하지 않음; 3=보통; 4=신뢰함; 5=매우 신뢰함","label_trust"
"trust_prosecution","Trust in prosecution (1-4)",2013,"q30_4","기관별 신뢰 정도-검찰","1=전혀 믿지 않는다; 2=별로 믿지 않는다; 3=약간 믿는다; 4=매우 믿는다; 8=모름; 9=무응답","label_trust"
"trust_prosecution","Trust in prosecution (1-4)",2014,"q30_4","기관별 신뢰 정도-검찰","1=전혀 믿지 않는다; 2=별로 믿지 않는다; 3=약간 믿는다; 4=매우 믿는다; 8=모름; 9=무응답","label_trust"
"trust_prosecution","Trust in prosecution (1-4)",2015,"q32_4","기관별 신뢰 정도-검찰","1=전혀 믿지 않는다; 2=별로 믿지 않는다; 3=약간 믿는다; 4=매우 믿는다","label_trust"
"trust_prosecution","Trust in prosecution (1-4)",2016,"q33_4","기관별 신뢰 정도-검찰","1=전혀 믿지 않는다; 2=별로 믿지 않는다; 3=약간 믿는다; 4=매우 믿는다","label_trust"
"trust_prosecution","Trust in prosecution (1-4)",2017,"q32_4","기관별 신뢰 정도-검찰","1=전혀 믿지 않는다; 2=별로 믿지 않는다; 3=약간 믿는다; 4=매우 믿는다","label_trust"
"trust_prosecution","Trust in prosecution (1-4)",2018,"q35_4","기관별 신뢰 정도-검찰","1=전혀 믿지 않는다; 2=별로 믿지 않는다; 3=약간 믿는다; 4=매우 믿는다","label_trust"
"trust_prosecution","Trust in prosecution (1-4)",2019,"q35_4","기관별 신뢰 정도-검찰","1=전혀 믿지 않는다; 2=별로 믿지 않는다; 3=약간 믿는다; 4=매우 믿는다","label_trust"
"trust_prosecution","Trust in prosecution (1-4)",2020,"q33_4","기관별 신뢰 정도-검찰","1=전혀 믿지 않는다; 2=별로 믿지 않는다; 3=약간 믿는다; 4=매우 믿는다","label_trust"
"trust_prosecution","Trust in prosecution (1-4)",2021,"q35_4","기관별 신뢰 정도-검찰","1=전혀 믿지 않는다; 2=별로 믿지 않는다; 3=약간 믿는다; 4=매우 믿는다","label_trust"
"trust_prosecution","Trust in prosecution (1-4)",2022,"q35_4","기관별 신뢰 정도-검찰","1=전혀 믿지 않는다; 2=별로 믿지 않는다; 3=약간 믿는다; 4=매우 믿는다","label_trust"
"trust_prosecution","Trust in prosecution (1-4)",2023,"q30_4","기관별 신뢰 정도-검찰","1=전혀 믿지 않는다; 2=별로 믿지 않는다; 3=약간 믿는다; 4=매우 믿는다","label_trust"
"trust_prosecution","Trust in prosecution (1-4)",2024,"q31_4","기관별 신뢰 정도-검찰","1=전혀 믿지 않는다; 2=별로 믿지 않는다; 3=약간 믿는다; 4=매우 믿는다","label_trust"
"trust_public_enterprises","Trust in public enterprises (1-4)",2016,"q33_7","기관별 신뢰 정도-공기업","1=전혀 믿지 않는다; 2=별로 믿지 않는다; 3=약간 믿는다; 4=매우 믿는다","label_trust"
"trust_public_enterprises","Trust in public enterprises (1-4)",2017,"q32_7","기관별 신뢰 정도-공기업","1=전혀 믿지 않는다; 2=별로 믿지 않는다; 3=약간 믿는다; 4=매우 믿는다","label_trust"
"trust_public_enterprises","Trust in public enterprises (1-4)",2018,"q35_7","기관별 신뢰 정도-공기업","1=전혀 믿지 않는다; 2=별로 믿지 않는다; 3=약간 믿는다; 4=매우 믿는다","label_trust"
"trust_public_enterprises","Trust in public enterprises (1-4)",2019,"q35_7","기관별 신뢰 정도-공기업","1=전혀 믿지 않는다; 2=별로 믿지 않는다; 3=약간 믿는다; 4=매우 믿는다","label_trust"
"trust_public_enterprises","Trust in public enterprises (1-4)",2020,"q33_7","기관별 신뢰 정도-공기업","1=전혀 믿지 않는다; 2=별로 믿지 않는다; 3=약간 믿는다; 4=매우 믿는다","label_trust"
"trust_public_enterprises","Trust in public enterprises (1-4)",2021,"q35_7","기관별 신뢰 정도-공기업","1=전혀 믿지 않는다; 2=별로 믿지 않는다; 3=약간 믿는다; 4=매우 믿는다","label_trust"
"trust_public_enterprises","Trust in public enterprises (1-4)",2022,"q35_7","기관별 신뢰 정도-공기업","1=전혀 믿지 않는다; 2=별로 믿지 않는다; 3=약간 믿는다; 4=매우 믿는다","label_trust"
"trust_public_enterprises","Trust in public enterprises (1-4)",2023,"q30_7","기관별 신뢰 정도-공기업","1=전혀 믿지 않는다; 2=별로 믿지 않는다; 3=약간 믿는다; 4=매우 믿는다","label_trust"
"trust_public_enterprises","Trust in public enterprises (1-4)",2024,"q31_7","기관별 신뢰 정도-공기업","1=전혀 믿지 않는다; 2=별로 믿지 않는다; 3=약간 믿는다; 4=매우 믿는다","label_trust"
"trust_religious","Trust in religious institutions (1-4)",2011,"T13_3","사회기관에 대한 신뢰3: 종교단체","1=전혀 신뢰하지 않음; 2=신뢰하지 않음; 3=보통; 4=신뢰함; 5=매우 신뢰함","label_trust"
"trust_religious","Trust in religious institutions (1-4)",2013,"q30_15","기관별 신뢰 정도-종교계","1=전혀 믿지 않는다; 2=별로 믿지 않는다; 3=약간 믿는다; 4=매우 믿는다; 8=모름; 9=무응답","label_trust"
"trust_religious","Trust in religious institutions (1-4)",2014,"q30_15","기관별 신뢰 정도-종교계","1=전혀 믿지 않는다; 2=별로 믿지 않는다; 3=약간 믿는다; 4=매우 믿는다; 8=모름; 9=무응답","label_trust"
"trust_religious","Trust in religious institutions (1-4)",2015,"q32_15","기관별 신뢰 정도-종교계","1=전혀 믿지 않는다; 2=별로 믿지 않는다; 3=약간 믿는다; 4=매우 믿는다","label_trust"
"trust_religious","Trust in religious institutions (1-4)",2016,"q33_16","기관별 신뢰 정도-종교기관","1=전혀 믿지 않는다; 2=별로 믿지 않는다; 3=약간 믿는다; 4=매우 믿는다","label_trust"
"trust_religious","Trust in religious institutions (1-4)",2017,"q32_16","기관별 신뢰 정도-종교기관","1=전혀 믿지 않는다; 2=별로 믿지 않는다; 3=약간 믿는다; 4=매우 믿는다","label_trust"
"trust_religious","Trust in religious institutions (1-4)",2018,"q35_16","기관별 신뢰 정도-종교기관","1=전혀 믿지 않는다; 2=별로 믿지 않는다; 3=약간 믿는다; 4=매우 믿는다","label_trust"
"trust_religious","Trust in religious institutions (1-4)",2019,"q35_16","기관별 신뢰 정도-종교기관","1=전혀 믿지 않는다; 2=별로 믿지 않는다; 3=약간 믿는다; 4=매우 믿는다","label_trust"
"trust_religious","Trust in religious institutions (1-4)",2020,"q33_16","기관별 신뢰 정도-종교기관","1=전혀 믿지 않는다; 2=별로 믿지 않는다; 3=약간 믿는다; 4=매우 믿는다","label_trust"
"trust_religious","Trust in religious institutions (1-4)",2021,"q35_16","기관별 신뢰 정도-종교기관","1=전혀 믿지 않는다; 2=별로 믿지 않는다; 3=약간 믿는다; 4=매우 믿는다","label_trust"
"trust_religious","Trust in religious institutions (1-4)",2022,"q35_16","기관별 신뢰 정도-종교기관","1=전혀 믿지 않는다; 2=별로 믿지 않는다; 3=약간 믿는다; 4=매우 믿는다","label_trust"
"trust_religious","Trust in religious institutions (1-4)",2023,"q30_16","기관별 신뢰 정도-종교기관","1=전혀 믿지 않는다; 2=별로 믿지 않는다; 3=약간 믿는다; 4=매우 믿는다","label_trust"
"trust_religious","Trust in religious institutions (1-4)",2024,"q31_16","기관별 신뢰 정도-종교기관","1=전혀 믿지 않는다; 2=별로 믿지 않는다; 3=약간 믿는다; 4=매우 믿는다","label_trust"
"trust_strangers","Trust in strangers (1-4)",2013,"q29_4","집단별 신뢰 정도-낯선 사람","1=전혀 신뢰하지 않는다; 2=별로 신뢰하지 않는다; 3=약간 신뢰한다; 4=매우 신뢰한다; 8=모름; 9=무응답","label_social"
"trust_strangers","Trust in strangers (1-4)",2014,"q29_4","집단별 신뢰 정도-낯선 사람","1=전혀 신뢰하지 않는다; 2=별로 신뢰하지 않는다; 3=약간 신뢰한다; 4=매우 신뢰한다; 8=모름; 9=무응답","label_social"
"trust_strangers","Trust in strangers (1-4)",2015,"q31_4","집단별 신뢰 정도-낯선 사람","1=전혀 신뢰하지 않는다; 2=별로 신뢰하지 않는다; 3=약간 신뢰한다; 4=매우 신뢰한다","label_social"
"trust_strangers","Trust in strangers (1-4)",2016,"q32_4","집단별 신뢰 정도-낯선 사람","1=전혀 신뢰하지 않는다; 2=별로 신뢰하지 않는다; 3=약간 신뢰한다; 4=매우 신뢰한다","label_social"
"trust_strangers","Trust in strangers (1-4)",2017,"q31_4","집단별 신뢰 정도-낯선 사람","1=전혀 신뢰하지 않는다; 2=별로 신뢰하지 않는다; 3=약간 신뢰한다; 4=매우 신뢰한다","label_social"
"trust_strangers","Trust in strangers (1-4)",2018,"q34_4","집단별 신뢰 정도-낯선 사람","1=전혀 신뢰하지 않는다; 2=별로 신뢰하지 않는다; 3=약간 신뢰한다; 4=매우 신뢰한다","label_social"
"trust_strangers","Trust in strangers (1-4)",2019,"q34_4","집단별 신뢰 정도-낯선 사람","1=전혀 신뢰하지 않는다; 2=별로 신뢰하지 않는다; 3=약간 신뢰한다; 4=매우 신뢰한다","label_social"
"trust_strangers","Trust in strangers (1-4)",2020,"q32_4","집단별 신뢰 정도-낯선 사람","1=전혀 신뢰하지 않는다; 2=별로 신뢰하지 않는다; 3=약간 신뢰한다; 4=매우 신뢰한다","label_social"
"trust_strangers","Trust in strangers (1-4)",2021,"q34_4","집단별 신뢰 정도-낯선 사람","1=전혀 신뢰하지 않는다; 2=별로 신뢰하지 않는다; 3=약간 신뢰한다; 4=매우 신뢰한다","label_social"
"trust_strangers","Trust in strangers (1-4)",2022,"q34_4","집단별 신뢰 정도-낯선 사람","1=전혀 신뢰하지 않는다; 2=별로 신뢰하지 않는다; 3=약간 신뢰한다; 4=매우 신뢰한다","label_social"
"trust_strangers","Trust in strangers (1-4)",2023,"q29_4","집단별 신뢰 정도-낯선 사람","1=전혀 신뢰하지 않는다; 2=별로 신뢰하지 않는다; 3=약간 신뢰한다; 4=매우 신뢰한다","label_social"
"trust_strangers","Trust in strangers (1-4)",2024,"q29_4","집단별 신뢰 정도-낯선 사람","1=전혀 신뢰하지 않는다; 2=별로 신뢰하지 않는다; 3=약간 신뢰한다; 4=매우 신뢰한다","label_social"
"trust_tv","Trust in TV broadcasting (1-4)",2013,"q30_10","기관별 신뢰 정도-TV방송사","1=전혀 믿지 않는다; 2=별로 믿지 않는다; 3=약간 믿는다; 4=매우 믿는다; 8=모름; 9=무응답","label_trust"
"trust_tv","Trust in TV broadcasting (1-4)",2014,"q30_10","기관별 신뢰 정도-TV방송사","1=전혀 믿지 않는다; 2=별로 믿지 않는다; 3=약간 믿는다; 4=매우 믿는다; 8=모름; 9=무응답","label_trust"
"trust_tv","Trust in TV broadcasting (1-4)",2015,"q32_10","기관별 신뢰 정도-TV방송사","1=전혀 믿지 않는다; 2=별로 믿지 않는다; 3=약간 믿는다; 4=매우 믿는다","label_trust"
"trust_tv","Trust in TV broadcasting (1-4)",2016,"q33_11","기관별 신뢰 정도-TV방송사","1=전혀 믿지 않는다; 2=별로 믿지 않는다; 3=약간 믿는다; 4=매우 믿는다","label_trust"
"trust_tv","Trust in TV broadcasting (1-4)",2017,"q32_11","기관별 신뢰 정도-TV방송사","1=전혀 믿지 않는다; 2=별로 믿지 않는다; 3=약간 믿는다; 4=매우 믿는다","label_trust"
"trust_tv","Trust in TV broadcasting (1-4)",2018,"q35_11","기관별 신뢰 정도-TV방송사","1=전혀 믿지 않는다; 2=별로 믿지 않는다; 3=약간 믿는다; 4=매우 믿는다","label_trust"
"trust_tv","Trust in TV broadcasting (1-4)",2019,"q35_11","기관별 신뢰 정도-TV방송사","1=전혀 믿지 않는다; 2=별로 믿지 않는다; 3=약간 믿는다; 4=매우 믿는다","label_trust"
"trust_tv","Trust in TV broadcasting (1-4)",2020,"q33_11","기관별 신뢰 정도-TV방송사","1=전혀 믿지 않는다; 2=별로 믿지 않는다; 3=약간 믿는다; 4=매우 믿는다","label_trust"
"trust_tv","Trust in TV broadcasting (1-4)",2021,"q35_11","기관별 신뢰 정도-TV방송사","1=전혀 믿지 않는다; 2=별로 믿지 않는다; 3=약간 믿는다; 4=매우 믿는다","label_trust"
"trust_tv","Trust in TV broadcasting (1-4)",2022,"q35_11","기관별 신뢰 정도-TV방송사","1=전혀 믿지 않는다; 2=별로 믿지 않는다; 3=약간 믿는다; 4=매우 믿는다","label_trust"
"trust_tv","Trust in TV broadcasting (1-4)",2023,"q30_11","기관별 신뢰 정도-TV방송사","1=전혀 믿지 않는다; 2=별로 믿지 않는다; 3=약간 믿는다; 4=매우 믿는다","label_trust"
"trust_tv","Trust in TV broadcasting (1-4)",2024,"q31_11","기관별 신뢰 정도-TV방송사","1=전혀 믿지 않는다; 2=별로 믿지 않는다; 3=약간 믿는다; 4=매우 믿는다","label_trust"
"vote_importance","Importance of voting as a good citizen (1-7)",2013,"q16_1","투표참여 중요도","1=1 전혀 중요하지 않다; 2=2; 3=3; 4=4 보통; 5=5; 6=6; 7=7 매우 중요하다; 8=8 모름; 9=9 무응답","crosswalk"
"vote_importance","Importance of voting as a good citizen (1-7)",2014,"q16_1","투표참여 중요도","1=1 전혀 중요하지 않다; 2=2; 3=3; 4=4 보통; 5=5; 6=6; 7=7 매우 중요하다; 8=8 모름; 9=9 무응답","crosswalk"
"vote_importance","Importance of voting as a good citizen (1-7)",2015,"q18_1","투표참여 중요도","1=1점 전혀 중요하지 않다; 2=2점; 3=3점; 4=4점 보통; 5=5점; 6=6점; 7=7점 매우 중요하다","crosswalk"
"vote_importance","Importance of voting as a good citizen (1-7)",2016,"q18_1","투표참여 중요도","1=1점 전혀 중요하지 않다; 2=2점; 3=3점; 4=4점 보통; 5=5점; 6=6점; 7=7점 매우 중요하다","crosswalk"
"vote_importance","Importance of voting as a good citizen (1-7)",2017,"q18_1","투표참여 중요도","1=1점 전혀 중요하지 않다; 2=2점; 3=3점; 4=4점 보통; 5=5점; 6=6점; 7=7점 매우 중요하다; 9=모름/무응답","crosswalk"
"vote_importance","Importance of voting as a good citizen (1-7)",2018,"q20_1","투표참여 중요도","1=1점 전혀 중요하지 않다; 2=2점; 3=3점; 4=4점 보통; 5=5점; 6=6점; 7=7점 매우 중요하다; 9=모름/무응답","crosswalk"
"vote_importance","Importance of voting as a good citizen (1-7)",2019,"q20_1","투표참여 중요도","1=1점 전혀 중요하지 않다; 2=2점; 3=3점; 4=4점 보통; 5=5점; 6=6점; 7=7점 매우 중요하다; 9=모름/무응답","crosswalk"
"vote_importance","Importance of voting as a good citizen (1-7)",2020,"q18_1","투표참여 중요도","1=1점 전혀 중요하지 않다; 2=2점; 3=3점; 4=4점 보통; 5=5점; 6=6점; 7=7점 매우 중요하다; 9=모름/무응답","crosswalk"
"vote_importance","Importance of voting as a good citizen (1-7)",2021,"q18_1","투표참여 중요도","1=1점 전혀 중요하지 않다; 2=2점; 3=3점; 4=4점 보통; 5=5점; 6=6점; 7=7점 매우 중요하다; 9=모름/무응답","crosswalk"
"vote_importance","Importance of voting as a good citizen (1-7)",2022,"q18_1","투표참여 중요도","1=1점 전혀 중요하지 않다; 2=2점; 3=3점; 4=4점 보통; 5=5점; 6=6점; 7=7점 매우 중요하다; 9=모름/무응답","crosswalk"
"vote_importance","Importance of voting as a good citizen (1-7)",2023,"q15_1","투표참여 중요도","1=1점 전혀 중요하지 않다; 2=2점; 3=3점; 4=4점 보통; 5=5점; 6=6점; 7=7점 매우 중요하다; 9=모름/무응답","crosswalk"
"vote_importance","Importance of voting as a good citizen (1-7)",2024,"q15_1","투표참여 중요도","1=1점 전혀 중요하지 않다; 2=2점; 3=3점; 4=4점 보통; 5=5점; 6=6점; 7=7점 매우 중요하다; 9=모름/무응답","crosswalk"
"voted_assembly","Voted in most recent National Assembly election (1-3)",2013,"q20","19대 국회의원 선거 투표 참여 여부","1=참여했다; 2=참여하지 않았다; 8=모름; 9=무응답","crosswalk"
"voted_assembly","Voted in most recent National Assembly election (1-3)",2016,"q23","제20대 국회의원 선거 투표 참여 여부","1=참여했다; 2=참여하지 않았다","crosswalk"
"voted_assembly","Voted in most recent National Assembly election (1-3)",2017,"q22","제20대 국회의원 선거 투표 참여 여부","1=참여했다; 2=참여하지 않았다","crosswalk"
"voted_assembly","Voted in most recent National Assembly election (1-3)",2018,"q25","제20대 국회의원 선거 투표 참여 여부","1=참여했다; 2=참여하지 않았다","crosswalk"
"voted_assembly","Voted in most recent National Assembly election (1-3)",2019,"q25","제20대 국회의원 선거 투표 참여 여부","1=참여했다; 2=참여하지 않았다","crosswalk"
"voted_assembly","Voted in most recent National Assembly election (1-3)",2020,"q21","제21대 국회의원 선거 투표 참여 여부","1=참여했다; 2=참여하지 않았다","crosswalk"
"voted_assembly","Voted in most recent National Assembly election (1-3)",2021,"q22","제21대 국회의원 선거 투표 참여 여부","1=참여했다; 2=참여하지 않았다","crosswalk"
"voted_assembly","Voted in most recent National Assembly election (1-3)",2022,"q24","제21대 국회의원 선거 투표 참여 여부","1=참여했다; 2=참여하지 않았다; 3=비해당(투표권 없었음)","crosswalk"
"voted_assembly","Voted in most recent National Assembly election (1-3)",2023,"q19_3","제21대 국회의원 선거 투표 참여 여부","1=참여했다; 2=참여하지 않았다; 3=비해당(투표권 없었음)","crosswalk"
"voted_assembly","Voted in most recent National Assembly election (1-3)",2024,"q19_1","제22대 국회의원 선거 투표 참여 여부","1=참여했다; 2=참여하지 않았다; 3=비해당","crosswalk"
"voted_local","Voted in most recent local election (1-3)",2014,"q20","제6회 전국동시지방선거 투표 참여 여부","1=참여했다; 2=참여하지 않았다; 8=모름; 9=무응답","crosswalk"
"voted_local","Voted in most recent local election (1-3)",2015,"q22","제6회 전국동시지방선거 투표 참여 여부","1=참여했다; 2=참여하지 않았다","crosswalk"
"voted_local","Voted in most recent local election (1-3)",2016,"q22","제6회 전국동시지방선거 투표 참여 여부","1=참여했다; 2=참여하지 않았다","crosswalk"
"voted_local","Voted in most recent local election (1-3)",2018,"q23","제7회 전국동시지방 선거 투표 참여 여부","1=참여했다; 2=참여하지 않았다","crosswalk"
"voted_local","Voted in most recent local election (1-3)",2019,"q23","제7회 전국동시지방 선거 투표 참여 여부","1=참여했다; 2=참여하지 않았다","crosswalk"
"voted_local","Voted in most recent local election (1-3)",2020,"q22","제7회 전국동시지방 선거 투표 참여 여부","1=참여했다; 2=참여하지 않았다","crosswalk"
"voted_local","Voted in most recent local election (1-3)",2021,"q23","제7회 전국동시지방 선거 투표 참여 여부","1=참여했다; 2=참여하지 않았다","crosswalk"
"voted_local","Voted in most recent local election (1-3)",2022,"q22","제8회 전국동시지방 선거 투표 참여 여부","1=참여했다; 2=참여하지 않았다; 3=비해당(투표권 없었음)","crosswalk"
"voted_local","Voted in most recent local election (1-3)",2023,"q19_1","제8회 전국동시지방 선거 투표 참여 여부","1=참여했다; 2=참여하지 않았다; 3=비해당(투표권 없었음)","crosswalk"
"voted_local","Voted in most recent local election (1-3)",2024,"q19_2","제8회 전국동시지방 선거 투표 참여 여부","1=참여했다; 2=참여하지 않았다; 3=비해당","crosswalk"
"voted_presidential","Voted in most recent presidential election (1-3)",2013,"q19","18대 대통령 선거 투표 참여 여부","1=참여했다; 2=참여하지 않았다; 8=모름; 9=무응답","crosswalk"
"voted_presidential","Voted in most recent presidential election (1-3)",2014,"q19","18대 대통령 선거 투표 참여 여부","1=참여했다; 2=참여하지 않았다; 8=모름; 9=무응답","crosswalk"
"voted_presidential","Voted in most recent presidential election (1-3)",2015,"q21","제18대 대통령 선거 투표 참여 여부","1=참여했다; 2=참여하지 않았다","crosswalk"
"voted_presidential","Voted in most recent presidential election (1-3)",2016,"q21","제18대 대통령 선거 투표 참여 여부","1=참여했다; 2=참여하지 않았다","crosswalk"
"voted_presidential","Voted in most recent presidential election (1-3)",2017,"q21","제19대 대통령 선거 투표 참여 여부","1=참여했다; 2=참여하지 않았다","crosswalk"
"voted_presidential","Voted in most recent presidential election (1-3)",2018,"q24","제19대 대통령 선거 투표 참여 여부","1=참여했다; 2=참여하지 않았다","crosswalk"
"voted_presidential","Voted in most recent presidential election (1-3)",2019,"q24","제19대 대통령 선거 투표 참여 여부","1=참여했다; 2=참여하지 않았다","crosswalk"
"voted_presidential","Voted in most recent presidential election (1-3)",2020,"q23","제19대 대통령 선거 투표 참여 여부","1=참여했다; 2=참여하지 않았다","crosswalk"
"voted_presidential","Voted in most recent presidential election (1-3)",2021,"q24","제19대 대통령 선거 투표 참여 여부","1=참여했다; 2=참여하지 않았다","crosswalk"
"voted_presidential","Voted in most recent presidential election (1-3)",2022,"q23","제20대 대통령 선거 투표 참여 여부","1=참여했다; 2=참여하지 않았다; 3=비해당(투표권 없었음)","crosswalk"
"voted_presidential","Voted in most recent presidential election (1-3)",2023,"q19_2","제20대 대통령 선거 투표 참여 여부","1=참여했다; 2=참여하지 않았다; 3=비해당(투표권 없었음)","crosswalk"
"voted_presidential","Voted in most recent presidential election (1-3)",2024,"q19_3","제20대 대통령 선거 투표 참여 여부","1=참여했다; 2=참여하지 않았다; 3=비해당","crosswalk"
"weight","Survey weight",2018,"wt2","표준화 가중치","","crosswalk"
"weight","Survey weight",2019,"wt2","표준화 가중치","","crosswalk"
"weight","Survey weight",2020,"wt2","표준화 가중치","","crosswalk"
"weight","Survey weight",2021,"wt2","표준화 가중치","","crosswalk"
"weight","Survey weight",2022,"wt2","표준화 가중치","","crosswalk"
"weight","Survey weight",2023,"wt2","표준화 가중치","","crosswalk"
"weight","Survey weight",2024,"wt2","표준화 가중치","","crosswalk"
