wave,question_id,harmonized_name,section,stem_text,item_text,response_scale,notes
y1995,s2,age,Sociodemographic,,How old are you? [Exact age in years],Continuous (years),Wording stable across waves
y1996,s2,age,Sociodemographic,,How old are you? [Exact age in years],Continuous (years),Wording stable across waves
y1997,s2,age,Sociodemographic,,How old are you? [Exact age in years],Continuous (years),Wording stable across waves
y1998,s2,age,Sociodemographic,,How old are you? [Exact age in years],Continuous (years),Wording stable across waves
y2000,S2,age,Sociodemographic,,How old are you? [Exact age in years],Continuous (years),Wording stable across waves
y2001,s2,age,Sociodemographic,,How old are you? [Exact age in years],Continuous (years),Wording stable across waves
y2002,s2,age,Sociodemographic,,How old are you? [Exact age in years],Continuous (years),Wording stable across waves
y2003,s2,age,Sociodemographic,,How old are you? [Exact age in years],Continuous (years),Wording stable across waves
y2004,s2,age,Sociodemographic,,How old are you? [Exact age in years],Continuous (years),Wording stable across waves
y2005,s7,age,Sociodemographic,,How old are you? [Exact age in years],Continuous (years),Wording stable across waves
y2006,s7,age,Sociodemographic,,How old are you? [Exact age in years],Continuous (years),Wording stable across waves
y2007,edad,age,Sociodemographic,,How old are you? [Exact age in years],Continuous (years),Wording stable across waves
y2008,reedad,age,Sociodemographic,,How old are you? [Exact age in years],Continuous (years),Wording stable across waves
y2009,s6,age,Sociodemographic,,How old are you? [Exact age in years],Continuous (years),Wording stable across waves
y2010,EDAD,age,Sociodemographic,,How old are you? [Exact age in years],Continuous (years),Wording stable across waves
y2011,EDAD,age,Sociodemographic,,How old are you? [Exact age in years],Continuous (years),Wording stable across waves
y2013,REEDAD,age,Sociodemographic,,How old are you? [Exact age in years],Continuous (years),Wording stable across waves
y2015,REEDAD,age,Sociodemographic,,How old are you? [Exact age in years],Continuous (years),Wording stable across waves
y2016,EDAD,age,Sociodemographic,,How old are you? [Exact age in years],Continuous (years),Wording stable across waves
y2017,EDAD,age,Sociodemographic,,How old are you? [Exact age in years],Continuous (years),Wording stable across waves
y2018,EDAD,age,Sociodemographic,,How old are you? [Exact age in years],Continuous (years),Wording stable across waves
y2020,EDAD,age,Sociodemographic,,How old are you? [Exact age in years],Continuous (years),Wording stable across waves
y2023,EDAD,age,Sociodemographic,,How old are you? [Exact age in years],Continuous (years),Wording stable across waves
y2024,EDAD,age,Sociodemographic,,How old are you? [Exact age in years],Continuous (years),Wording stable across waves
y1995,,corruption_experience,Corruption,,,1=Yes; 2=No,Not included in this wave
y1996,,corruption_experience,Corruption,,,1=Yes; 2=No,Not included in this wave
y1997,,corruption_experience,Corruption,,,1=Yes; 2=No,Not included in this wave
y1998,,corruption_experience,Corruption,,,1=Yes; 2=No,Not included in this wave
y2000,,corruption_experience,Corruption,,,1=Yes; 2=No,Not included in this wave
y2001,p18nb,corruption_experience,Corruption,,Have you or a member of your family known about any act of corruption in the last twelve months?,1=Yes; 2=No,Wording stable across waves
y2002,p8stb,corruption_experience,Corruption,,Have you or a member of your family known about any act of corruption in the last twelve months?,1=Yes; 2=No,Wording stable across waves
y2003,,corruption_experience,Corruption,,,1=Yes; 2=No,Not included in this wave
y2004,,corruption_experience,Corruption,,,1=Yes; 2=No,Not included in this wave
y2005,p82stb,corruption_experience,Corruption,,Have you or a member of your family known about any act of corruption in the last twelve months?,1=Yes; 2=No,Wording stable across waves
y2006,p68st.b,corruption_experience,Corruption,,Have you or a member of your family known about any act of corruption in the last twelve months?,1=Yes; 2=No,Wording stable across waves
y2007,p71st.b,corruption_experience,Corruption,,Have you or a member of your family known about any act of corruption in the last twelve months?,1=Yes; 2=No,Wording stable across waves
y2008,p72st.d,corruption_experience,Corruption,,Have you or a member of your family known about any act of corruption in the last twelve months?,1=Yes; 2=No,Wording stable across waves
y2009,p73st.d,corruption_experience,Corruption,,Have you or a member of your family known about any act of corruption in the last twelve months?,1=Yes; 2=No,Wording stable across waves
y2010,P70ST.E,corruption_experience,Corruption,,Have you or a member of your family known about any act of corruption in the last twelve months?,1=Yes; 2=No,Wording stable across waves
y2011,P80ST.F,corruption_experience,Corruption,,Have you or a member of your family known about any act of corruption in the last twelve months?,1=Yes; 2=No,Wording stable across waves
y2013,P63TGBSM,corruption_experience,Corruption,,Have you or a member of your family known about any act of corruption in the last twelve months?,1=Yes; 2=No,Wording stable across waves
y2015,P66ST,corruption_experience,Corruption,,Have you or a member of your family known about any act of corruption in the last twelve months?,1=Yes; 2=No,Wording stable across waves
y2016,P38STA,corruption_experience,Corruption,,Have you or a member of your family known about any act of corruption in the last twelve months?,1=Yes; 2=No,Wording stable across waves
y2017,,corruption_experience,Corruption,,,1=Yes; 2=No,Not included in this wave
y2018,,corruption_experience,Corruption,,,1=Yes; 2=No,Not included in this wave
y2020,P68ST,corruption_experience,Corruption,,Have you or a member of your family known about any act of corruption in the last twelve months?,1=Yes; 2=No,Wording stable across waves
y2023,,corruption_experience,Corruption,,,1=Yes; 2=No,Not included in this wave
y2024,P50ST.B,corruption_experience,Corruption,,Have you or a member of your family known about any act of corruption in the last twelve months?,1=Yes; 2=No,Wording stable across waves
y1995,,corruption_progress,Corruption,,,1=Nothing; 2=A little; 3=Some; 4=Much; 5=A lot,Not included in this wave
y1996,,corruption_progress,Corruption,,,1=Nothing; 2=A little; 3=Some; 4=Much; 5=A lot,Not included in this wave
y1997,,corruption_progress,Corruption,,,1=Nothing; 2=A little; 3=Some; 4=Much; 5=A lot,Not included in this wave
y1998,,corruption_progress,Corruption,,,1=Nothing; 2=A little; 3=Some; 4=Much; 5=A lot,Not included in this wave
y2000,,corruption_progress,Corruption,,,1=Nothing; 2=A little; 3=Some; 4=Much; 5=A lot,Not included in this wave
y2001,,corruption_progress,Corruption,,,1=Nothing; 2=A little; 3=Some; 4=Much; 5=A lot,Not included in this wave
y2002,,corruption_progress,Corruption,,,1=Nothing; 2=A little; 3=Some; 4=Much; 5=A lot,Not included in this wave
y2003,p77n,corruption_progress,Corruption,,"In the last two years, how much progress has been made in reducing corruption in state institutions? Would you say a lot, some, a little, or nothing?",1=Nothing; 2=A little; 3=Some; 4=Much; 5=A lot,Wording stable across waves
y2004,p54st,corruption_progress,Corruption,,"In the last two years, how much progress has been made in reducing corruption in state institutions? Would you say a lot, some, a little, or nothing?",1=Nothing; 2=A little; 3=Some; 4=Much; 5=A lot,Wording stable across waves
y2005,p83st,corruption_progress,Corruption,,"In the last two years, how much progress has been made in reducing corruption in state institutions? Would you say a lot, some, a little, or nothing?",1=Nothing; 2=A little; 3=Some; 4=Much; 5=A lot,Wording stable across waves
y2006,p33st,corruption_progress,Corruption,,"In the last two years, how much progress has been made in reducing corruption in state institutions? Would you say a lot, some, a little, or nothing?",1=Nothing; 2=A little; 3=Some; 4=Much; 5=A lot,Wording stable across waves
y2007,p72st,corruption_progress,Corruption,,"In the last two years, how much progress has been made in reducing corruption in state institutions? Would you say a lot, some, a little, or nothing?",1=Nothing; 2=A little; 3=Some; 4=Much; 5=A lot,Wording stable across waves
y2008,p73st,corruption_progress,Corruption,,"In the last two years, how much progress has been made in reducing corruption in state institutions? Would you say a lot, some, a little, or nothing?",1=Nothing; 2=A little; 3=Some; 4=Much; 5=A lot,Wording stable across waves
y2009,p74st,corruption_progress,Corruption,,"In the last two years, how much progress has been made in reducing corruption in state institutions? Would you say a lot, some, a little, or nothing?",1=Nothing; 2=A little; 3=Some; 4=Much; 5=A lot,Wording stable across waves
y2010,P68ST,corruption_progress,Corruption,,"In the last two years, how much progress has been made in reducing corruption in state institutions? Would you say a lot, some, a little, or nothing?",1=Nothing; 2=A little; 3=Some; 4=Much; 5=A lot,Wording stable across waves
y2011,P81ST,corruption_progress,Corruption,,"In the last two years, how much progress has been made in reducing corruption in state institutions? Would you say a lot, some, a little, or nothing?",1=Nothing; 2=A little; 3=Some; 4=Much; 5=A lot,Wording stable across waves
y2013,P69ST,corruption_progress,Corruption,,"In the last two years, how much progress has been made in reducing corruption in state institutions? Would you say a lot, some, a little, or nothing?",1=Nothing; 2=A little; 3=Some; 4=Much; 5=A lot,Wording stable across waves
y2015,P67ST,corruption_progress,Corruption,,"In the last two years, how much progress has been made in reducing corruption in state institutions? Would you say a lot, some, a little, or nothing?",1=Nothing; 2=A little; 3=Some; 4=Much; 5=A lot,Wording stable across waves
y2016,P20TIA,corruption_progress,Corruption,,"In the last two years, how much progress has been made in reducing corruption in state institutions? Would you say a lot, some, a little, or nothing?",1=Nothing; 2=A little; 3=Some; 4=Much; 5=A lot,Wording stable across waves
y2017,P38ST,corruption_progress,Corruption,,"In the last two years, how much progress has been made in reducing corruption in state institutions? Would you say a lot, some, a little, or nothing?",1=Nothing; 2=A little; 3=Some; 4=Much; 5=A lot,Wording stable across waves
y2018,,corruption_progress,Corruption,,,1=Nothing; 2=A little; 3=Some; 4=Much; 5=A lot,Not included in this wave
y2020,P70ST,corruption_progress,Corruption,,"In the last two years, how much progress has been made in reducing corruption in state institutions? Would you say a lot, some, a little, or nothing?",1=Nothing; 2=A little; 3=Some; 4=Much; 5=A lot,Wording stable across waves
y2023,P60ST,corruption_progress,Corruption,,"In the last two years, how much progress has been made in reducing corruption in state institutions? Would you say a lot, some, a little, or nothing?",1=Nothing; 2=A little; 3=Some; 4=Much; 5=A lot,Wording stable across waves
y2024,,corruption_progress,Corruption,,,1=Nothing; 2=A little; 3=Some; 4=Much; 5=A lot,Not included in this wave
y1995,p20,dem_always_preferable,Democracy,,"With which of the following statements do you agree most? (1) Democracy is preferable to any other kind of government. (2) Under some circumstances, an authoritarian government can be preferable to a democratic one. (3) For people like me, it doesn't matter whether we have a democratic or a non-democratic regime.",1=Democracy is preferable; 2=Authoritarian sometimes preferable; 3=Doesn't matter,Wording stable across waves
y1996,p19,dem_always_preferable,Democracy,,"With which of the following statements do you agree most? (1) Democracy is preferable to any other kind of government. (2) Under some circumstances, an authoritarian government can be preferable to a democratic one. (3) For people like me, it doesn't matter whether we have a democratic or a non-democratic regime.",1=Democracy is preferable; 2=Authoritarian sometimes preferable; 3=Doesn't matter,Wording stable across waves
y1997,sp31,dem_always_preferable,Democracy,,"With which of the following statements do you agree most? (1) Democracy is preferable to any other kind of government. (2) Under some circumstances, an authoritarian government can be preferable to a democratic one. (3) For people like me, it doesn't matter whether we have a democratic or a non-democratic regime.",1=Democracy is preferable; 2=Authoritarian sometimes preferable; 3=Doesn't matter,Wording stable across waves
y1998,sp28,dem_always_preferable,Democracy,,"With which of the following statements do you agree most? (1) Democracy is preferable to any other kind of government. (2) Under some circumstances, an authoritarian government can be preferable to a democratic one. (3) For people like me, it doesn't matter whether we have a democratic or a non-democratic regime.",1=Democracy is preferable; 2=Authoritarian sometimes preferable; 3=Doesn't matter,Wording stable across waves
y2000,P29ST,dem_always_preferable,Democracy,,"With which of the following statements do you agree most? (1) Democracy is preferable to any other kind of government. (2) Under some circumstances, an authoritarian government can be preferable to a democratic one. (3) For people like me, it doesn't matter whether we have a democratic or a non-democratic regime.",1=Democracy is preferable; 2=Authoritarian sometimes preferable; 3=Doesn't matter,Wording stable across waves
y2001,p46st,dem_always_preferable,Democracy,,"With which of the following statements do you agree most? (1) Democracy is preferable to any other kind of government. (2) Under some circumstances, an authoritarian government can be preferable to a democratic one. (3) For people like me, it doesn't matter whether we have a democratic or a non-democratic regime.",1=Democracy is preferable; 2=Authoritarian sometimes preferable; 3=Doesn't matter,Wording stable across waves
y2002,p32st,dem_always_preferable,Democracy,,"With which of the following statements do you agree most? (1) Democracy is preferable to any other kind of government. (2) Under some circumstances, an authoritarian government can be preferable to a democratic one. (3) For people like me, it doesn't matter whether we have a democratic or a non-democratic regime.",1=Democracy is preferable; 2=Authoritarian sometimes preferable; 3=Doesn't matter,Wording stable across waves
y2003,p14st,dem_always_preferable,Democracy,,"With which of the following statements do you agree most? (1) Democracy is preferable to any other kind of government. (2) Under some circumstances, an authoritarian government can be preferable to a democratic one. (3) For people like me, it doesn't matter whether we have a democratic or a non-democratic regime.",1=Democracy is preferable; 2=Authoritarian sometimes preferable; 3=Doesn't matter,Wording stable across waves
y2004,p13st,dem_always_preferable,Democracy,,"With which of the following statements do you agree most? (1) Democracy is preferable to any other kind of government. (2) Under some circumstances, an authoritarian government can be preferable to a democratic one. (3) For people like me, it doesn't matter whether we have a democratic or a non-democratic regime.",1=Democracy is preferable; 2=Authoritarian sometimes preferable; 3=Doesn't matter,Wording stable across waves
y2005,p16st,dem_always_preferable,Democracy,,"With which of the following statements do you agree most? (1) Democracy is preferable to any other kind of government. (2) Under some circumstances, an authoritarian government can be preferable to a democratic one. (3) For people like me, it doesn't matter whether we have a democratic or a non-democratic regime.",1=Democracy is preferable; 2=Authoritarian sometimes preferable; 3=Doesn't matter,Wording stable across waves
y2006,p17st,dem_always_preferable,Democracy,,"With which of the following statements do you agree most? (1) Democracy is preferable to any other kind of government. (2) Under some circumstances, an authoritarian government can be preferable to a democratic one. (3) For people like me, it doesn't matter whether we have a democratic or a non-democratic regime.",1=Democracy is preferable; 2=Authoritarian sometimes preferable; 3=Doesn't matter,Wording stable across waves
y2007,p9st,dem_always_preferable,Democracy,,"With which of the following statements do you agree most? (1) Democracy is preferable to any other kind of government. (2) Under some circumstances, an authoritarian government can be preferable to a democratic one. (3) For people like me, it doesn't matter whether we have a democratic or a non-democratic regime.",1=Democracy is preferable; 2=Authoritarian sometimes preferable; 3=Doesn't matter,Wording stable across waves
y2008,p13st,dem_always_preferable,Democracy,,"With which of the following statements do you agree most? (1) Democracy is preferable to any other kind of government. (2) Under some circumstances, an authoritarian government can be preferable to a democratic one. (3) For people like me, it doesn't matter whether we have a democratic or a non-democratic regime.",1=Democracy is preferable; 2=Authoritarian sometimes preferable; 3=Doesn't matter,Wording stable across waves
y2009,p10st,dem_always_preferable,Democracy,,"With which of the following statements do you agree most? (1) Democracy is preferable to any other kind of government. (2) Under some circumstances, an authoritarian government can be preferable to a democratic one. (3) For people like me, it doesn't matter whether we have a democratic or a non-democratic regime.",1=Democracy is preferable; 2=Authoritarian sometimes preferable; 3=Doesn't matter,Wording stable across waves
y2010,P10ST,dem_always_preferable,Democracy,,"With which of the following statements do you agree most? (1) Democracy is preferable to any other kind of government. (2) Under some circumstances, an authoritarian government can be preferable to a democratic one. (3) For people like me, it doesn't matter whether we have a democratic or a non-democratic regime.",1=Democracy is preferable; 2=Authoritarian sometimes preferable; 3=Doesn't matter,Wording stable across waves
y2011,P13ST,dem_always_preferable,Democracy,,"With which of the following statements do you agree most? (1) Democracy is preferable to any other kind of government. (2) Under some circumstances, an authoritarian government can be preferable to a democratic one. (3) For people like me, it doesn't matter whether we have a democratic or a non-democratic regime.",1=Democracy is preferable; 2=Authoritarian sometimes preferable; 3=Doesn't matter,Wording stable across waves
y2013,P12STGBS,dem_always_preferable,Democracy,,"With which of the following statements do you agree most? (1) Democracy is preferable to any other kind of government. (2) Under some circumstances, an authoritarian government can be preferable to a democratic one. (3) For people like me, it doesn't matter whether we have a democratic or a non-democratic regime.",1=Democracy is preferable; 2=Authoritarian sometimes preferable; 3=Doesn't matter,Wording stable across waves
y2015,P11STGBS,dem_always_preferable,Democracy,,"With which of the following statements do you agree most? (1) Democracy is preferable to any other kind of government. (2) Under some circumstances, an authoritarian government can be preferable to a democratic one. (3) For people like me, it doesn't matter whether we have a democratic or a non-democratic regime.",1=Democracy is preferable; 2=Authoritarian sometimes preferable; 3=Doesn't matter,Wording stable across waves
y2016,P8STGBS,dem_always_preferable,Democracy,,"With which of the following statements do you agree most? (1) Democracy is preferable to any other kind of government. (2) Under some circumstances, an authoritarian government can be preferable to a democratic one. (3) For people like me, it doesn't matter whether we have a democratic or a non-democratic regime.",1=Democracy is preferable; 2=Authoritarian sometimes preferable; 3=Doesn't matter,Wording stable across waves
y2017,P8STGBS,dem_always_preferable,Democracy,,"With which of the following statements do you agree most? (1) Democracy is preferable to any other kind of government. (2) Under some circumstances, an authoritarian government can be preferable to a democratic one. (3) For people like me, it doesn't matter whether we have a democratic or a non-democratic regime.",1=Democracy is preferable; 2=Authoritarian sometimes preferable; 3=Doesn't matter,Wording stable across waves
y2018,P12STGBS,dem_always_preferable,Democracy,,"With which of the following statements do you agree most? (1) Democracy is preferable to any other kind of government. (2) Under some circumstances, an authoritarian government can be preferable to a democratic one. (3) For people like me, it doesn't matter whether we have a democratic or a non-democratic regime.",1=Democracy is preferable; 2=Authoritarian sometimes preferable; 3=Doesn't matter,Wording stable across waves
y2020,P10STGBS,dem_always_preferable,Democracy,,"With which of the following statements do you agree most? (1) Democracy is preferable to any other kind of government. (2) Under some circumstances, an authoritarian government can be preferable to a democratic one. (3) For people like me, it doesn't matter whether we have a democratic or a non-democratic regime.",1=Democracy is preferable; 2=Authoritarian sometimes preferable; 3=Doesn't matter,Wording stable across waves
y2023,P10STGBS,dem_always_preferable,Democracy,,"With which of the following statements do you agree most? (1) Democracy is preferable to any other kind of government. (2) Under some circumstances, an authoritarian government can be preferable to a democratic one. (3) For people like me, it doesn't matter whether we have a democratic or a non-democratic regime.",1=Democracy is preferable; 2=Authoritarian sometimes preferable; 3=Doesn't matter,Wording stable across waves
y2024,P11STGBS,dem_always_preferable,Democracy,,"With which of the following statements do you agree most? (1) Democracy is preferable to any other kind of government. (2) Under some circumstances, an authoritarian government can be preferable to a democratic one. (3) For people like me, it doesn't matter whether we have a democratic or a non-democratic regime.",1=Democracy is preferable; 2=Authoritarian sometimes preferable; 3=Doesn't matter,Wording stable across waves
y1995,,dem_best_system,Democracy,,,1=Strongly agree; 2=Agree; 3=Disagree; 4=Strongly disagree,Not included in this wave
y1996,,dem_best_system,Democracy,,,1=Strongly agree; 2=Agree; 3=Disagree; 4=Strongly disagree,Not included in this wave
y1997,,dem_best_system,Democracy,,,1=Strongly agree; 2=Agree; 3=Disagree; 4=Strongly disagree,Not included in this wave
y1998,,dem_best_system,Democracy,,,1=Strongly agree; 2=Agree; 3=Disagree; 4=Strongly disagree,Not included in this wave
y2000,,dem_best_system,Democracy,,,1=Strongly agree; 2=Agree; 3=Disagree; 4=Strongly disagree,Not included in this wave
y2001,,dem_best_system,Democracy,,,1=Strongly agree; 2=Agree; 3=Disagree; 4=Strongly disagree,Not included in this wave
y2002,p38no2c,dem_best_system,Democracy,"Do you strongly agree, agree, disagree, or strongly disagree with the following statements?",Democracy may have problems but it is the best system of government.,1=Strongly agree; 2=Agree; 3=Disagree; 4=Strongly disagree,Wording stable across waves
y2003,p16st.c,dem_best_system,Democracy,"Do you strongly agree, agree, disagree, or strongly disagree with the following statements?",Democracy may have problems but it is the best system of government.,1=Strongly agree; 2=Agree; 3=Disagree; 4=Strongly disagree,Wording stable across waves
y2004,p22sta,dem_best_system,Democracy,"Do you strongly agree, agree, disagree, or strongly disagree with the following statements?",Democracy may have problems but it is the best system of government.,1=Strongly agree; 2=Agree; 3=Disagree; 4=Strongly disagree,Wording stable across waves
y2005,p25stb,dem_best_system,Democracy,"Do you strongly agree, agree, disagree, or strongly disagree with the following statements?",Democracy may have problems but it is the best system of government.,1=Strongly agree; 2=Agree; 3=Disagree; 4=Strongly disagree,Wording stable across waves
y2006,p22st.a,dem_best_system,Democracy,"Do you strongly agree, agree, disagree, or strongly disagree with the following statements?",Democracy may have problems but it is the best system of government.,1=Strongly agree; 2=Agree; 3=Disagree; 4=Strongly disagree,Wording stable across waves
y2007,p13sta,dem_best_system,Democracy,"Do you strongly agree, agree, disagree, or strongly disagree with the following statements?",Democracy may have problems but it is the best system of government.,1=Strongly agree; 2=Agree; 3=Disagree; 4=Strongly disagree,Wording stable across waves
y2008,p19s.ta,dem_best_system,Democracy,"Do you strongly agree, agree, disagree, or strongly disagree with the following statements?",Democracy may have problems but it is the best system of government.,1=Strongly agree; 2=Agree; 3=Disagree; 4=Strongly disagree,Wording stable across waves
y2009,p20st.a,dem_best_system,Democracy,"Do you strongly agree, agree, disagree, or strongly disagree with the following statements?",Democracy may have problems but it is the best system of government.,1=Strongly agree; 2=Agree; 3=Disagree; 4=Strongly disagree,Wording stable across waves
y2010,P14ST.A,dem_best_system,Democracy,"Do you strongly agree, agree, disagree, or strongly disagree with the following statements?",Democracy may have problems but it is the best system of government.,1=Strongly agree; 2=Agree; 3=Disagree; 4=Strongly disagree,Wording stable across waves
y2011,P16ST.A,dem_best_system,Democracy,"Do you strongly agree, agree, disagree, or strongly disagree with the following statements?",Democracy may have problems but it is the best system of government.,1=Strongly agree; 2=Agree; 3=Disagree; 4=Strongly disagree,Wording stable across waves
y2013,P43ST.A,dem_best_system,Democracy,"Do you strongly agree, agree, disagree, or strongly disagree with the following statements?",Democracy may have problems but it is the best system of government.,1=Strongly agree; 2=Agree; 3=Disagree; 4=Strongly disagree,Wording stable across waves
y2015,P13ST.A,dem_best_system,Democracy,"Do you strongly agree, agree, disagree, or strongly disagree with the following statements?",Democracy may have problems but it is the best system of government.,1=Strongly agree; 2=Agree; 3=Disagree; 4=Strongly disagree,Wording stable across waves
y2016,P31STA,dem_best_system,Democracy,"Do you strongly agree, agree, disagree, or strongly disagree with the following statements?",Democracy may have problems but it is the best system of government.,1=Strongly agree; 2=Agree; 3=Disagree; 4=Strongly disagree,Wording stable across waves
y2017,P22ST,dem_best_system,Democracy,"Do you strongly agree, agree, disagree, or strongly disagree with the following statements?",Democracy may have problems but it is the best system of government.,1=Strongly agree; 2=Agree; 3=Disagree; 4=Strongly disagree,Wording stable across waves
y2018,P24ST,dem_best_system,Democracy,"Do you strongly agree, agree, disagree, or strongly disagree with the following statements?",Democracy may have problems but it is the best system of government.,1=Strongly agree; 2=Agree; 3=Disagree; 4=Strongly disagree,Wording stable across waves
y2020,P20ST.A,dem_best_system,Democracy,"Do you strongly agree, agree, disagree, or strongly disagree with the following statements?",Democracy may have problems but it is the best system of government.,1=Strongly agree; 2=Agree; 3=Disagree; 4=Strongly disagree,Wording stable across waves
y2023,P18ST.A,dem_best_system,Democracy,"Do you strongly agree, agree, disagree, or strongly disagree with the following statements?",Democracy may have problems but it is the best system of government.,1=Strongly agree; 2=Agree; 3=Disagree; 4=Strongly disagree,Wording stable across waves
y2024,P18ST.A,dem_best_system,Democracy,"Do you strongly agree, agree, disagree, or strongly disagree with the following statements?",Democracy may have problems but it is the best system of government.,1=Strongly agree; 2=Agree; 3=Disagree; 4=Strongly disagree,Wording stable across waves
y1995,,dem_how_democratic_10pt,Democracy,,,1=Completely undemocratic; 10=Completely democratic,Not included in this wave
y1996,,dem_how_democratic_10pt,Democracy,,,1=Completely undemocratic; 10=Completely democratic,Not included in this wave
y1997,np34,dem_how_democratic_10pt,Democracy,,Here is a scale: 1 means completely undemocratic and 10 means completely democratic. Where would you place (country)?,1=Completely undemocratic; 10=Completely democratic,Wording stable across waves
y1998,,dem_how_democratic_10pt,Democracy,,,1=Completely undemocratic; 10=Completely democratic,Not included in this wave
y2000,,dem_how_democratic_10pt,Democracy,,,1=Completely undemocratic; 10=Completely democratic,Not included in this wave
y2001,,dem_how_democratic_10pt,Democracy,,,1=Completely undemocratic; 10=Completely democratic,Not included in this wave
y2002,,dem_how_democratic_10pt,Democracy,,,1=Completely undemocratic; 10=Completely democratic,Not included in this wave
y2003,,dem_how_democratic_10pt,Democracy,,,1=Completely undemocratic; 10=Completely democratic,Not included in this wave
y2004,,dem_how_democratic_10pt,Democracy,,,1=Completely undemocratic; 10=Completely democratic,Not included in this wave
y2005,p19st,dem_how_democratic_10pt,Democracy,,Here is a scale: 1 means completely undemocratic and 10 means completely democratic. Where would you place (country)?,1=Completely undemocratic; 10=Completely democratic,Wording stable across waves
y2006,p18st,dem_how_democratic_10pt,Democracy,,Here is a scale: 1 means completely undemocratic and 10 means completely democratic. Where would you place (country)?,1=Completely undemocratic; 10=Completely democratic,Wording stable across waves
y2007,p10st,dem_how_democratic_10pt,Democracy,,Here is a scale: 1 means completely undemocratic and 10 means completely democratic. Where would you place (country)?,1=Completely undemocratic; 10=Completely democratic,Wording stable across waves
y2008,p18st,dem_how_democratic_10pt,Democracy,,Here is a scale: 1 means completely undemocratic and 10 means completely democratic. Where would you place (country)?,1=Completely undemocratic; 10=Completely democratic,Wording stable across waves
y2009,p51st.a,dem_how_democratic_10pt,Democracy,,Here is a scale: 1 means completely undemocratic and 10 means completely democratic. Where would you place (country)?,1=Completely undemocratic; 10=Completely democratic,Wording stable across waves
y2010,P44ST.A,dem_how_democratic_10pt,Democracy,,Here is a scale: 1 means completely undemocratic and 10 means completely democratic. Where would you place (country)?,1=Completely undemocratic; 10=Completely democratic,Wording stable across waves
y2011,P49ST.A,dem_how_democratic_10pt,Democracy,,Here is a scale: 1 means completely undemocratic and 10 means completely democratic. Where would you place (country)?,1=Completely undemocratic; 10=Completely democratic,Wording stable across waves
y2013,P50TGB.A,dem_how_democratic_10pt,Democracy,,Here is a scale: 1 means completely undemocratic and 10 means completely democratic. Where would you place (country)?,1=Completely undemocratic; 10=Completely democratic,Wording stable across waves
y2015,P17STGBS,dem_how_democratic_10pt,Democracy,,Here is a scale: 1 means completely undemocratic and 10 means completely democratic. Where would you place (country)?,1=Completely undemocratic; 10=Completely democratic,Wording stable across waves
y2016,P11STGBS,dem_how_democratic_10pt,Democracy,,Here is a scale: 1 means completely undemocratic and 10 means completely democratic. Where would you place (country)?,1=Completely undemocratic; 10=Completely democratic,Wording stable across waves
y2017,P11STGBSC,dem_how_democratic_10pt,Democracy,,Here is a scale: 1 means completely undemocratic and 10 means completely democratic. Where would you place (country)?,1=Completely undemocratic; 10=Completely democratic,Wording stable across waves
y2018,,dem_how_democratic_10pt,Democracy,,,1=Completely undemocratic; 10=Completely democratic,Not included in this wave
y2020,,dem_how_democratic_10pt,Democracy,,,1=Completely undemocratic; 10=Completely democratic,Not included in this wave
y2023,,dem_how_democratic_10pt,Democracy,,,1=Completely undemocratic; 10=Completely democratic,Not included in this wave
y2024,P19ST,dem_how_democratic_10pt,Democracy,,Here is a scale: 1 means completely undemocratic and 10 means completely democratic. Where would you place (country)?,1=Completely undemocratic; 10=Completely democratic,Wording stable across waves
y1995,,dem_military_support,Democracy,,,1=Support a military government; 2=Under no circumstance support a military government,Not included in this wave
y1996,,dem_military_support,Democracy,,,1=Support a military government; 2=Under no circumstance support a military government,Not included in this wave
y1997,,dem_military_support,Democracy,,,1=Support a military government; 2=Under no circumstance support a military government,Not included in this wave
y1998,,dem_military_support,Democracy,,,1=Support a military government; 2=Under no circumstance support a military government,Not included in this wave
y2000,,dem_military_support,Democracy,,,1=Support a military government; 2=Under no circumstance support a military government,Not included in this wave
y2001,,dem_military_support,Democracy,,,1=Support a military government; 2=Under no circumstance support a military government,Not included in this wave
y2002,,dem_military_support,Democracy,,,1=Support a military government; 2=Under no circumstance support a military government,Not included in this wave
y2003,,dem_military_support,Democracy,,,1=Support a military government; 2=Under no circumstance support a military government,Not included in this wave
y2004,,dem_military_support,Democracy,,,1=Support a military government; 2=Under no circumstance support a military government,Not included in this wave
y2005,,dem_military_support,Democracy,,,1=Support a military government; 2=Under no circumstance support a military government,Not included in this wave
y2006,,dem_military_support,Democracy,,,1=Support a military government; 2=Under no circumstance support a military government,Not included in this wave
y2007,,dem_military_support,Democracy,,,1=Support a military government; 2=Under no circumstance support a military government,Not included in this wave
y2008,,dem_military_support,Democracy,,,1=Support a military government; 2=Under no circumstance support a military government,Not included in this wave
y2009,,dem_military_support,Democracy,,,1=Support a military government; 2=Under no circumstance support a military government,Not included in this wave
y2010,,dem_military_support,Democracy,,,1=Support a military government; 2=Under no circumstance support a military government,Not included in this wave
y2011,,dem_military_support,Democracy,,,1=Support a military government; 2=Under no circumstance support a military government,Not included in this wave
y2013,,dem_military_support,Democracy,,,1=Support a military government; 2=Under no circumstance support a military government,Not included in this wave
y2015,,dem_military_support,Democracy,,,1=Support a military government; 2=Under no circumstance support a military government,Not included in this wave
y2016,,dem_military_support,Democracy,,,1=Support a military government; 2=Under no circumstance support a military government,Not included in this wave
y2017,,dem_military_support,Democracy,,,1=Support a military government; 2=Under no circumstance support a military government,Not included in this wave
y2018,,dem_military_support,Democracy,,,1=Support a military government; 2=Under no circumstance support a military government,Not included in this wave
y2020,P21STM,dem_military_support,Democracy,,"Would you support a military government to replace the democratic government if things get very difficult, or you would under no circumstance support a military government?",1=Support a military government; 2=Under no circumstance support a military government,Wording stable across waves
y2023,P20STM,dem_military_support,Democracy,,"Would you support a military government to replace the democratic government if things get very difficult, or you would under no circumstance support a military government?",1=Support a military government; 2=Under no circumstance support a military government,Wording stable across waves
y2024,,dem_military_support,Democracy,,,1=Support a military government; 2=Under no circumstance support a military government,Not included in this wave
y1995,,dem_nondem_ok,Democracy,,,1=Strongly agree; 2=Agree; 3=Disagree; 4=Strongly disagree,Not included in this wave
y1996,,dem_nondem_ok,Democracy,,,1=Strongly agree; 2=Agree; 3=Disagree; 4=Strongly disagree,Not included in this wave
y1997,,dem_nondem_ok,Democracy,,,1=Strongly agree; 2=Agree; 3=Disagree; 4=Strongly disagree,Not included in this wave
y1998,,dem_nondem_ok,Democracy,,,1=Strongly agree; 2=Agree; 3=Disagree; 4=Strongly disagree,Not included in this wave
y2000,,dem_nondem_ok,Democracy,,,1=Strongly agree; 2=Agree; 3=Disagree; 4=Strongly disagree,Not included in this wave
y2001,,dem_nondem_ok,Democracy,,,1=Strongly agree; 2=Agree; 3=Disagree; 4=Strongly disagree,Not included in this wave
y2002,,dem_nondem_ok,Democracy,,,1=Strongly agree; 2=Agree; 3=Disagree; 4=Strongly disagree,Not included in this wave
y2003,,dem_nondem_ok,Democracy,,,1=Strongly agree; 2=Agree; 3=Disagree; 4=Strongly disagree,Not included in this wave
y2004,,dem_nondem_ok,Democracy,,,1=Strongly agree; 2=Agree; 3=Disagree; 4=Strongly disagree,Not included in this wave
y2005,,dem_nondem_ok,Democracy,,,1=Strongly agree; 2=Agree; 3=Disagree; 4=Strongly disagree,Not included in this wave
y2006,,dem_nondem_ok,Democracy,,,1=Strongly agree; 2=Agree; 3=Disagree; 4=Strongly disagree,Not included in this wave
y2007,,dem_nondem_ok,Democracy,,,1=Strongly agree; 2=Agree; 3=Disagree; 4=Strongly disagree,Not included in this wave
y2008,,dem_nondem_ok,Democracy,,,1=Strongly agree; 2=Agree; 3=Disagree; 4=Strongly disagree,Not included in this wave
y2009,,dem_nondem_ok,Democracy,,,1=Strongly agree; 2=Agree; 3=Disagree; 4=Strongly disagree,Not included in this wave
y2010,,dem_nondem_ok,Democracy,,,1=Strongly agree; 2=Agree; 3=Disagree; 4=Strongly disagree,Not included in this wave
y2011,,dem_nondem_ok,Democracy,,,1=Strongly agree; 2=Agree; 3=Disagree; 4=Strongly disagree,Not included in this wave
y2013,,dem_nondem_ok,Democracy,,,1=Strongly agree; 2=Agree; 3=Disagree; 4=Strongly disagree,Not included in this wave
y2015,,dem_nondem_ok,Democracy,,,1=Strongly agree; 2=Agree; 3=Disagree; 4=Strongly disagree,Not included in this wave
y2016,P44STMB,dem_nondem_ok,Democracy,"Do you strongly agree, agree, disagree, or strongly disagree with the following statements?",I wouldn't mind a non-democratic government came to power if it can solve the problems.,1=Strongly agree; 2=Agree; 3=Disagree; 4=Strongly disagree,Wording stable across waves
y2017,,dem_nondem_ok,Democracy,,,1=Strongly agree; 2=Agree; 3=Disagree; 4=Strongly disagree,Not included in this wave
y2018,,dem_nondem_ok,Democracy,,,1=Strongly agree; 2=Agree; 3=Disagree; 4=Strongly disagree,Not included in this wave
y2020,P22STM.B,dem_nondem_ok,Democracy,"Do you strongly agree, agree, disagree, or strongly disagree with the following statements?",I wouldn't mind a non-democratic government came to power if it can solve the problems.,1=Strongly agree; 2=Agree; 3=Disagree; 4=Strongly disagree,Wording stable across waves
y2023,P18STM.B,dem_nondem_ok,Democracy,"Do you strongly agree, agree, disagree, or strongly disagree with the following statements?",I wouldn't mind a non-democratic government came to power if it can solve the problems.,1=Strongly agree; 2=Agree; 3=Disagree; 4=Strongly disagree,Wording stable across waves
y2024,,dem_nondem_ok,Democracy,,,1=Strongly agree; 2=Agree; 3=Disagree; 4=Strongly disagree,Not included in this wave
y1995,p21,dem_satisfaction,Democracy,,"In general, would you say that you are very satisfied, quite satisfied, not very satisfied, or not at all satisfied with the working of the democracy in (country)?",1=Very satisfied; 2=Quite satisfied; 3=Not very satisfied; 4=Not at all satisfied,Wording stable across waves
y1996,p20,dem_satisfaction,Democracy,,"In general, would you say that you are very satisfied, quite satisfied, not very satisfied, or not at all satisfied with the working of the democracy in (country)?",1=Very satisfied; 2=Quite satisfied; 3=Not very satisfied; 4=Not at all satisfied,Wording stable across waves
y1997,sp32,dem_satisfaction,Democracy,,"In general, would you say that you are very satisfied, quite satisfied, not very satisfied, or not at all satisfied with the working of the democracy in (country)?",1=Very satisfied; 2=Quite satisfied; 3=Not very satisfied; 4=Not at all satisfied,Wording stable across waves
y1998,sp29,dem_satisfaction,Democracy,,"In general, would you say that you are very satisfied, quite satisfied, not very satisfied, or not at all satisfied with the working of the democracy in (country)?",1=Very satisfied; 2=Quite satisfied; 3=Not very satisfied; 4=Not at all satisfied,Wording stable across waves
y2000,P30ST,dem_satisfaction,Democracy,,"In general, would you say that you are very satisfied, quite satisfied, not very satisfied, or not at all satisfied with the working of the democracy in (country)?",1=Very satisfied; 2=Quite satisfied; 3=Not very satisfied; 4=Not at all satisfied,Wording stable across waves
y2001,p45st,dem_satisfaction,Democracy,,"In general, would you say that you are very satisfied, quite satisfied, not very satisfied, or not at all satisfied with the working of the democracy in (country)?",1=Very satisfied; 2=Quite satisfied; 3=Not very satisfied; 4=Not at all satisfied,Wording stable across waves
y2002,p33st,dem_satisfaction,Democracy,,"In general, would you say that you are very satisfied, quite satisfied, not very satisfied, or not at all satisfied with the working of the democracy in (country)?",1=Very satisfied; 2=Quite satisfied; 3=Not very satisfied; 4=Not at all satisfied,Wording stable across waves
y2003,p15st,dem_satisfaction,Democracy,,"In general, would you say that you are very satisfied, quite satisfied, not very satisfied, or not at all satisfied with the working of the democracy in (country)?",1=Very satisfied; 2=Quite satisfied; 3=Not very satisfied; 4=Not at all satisfied,Wording stable across waves
y2004,p14st,dem_satisfaction,Democracy,,"In general, would you say that you are very satisfied, quite satisfied, not very satisfied, or not at all satisfied with the working of the democracy in (country)?",1=Very satisfied; 2=Quite satisfied; 3=Not very satisfied; 4=Not at all satisfied,Wording stable across waves
y2005,p18st,dem_satisfaction,Democracy,,"In general, would you say that you are very satisfied, quite satisfied, not very satisfied, or not at all satisfied with the working of the democracy in (country)?",1=Very satisfied; 2=Quite satisfied; 3=Not very satisfied; 4=Not at all satisfied,Wording stable across waves
y2006,p21st,dem_satisfaction,Democracy,,"In general, would you say that you are very satisfied, quite satisfied, not very satisfied, or not at all satisfied with the working of the democracy in (country)?",1=Very satisfied; 2=Quite satisfied; 3=Not very satisfied; 4=Not at all satisfied,Wording stable across waves
y2007,p12st,dem_satisfaction,Democracy,,"In general, would you say that you are very satisfied, quite satisfied, not very satisfied, or not at all satisfied with the working of the democracy in (country)?",1=Very satisfied; 2=Quite satisfied; 3=Not very satisfied; 4=Not at all satisfied,Wording stable across waves
y2008,p22st.a,dem_satisfaction,Democracy,,"In general, would you say that you are very satisfied, quite satisfied, not very satisfied, or not at all satisfied with the working of the democracy in (country)?",1=Very satisfied; 2=Quite satisfied; 3=Not very satisfied; 4=Not at all satisfied,Wording stable across waves
y2009,p12st.a,dem_satisfaction,Democracy,,"In general, would you say that you are very satisfied, quite satisfied, not very satisfied, or not at all satisfied with the working of the democracy in (country)?",1=Very satisfied; 2=Quite satisfied; 3=Not very satisfied; 4=Not at all satisfied,Wording stable across waves
y2010,P11ST.A,dem_satisfaction,Democracy,,"In general, would you say that you are very satisfied, quite satisfied, not very satisfied, or not at all satisfied with the working of the democracy in (country)?",1=Very satisfied; 2=Quite satisfied; 3=Not very satisfied; 4=Not at all satisfied,Wording stable across waves
y2011,P14ST.A,dem_satisfaction,Democracy,,"In general, would you say that you are very satisfied, quite satisfied, not very satisfied, or not at all satisfied with the working of the democracy in (country)?",1=Very satisfied; 2=Quite satisfied; 3=Not very satisfied; 4=Not at all satisfied,Wording stable across waves
y2013,P13TGB.A,dem_satisfaction,Democracy,,"In general, would you say that you are very satisfied, quite satisfied, not very satisfied, or not at all satisfied with the working of the democracy in (country)?",1=Very satisfied; 2=Quite satisfied; 3=Not very satisfied; 4=Not at all satisfied,Wording stable across waves
y2015,P12TG.A,dem_satisfaction,Democracy,,"In general, would you say that you are very satisfied, quite satisfied, not very satisfied, or not at all satisfied with the working of the democracy in (country)?",1=Very satisfied; 2=Quite satisfied; 3=Not very satisfied; 4=Not at all satisfied,Wording stable across waves
y2016,P9STGBSA,dem_satisfaction,Democracy,,"In general, would you say that you are very satisfied, quite satisfied, not very satisfied, or not at all satisfied with the working of the democracy in (country)?",1=Very satisfied; 2=Quite satisfied; 3=Not very satisfied; 4=Not at all satisfied,Wording stable across waves
y2017,P9STGBSC.A,dem_satisfaction,Democracy,,"In general, would you say that you are very satisfied, quite satisfied, not very satisfied, or not at all satisfied with the working of the democracy in (country)?",1=Very satisfied; 2=Quite satisfied; 3=Not very satisfied; 4=Not at all satisfied,Wording stable across waves
y2018,P13STGBS.A,dem_satisfaction,Democracy,,"In general, would you say that you are very satisfied, quite satisfied, not very satisfied, or not at all satisfied with the working of the democracy in (country)?",1=Very satisfied; 2=Quite satisfied; 3=Not very satisfied; 4=Not at all satisfied,Wording stable across waves
y2020,P11STGBS.A,dem_satisfaction,Democracy,,"In general, would you say that you are very satisfied, quite satisfied, not very satisfied, or not at all satisfied with the working of the democracy in (country)?",1=Very satisfied; 2=Quite satisfied; 3=Not very satisfied; 4=Not at all satisfied,Wording stable across waves
y2023,P11STGBS.A,dem_satisfaction,Democracy,,"In general, would you say that you are very satisfied, quite satisfied, not very satisfied, or not at all satisfied with the working of the democracy in (country)?",1=Very satisfied; 2=Quite satisfied; 3=Not very satisfied; 4=Not at all satisfied,Wording stable across waves
y2024,P12STGBS.A,dem_satisfaction,Democracy,,"In general, would you say that you are very satisfied, quite satisfied, not very satisfied, or not at all satisfied with the working of the democracy in (country)?",1=Very satisfied; 2=Quite satisfied; 3=Not very satisfied; 4=Not at all satisfied,Wording stable across waves
y1995,,dem_solves_problems,Democracy,,,1=Strongly agree; 2=Agree; 3=Disagree; 4=Strongly disagree,Not included in this wave
y1996,,dem_solves_problems,Democracy,,,1=Strongly agree; 2=Agree; 3=Disagree; 4=Strongly disagree,Not included in this wave
y1997,,dem_solves_problems,Democracy,,,1=Strongly agree; 2=Agree; 3=Disagree; 4=Strongly disagree,Not included in this wave
y1998,,dem_solves_problems,Democracy,,,1=Strongly agree; 2=Agree; 3=Disagree; 4=Strongly disagree,Not included in this wave
y2000,,dem_solves_problems,Democracy,,,1=Strongly agree; 2=Agree; 3=Disagree; 4=Strongly disagree,Not included in this wave
y2001,,dem_solves_problems,Democracy,,,1=Strongly agree; 2=Agree; 3=Disagree; 4=Strongly disagree,Not included in this wave
y2002,,dem_solves_problems,Democracy,,,1=Strongly agree; 2=Agree; 3=Disagree; 4=Strongly disagree,Not included in this wave
y2003,,dem_solves_problems,Democracy,,,1=Strongly agree; 2=Agree; 3=Disagree; 4=Strongly disagree,Not included in this wave
y2004,,dem_solves_problems,Democracy,,,1=Strongly agree; 2=Agree; 3=Disagree; 4=Strongly disagree,Not included in this wave
y2005,,dem_solves_problems,Democracy,,,1=Strongly agree; 2=Agree; 3=Disagree; 4=Strongly disagree,Not included in this wave
y2006,,dem_solves_problems,Democracy,,,1=Strongly agree; 2=Agree; 3=Disagree; 4=Strongly disagree,Not included in this wave
y2007,,dem_solves_problems,Democracy,,,1=Strongly agree; 2=Agree; 3=Disagree; 4=Strongly disagree,Not included in this wave
y2008,,dem_solves_problems,Democracy,,,1=Strongly agree; 2=Agree; 3=Disagree; 4=Strongly disagree,Not included in this wave
y2009,,dem_solves_problems,Democracy,,,1=Strongly agree; 2=Agree; 3=Disagree; 4=Strongly disagree,Not included in this wave
y2010,,dem_solves_problems,Democracy,,,1=Strongly agree; 2=Agree; 3=Disagree; 4=Strongly disagree,Not included in this wave
y2011,,dem_solves_problems,Democracy,,,1=Strongly agree; 2=Agree; 3=Disagree; 4=Strongly disagree,Not included in this wave
y2013,,dem_solves_problems,Democracy,,,1=Strongly agree; 2=Agree; 3=Disagree; 4=Strongly disagree,Not included in this wave
y2015,,dem_solves_problems,Democracy,,,1=Strongly agree; 2=Agree; 3=Disagree; 4=Strongly disagree,Not included in this wave
y2016,,dem_solves_problems,Democracy,,,1=Strongly agree; 2=Agree; 3=Disagree; 4=Strongly disagree,Not included in this wave
y2017,,dem_solves_problems,Democracy,,,1=Strongly agree; 2=Agree; 3=Disagree; 4=Strongly disagree,Not included in this wave
y2018,,dem_solves_problems,Democracy,,,1=Strongly agree; 2=Agree; 3=Disagree; 4=Strongly disagree,Not included in this wave
y2020,P20STM.C,dem_solves_problems,Democracy,"Do you strongly agree, agree, disagree, or strongly disagree with the following statements?",Democracy allows us to solve the problems we have in (country).,1=Strongly agree; 2=Agree; 3=Disagree; 4=Strongly disagree,Wording stable across waves
y2023,P18ST.I,dem_solves_problems,Democracy,"Do you strongly agree, agree, disagree, or strongly disagree with the following statements?",Democracy allows us to solve the problems we have in (country).,1=Strongly agree; 2=Agree; 3=Disagree; 4=Strongly disagree,Wording stable across waves
y2024,,dem_solves_problems,Democracy,,,1=Strongly agree; 2=Agree; 3=Disagree; 4=Strongly disagree,Not included in this wave
y1995,p1,econ_national_current,Economy,,"In general, how would you describe the present economic situation of the country? Would you say that it is very good, good, about average, bad, or very bad?",1=Very good; 2=Good; 3=About average; 4=Bad; 5=Very bad,Wording stable across waves
y1996,p1,econ_national_current,Economy,,"In general, how would you describe the present economic situation of the country? Would you say that it is very good, good, about average, bad, or very bad?",1=Very good; 2=Good; 3=About average; 4=Bad; 5=Very bad,Wording stable across waves
y1997,sp1,econ_national_current,Economy,,"In general, how would you describe the present economic situation of the country? Would you say that it is very good, good, about average, bad, or very bad?",1=Very good; 2=Good; 3=About average; 4=Bad; 5=Very bad,Wording stable across waves
y1998,sp1,econ_national_current,Economy,,"In general, how would you describe the present economic situation of the country? Would you say that it is very good, good, about average, bad, or very bad?",1=Very good; 2=Good; 3=About average; 4=Bad; 5=Very bad,Wording stable across waves
y2000,P1ST,econ_national_current,Economy,,"In general, how would you describe the present economic situation of the country? Would you say that it is very good, good, about average, bad, or very bad?",1=Very good; 2=Good; 3=About average; 4=Bad; 5=Very bad,Wording stable across waves
y2001,p1st,econ_national_current,Economy,,"In general, how would you describe the present economic situation of the country? Would you say that it is very good, good, about average, bad, or very bad?",1=Very good; 2=Good; 3=About average; 4=Bad; 5=Very bad,Wording stable across waves
y2002,p2sta,econ_national_current,Economy,,"In general, how would you describe the present economic situation of the country? Would you say that it is very good, good, about average, bad, or very bad?",1=Very good; 2=Good; 3=About average; 4=Bad; 5=Very bad,Wording stable across waves
y2003,p1st,econ_national_current,Economy,,"In general, how would you describe the present economic situation of the country? Would you say that it is very good, good, about average, bad, or very bad?",1=Very good; 2=Good; 3=About average; 4=Bad; 5=Very bad,Wording stable across waves
y2004,p2st,econ_national_current,Economy,,"In general, how would you describe the present economic situation of the country? Would you say that it is very good, good, about average, bad, or very bad?",1=Very good; 2=Good; 3=About average; 4=Bad; 5=Very bad,Wording stable across waves
y2005,p2st,econ_national_current,Economy,,"In general, how would you describe the present economic situation of the country? Would you say that it is very good, good, about average, bad, or very bad?",1=Very good; 2=Good; 3=About average; 4=Bad; 5=Very bad,Wording stable across waves
y2006,p2st,econ_national_current,Economy,,"In general, how would you describe the present economic situation of the country? Would you say that it is very good, good, about average, bad, or very bad?",1=Very good; 2=Good; 3=About average; 4=Bad; 5=Very bad,Wording stable across waves
y2007,p100st,econ_national_current,Economy,,"In general, how would you describe the present economic situation of the country? Would you say that it is very good, good, about average, bad, or very bad?",1=Very good; 2=Good; 3=About average; 4=Bad; 5=Very bad,Wording stable across waves
y2008,p4st,econ_national_current,Economy,,"In general, how would you describe the present economic situation of the country? Would you say that it is very good, good, about average, bad, or very bad?",1=Very good; 2=Good; 3=About average; 4=Bad; 5=Very bad,Wording stable across waves
y2009,p3st.a,econ_national_current,Economy,,"In general, how would you describe the present economic situation of the country? Would you say that it is very good, good, about average, bad, or very bad?",1=Very good; 2=Good; 3=About average; 4=Bad; 5=Very bad,Wording stable across waves
y2010,P3ST.A,econ_national_current,Economy,,"In general, how would you describe the present economic situation of the country? Would you say that it is very good, good, about average, bad, or very bad?",1=Very good; 2=Good; 3=About average; 4=Bad; 5=Very bad,Wording stable across waves
y2011,P3ST.A,econ_national_current,Economy,,"In general, how would you describe the present economic situation of the country? Would you say that it is very good, good, about average, bad, or very bad?",1=Very good; 2=Good; 3=About average; 4=Bad; 5=Very bad,Wording stable across waves
y2013,P3STGBS,econ_national_current,Economy,,"In general, how would you describe the present economic situation of the country? Would you say that it is very good, good, about average, bad, or very bad?",1=Very good; 2=Good; 3=About average; 4=Bad; 5=Very bad,Wording stable across waves
y2015,,econ_national_current,Economy,,,1=Very good; 2=Good; 3=About average; 4=Bad; 5=Very bad,Not included in this wave
y2016,P4STGBS,econ_national_current,Economy,,"In general, how would you describe the present economic situation of the country? Would you say that it is very good, good, about average, bad, or very bad?",1=Very good; 2=Good; 3=About average; 4=Bad; 5=Very bad,Wording stable across waves
y2017,P4STGBSC,econ_national_current,Economy,,"In general, how would you describe the present economic situation of the country? Would you say that it is very good, good, about average, bad, or very bad?",1=Very good; 2=Good; 3=About average; 4=Bad; 5=Very bad,Wording stable across waves
y2018,P6STGBSC,econ_national_current,Economy,,"In general, how would you describe the present economic situation of the country? Would you say that it is very good, good, about average, bad, or very bad?",1=Very good; 2=Good; 3=About average; 4=Bad; 5=Very bad,Wording stable across waves
y2020,P4STGBS,econ_national_current,Economy,,"In general, how would you describe the present economic situation of the country? Would you say that it is very good, good, about average, bad, or very bad?",1=Very good; 2=Good; 3=About average; 4=Bad; 5=Very bad,Wording stable across waves
y2023,P5STGBS,econ_national_current,Economy,,"In general, how would you describe the present economic situation of the country? Would you say that it is very good, good, about average, bad, or very bad?",1=Very good; 2=Good; 3=About average; 4=Bad; 5=Very bad,Wording stable across waves
y2024,P6STGBS,econ_national_current,Economy,,"In general, how would you describe the present economic situation of the country? Would you say that it is very good, good, about average, bad, or very bad?",1=Very good; 2=Good; 3=About average; 4=Bad; 5=Very bad,Wording stable across waves
y1995,p4,econ_personal_current,Economy,,"In general, how would you describe your present economic situation and that of your family? Would you say that it is very good, good, about average, bad, or very bad?",1=Very good; 2=Good; 3=About average; 4=Bad; 5=Very bad,Wording stable across waves
y1996,p4,econ_personal_current,Economy,,"In general, how would you describe your present economic situation and that of your family? Would you say that it is very good, good, about average, bad, or very bad?",1=Very good; 2=Good; 3=About average; 4=Bad; 5=Very bad,Wording stable across waves
y1997,sp4,econ_personal_current,Economy,,"In general, how would you describe your present economic situation and that of your family? Would you say that it is very good, good, about average, bad, or very bad?",1=Very good; 2=Good; 3=About average; 4=Bad; 5=Very bad,Wording stable across waves
y1998,sp4,econ_personal_current,Economy,,"In general, how would you describe your present economic situation and that of your family? Would you say that it is very good, good, about average, bad, or very bad?",1=Very good; 2=Good; 3=About average; 4=Bad; 5=Very bad,Wording stable across waves
y2000,P4ST,econ_personal_current,Economy,,"In general, how would you describe your present economic situation and that of your family? Would you say that it is very good, good, about average, bad, or very bad?",1=Very good; 2=Good; 3=About average; 4=Bad; 5=Very bad,Wording stable across waves
y2001,p4st,econ_personal_current,Economy,,"In general, how would you describe your present economic situation and that of your family? Would you say that it is very good, good, about average, bad, or very bad?",1=Very good; 2=Good; 3=About average; 4=Bad; 5=Very bad,Wording stable across waves
y2002,p2std,econ_personal_current,Economy,,"In general, how would you describe your present economic situation and that of your family? Would you say that it is very good, good, about average, bad, or very bad?",1=Very good; 2=Good; 3=About average; 4=Bad; 5=Very bad,Wording stable across waves
y2003,p4st,econ_personal_current,Economy,,"In general, how would you describe your present economic situation and that of your family? Would you say that it is very good, good, about average, bad, or very bad?",1=Very good; 2=Good; 3=About average; 4=Bad; 5=Very bad,Wording stable across waves
y2004,p5st,econ_personal_current,Economy,,"In general, how would you describe your present economic situation and that of your family? Would you say that it is very good, good, about average, bad, or very bad?",1=Very good; 2=Good; 3=About average; 4=Bad; 5=Very bad,Wording stable across waves
y2005,p5st,econ_personal_current,Economy,,"In general, how would you describe your present economic situation and that of your family? Would you say that it is very good, good, about average, bad, or very bad?",1=Very good; 2=Good; 3=About average; 4=Bad; 5=Very bad,Wording stable across waves
y2006,p5st,econ_personal_current,Economy,,"In general, how would you describe your present economic situation and that of your family? Would you say that it is very good, good, about average, bad, or very bad?",1=Very good; 2=Good; 3=About average; 4=Bad; 5=Very bad,Wording stable across waves
y2007,,econ_personal_current,Economy,,,1=Very good; 2=Good; 3=About average; 4=Bad; 5=Very bad,Not included in this wave
y2008,p7st,econ_personal_current,Economy,,"In general, how would you describe your present economic situation and that of your family? Would you say that it is very good, good, about average, bad, or very bad?",1=Very good; 2=Good; 3=About average; 4=Bad; 5=Very bad,Wording stable across waves
y2009,p6st,econ_personal_current,Economy,,"In general, how would you describe your present economic situation and that of your family? Would you say that it is very good, good, about average, bad, or very bad?",1=Very good; 2=Good; 3=About average; 4=Bad; 5=Very bad,Wording stable across waves
y2010,P6ST,econ_personal_current,Economy,,"In general, how would you describe your present economic situation and that of your family? Would you say that it is very good, good, about average, bad, or very bad?",1=Very good; 2=Good; 3=About average; 4=Bad; 5=Very bad,Wording stable across waves
y2011,P6ST,econ_personal_current,Economy,,"In general, how would you describe your present economic situation and that of your family? Would you say that it is very good, good, about average, bad, or very bad?",1=Very good; 2=Good; 3=About average; 4=Bad; 5=Very bad,Wording stable across waves
y2013,P6STGBS,econ_personal_current,Economy,,"In general, how would you describe your present economic situation and that of your family? Would you say that it is very good, good, about average, bad, or very bad?",1=Very good; 2=Good; 3=About average; 4=Bad; 5=Very bad,Wording stable across waves
y2015,,econ_personal_current,Economy,,,1=Very good; 2=Good; 3=About average; 4=Bad; 5=Very bad,Not included in this wave
y2016,P7STGBS,econ_personal_current,Economy,,"In general, how would you describe your present economic situation and that of your family? Would you say that it is very good, good, about average, bad, or very bad?",1=Very good; 2=Good; 3=About average; 4=Bad; 5=Very bad,Wording stable across waves
y2017,P7STGBS,econ_personal_current,Economy,,"In general, how would you describe your present economic situation and that of your family? Would you say that it is very good, good, about average, bad, or very bad?",1=Very good; 2=Good; 3=About average; 4=Bad; 5=Very bad,Wording stable across waves
y2018,,econ_personal_current,Economy,,,1=Very good; 2=Good; 3=About average; 4=Bad; 5=Very bad,Not included in this wave
y2020,P7STGBS,econ_personal_current,Economy,,"In general, how would you describe your present economic situation and that of your family? Would you say that it is very good, good, about average, bad, or very bad?",1=Very good; 2=Good; 3=About average; 4=Bad; 5=Very bad,Wording stable across waves
y2023,,econ_personal_current,Economy,,,1=Very good; 2=Good; 3=About average; 4=Bad; 5=Very bad,Not included in this wave
y2024,,econ_personal_current,Economy,,,1=Very good; 2=Good; 3=About average; 4=Bad; 5=Very bad,Not included in this wave
y1995,s20,education_level,Sociodemographic,,What is the last year of education you completed? [Recoded to 7-point scale by Latinobarometro],1=Illiterate; 2=Incomplete primary/basic; 3=Complete primary/basic; 4=Incomplete secondary/technical; 5=Complete secondary/technical; 6=Incomplete higher education; 7=Complete higher education,Wording stable across waves
y1996,s16a,education_level,Sociodemographic,,What is the last year of education you completed? [Recoded to 7-point scale by Latinobarometro],1=Illiterate; 2=Incomplete primary/basic; 3=Complete primary/basic; 4=Incomplete secondary/technical; 5=Complete secondary/technical; 6=Incomplete higher education; 7=Complete higher education,Wording stable across waves
y1997,s12a,education_level,Sociodemographic,,What is the last year of education you completed? [Recoded to 7-point scale by Latinobarometro],1=Illiterate; 2=Incomplete primary/basic; 3=Complete primary/basic; 4=Incomplete secondary/technical; 5=Complete secondary/technical; 6=Incomplete higher education; 7=Complete higher education,Wording stable across waves
y1998,s14a,education_level,Sociodemographic,,What is the last year of education you completed? [Recoded to 7-point scale by Latinobarometro],1=Illiterate; 2=Incomplete primary/basic; 3=Complete primary/basic; 4=Incomplete secondary/technical; 5=Complete secondary/technical; 6=Incomplete higher education; 7=Complete higher education,Wording stable across waves
y2000,reeduc1,education_level,Sociodemographic,,What is the last year of education you completed? [Recoded to 7-point scale by Latinobarometro],1=Illiterate; 2=Incomplete primary/basic; 3=Complete primary/basic; 4=Incomplete secondary/technical; 5=Complete secondary/technical; 6=Incomplete higher education; 7=Complete higher education,Wording stable across waves
y2001,reeduc1,education_level,Sociodemographic,,What is the last year of education you completed? [Recoded to 7-point scale by Latinobarometro],1=Illiterate; 2=Incomplete primary/basic; 3=Complete primary/basic; 4=Incomplete secondary/technical; 5=Complete secondary/technical; 6=Incomplete higher education; 7=Complete higher education,Wording stable across waves
y2002,reeduc1,education_level,Sociodemographic,,What is the last year of education you completed? [Recoded to 7-point scale by Latinobarometro],1=Illiterate; 2=Incomplete primary/basic; 3=Complete primary/basic; 4=Incomplete secondary/technical; 5=Complete secondary/technical; 6=Incomplete higher education; 7=Complete higher education,Wording stable across waves
y2003,s18,education_level,Sociodemographic,,What is the last year of education you completed? [Recoded to 7-point scale by Latinobarometro],1=Illiterate; 2=Incomplete primary/basic; 3=Complete primary/basic; 4=Incomplete secondary/technical; 5=Complete secondary/technical; 6=Incomplete higher education; 7=Complete higher education,Wording stable across waves
y2004,reeduc1,education_level,Sociodemographic,,What is the last year of education you completed? [Recoded to 7-point scale by Latinobarometro],1=Illiterate; 2=Incomplete primary/basic; 3=Complete primary/basic; 4=Incomplete secondary/technical; 5=Complete secondary/technical; 6=Incomplete higher education; 7=Complete higher education,Wording stable across waves
y2005,reeduc1,education_level,Sociodemographic,,What is the last year of education you completed? [Recoded to 7-point scale by Latinobarometro],1=Illiterate; 2=Incomplete primary/basic; 3=Complete primary/basic; 4=Incomplete secondary/technical; 5=Complete secondary/technical; 6=Incomplete higher education; 7=Complete higher education,Wording stable across waves
y2006,reeduc1,education_level,Sociodemographic,,What is the last year of education you completed? [Recoded to 7-point scale by Latinobarometro],1=Illiterate; 2=Incomplete primary/basic; 3=Complete primary/basic; 4=Incomplete secondary/technical; 5=Complete secondary/technical; 6=Incomplete higher education; 7=Complete higher education,Wording stable across waves
y2007,reeduc1,education_level,Sociodemographic,,What is the last year of education you completed? [Recoded to 7-point scale by Latinobarometro],1=Illiterate; 2=Incomplete primary/basic; 3=Complete primary/basic; 4=Incomplete secondary/technical; 5=Complete secondary/technical; 6=Incomplete higher education; 7=Complete higher education,Wording stable across waves
y2008,reeduc1,education_level,Sociodemographic,,What is the last year of education you completed? [Recoded to 7-point scale by Latinobarometro],1=Illiterate; 2=Incomplete primary/basic; 3=Complete primary/basic; 4=Incomplete secondary/technical; 5=Complete secondary/technical; 6=Incomplete higher education; 7=Complete higher education,Wording stable across waves
y2009,reeduc1,education_level,Sociodemographic,,What is the last year of education you completed? [Recoded to 7-point scale by Latinobarometro],1=Illiterate; 2=Incomplete primary/basic; 3=Complete primary/basic; 4=Incomplete secondary/technical; 5=Complete secondary/technical; 6=Incomplete higher education; 7=Complete higher education,Wording stable across waves
y2010,REEDUC1,education_level,Sociodemographic,,What is the last year of education you completed? [Recoded to 7-point scale by Latinobarometro],1=Illiterate; 2=Incomplete primary/basic; 3=Complete primary/basic; 4=Incomplete secondary/technical; 5=Complete secondary/technical; 6=Incomplete higher education; 7=Complete higher education,Wording stable across waves
y2011,REEDUC1,education_level,Sociodemographic,,What is the last year of education you completed? [Recoded to 7-point scale by Latinobarometro],1=Illiterate; 2=Incomplete primary/basic; 3=Complete primary/basic; 4=Incomplete secondary/technical; 5=Complete secondary/technical; 6=Incomplete higher education; 7=Complete higher education,Wording stable across waves
y2013,REEDUC_1,education_level,Sociodemographic,,What is the last year of education you completed? [Recoded to 7-point scale by Latinobarometro],1=Illiterate; 2=Incomplete primary/basic; 3=Complete primary/basic; 4=Incomplete secondary/technical; 5=Complete secondary/technical; 6=Incomplete higher education; 7=Complete higher education,Wording stable across waves
y2015,REEDUC_1,education_level,Sociodemographic,,What is the last year of education you completed? [Recoded to 7-point scale by Latinobarometro],1=Illiterate; 2=Incomplete primary/basic; 3=Complete primary/basic; 4=Incomplete secondary/technical; 5=Complete secondary/technical; 6=Incomplete higher education; 7=Complete higher education,Wording stable across waves
y2016,REEDUC_1,education_level,Sociodemographic,,What is the last year of education you completed? [Recoded to 7-point scale by Latinobarometro],1=Illiterate; 2=Incomplete primary/basic; 3=Complete primary/basic; 4=Incomplete secondary/technical; 5=Complete secondary/technical; 6=Incomplete higher education; 7=Complete higher education,Wording stable across waves
y2017,REEDUC.1,education_level,Sociodemographic,,What is the last year of education you completed? [Recoded to 7-point scale by Latinobarometro],1=Illiterate; 2=Incomplete primary/basic; 3=Complete primary/basic; 4=Incomplete secondary/technical; 5=Complete secondary/technical; 6=Incomplete higher education; 7=Complete higher education,Wording stable across waves
y2018,REEDUC.1,education_level,Sociodemographic,,What is the last year of education you completed? [Recoded to 7-point scale by Latinobarometro],1=Illiterate; 2=Incomplete primary/basic; 3=Complete primary/basic; 4=Incomplete secondary/technical; 5=Complete secondary/technical; 6=Incomplete higher education; 7=Complete higher education,Wording stable across waves
y2020,REEDUC.1,education_level,Sociodemographic,,What is the last year of education you completed? [Recoded to 7-point scale by Latinobarometro],1=Illiterate; 2=Incomplete primary/basic; 3=Complete primary/basic; 4=Incomplete secondary/technical; 5=Complete secondary/technical; 6=Incomplete higher education; 7=Complete higher education,Wording stable across waves
y2023,REEEDUC.1,education_level,Sociodemographic,,What is the last year of education you completed? [Recoded to 7-point scale by Latinobarometro],1=Illiterate; 2=Incomplete primary/basic; 3=Complete primary/basic; 4=Incomplete secondary/technical; 5=Complete secondary/technical; 6=Incomplete higher education; 7=Complete higher education,Wording stable across waves
y2024,REEDUC.1,education_level,Sociodemographic,,What is the last year of education you completed? [Recoded to 7-point scale by Latinobarometro],1=Illiterate; 2=Incomplete primary/basic; 3=Complete primary/basic; 4=Incomplete secondary/technical; 5=Complete secondary/technical; 6=Incomplete higher education; 7=Complete higher education,Wording stable across waves
y1995,,pol_say_what_think,Political Culture,,,1=Say what they think about politics; 2=Do not say what they really think,Not included in this wave
y1996,,pol_say_what_think,Political Culture,,,1=Say what they think about politics; 2=Do not say what they really think,Not included in this wave
y1997,,pol_say_what_think,Political Culture,,,1=Say what they think about politics; 2=Do not say what they really think,Not included in this wave
y1998,,pol_say_what_think,Political Culture,,,1=Say what they think about politics; 2=Do not say what they really think,Not included in this wave
y2000,,pol_say_what_think,Political Culture,,,1=Say what they think about politics; 2=Do not say what they really think,Not included in this wave
y2001,,pol_say_what_think,Political Culture,,,1=Say what they think about politics; 2=Do not say what they really think,Not included in this wave
y2002,,pol_say_what_think,Political Culture,,,1=Say what they think about politics; 2=Do not say what they really think,Not included in this wave
y2003,,pol_say_what_think,Political Culture,,,1=Say what they think about politics; 2=Do not say what they really think,Not included in this wave
y2004,,pol_say_what_think,Political Culture,,,1=Say what they think about politics; 2=Do not say what they really think,Not included in this wave
y2005,,pol_say_what_think,Political Culture,,,1=Say what they think about politics; 2=Do not say what they really think,Not included in this wave
y2006,,pol_say_what_think,Political Culture,,,1=Say what they think about politics; 2=Do not say what they really think,Not included in this wave
y2007,,pol_say_what_think,Political Culture,,,1=Say what they think about politics; 2=Do not say what they really think,Not included in this wave
y2008,,pol_say_what_think,Political Culture,,,1=Say what they think about politics; 2=Do not say what they really think,Not included in this wave
y2009,,pol_say_what_think,Political Culture,,,1=Say what they think about politics; 2=Do not say what they really think,Not included in this wave
y2010,,pol_say_what_think,Political Culture,,,1=Say what they think about politics; 2=Do not say what they really think,Not included in this wave
y2011,,pol_say_what_think,Political Culture,,,1=Say what they think about politics; 2=Do not say what they really think,Not included in this wave
y2013,,pol_say_what_think,Political Culture,,,1=Say what they think about politics; 2=Do not say what they really think,Not included in this wave
y2015,P29ST,pol_say_what_think,Political Culture,,"When people are asked to express their political opinion, do you think that most people say what they think about politics or do you think that they usually do not say what they really think?",1=Say what they think about politics; 2=Do not say what they really think,Wording stable across waves
y2016,,pol_say_what_think,Political Culture,,,1=Say what they think about politics; 2=Do not say what they really think,Not included in this wave
y2017,,pol_say_what_think,Political Culture,,,1=Say what they think about politics; 2=Do not say what they really think,Not included in this wave
y2018,,pol_say_what_think,Political Culture,,,1=Say what they think about politics; 2=Do not say what they really think,Not included in this wave
y2020,P60ST,pol_say_what_think,Political Culture,,"When people are asked to express their political opinion, do you think that most people say what they think about politics or do you think that they usually do not say what they really think?",1=Say what they think about politics; 2=Do not say what they really think,Wording stable across waves
y2023,P48ST,pol_say_what_think,Political Culture,,"When people are asked to express their political opinion, do you think that most people say what they think about politics or do you think that they usually do not say what they really think?",1=Say what they think about politics; 2=Do not say what they really think,Wording stable across waves
y2024,,pol_say_what_think,Political Culture,,,1=Say what they think about politics; 2=Do not say what they really think,Not included in this wave
y1995,p35,strongman_mano_dura,Democracy,,Some people say that a bit of a firm hand (mano dura) from the government is not a bad thing for the country. Others say that we don't need the government's firm hand. Which statement is closest to your way of thinking?,1=A bit of a firm hand is not a bad thing for the country; 2=We don't need firm hand,Wording stable across waves
y1996,,strongman_mano_dura,Democracy,,,1=A bit of a firm hand is not a bad thing for the country; 2=We don't need firm hand,Not included in this wave
y1997,,strongman_mano_dura,Democracy,,,1=A bit of a firm hand is not a bad thing for the country; 2=We don't need firm hand,Not included in this wave
y1998,,strongman_mano_dura,Democracy,,,1=A bit of a firm hand is not a bad thing for the country; 2=We don't need firm hand,Not included in this wave
y2000,,strongman_mano_dura,Democracy,,,1=A bit of a firm hand is not a bad thing for the country; 2=We don't need firm hand,Not included in this wave
y2001,,strongman_mano_dura,Democracy,,,1=A bit of a firm hand is not a bad thing for the country; 2=We don't need firm hand,Not included in this wave
y2002,,strongman_mano_dura,Democracy,,,1=A bit of a firm hand is not a bad thing for the country; 2=We don't need firm hand,Not included in this wave
y2003,,strongman_mano_dura,Democracy,,,1=A bit of a firm hand is not a bad thing for the country; 2=We don't need firm hand,Not included in this wave
y2004,p26st,strongman_mano_dura,Democracy,,Some people say that a bit of a firm hand (mano dura) from the government is not a bad thing for the country. Others say that we don't need the government's firm hand. Which statement is closest to your way of thinking?,1=A bit of a firm hand is not a bad thing for the country; 2=We don't need firm hand,Wording stable across waves
y2005,,strongman_mano_dura,Democracy,,,1=A bit of a firm hand is not a bad thing for the country; 2=We don't need firm hand,Not included in this wave
y2006,,strongman_mano_dura,Democracy,,,1=A bit of a firm hand is not a bad thing for the country; 2=We don't need firm hand,Not included in this wave
y2007,,strongman_mano_dura,Democracy,,,1=A bit of a firm hand is not a bad thing for the country; 2=We don't need firm hand,Not included in this wave
y2008,,strongman_mano_dura,Democracy,,,1=A bit of a firm hand is not a bad thing for the country; 2=We don't need firm hand,Not included in this wave
y2009,,strongman_mano_dura,Democracy,,,1=A bit of a firm hand is not a bad thing for the country; 2=We don't need firm hand,Not included in this wave
y2010,,strongman_mano_dura,Democracy,,,1=A bit of a firm hand is not a bad thing for the country; 2=We don't need firm hand,Not included in this wave
y2011,,strongman_mano_dura,Democracy,,,1=A bit of a firm hand is not a bad thing for the country; 2=We don't need firm hand,Not included in this wave
y2013,,strongman_mano_dura,Democracy,,,1=A bit of a firm hand is not a bad thing for the country; 2=We don't need firm hand,Not included in this wave
y2015,,strongman_mano_dura,Democracy,,,1=A bit of a firm hand is not a bad thing for the country; 2=We don't need firm hand,Not included in this wave
y2016,P19ST,strongman_mano_dura,Democracy,,Some people say that a bit of a firm hand (mano dura) from the government is not a bad thing for the country. Others say that we don't need the government's firm hand. Which statement is closest to your way of thinking?,1=A bit of a firm hand is not a bad thing for the country; 2=We don't need firm hand,Wording stable across waves
y2017,,strongman_mano_dura,Democracy,,,1=A bit of a firm hand is not a bad thing for the country; 2=We don't need firm hand,Not included in this wave
y2018,,strongman_mano_dura,Democracy,,,1=A bit of a firm hand is not a bad thing for the country; 2=We don't need firm hand,Not included in this wave
y2020,,strongman_mano_dura,Democracy,,,1=A bit of a firm hand is not a bad thing for the country; 2=We don't need firm hand,Not included in this wave
y2023,,strongman_mano_dura,Democracy,,,1=A bit of a firm hand is not a bad thing for the country; 2=We don't need firm hand,Not included in this wave
y2024,,strongman_mano_dura,Democracy,,,1=A bit of a firm hand is not a bad thing for the country; 2=We don't need firm hand,Not included in this wave
y1995,p27b,trust_armed_forces,Institutional Trust,"Please look at this card and tell me how much confidence you have in each of the following groups, institutions or persons mentioned on the list: a lot, some, a little, or no confidence?",The Armed Forces,1=A lot; 2=Some; 3=A little; 4=No confidence,Wording stable across waves
y1996,p33b,trust_armed_forces,Institutional Trust,"Please look at this card and tell me how much confidence you have in each of the following groups, institutions or persons mentioned on the list: a lot, some, a little, or no confidence?",The Armed Forces,1=A lot; 2=Some; 3=A little; 4=No confidence,Wording stable across waves
y1997,sp63b,trust_armed_forces,Institutional Trust,"Please look at this card and tell me how much confidence you have in each of the following groups, institutions or persons mentioned on the list: a lot, some, a little, or no confidence?",The Armed Forces,1=A lot; 2=Some; 3=A little; 4=No confidence,Wording stable across waves
y1998,sp38b,trust_armed_forces,Institutional Trust,"Please look at this card and tell me how much confidence you have in each of the following groups, institutions or persons mentioned on the list: a lot, some, a little, or no confidence?",The Armed Forces,1=A lot; 2=Some; 3=A little; 4=No confidence,Wording stable across waves
y2000,P35ST.B,trust_armed_forces,Institutional Trust,"Please look at this card and tell me how much confidence you have in each of the following groups, institutions or persons mentioned on the list: a lot, some, a little, or no confidence?",The Armed Forces,1=A lot; 2=Some; 3=A little; 4=No confidence,Wording stable across waves
y2001,p61stb,trust_armed_forces,Institutional Trust,"Please look at this card and tell me how much confidence you have in each of the following groups, institutions or persons mentioned on the list: a lot, some, a little, or no confidence?",The Armed Forces,1=A lot; 2=Some; 3=A little; 4=No confidence,Wording stable across waves
y2002,p36stb,trust_armed_forces,Institutional Trust,"Please look at this card and tell me how much confidence you have in each of the following groups, institutions or persons mentioned on the list: a lot, some, a little, or no confidence?",The Armed Forces,1=A lot; 2=Some; 3=A little; 4=No confidence,Wording stable across waves
y2003,p21stg,trust_armed_forces,Institutional Trust,"Please look at this card and tell me how much confidence you have in each of the following groups, institutions or persons mentioned on the list: a lot, some, a little, or no confidence?",The Armed Forces,1=A lot; 2=Some; 3=A little; 4=No confidence,Wording stable across waves
y2004,p32stg,trust_armed_forces,Institutional Trust,"Please look at this card and tell me how much confidence you have in each of the following groups, institutions or persons mentioned on the list: a lot, some, a little, or no confidence?",The Armed Forces,1=A lot; 2=Some; 3=A little; 4=No confidence,Wording stable across waves
y2005,p42stb,trust_armed_forces,Institutional Trust,"Please look at this card and tell me how much confidence you have in each of the following groups, institutions or persons mentioned on the list: a lot, some, a little, or no confidence?",The Armed Forces,1=A lot; 2=Some; 3=A little; 4=No confidence,Wording stable across waves
y2006,p32st.e,trust_armed_forces,Institutional Trust,"Please look at this card and tell me how much confidence you have in each of the following groups, institutions or persons mentioned on the list: a lot, some, a little, or no confidence?",The Armed Forces,1=A lot; 2=Some; 3=A little; 4=No confidence,Wording stable across waves
y2007,p27st.d,trust_armed_forces,Institutional Trust,"Please look at this card and tell me how much confidence you have in each of the following groups, institutions or persons mentioned on the list: a lot, some, a little, or no confidence?",The Armed Forces,1=A lot; 2=Some; 3=A little; 4=No confidence,Wording stable across waves
y2008,p28st.d,trust_armed_forces,Institutional Trust,"Please look at this card and tell me how much confidence you have in each of the following groups, institutions or persons mentioned on the list: a lot, some, a little, or no confidence?",The Armed Forces,1=A lot; 2=Some; 3=A little; 4=No confidence,Wording stable across waves
y2009,p26st.d,trust_armed_forces,Institutional Trust,"Please look at this card and tell me how much confidence you have in each of the following groups, institutions or persons mentioned on the list: a lot, some, a little, or no confidence?",The Armed Forces,1=A lot; 2=Some; 3=A little; 4=No confidence,Wording stable across waves
y2010,P20ST.D,trust_armed_forces,Institutional Trust,"Please look at this card and tell me how much confidence you have in each of the following groups, institutions or persons mentioned on the list: a lot, some, a little, or no confidence?",The Armed Forces,1=A lot; 2=Some; 3=A little; 4=No confidence,Wording stable across waves
y2011,P20ST.D,trust_armed_forces,Institutional Trust,"Please look at this card and tell me how much confidence you have in each of the following groups, institutions or persons mentioned on the list: a lot, some, a little, or no confidence?",The Armed Forces,1=A lot; 2=Some; 3=A little; 4=No confidence,Wording stable across waves
y2013,P28TGB.A,trust_armed_forces,Institutional Trust,"Please look at this card and tell me how much confidence you have in each of the following groups, institutions or persons mentioned on the list: a lot, some, a little, or no confidence?",The Armed Forces,1=A lot; 2=Some; 3=A little; 4=No confidence,Wording stable across waves
y2015,P16TGB.A,trust_armed_forces,Institutional Trust,"Please look at this card and tell me how much confidence you have in each of the following groups, institutions or persons mentioned on the list: a lot, some, a little, or no confidence?",The Armed Forces,1=A lot; 2=Some; 3=A little; 4=No confidence,Wording stable across waves
y2016,P13STGBSA,trust_armed_forces,Institutional Trust,"Please look at this card and tell me how much confidence you have in each of the following groups, institutions or persons mentioned on the list: a lot, some, a little, or no confidence?",The Armed Forces,1=A lot; 2=Some; 3=A little; 4=No confidence,Wording stable across waves
y2017,P14STGBS.A,trust_armed_forces,Institutional Trust,"Please look at this card and tell me how much confidence you have in each of the following groups, institutions or persons mentioned on the list: a lot, some, a little, or no confidence?",The Armed Forces,1=A lot; 2=Some; 3=A little; 4=No confidence,Wording stable across waves
y2018,P15STGBSC.A,trust_armed_forces,Institutional Trust,"Please look at this card and tell me how much confidence you have in each of the following groups, institutions or persons mentioned on the list: a lot, some, a little, or no confidence?",The Armed Forces,1=A lot; 2=Some; 3=A little; 4=No confidence,Wording stable across waves
y2020,P13STGBS.A,trust_armed_forces,Institutional Trust,"Please look at this card and tell me how much confidence you have in each of the following groups, institutions or persons mentioned on the list: a lot, some, a little, or no confidence?",The Armed Forces,1=A lot; 2=Some; 3=A little; 4=No confidence,Wording stable across waves
y2023,P13STGBS.A,trust_armed_forces,Institutional Trust,"Please look at this card and tell me how much confidence you have in each of the following groups, institutions or persons mentioned on the list: a lot, some, a little, or no confidence?",The Armed Forces,1=A lot; 2=Some; 3=A little; 4=No confidence,Wording stable across waves
y2024,P14STGBS.A,trust_armed_forces,Institutional Trust,"Please look at this card and tell me how much confidence you have in each of the following groups, institutions or persons mentioned on the list: a lot, some, a little, or no confidence?",The Armed Forces,1=A lot; 2=Some; 3=A little; 4=No confidence,Wording stable across waves
y1995,p27a,trust_churches,Institutional Trust,"Please look at this card and tell me how much confidence you have in each of the following groups, institutions or persons mentioned on the list: a lot, some, a little, or no confidence?",The Church,1=A lot; 2=Some; 3=A little; 4=No confidence,Wording stable across waves
y1996,p33a,trust_churches,Institutional Trust,"Please look at this card and tell me how much confidence you have in each of the following groups, institutions or persons mentioned on the list: a lot, some, a little, or no confidence?",The Church,1=A lot; 2=Some; 3=A little; 4=No confidence,Wording stable across waves
y1997,sp63a,trust_churches,Institutional Trust,"Please look at this card and tell me how much confidence you have in each of the following groups, institutions or persons mentioned on the list: a lot, some, a little, or no confidence?",The Church,1=A lot; 2=Some; 3=A little; 4=No confidence,Wording stable across waves
y1998,sp38a,trust_churches,Institutional Trust,"Please look at this card and tell me how much confidence you have in each of the following groups, institutions or persons mentioned on the list: a lot, some, a little, or no confidence?",The Church,1=A lot; 2=Some; 3=A little; 4=No confidence,Wording stable across waves
y2000,P35ST.A,trust_churches,Institutional Trust,"Please look at this card and tell me how much confidence you have in each of the following groups, institutions or persons mentioned on the list: a lot, some, a little, or no confidence?",The Church,1=A lot; 2=Some; 3=A little; 4=No confidence,Wording stable across waves
y2001,p61sta,trust_churches,Institutional Trust,"Please look at this card and tell me how much confidence you have in each of the following groups, institutions or persons mentioned on the list: a lot, some, a little, or no confidence?",The Church,1=A lot; 2=Some; 3=A little; 4=No confidence,Wording stable across waves
y2002,p34sta,trust_churches,Institutional Trust,"Please look at this card and tell me how much confidence you have in each of the following groups, institutions or persons mentioned on the list: a lot, some, a little, or no confidence?",The Church,1=A lot; 2=Some; 3=A little; 4=No confidence,Wording stable across waves
y2003,p21sta,trust_churches,Institutional Trust,"Please look at this card and tell me how much confidence you have in each of the following groups, institutions or persons mentioned on the list: a lot, some, a little, or no confidence?",The Church,1=A lot; 2=Some; 3=A little; 4=No confidence,Wording stable across waves
y2004,p32stc,trust_churches,Institutional Trust,"Please look at this card and tell me how much confidence you have in each of the following groups, institutions or persons mentioned on the list: a lot, some, a little, or no confidence?",The Church,1=A lot; 2=Some; 3=A little; 4=No confidence,Wording stable across waves
y2005,p42sta,trust_churches,Institutional Trust,"Please look at this card and tell me how much confidence you have in each of the following groups, institutions or persons mentioned on the list: a lot, some, a little, or no confidence?",The Church,1=A lot; 2=Some; 3=A little; 4=No confidence,Wording stable across waves
y2006,p32st.d,trust_churches,Institutional Trust,"Please look at this card and tell me how much confidence you have in each of the following groups, institutions or persons mentioned on the list: a lot, some, a little, or no confidence?",The Church,1=A lot; 2=Some; 3=A little; 4=No confidence,Wording stable across waves
y2007,p27st.c,trust_churches,Institutional Trust,"Please look at this card and tell me how much confidence you have in each of the following groups, institutions or persons mentioned on the list: a lot, some, a little, or no confidence?",The Church,1=A lot; 2=Some; 3=A little; 4=No confidence,Wording stable across waves
y2008,p28st.g,trust_churches,Institutional Trust,"Please look at this card and tell me how much confidence you have in each of the following groups, institutions or persons mentioned on the list: a lot, some, a little, or no confidence?",The Church,1=A lot; 2=Some; 3=A little; 4=No confidence,Wording stable across waves
y2009,p26st.g,trust_churches,Institutional Trust,"Please look at this card and tell me how much confidence you have in each of the following groups, institutions or persons mentioned on the list: a lot, some, a little, or no confidence?",The Church,1=A lot; 2=Some; 3=A little; 4=No confidence,Wording stable across waves
y2010,P20ST.G,trust_churches,Institutional Trust,"Please look at this card and tell me how much confidence you have in each of the following groups, institutions or persons mentioned on the list: a lot, some, a little, or no confidence?",The Church,1=A lot; 2=Some; 3=A little; 4=No confidence,Wording stable across waves
y2011,P20ST.G,trust_churches,Institutional Trust,"Please look at this card and tell me how much confidence you have in each of the following groups, institutions or persons mentioned on the list: a lot, some, a little, or no confidence?",The Church,1=A lot; 2=Some; 3=A little; 4=No confidence,Wording stable across waves
y2013,P28ST.E,trust_churches,Institutional Trust,"Please look at this card and tell me how much confidence you have in each of the following groups, institutions or persons mentioned on the list: a lot, some, a little, or no confidence?",The Church,1=A lot; 2=Some; 3=A little; 4=No confidence,Wording stable across waves
y2015,P16ST.E,trust_churches,Institutional Trust,"Please look at this card and tell me how much confidence you have in each of the following groups, institutions or persons mentioned on the list: a lot, some, a little, or no confidence?",The Church,1=A lot; 2=Some; 3=A little; 4=No confidence,Wording stable across waves
y2016,P13STC,trust_churches,Institutional Trust,"Please look at this card and tell me how much confidence you have in each of the following groups, institutions or persons mentioned on the list: a lot, some, a little, or no confidence?",The Church,1=A lot; 2=Some; 3=A little; 4=No confidence,Wording stable across waves
y2017,P14ST.C,trust_churches,Institutional Trust,"Please look at this card and tell me how much confidence you have in each of the following groups, institutions or persons mentioned on the list: a lot, some, a little, or no confidence?",The Church,1=A lot; 2=Some; 3=A little; 4=No confidence,Wording stable across waves
y2018,P15STGBSC.C,trust_churches,Institutional Trust,"Please look at this card and tell me how much confidence you have in each of the following groups, institutions or persons mentioned on the list: a lot, some, a little, or no confidence?",The Church,1=A lot; 2=Some; 3=A little; 4=No confidence,Wording stable across waves
y2020,P13ST.C,trust_churches,Institutional Trust,"Please look at this card and tell me how much confidence you have in each of the following groups, institutions or persons mentioned on the list: a lot, some, a little, or no confidence?",The Church,1=A lot; 2=Some; 3=A little; 4=No confidence,Wording stable across waves
y2023,P13ST.C,trust_churches,Institutional Trust,"Please look at this card and tell me how much confidence you have in each of the following groups, institutions or persons mentioned on the list: a lot, some, a little, or no confidence?",The Church,1=A lot; 2=Some; 3=A little; 4=No confidence,Wording stable across waves
y2024,P14ST.C,trust_churches,Institutional Trust,"Please look at this card and tell me how much confidence you have in each of the following groups, institutions or persons mentioned on the list: a lot, some, a little, or no confidence?",The Church,1=A lot; 2=Some; 3=A little; 4=No confidence,Wording stable across waves
y1995,p27d,trust_courts,Institutional Trust,"Please look at this card and tell me how much confidence you have in each of the following groups, institutions or persons mentioned on the list: a lot, some, a little, or no confidence?",The Judiciary / Judicial Branch,1=A lot; 2=Some; 3=A little; 4=No confidence,Wording stable across waves
y1996,p33d,trust_courts,Institutional Trust,"Please look at this card and tell me how much confidence you have in each of the following groups, institutions or persons mentioned on the list: a lot, some, a little, or no confidence?",The Judiciary / Judicial Branch,1=A lot; 2=Some; 3=A little; 4=No confidence,Wording stable across waves
y1997,sp63c,trust_courts,Institutional Trust,"Please look at this card and tell me how much confidence you have in each of the following groups, institutions or persons mentioned on the list: a lot, some, a little, or no confidence?",The Judiciary / Judicial Branch,1=A lot; 2=Some; 3=A little; 4=No confidence,Wording stable across waves
y1998,sp38c,trust_courts,Institutional Trust,"Please look at this card and tell me how much confidence you have in each of the following groups, institutions or persons mentioned on the list: a lot, some, a little, or no confidence?",The Judiciary / Judicial Branch,1=A lot; 2=Some; 3=A little; 4=No confidence,Wording stable across waves
y2000,P35ST.C,trust_courts,Institutional Trust,"Please look at this card and tell me how much confidence you have in each of the following groups, institutions or persons mentioned on the list: a lot, some, a little, or no confidence?",The Judiciary / Judicial Branch,1=A lot; 2=Some; 3=A little; 4=No confidence,Wording stable across waves
y2001,p61stc,trust_courts,Institutional Trust,"Please look at this card and tell me how much confidence you have in each of the following groups, institutions or persons mentioned on the list: a lot, some, a little, or no confidence?",The Judiciary / Judicial Branch,1=A lot; 2=Some; 3=A little; 4=No confidence,Wording stable across waves
y2002,p34stc,trust_courts,Institutional Trust,"Please look at this card and tell me how much confidence you have in each of the following groups, institutions or persons mentioned on the list: a lot, some, a little, or no confidence?",The Judiciary / Judicial Branch,1=A lot; 2=Some; 3=A little; 4=No confidence,Wording stable across waves
y2003,p21ste,trust_courts,Institutional Trust,"Please look at this card and tell me how much confidence you have in each of the following groups, institutions or persons mentioned on the list: a lot, some, a little, or no confidence?",The Judiciary / Judicial Branch,1=A lot; 2=Some; 3=A little; 4=No confidence,Wording stable across waves
y2004,p34stb,trust_courts,Institutional Trust,"Please look at this card and tell me how much confidence you have in each of the following groups, institutions or persons mentioned on the list: a lot, some, a little, or no confidence?",The Judiciary / Judicial Branch,1=A lot; 2=Some; 3=A little; 4=No confidence,Wording stable across waves
y2005,p42std,trust_courts,Institutional Trust,"Please look at this card and tell me how much confidence you have in each of the following groups, institutions or persons mentioned on the list: a lot, some, a little, or no confidence?",The Judiciary / Judicial Branch,1=A lot; 2=Some; 3=A little; 4=No confidence,Wording stable across waves
y2006,p24st.a,trust_courts,Institutional Trust,"Please look at this card and tell me how much confidence you have in each of the following groups, institutions or persons mentioned on the list: a lot, some, a little, or no confidence?",The Judiciary / Judicial Branch,1=A lot; 2=Some; 3=A little; 4=No confidence,Wording stable across waves
y2007,p24st.d,trust_courts,Institutional Trust,"Please look at this card and tell me how much confidence you have in each of the following groups, institutions or persons mentioned on the list: a lot, some, a little, or no confidence?",The Judiciary / Judicial Branch,1=A lot; 2=Some; 3=A little; 4=No confidence,Wording stable across waves
y2008,p28st.b,trust_courts,Institutional Trust,"Please look at this card and tell me how much confidence you have in each of the following groups, institutions or persons mentioned on the list: a lot, some, a little, or no confidence?",The Judiciary / Judicial Branch,1=A lot; 2=Some; 3=A little; 4=No confidence,Wording stable across waves
y2009,p26st.b,trust_courts,Institutional Trust,"Please look at this card and tell me how much confidence you have in each of the following groups, institutions or persons mentioned on the list: a lot, some, a little, or no confidence?",The Judiciary / Judicial Branch,1=A lot; 2=Some; 3=A little; 4=No confidence,Wording stable across waves
y2010,P20ST.B,trust_courts,Institutional Trust,"Please look at this card and tell me how much confidence you have in each of the following groups, institutions or persons mentioned on the list: a lot, some, a little, or no confidence?",The Judiciary / Judicial Branch,1=A lot; 2=Some; 3=A little; 4=No confidence,Wording stable across waves
y2011,P20ST.B,trust_courts,Institutional Trust,"Please look at this card and tell me how much confidence you have in each of the following groups, institutions or persons mentioned on the list: a lot, some, a little, or no confidence?",The Judiciary / Judicial Branch,1=A lot; 2=Some; 3=A little; 4=No confidence,Wording stable across waves
y2013,P26TGB.E,trust_courts,Institutional Trust,"Please look at this card and tell me how much confidence you have in each of the following groups, institutions or persons mentioned on the list: a lot, some, a little, or no confidence?",The Judiciary / Judicial Branch,1=A lot; 2=Some; 3=A little; 4=No confidence,Wording stable across waves
y2015,P16ST.H,trust_courts,Institutional Trust,"Please look at this card and tell me how much confidence you have in each of the following groups, institutions or persons mentioned on the list: a lot, some, a little, or no confidence?",The Judiciary / Judicial Branch,1=A lot; 2=Some; 3=A little; 4=No confidence,Wording stable across waves
y2016,P13STF,trust_courts,Institutional Trust,"Please look at this card and tell me how much confidence you have in each of the following groups, institutions or persons mentioned on the list: a lot, some, a little, or no confidence?",The Judiciary / Judicial Branch,1=A lot; 2=Some; 3=A little; 4=No confidence,Wording stable across waves
y2017,P14ST.F,trust_courts,Institutional Trust,"Please look at this card and tell me how much confidence you have in each of the following groups, institutions or persons mentioned on the list: a lot, some, a little, or no confidence?",The Judiciary / Judicial Branch,1=A lot; 2=Some; 3=A little; 4=No confidence,Wording stable across waves
y2018,P15STGBSC.F,trust_courts,Institutional Trust,"Please look at this card and tell me how much confidence you have in each of the following groups, institutions or persons mentioned on the list: a lot, some, a little, or no confidence?",The Judiciary / Judicial Branch,1=A lot; 2=Some; 3=A little; 4=No confidence,Wording stable across waves
y2020,P13ST.F,trust_courts,Institutional Trust,"Please look at this card and tell me how much confidence you have in each of the following groups, institutions or persons mentioned on the list: a lot, some, a little, or no confidence?",The Judiciary / Judicial Branch,1=A lot; 2=Some; 3=A little; 4=No confidence,Wording stable across waves
y2023,P13ST.F,trust_courts,Institutional Trust,"Please look at this card and tell me how much confidence you have in each of the following groups, institutions or persons mentioned on the list: a lot, some, a little, or no confidence?",The Judiciary / Judicial Branch,1=A lot; 2=Some; 3=A little; 4=No confidence,Wording stable across waves
y2024,P14ST.F,trust_courts,Institutional Trust,"Please look at this card and tell me how much confidence you have in each of the following groups, institutions or persons mentioned on the list: a lot, some, a little, or no confidence?",The Judiciary / Judicial Branch,1=A lot; 2=Some; 3=A little; 4=No confidence,Wording stable across waves
y1995,,trust_elections,Institutional Trust,,,1=A lot; 2=Some; 3=A little; 4=No confidence,Not included in this wave
y1996,,trust_elections,Institutional Trust,,,1=A lot; 2=Some; 3=A little; 4=No confidence,Not included in this wave
y1997,,trust_elections,Institutional Trust,,,1=A lot; 2=Some; 3=A little; 4=No confidence,Not included in this wave
y1998,,trust_elections,Institutional Trust,,,1=A lot; 2=Some; 3=A little; 4=No confidence,Not included in this wave
y2000,,trust_elections,Institutional Trust,,,1=A lot; 2=Some; 3=A little; 4=No confidence,Not included in this wave
y2001,,trust_elections,Institutional Trust,,,1=A lot; 2=Some; 3=A little; 4=No confidence,Not included in this wave
y2002,,trust_elections,Institutional Trust,,,1=A lot; 2=Some; 3=A little; 4=No confidence,Not included in this wave
y2003,,trust_elections,Institutional Trust,,,1=A lot; 2=Some; 3=A little; 4=No confidence,Not included in this wave
y2004,,trust_elections,Institutional Trust,,,1=A lot; 2=Some; 3=A little; 4=No confidence,Not included in this wave
y2005,,trust_elections,Institutional Trust,,,1=A lot; 2=Some; 3=A little; 4=No confidence,Not included in this wave
y2006,p35st.d,trust_elections,Institutional Trust,"Please look at this card and tell me how much confidence you have in each of the following groups, institutions or persons mentioned on the list: a lot, some, a little, or no confidence?",The Electoral Institution,1=A lot; 2=Some; 3=A little; 4=No confidence,Wording stable across waves
y2007,p27st.b,trust_elections,Institutional Trust,"Please look at this card and tell me how much confidence you have in each of the following groups, institutions or persons mentioned on the list: a lot, some, a little, or no confidence?",The Electoral Institution,1=A lot; 2=Some; 3=A little; 4=No confidence,Wording stable across waves
y2008,,trust_elections,Institutional Trust,,,1=A lot; 2=Some; 3=A little; 4=No confidence,Not included in this wave
y2009,,trust_elections,Institutional Trust,,,1=A lot; 2=Some; 3=A little; 4=No confidence,Not included in this wave
y2010,P20ST.H,trust_elections,Institutional Trust,"Please look at this card and tell me how much confidence you have in each of the following groups, institutions or persons mentioned on the list: a lot, some, a little, or no confidence?",The Electoral Institution,1=A lot; 2=Some; 3=A little; 4=No confidence,Wording stable across waves
y2011,,trust_elections,Institutional Trust,,,1=A lot; 2=Some; 3=A little; 4=No confidence,Not included in this wave
y2013,,trust_elections,Institutional Trust,,,1=A lot; 2=Some; 3=A little; 4=No confidence,Not included in this wave
y2015,P19N.H,trust_elections,Institutional Trust,"Please look at this card and tell me how much confidence you have in each of the following groups, institutions or persons mentioned on the list: a lot, some, a little, or no confidence?",The Electoral Institution,1=A lot; 2=Some; 3=A little; 4=No confidence,Wording stable across waves
y2016,P13STH,trust_elections,Institutional Trust,"Please look at this card and tell me how much confidence you have in each of the following groups, institutions or persons mentioned on the list: a lot, some, a little, or no confidence?",The Electoral Institution,1=A lot; 2=Some; 3=A little; 4=No confidence,Wording stable across waves
y2017,P14ST.H,trust_elections,Institutional Trust,"Please look at this card and tell me how much confidence you have in each of the following groups, institutions or persons mentioned on the list: a lot, some, a little, or no confidence?",The Electoral Institution,1=A lot; 2=Some; 3=A little; 4=No confidence,Wording stable across waves
y2018,P15STGBSC.H,trust_elections,Institutional Trust,"Please look at this card and tell me how much confidence you have in each of the following groups, institutions or persons mentioned on the list: a lot, some, a little, or no confidence?",The Electoral Institution,1=A lot; 2=Some; 3=A little; 4=No confidence,Wording stable across waves
y2020,P13ST.H,trust_elections,Institutional Trust,"Please look at this card and tell me how much confidence you have in each of the following groups, institutions or persons mentioned on the list: a lot, some, a little, or no confidence?",The Electoral Institution,1=A lot; 2=Some; 3=A little; 4=No confidence,Wording stable across waves
y2023,P13ST.H,trust_elections,Institutional Trust,"Please look at this card and tell me how much confidence you have in each of the following groups, institutions or persons mentioned on the list: a lot, some, a little, or no confidence?",The Electoral Institution,1=A lot; 2=Some; 3=A little; 4=No confidence,Wording stable across waves
y2024,P14ST.H,trust_elections,Institutional Trust,"Please look at this card and tell me how much confidence you have in each of the following groups, institutions or persons mentioned on the list: a lot, some, a little, or no confidence?",The Electoral Institution,1=A lot; 2=Some; 3=A little; 4=No confidence,Wording stable across waves
y1995,,trust_generalized_binary,Social Trust,,,1=One can trust most people; 2=One can never be too careful when dealing with others,Not included in this wave
y1996,p12,trust_generalized_binary,Social Trust,,"Generally speaking, would you say that you can trust most people, or that you can never be too careful when dealing with others?",1=One can trust most people; 2=One can never be too careful when dealing with others,Wording stable across waves
y1997,sp21,trust_generalized_binary,Social Trust,,"Generally speaking, would you say that you can trust most people, or that you can never be too careful when dealing with others?",1=One can trust most people; 2=One can never be too careful when dealing with others,Wording stable across waves
y1998,sp20,trust_generalized_binary,Social Trust,,"Generally speaking, would you say that you can trust most people, or that you can never be too careful when dealing with others?",1=One can trust most people; 2=One can never be too careful when dealing with others,Wording stable across waves
y2000,P17ST,trust_generalized_binary,Social Trust,,"Generally speaking, would you say that you can trust most people, or that you can never be too careful when dealing with others?",1=One can trust most people; 2=One can never be too careful when dealing with others,Wording stable across waves
y2001,p42st,trust_generalized_binary,Social Trust,,"Generally speaking, would you say that you can trust most people, or that you can never be too careful when dealing with others?",1=One can trust most people; 2=One can never be too careful when dealing with others,Wording stable across waves
y2002,p29st,trust_generalized_binary,Social Trust,,"Generally speaking, would you say that you can trust most people, or that you can never be too careful when dealing with others?",1=One can trust most people; 2=One can never be too careful when dealing with others,Wording stable across waves
y2003,p20st,trust_generalized_binary,Social Trust,,"Generally speaking, would you say that you can trust most people, or that you can never be too careful when dealing with others?",1=One can trust most people; 2=One can never be too careful when dealing with others,Wording stable across waves
y2004,p43st,trust_generalized_binary,Social Trust,,"Generally speaking, would you say that you can trust most people, or that you can never be too careful when dealing with others?",1=One can trust most people; 2=One can never be too careful when dealing with others,Wording stable across waves
y2005,p14st,trust_generalized_binary,Social Trust,,"Generally speaking, would you say that you can trust most people, or that you can never be too careful when dealing with others?",1=One can trust most people; 2=One can never be too careful when dealing with others,Wording stable across waves
y2006,p45st,trust_generalized_binary,Social Trust,,"Generally speaking, would you say that you can trust most people, or that you can never be too careful when dealing with others?",1=One can trust most people; 2=One can never be too careful when dealing with others,Wording stable across waves
y2007,p23st,trust_generalized_binary,Social Trust,,"Generally speaking, would you say that you can trust most people, or that you can never be too careful when dealing with others?",1=One can trust most people; 2=One can never be too careful when dealing with others,Wording stable across waves
y2008,p21wvsst,trust_generalized_binary,Social Trust,,"Generally speaking, would you say that you can trust most people, or that you can never be too careful when dealing with others?",1=One can trust most people; 2=One can never be too careful when dealing with others,Wording stable across waves
y2009,p58st,trust_generalized_binary,Social Trust,,"Generally speaking, would you say that you can trust most people, or that you can never be too careful when dealing with others?",1=One can trust most people; 2=One can never be too careful when dealing with others,Wording stable across waves
y2010,P55ST,trust_generalized_binary,Social Trust,,"Generally speaking, would you say that you can trust most people, or that you can never be too careful when dealing with others?",1=One can trust most people; 2=One can never be too careful when dealing with others,Wording stable across waves
y2011,P25ST,trust_generalized_binary,Social Trust,,"Generally speaking, would you say that you can trust most people, or that you can never be too careful when dealing with others?",1=One can trust most people; 2=One can never be too careful when dealing with others,Wording stable across waves
y2013,P29STGBS,trust_generalized_binary,Social Trust,,"Generally speaking, would you say that you can trust most people, or that you can never be too careful when dealing with others?",1=One can trust most people; 2=One can never be too careful when dealing with others,Wording stable across waves
y2015,P15STGBS,trust_generalized_binary,Social Trust,,"Generally speaking, would you say that you can trust most people, or that you can never be too careful when dealing with others?",1=One can trust most people; 2=One can never be too careful when dealing with others,Wording stable across waves
y2016,P12STGBS,trust_generalized_binary,Social Trust,,"Generally speaking, would you say that you can trust most people, or that you can never be too careful when dealing with others?",1=One can trust most people; 2=One can never be too careful when dealing with others,Wording stable across waves
y2017,P13STGBS,trust_generalized_binary,Social Trust,,"Generally speaking, would you say that you can trust most people, or that you can never be too careful when dealing with others?",1=One can trust most people; 2=One can never be too careful when dealing with others,Wording stable across waves
y2018,P11STGBS,trust_generalized_binary,Social Trust,,"Generally speaking, would you say that you can trust most people, or that you can never be too careful when dealing with others?",1=One can trust most people; 2=One can never be too careful when dealing with others,Wording stable across waves
y2020,P9STGBS,trust_generalized_binary,Social Trust,,"Generally speaking, would you say that you can trust most people, or that you can never be too careful when dealing with others?",1=One can trust most people; 2=One can never be too careful when dealing with others,Wording stable across waves
y2023,P9STGBS,trust_generalized_binary,Social Trust,,"Generally speaking, would you say that you can trust most people, or that you can never be too careful when dealing with others?",1=One can trust most people; 2=One can never be too careful when dealing with others,Wording stable across waves
y2024,P10STGBS,trust_generalized_binary,Social Trust,,"Generally speaking, would you say that you can trust most people, or that you can never be too careful when dealing with others?",1=One can trust most people; 2=One can never be too careful when dealing with others,Wording stable across waves
y1995,p27m,trust_government,Institutional Trust,"Please look at this card and tell me how much confidence you have in each of the following groups, institutions or persons mentioned on the list: a lot, some, a little, or no confidence?",The National Government,1=A lot; 2=Some; 3=A little; 4=No confidence,Wording stable across waves
y1996,p33m,trust_government,Institutional Trust,"Please look at this card and tell me how much confidence you have in each of the following groups, institutions or persons mentioned on the list: a lot, some, a little, or no confidence?",The National Government,1=A lot; 2=Some; 3=A little; 4=No confidence,Wording stable across waves
y1997,,trust_government,Institutional Trust,,,1=A lot; 2=Some; 3=A little; 4=No confidence,Not included in this wave
y1998,,trust_government,Institutional Trust,,,1=A lot; 2=Some; 3=A little; 4=No confidence,Not included in this wave
y2000,,trust_government,Institutional Trust,,,1=A lot; 2=Some; 3=A little; 4=No confidence,Not included in this wave
y2001,,trust_government,Institutional Trust,,,1=A lot; 2=Some; 3=A little; 4=No confidence,Not included in this wave
y2002,p34std,trust_government,Institutional Trust,"Please look at this card and tell me how much confidence you have in each of the following groups, institutions or persons mentioned on the list: a lot, some, a little, or no confidence?",The National Government,1=A lot; 2=Some; 3=A little; 4=No confidence,Wording stable across waves
y2003,p23stg,trust_government,Institutional Trust,"Please look at this card and tell me how much confidence you have in each of the following groups, institutions or persons mentioned on the list: a lot, some, a little, or no confidence?",The National Government,1=A lot; 2=Some; 3=A little; 4=No confidence,Wording stable across waves
y2004,p32std,trust_government,Institutional Trust,"Please look at this card and tell me how much confidence you have in each of the following groups, institutions or persons mentioned on the list: a lot, some, a little, or no confidence?",The National Government,1=A lot; 2=Some; 3=A little; 4=No confidence,Wording stable across waves
y2005,p45stc,trust_government,Institutional Trust,"Please look at this card and tell me how much confidence you have in each of the following groups, institutions or persons mentioned on the list: a lot, some, a little, or no confidence?",The National Government,1=A lot; 2=Some; 3=A little; 4=No confidence,Wording stable across waves
y2006,p32st.a,trust_government,Institutional Trust,"Please look at this card and tell me how much confidence you have in each of the following groups, institutions or persons mentioned on the list: a lot, some, a little, or no confidence?",The National Government,1=A lot; 2=Some; 3=A little; 4=No confidence,Wording stable across waves
y2007,p24st.a,trust_government,Institutional Trust,"Please look at this card and tell me how much confidence you have in each of the following groups, institutions or persons mentioned on the list: a lot, some, a little, or no confidence?",The National Government,1=A lot; 2=Some; 3=A little; 4=No confidence,Wording stable across waves
y2008,p31s.ta,trust_government,Institutional Trust,"Please look at this card and tell me how much confidence you have in each of the following groups, institutions or persons mentioned on the list: a lot, some, a little, or no confidence?",The National Government,1=A lot; 2=Some; 3=A little; 4=No confidence,Wording stable across waves
y2009,p24st.a,trust_government,Institutional Trust,"Please look at this card and tell me how much confidence you have in each of the following groups, institutions or persons mentioned on the list: a lot, some, a little, or no confidence?",The National Government,1=A lot; 2=Some; 3=A little; 4=No confidence,Wording stable across waves
y2010,P18ST.A,trust_government,Institutional Trust,"Please look at this card and tell me how much confidence you have in each of the following groups, institutions or persons mentioned on the list: a lot, some, a little, or no confidence?",The National Government,1=A lot; 2=Some; 3=A little; 4=No confidence,Wording stable across waves
y2011,,trust_government,Institutional Trust,,,1=A lot; 2=Some; 3=A little; 4=No confidence,Not included in this wave
y2013,P26TGB.B,trust_government,Institutional Trust,"Please look at this card and tell me how much confidence you have in each of the following groups, institutions or persons mentioned on the list: a lot, some, a little, or no confidence?",The National Government,1=A lot; 2=Some; 3=A little; 4=No confidence,Wording stable across waves
y2015,P16ST.G,trust_government,Institutional Trust,"Please look at this card and tell me how much confidence you have in each of the following groups, institutions or persons mentioned on the list: a lot, some, a little, or no confidence?",The National Government,1=A lot; 2=Some; 3=A little; 4=No confidence,Wording stable across waves
y2016,P13STE,trust_government,Institutional Trust,"Please look at this card and tell me how much confidence you have in each of the following groups, institutions or persons mentioned on the list: a lot, some, a little, or no confidence?",The National Government,1=A lot; 2=Some; 3=A little; 4=No confidence,Wording stable across waves
y2017,P14ST.E,trust_government,Institutional Trust,"Please look at this card and tell me how much confidence you have in each of the following groups, institutions or persons mentioned on the list: a lot, some, a little, or no confidence?",The National Government,1=A lot; 2=Some; 3=A little; 4=No confidence,Wording stable across waves
y2018,P15STGBSC.E,trust_government,Institutional Trust,"Please look at this card and tell me how much confidence you have in each of the following groups, institutions or persons mentioned on the list: a lot, some, a little, or no confidence?",The National Government,1=A lot; 2=Some; 3=A little; 4=No confidence,Wording stable across waves
y2020,P13ST.E,trust_government,Institutional Trust,"Please look at this card and tell me how much confidence you have in each of the following groups, institutions or persons mentioned on the list: a lot, some, a little, or no confidence?",The National Government,1=A lot; 2=Some; 3=A little; 4=No confidence,Wording stable across waves
y2023,P13ST.E,trust_government,Institutional Trust,"Please look at this card and tell me how much confidence you have in each of the following groups, institutions or persons mentioned on the list: a lot, some, a little, or no confidence?",The National Government,1=A lot; 2=Some; 3=A little; 4=No confidence,Wording stable across waves
y2024,P14ST.E,trust_government,Institutional Trust,"Please look at this card and tell me how much confidence you have in each of the following groups, institutions or persons mentioned on the list: a lot, some, a little, or no confidence?",The National Government,1=A lot; 2=Some; 3=A little; 4=No confidence,Wording stable across waves
y1995,p27e,trust_newspapers,Institutional Trust (Media),"Please look at this card and tell me how much confidence you have in each of the following groups, institutions or persons mentioned on the list: a lot, some, a little, or no confidence?",Newspapers,1=A lot; 2=Some; 3=A little; 4=No confidence,Wording stable across waves
y1996,p33e,trust_newspapers,Institutional Trust (Media),"Please look at this card and tell me how much confidence you have in each of the following groups, institutions or persons mentioned on the list: a lot, some, a little, or no confidence?",Newspapers,1=A lot; 2=Some; 3=A little; 4=No confidence,Wording stable across waves
y1997,,trust_newspapers,Institutional Trust (Media),,,1=A lot; 2=Some; 3=A little; 4=No confidence,Not included in this wave
y1998,,trust_newspapers,Institutional Trust (Media),,,1=A lot; 2=Some; 3=A little; 4=No confidence,Not included in this wave
y2000,,trust_newspapers,Institutional Trust (Media),,,1=A lot; 2=Some; 3=A little; 4=No confidence,Not included in this wave
y2001,p63ste,trust_newspapers,Institutional Trust (Media),"Please look at this card and tell me how much confidence you have in each of the following groups, institutions or persons mentioned on the list: a lot, some, a little, or no confidence?",Newspapers,1=A lot; 2=Some; 3=A little; 4=No confidence,Wording stable across waves
y2002,,trust_newspapers,Institutional Trust (Media),,,1=A lot; 2=Some; 3=A little; 4=No confidence,Not included in this wave
y2003,p23ste,trust_newspapers,Institutional Trust (Media),"Please look at this card and tell me how much confidence you have in each of the following groups, institutions or persons mentioned on the list: a lot, some, a little, or no confidence?",Newspapers,1=A lot; 2=Some; 3=A little; 4=No confidence,Wording stable across waves
y2004,p34ste,trust_newspapers,Institutional Trust (Media),"Please look at this card and tell me how much confidence you have in each of the following groups, institutions or persons mentioned on the list: a lot, some, a little, or no confidence?",Newspapers,1=A lot; 2=Some; 3=A little; 4=No confidence,Wording stable across waves
y2005,p47stc,trust_newspapers,Institutional Trust (Media),"Please look at this card and tell me how much confidence you have in each of the following groups, institutions or persons mentioned on the list: a lot, some, a little, or no confidence?",Newspapers,1=A lot; 2=Some; 3=A little; 4=No confidence,Wording stable across waves
y2006,p32st.c,trust_newspapers,Institutional Trust (Media),"Please look at this card and tell me how much confidence you have in each of the following groups, institutions or persons mentioned on the list: a lot, some, a little, or no confidence?",Newspapers,1=A lot; 2=Some; 3=A little; 4=No confidence,Wording stable across waves
y2007,p24st.c,trust_newspapers,Institutional Trust (Media),"Please look at this card and tell me how much confidence you have in each of the following groups, institutions or persons mentioned on the list: a lot, some, a little, or no confidence?",Newspapers,1=A lot; 2=Some; 3=A little; 4=No confidence,Wording stable across waves
y2008,p31st.d,trust_newspapers,Institutional Trust (Media),"Please look at this card and tell me how much confidence you have in each of the following groups, institutions or persons mentioned on the list: a lot, some, a little, or no confidence?",Newspapers,1=A lot; 2=Some; 3=A little; 4=No confidence,Wording stable across waves
y2009,p24st.d,trust_newspapers,Institutional Trust (Media),"Please look at this card and tell me how much confidence you have in each of the following groups, institutions or persons mentioned on the list: a lot, some, a little, or no confidence?",Newspapers,1=A lot; 2=Some; 3=A little; 4=No confidence,Wording stable across waves
y2010,P18ST.D,trust_newspapers,Institutional Trust (Media),"Please look at this card and tell me how much confidence you have in each of the following groups, institutions or persons mentioned on the list: a lot, some, a little, or no confidence?",Newspapers,1=A lot; 2=Some; 3=A little; 4=No confidence,Wording stable across waves
y2011,,trust_newspapers,Institutional Trust (Media),,,1=A lot; 2=Some; 3=A little; 4=No confidence,Not included in this wave
y2013,P28TGB.C,trust_newspapers,Institutional Trust (Media),"Please look at this card and tell me how much confidence you have in each of the following groups, institutions or persons mentioned on the list: a lot, some, a little, or no confidence?",Newspapers,1=A lot; 2=Some; 3=A little; 4=No confidence,Wording stable across waves
y2015,P16TGB.C,trust_newspapers,Institutional Trust (Media),"Please look at this card and tell me how much confidence you have in each of the following groups, institutions or persons mentioned on the list: a lot, some, a little, or no confidence?",Newspapers,1=A lot; 2=Some; 3=A little; 4=No confidence,Wording stable across waves
y2016,,trust_newspapers,Institutional Trust (Media),,,1=A lot; 2=Some; 3=A little; 4=No confidence,Not included in this wave
y2017,,trust_newspapers,Institutional Trust (Media),,,1=A lot; 2=Some; 3=A little; 4=No confidence,Not included in this wave
y2018,,trust_newspapers,Institutional Trust (Media),,,1=A lot; 2=Some; 3=A little; 4=No confidence,Not included in this wave
y2020,,trust_newspapers,Institutional Trust (Media),,,1=A lot; 2=Some; 3=A little; 4=No confidence,Not included in this wave
y2023,,trust_newspapers,Institutional Trust (Media),,,1=A lot; 2=Some; 3=A little; 4=No confidence,Not included in this wave
y2024,P14ST.M,trust_newspapers,Institutional Trust (Media),"Please look at this card and tell me how much confidence you have in each of the following groups, institutions or persons mentioned on the list: a lot, some, a little, or no confidence?",Newspapers,1=A lot; 2=Some; 3=A little; 4=No confidence,Wording stable across waves
y1995,p27i,trust_parliament,Institutional Trust,"Please look at this card and tell me how much confidence you have in each of the following groups, institutions or persons mentioned on the list: a lot, some, a little, or no confidence?",The National Congress / Parliament,1=A lot; 2=Some; 3=A little; 4=No confidence,Wording stable across waves
y1996,p33i,trust_parliament,Institutional Trust,"Please look at this card and tell me how much confidence you have in each of the following groups, institutions or persons mentioned on the list: a lot, some, a little, or no confidence?",The National Congress / Parliament,1=A lot; 2=Some; 3=A little; 4=No confidence,Wording stable across waves
y1997,sp63f,trust_parliament,Institutional Trust,"Please look at this card and tell me how much confidence you have in each of the following groups, institutions or persons mentioned on the list: a lot, some, a little, or no confidence?",The National Congress / Parliament,1=A lot; 2=Some; 3=A little; 4=No confidence,Wording stable across waves
y1998,sp38f,trust_parliament,Institutional Trust,"Please look at this card and tell me how much confidence you have in each of the following groups, institutions or persons mentioned on the list: a lot, some, a little, or no confidence?",The National Congress / Parliament,1=A lot; 2=Some; 3=A little; 4=No confidence,Wording stable across waves
y2000,P35ST.F,trust_parliament,Institutional Trust,"Please look at this card and tell me how much confidence you have in each of the following groups, institutions or persons mentioned on the list: a lot, some, a little, or no confidence?",The National Congress / Parliament,1=A lot; 2=Some; 3=A little; 4=No confidence,Wording stable across waves
y2001,p61stf,trust_parliament,Institutional Trust,"Please look at this card and tell me how much confidence you have in each of the following groups, institutions or persons mentioned on the list: a lot, some, a little, or no confidence?",The National Congress / Parliament,1=A lot; 2=Some; 3=A little; 4=No confidence,Wording stable across waves
y2002,p36std,trust_parliament,Institutional Trust,"Please look at this card and tell me how much confidence you have in each of the following groups, institutions or persons mentioned on the list: a lot, some, a little, or no confidence?",The National Congress / Parliament,1=A lot; 2=Some; 3=A little; 4=No confidence,Wording stable across waves
y2003,p21stf,trust_parliament,Institutional Trust,"Please look at this card and tell me how much confidence you have in each of the following groups, institutions or persons mentioned on the list: a lot, some, a little, or no confidence?",The National Congress / Parliament,1=A lot; 2=Some; 3=A little; 4=No confidence,Wording stable across waves
y2004,p34stf,trust_parliament,Institutional Trust,"Please look at this card and tell me how much confidence you have in each of the following groups, institutions or persons mentioned on the list: a lot, some, a little, or no confidence?",The National Congress / Parliament,1=A lot; 2=Some; 3=A little; 4=No confidence,Wording stable across waves
y2005,p45sta,trust_parliament,Institutional Trust,"Please look at this card and tell me how much confidence you have in each of the following groups, institutions or persons mentioned on the list: a lot, some, a little, or no confidence?",The National Congress / Parliament,1=A lot; 2=Some; 3=A little; 4=No confidence,Wording stable across waves
y2006,p24st.f,trust_parliament,Institutional Trust,"Please look at this card and tell me how much confidence you have in each of the following groups, institutions or persons mentioned on the list: a lot, some, a little, or no confidence?",The National Congress / Parliament,1=A lot; 2=Some; 3=A little; 4=No confidence,Wording stable across waves
y2007,p24st.f,trust_parliament,Institutional Trust,"Please look at this card and tell me how much confidence you have in each of the following groups, institutions or persons mentioned on the list: a lot, some, a little, or no confidence?",The National Congress / Parliament,1=A lot; 2=Some; 3=A little; 4=No confidence,Wording stable across waves
y2008,p28st.a,trust_parliament,Institutional Trust,"Please look at this card and tell me how much confidence you have in each of the following groups, institutions or persons mentioned on the list: a lot, some, a little, or no confidence?",The National Congress / Parliament,1=A lot; 2=Some; 3=A little; 4=No confidence,Wording stable across waves
y2009,p26st.a,trust_parliament,Institutional Trust,"Please look at this card and tell me how much confidence you have in each of the following groups, institutions or persons mentioned on the list: a lot, some, a little, or no confidence?",The National Congress / Parliament,1=A lot; 2=Some; 3=A little; 4=No confidence,Wording stable across waves
y2010,P20ST.A,trust_parliament,Institutional Trust,"Please look at this card and tell me how much confidence you have in each of the following groups, institutions or persons mentioned on the list: a lot, some, a little, or no confidence?",The National Congress / Parliament,1=A lot; 2=Some; 3=A little; 4=No confidence,Wording stable across waves
y2011,P20ST.A,trust_parliament,Institutional Trust,"Please look at this card and tell me how much confidence you have in each of the following groups, institutions or persons mentioned on the list: a lot, some, a little, or no confidence?",The National Congress / Parliament,1=A lot; 2=Some; 3=A little; 4=No confidence,Wording stable across waves
y2013,P26TGB.C,trust_parliament,Institutional Trust,"Please look at this card and tell me how much confidence you have in each of the following groups, institutions or persons mentioned on the list: a lot, some, a little, or no confidence?",The National Congress / Parliament,1=A lot; 2=Some; 3=A little; 4=No confidence,Wording stable across waves
y2015,P16ST.F,trust_parliament,Institutional Trust,"Please look at this card and tell me how much confidence you have in each of the following groups, institutions or persons mentioned on the list: a lot, some, a little, or no confidence?",The National Congress / Parliament,1=A lot; 2=Some; 3=A little; 4=No confidence,Wording stable across waves
y2016,P13STD,trust_parliament,Institutional Trust,"Please look at this card and tell me how much confidence you have in each of the following groups, institutions or persons mentioned on the list: a lot, some, a little, or no confidence?",The National Congress / Parliament,1=A lot; 2=Some; 3=A little; 4=No confidence,Wording stable across waves
y2017,P14ST.D,trust_parliament,Institutional Trust,"Please look at this card and tell me how much confidence you have in each of the following groups, institutions or persons mentioned on the list: a lot, some, a little, or no confidence?",The National Congress / Parliament,1=A lot; 2=Some; 3=A little; 4=No confidence,Wording stable across waves
y2018,P15STGBSC.D,trust_parliament,Institutional Trust,"Please look at this card and tell me how much confidence you have in each of the following groups, institutions or persons mentioned on the list: a lot, some, a little, or no confidence?",The National Congress / Parliament,1=A lot; 2=Some; 3=A little; 4=No confidence,Wording stable across waves
y2020,P13ST.D,trust_parliament,Institutional Trust,"Please look at this card and tell me how much confidence you have in each of the following groups, institutions or persons mentioned on the list: a lot, some, a little, or no confidence?",The National Congress / Parliament,1=A lot; 2=Some; 3=A little; 4=No confidence,Wording stable across waves
y2023,P13ST.D,trust_parliament,Institutional Trust,"Please look at this card and tell me how much confidence you have in each of the following groups, institutions or persons mentioned on the list: a lot, some, a little, or no confidence?",The National Congress / Parliament,1=A lot; 2=Some; 3=A little; 4=No confidence,Wording stable across waves
y2024,P14ST.D,trust_parliament,Institutional Trust,"Please look at this card and tell me how much confidence you have in each of the following groups, institutions or persons mentioned on the list: a lot, some, a little, or no confidence?",The National Congress / Parliament,1=A lot; 2=Some; 3=A little; 4=No confidence,Wording stable across waves
y1995,p27h,trust_police,Institutional Trust,"Please look at this card and tell me how much confidence you have in each of the following groups, institutions or persons mentioned on the list: a lot, some, a little, or no confidence?",The Police,1=A lot; 2=Some; 3=A little; 4=No confidence,Wording stable across waves
y1996,p33h,trust_police,Institutional Trust,"Please look at this card and tell me how much confidence you have in each of the following groups, institutions or persons mentioned on the list: a lot, some, a little, or no confidence?",The Police,1=A lot; 2=Some; 3=A little; 4=No confidence,Wording stable across waves
y1997,sp63e,trust_police,Institutional Trust,"Please look at this card and tell me how much confidence you have in each of the following groups, institutions or persons mentioned on the list: a lot, some, a little, or no confidence?",The Police,1=A lot; 2=Some; 3=A little; 4=No confidence,Wording stable across waves
y1998,sp38e,trust_police,Institutional Trust,"Please look at this card and tell me how much confidence you have in each of the following groups, institutions or persons mentioned on the list: a lot, some, a little, or no confidence?",The Police,1=A lot; 2=Some; 3=A little; 4=No confidence,Wording stable across waves
y2000,P35ST.E,trust_police,Institutional Trust,"Please look at this card and tell me how much confidence you have in each of the following groups, institutions or persons mentioned on the list: a lot, some, a little, or no confidence?",The Police,1=A lot; 2=Some; 3=A little; 4=No confidence,Wording stable across waves
y2001,p61ste,trust_police,Institutional Trust,"Please look at this card and tell me how much confidence you have in each of the following groups, institutions or persons mentioned on the list: a lot, some, a little, or no confidence?",The Police,1=A lot; 2=Some; 3=A little; 4=No confidence,Wording stable across waves
y2002,p36ste,trust_police,Institutional Trust,"Please look at this card and tell me how much confidence you have in each of the following groups, institutions or persons mentioned on the list: a lot, some, a little, or no confidence?",The Police,1=A lot; 2=Some; 3=A little; 4=No confidence,Wording stable across waves
y2003,p21stb,trust_police,Institutional Trust,"Please look at this card and tell me how much confidence you have in each of the following groups, institutions or persons mentioned on the list: a lot, some, a little, or no confidence?",The Police,1=A lot; 2=Some; 3=A little; 4=No confidence,Wording stable across waves
y2004,p32stb,trust_police,Institutional Trust,"Please look at this card and tell me how much confidence you have in each of the following groups, institutions or persons mentioned on the list: a lot, some, a little, or no confidence?",The Police,1=A lot; 2=Some; 3=A little; 4=No confidence,Wording stable across waves
y2005,p42stf,trust_police,Institutional Trust,"Please look at this card and tell me how much confidence you have in each of the following groups, institutions or persons mentioned on the list: a lot, some, a little, or no confidence?",The Police,1=A lot; 2=Some; 3=A little; 4=No confidence,Wording stable across waves
y2006,p24st.d,trust_police,Institutional Trust,"Please look at this card and tell me how much confidence you have in each of the following groups, institutions or persons mentioned on the list: a lot, some, a little, or no confidence?",The Police,1=A lot; 2=Some; 3=A little; 4=No confidence,Wording stable across waves
y2007,p27st.f,trust_police,Institutional Trust,"Please look at this card and tell me how much confidence you have in each of the following groups, institutions or persons mentioned on the list: a lot, some, a little, or no confidence?",The Police,1=A lot; 2=Some; 3=A little; 4=No confidence,Wording stable across waves
y2008,p31st.c,trust_police,Institutional Trust,"Please look at this card and tell me how much confidence you have in each of the following groups, institutions or persons mentioned on the list: a lot, some, a little, or no confidence?",The Police,1=A lot; 2=Some; 3=A little; 4=No confidence,Wording stable across waves
y2009,p24st.c,trust_police,Institutional Trust,"Please look at this card and tell me how much confidence you have in each of the following groups, institutions or persons mentioned on the list: a lot, some, a little, or no confidence?",The Police,1=A lot; 2=Some; 3=A little; 4=No confidence,Wording stable across waves
y2010,P18ST.C,trust_police,Institutional Trust,"Please look at this card and tell me how much confidence you have in each of the following groups, institutions or persons mentioned on the list: a lot, some, a little, or no confidence?",The Police,1=A lot; 2=Some; 3=A little; 4=No confidence,Wording stable across waves
y2011,P22ST.C,trust_police,Institutional Trust,"Please look at this card and tell me how much confidence you have in each of the following groups, institutions or persons mentioned on the list: a lot, some, a little, or no confidence?",The Police,1=A lot; 2=Some; 3=A little; 4=No confidence,Wording stable across waves
y2013,P28TGB.B,trust_police,Institutional Trust,"Please look at this card and tell me how much confidence you have in each of the following groups, institutions or persons mentioned on the list: a lot, some, a little, or no confidence?",The Police,1=A lot; 2=Some; 3=A little; 4=No confidence,Wording stable across waves
y2015,P16TGB.B,trust_police,Institutional Trust,"Please look at this card and tell me how much confidence you have in each of the following groups, institutions or persons mentioned on the list: a lot, some, a little, or no confidence?",The Police,1=A lot; 2=Some; 3=A little; 4=No confidence,Wording stable across waves
y2016,P13STGBSB,trust_police,Institutional Trust,"Please look at this card and tell me how much confidence you have in each of the following groups, institutions or persons mentioned on the list: a lot, some, a little, or no confidence?",The Police,1=A lot; 2=Some; 3=A little; 4=No confidence,Wording stable across waves
y2017,P14STGBS.B,trust_police,Institutional Trust,"Please look at this card and tell me how much confidence you have in each of the following groups, institutions or persons mentioned on the list: a lot, some, a little, or no confidence?",The Police,1=A lot; 2=Some; 3=A little; 4=No confidence,Wording stable across waves
y2018,P15STGBSC.B,trust_police,Institutional Trust,"Please look at this card and tell me how much confidence you have in each of the following groups, institutions or persons mentioned on the list: a lot, some, a little, or no confidence?",The Police,1=A lot; 2=Some; 3=A little; 4=No confidence,Wording stable across waves
y2020,P13STGBS.B,trust_police,Institutional Trust,"Please look at this card and tell me how much confidence you have in each of the following groups, institutions or persons mentioned on the list: a lot, some, a little, or no confidence?",The Police,1=A lot; 2=Some; 3=A little; 4=No confidence,Wording stable across waves
y2023,P13STGBS.B,trust_police,Institutional Trust,"Please look at this card and tell me how much confidence you have in each of the following groups, institutions or persons mentioned on the list: a lot, some, a little, or no confidence?",The Police,1=A lot; 2=Some; 3=A little; 4=No confidence,Wording stable across waves
y2024,P14STGBS.B,trust_police,Institutional Trust,"Please look at this card and tell me how much confidence you have in each of the following groups, institutions or persons mentioned on the list: a lot, some, a little, or no confidence?",The Police,1=A lot; 2=Some; 3=A little; 4=No confidence,Wording stable across waves
y1995,p27j,trust_political_parties,Institutional Trust,"Please look at this card and tell me how much confidence you have in each of the following groups, institutions or persons mentioned on the list: a lot, some, a little, or no confidence?",The Political Parties,1=A lot; 2=Some; 3=A little; 4=No confidence,Wording stable across waves
y1996,p33j,trust_political_parties,Institutional Trust,"Please look at this card and tell me how much confidence you have in each of the following groups, institutions or persons mentioned on the list: a lot, some, a little, or no confidence?",The Political Parties,1=A lot; 2=Some; 3=A little; 4=No confidence,Wording stable across waves
y1997,sp63g,trust_political_parties,Institutional Trust,"Please look at this card and tell me how much confidence you have in each of the following groups, institutions or persons mentioned on the list: a lot, some, a little, or no confidence?",The Political Parties,1=A lot; 2=Some; 3=A little; 4=No confidence,Wording stable across waves
y1998,sp38g,trust_political_parties,Institutional Trust,"Please look at this card and tell me how much confidence you have in each of the following groups, institutions or persons mentioned on the list: a lot, some, a little, or no confidence?",The Political Parties,1=A lot; 2=Some; 3=A little; 4=No confidence,Wording stable across waves
y2000,P35ST.G,trust_political_parties,Institutional Trust,"Please look at this card and tell me how much confidence you have in each of the following groups, institutions or persons mentioned on the list: a lot, some, a little, or no confidence?",The Political Parties,1=A lot; 2=Some; 3=A little; 4=No confidence,Wording stable across waves
y2001,p61stg,trust_political_parties,Institutional Trust,"Please look at this card and tell me how much confidence you have in each of the following groups, institutions or persons mentioned on the list: a lot, some, a little, or no confidence?",The Political Parties,1=A lot; 2=Some; 3=A little; 4=No confidence,Wording stable across waves
y2002,p34stf,trust_political_parties,Institutional Trust,"Please look at this card and tell me how much confidence you have in each of the following groups, institutions or persons mentioned on the list: a lot, some, a little, or no confidence?",The Political Parties,1=A lot; 2=Some; 3=A little; 4=No confidence,Wording stable across waves
y2003,p21std,trust_political_parties,Institutional Trust,"Please look at this card and tell me how much confidence you have in each of the following groups, institutions or persons mentioned on the list: a lot, some, a little, or no confidence?",The Political Parties,1=A lot; 2=Some; 3=A little; 4=No confidence,Wording stable across waves
y2004,p34std,trust_political_parties,Institutional Trust,"Please look at this card and tell me how much confidence you have in each of the following groups, institutions or persons mentioned on the list: a lot, some, a little, or no confidence?",The Political Parties,1=A lot; 2=Some; 3=A little; 4=No confidence,Wording stable across waves
y2005,p47stb,trust_political_parties,Institutional Trust,"Please look at this card and tell me how much confidence you have in each of the following groups, institutions or persons mentioned on the list: a lot, some, a little, or no confidence?",The Political Parties,1=A lot; 2=Some; 3=A little; 4=No confidence,Wording stable across waves
y2006,p24st.c,trust_political_parties,Institutional Trust,"Please look at this card and tell me how much confidence you have in each of the following groups, institutions or persons mentioned on the list: a lot, some, a little, or no confidence?",The Political Parties,1=A lot; 2=Some; 3=A little; 4=No confidence,Wording stable across waves
y2007,p27st.e,trust_political_parties,Institutional Trust,"Please look at this card and tell me how much confidence you have in each of the following groups, institutions or persons mentioned on the list: a lot, some, a little, or no confidence?",The Political Parties,1=A lot; 2=Some; 3=A little; 4=No confidence,Wording stable across waves
y2008,p28st.c,trust_political_parties,Institutional Trust,"Please look at this card and tell me how much confidence you have in each of the following groups, institutions or persons mentioned on the list: a lot, some, a little, or no confidence?",The Political Parties,1=A lot; 2=Some; 3=A little; 4=No confidence,Wording stable across waves
y2009,p26st.c,trust_political_parties,Institutional Trust,"Please look at this card and tell me how much confidence you have in each of the following groups, institutions or persons mentioned on the list: a lot, some, a little, or no confidence?",The Political Parties,1=A lot; 2=Some; 3=A little; 4=No confidence,Wording stable across waves
y2010,P20ST.C,trust_political_parties,Institutional Trust,"Please look at this card and tell me how much confidence you have in each of the following groups, institutions or persons mentioned on the list: a lot, some, a little, or no confidence?",The Political Parties,1=A lot; 2=Some; 3=A little; 4=No confidence,Wording stable across waves
y2011,P20ST.C,trust_political_parties,Institutional Trust,"Please look at this card and tell me how much confidence you have in each of the following groups, institutions or persons mentioned on the list: a lot, some, a little, or no confidence?",The Political Parties,1=A lot; 2=Some; 3=A little; 4=No confidence,Wording stable across waves
y2013,P26TGB.G,trust_political_parties,Institutional Trust,"Please look at this card and tell me how much confidence you have in each of the following groups, institutions or persons mentioned on the list: a lot, some, a little, or no confidence?",The Political Parties,1=A lot; 2=Some; 3=A little; 4=No confidence,Wording stable across waves
y2015,P19ST.C,trust_political_parties,Institutional Trust,"Please look at this card and tell me how much confidence you have in each of the following groups, institutions or persons mentioned on the list: a lot, some, a little, or no confidence?",The Political Parties,1=A lot; 2=Some; 3=A little; 4=No confidence,Wording stable across waves
y2016,P13STG,trust_political_parties,Institutional Trust,"Please look at this card and tell me how much confidence you have in each of the following groups, institutions or persons mentioned on the list: a lot, some, a little, or no confidence?",The Political Parties,1=A lot; 2=Some; 3=A little; 4=No confidence,Wording stable across waves
y2017,P14ST.G,trust_political_parties,Institutional Trust,"Please look at this card and tell me how much confidence you have in each of the following groups, institutions or persons mentioned on the list: a lot, some, a little, or no confidence?",The Political Parties,1=A lot; 2=Some; 3=A little; 4=No confidence,Wording stable across waves
y2018,P15STGBSC.G,trust_political_parties,Institutional Trust,"Please look at this card and tell me how much confidence you have in each of the following groups, institutions or persons mentioned on the list: a lot, some, a little, or no confidence?",The Political Parties,1=A lot; 2=Some; 3=A little; 4=No confidence,Wording stable across waves
y2020,P13ST.G,trust_political_parties,Institutional Trust,"Please look at this card and tell me how much confidence you have in each of the following groups, institutions or persons mentioned on the list: a lot, some, a little, or no confidence?",The Political Parties,1=A lot; 2=Some; 3=A little; 4=No confidence,Wording stable across waves
y2023,P13ST.G,trust_political_parties,Institutional Trust,"Please look at this card and tell me how much confidence you have in each of the following groups, institutions or persons mentioned on the list: a lot, some, a little, or no confidence?",The Political Parties,1=A lot; 2=Some; 3=A little; 4=No confidence,Wording stable across waves
y2024,P14ST.G,trust_political_parties,Institutional Trust,"Please look at this card and tell me how much confidence you have in each of the following groups, institutions or persons mentioned on the list: a lot, some, a little, or no confidence?",The Political Parties,1=A lot; 2=Some; 3=A little; 4=No confidence,Wording stable across waves
y1995,,trust_president,Institutional Trust,,,1=A lot; 2=Some; 3=A little; 4=No confidence,Not included in this wave
y1996,,trust_president,Institutional Trust,,,1=A lot; 2=Some; 3=A little; 4=No confidence,Not included in this wave
y1997,sp63d,trust_president,Institutional Trust,"Please look at this card and tell me how much confidence you have in each of the following groups, institutions or persons mentioned on the list: a lot, some, a little, or no confidence?",The President,1=A lot; 2=Some; 3=A little; 4=No confidence,Wording stable across waves
y1998,sp38d,trust_president,Institutional Trust,"Please look at this card and tell me how much confidence you have in each of the following groups, institutions or persons mentioned on the list: a lot, some, a little, or no confidence?",The President,1=A lot; 2=Some; 3=A little; 4=No confidence,Wording stable across waves
y2000,P35ST.D,trust_president,Institutional Trust,"Please look at this card and tell me how much confidence you have in each of the following groups, institutions or persons mentioned on the list: a lot, some, a little, or no confidence?",The President,1=A lot; 2=Some; 3=A little; 4=No confidence,Wording stable across waves
y2001,p61std,trust_president,Institutional Trust,"Please look at this card and tell me how much confidence you have in each of the following groups, institutions or persons mentioned on the list: a lot, some, a little, or no confidence?",The President,1=A lot; 2=Some; 3=A little; 4=No confidence,Wording stable across waves
y2002,,trust_president,Institutional Trust,,,1=A lot; 2=Some; 3=A little; 4=No confidence,Not included in this wave
y2003,p23stc,trust_president,Institutional Trust,"Please look at this card and tell me how much confidence you have in each of the following groups, institutions or persons mentioned on the list: a lot, some, a little, or no confidence?",The President,1=A lot; 2=Some; 3=A little; 4=No confidence,Wording stable across waves
y2004,p34stc,trust_president,Institutional Trust,"Please look at this card and tell me how much confidence you have in each of the following groups, institutions or persons mentioned on the list: a lot, some, a little, or no confidence?",The President,1=A lot; 2=Some; 3=A little; 4=No confidence,Wording stable across waves
y2005,p47stf,trust_president,Institutional Trust,"Please look at this card and tell me how much confidence you have in each of the following groups, institutions or persons mentioned on the list: a lot, some, a little, or no confidence?",The President,1=A lot; 2=Some; 3=A little; 4=No confidence,Wording stable across waves
y2006,p24st.b,trust_president,Institutional Trust,"Please look at this card and tell me how much confidence you have in each of the following groups, institutions or persons mentioned on the list: a lot, some, a little, or no confidence?",The President,1=A lot; 2=Some; 3=A little; 4=No confidence,Wording stable across waves
y2007,p24st.e,trust_president,Institutional Trust,"Please look at this card and tell me how much confidence you have in each of the following groups, institutions or persons mentioned on the list: a lot, some, a little, or no confidence?",The President,1=A lot; 2=Some; 3=A little; 4=No confidence,Wording stable across waves
y2008,,trust_president,Institutional Trust,,,1=A lot; 2=Some; 3=A little; 4=No confidence,Not included in this wave
y2009,,trust_president,Institutional Trust,,,1=A lot; 2=Some; 3=A little; 4=No confidence,Not included in this wave
y2010,,trust_president,Institutional Trust,,,1=A lot; 2=Some; 3=A little; 4=No confidence,Not included in this wave
y2011,,trust_president,Institutional Trust,,,1=A lot; 2=Some; 3=A little; 4=No confidence,Not included in this wave
y2013,P26TGB.A,trust_president,Institutional Trust,"Please look at this card and tell me how much confidence you have in each of the following groups, institutions or persons mentioned on the list: a lot, some, a little, or no confidence?",The President,1=A lot; 2=Some; 3=A little; 4=No confidence,Wording stable across waves
y2015,,trust_president,Institutional Trust,,,1=A lot; 2=Some; 3=A little; 4=No confidence,Not included in this wave
y2016,,trust_president,Institutional Trust,,,1=A lot; 2=Some; 3=A little; 4=No confidence,Not included in this wave
y2017,,trust_president,Institutional Trust,,,1=A lot; 2=Some; 3=A little; 4=No confidence,Not included in this wave
y2018,,trust_president,Institutional Trust,,,1=A lot; 2=Some; 3=A little; 4=No confidence,Not included in this wave
y2020,P13ST.I,trust_president,Institutional Trust,"Please look at this card and tell me how much confidence you have in each of the following groups, institutions or persons mentioned on the list: a lot, some, a little, or no confidence?",The President,1=A lot; 2=Some; 3=A little; 4=No confidence,Wording stable across waves
y2023,P13ST.I,trust_president,Institutional Trust,"Please look at this card and tell me how much confidence you have in each of the following groups, institutions or persons mentioned on the list: a lot, some, a little, or no confidence?",The President,1=A lot; 2=Some; 3=A little; 4=No confidence,Wording stable across waves
y2024,P14ST.I,trust_president,Institutional Trust,"Please look at this card and tell me how much confidence you have in each of the following groups, institutions or persons mentioned on the list: a lot, some, a little, or no confidence?",The President,1=A lot; 2=Some; 3=A little; 4=No confidence,Wording stable across waves
y1995,,trust_radio,Institutional Trust (Media),,,1=A lot; 2=Some; 3=A little; 4=No confidence,Not included in this wave
y1996,,trust_radio,Institutional Trust (Media),,,1=A lot; 2=Some; 3=A little; 4=No confidence,Not included in this wave
y1997,,trust_radio,Institutional Trust (Media),,,1=A lot; 2=Some; 3=A little; 4=No confidence,Not included in this wave
y1998,,trust_radio,Institutional Trust (Media),,,1=A lot; 2=Some; 3=A little; 4=No confidence,Not included in this wave
y2000,,trust_radio,Institutional Trust (Media),,,1=A lot; 2=Some; 3=A little; 4=No confidence,Not included in this wave
y2001,p63stf,trust_radio,Institutional Trust (Media),"Please look at this card and tell me how much confidence you have in each of the following groups, institutions or persons mentioned on the list: a lot, some, a little, or no confidence?",Radio,1=A lot; 2=Some; 3=A little; 4=No confidence,Wording stable across waves
y2002,,trust_radio,Institutional Trust (Media),,,1=A lot; 2=Some; 3=A little; 4=No confidence,Not included in this wave
y2003,p23stf,trust_radio,Institutional Trust (Media),"Please look at this card and tell me how much confidence you have in each of the following groups, institutions or persons mentioned on the list: a lot, some, a little, or no confidence?",Radio,1=A lot; 2=Some; 3=A little; 4=No confidence,Wording stable across waves
y2004,,trust_radio,Institutional Trust (Media),,,1=A lot; 2=Some; 3=A little; 4=No confidence,Not included in this wave
y2005,p47std,trust_radio,Institutional Trust (Media),"Please look at this card and tell me how much confidence you have in each of the following groups, institutions or persons mentioned on the list: a lot, some, a little, or no confidence?",Radio,1=A lot; 2=Some; 3=A little; 4=No confidence,Wording stable across waves
y2006,p35st.b,trust_radio,Institutional Trust (Media),"Please look at this card and tell me how much confidence you have in each of the following groups, institutions or persons mentioned on the list: a lot, some, a little, or no confidence?",Radio,1=A lot; 2=Some; 3=A little; 4=No confidence,Wording stable across waves
y2007,p27st.a,trust_radio,Institutional Trust (Media),"Please look at this card and tell me how much confidence you have in each of the following groups, institutions or persons mentioned on the list: a lot, some, a little, or no confidence?",Radio,1=A lot; 2=Some; 3=A little; 4=No confidence,Wording stable across waves
y2008,p31st.f,trust_radio,Institutional Trust (Media),"Please look at this card and tell me how much confidence you have in each of the following groups, institutions or persons mentioned on the list: a lot, some, a little, or no confidence?",Radio,1=A lot; 2=Some; 3=A little; 4=No confidence,Wording stable across waves
y2009,p24st.f,trust_radio,Institutional Trust (Media),"Please look at this card and tell me how much confidence you have in each of the following groups, institutions or persons mentioned on the list: a lot, some, a little, or no confidence?",Radio,1=A lot; 2=Some; 3=A little; 4=No confidence,Wording stable across waves
y2010,P18ST.F,trust_radio,Institutional Trust (Media),"Please look at this card and tell me how much confidence you have in each of the following groups, institutions or persons mentioned on the list: a lot, some, a little, or no confidence?",Radio,1=A lot; 2=Some; 3=A little; 4=No confidence,Wording stable across waves
y2011,,trust_radio,Institutional Trust (Media),,,1=A lot; 2=Some; 3=A little; 4=No confidence,Not included in this wave
y2013,P28ST.I,trust_radio,Institutional Trust (Media),"Please look at this card and tell me how much confidence you have in each of the following groups, institutions or persons mentioned on the list: a lot, some, a little, or no confidence?",Radio,1=A lot; 2=Some; 3=A little; 4=No confidence,Wording stable across waves
y2015,P16ST.I,trust_radio,Institutional Trust (Media),"Please look at this card and tell me how much confidence you have in each of the following groups, institutions or persons mentioned on the list: a lot, some, a little, or no confidence?",Radio,1=A lot; 2=Some; 3=A little; 4=No confidence,Wording stable across waves
y2016,,trust_radio,Institutional Trust (Media),,,1=A lot; 2=Some; 3=A little; 4=No confidence,Not included in this wave
y2017,,trust_radio,Institutional Trust (Media),,,1=A lot; 2=Some; 3=A little; 4=No confidence,Not included in this wave
y2018,,trust_radio,Institutional Trust (Media),,,1=A lot; 2=Some; 3=A little; 4=No confidence,Not included in this wave
y2020,,trust_radio,Institutional Trust (Media),,,1=A lot; 2=Some; 3=A little; 4=No confidence,Not included in this wave
y2023,P14ST.G,trust_radio,Institutional Trust (Media),"Please look at this card and tell me how much confidence you have in each of the following groups, institutions or persons mentioned on the list: a lot, some, a little, or no confidence?",Radio,1=A lot; 2=Some; 3=A little; 4=No confidence,Wording stable across waves
y2024,P14ST.J,trust_radio,Institutional Trust (Media),"Please look at this card and tell me how much confidence you have in each of the following groups, institutions or persons mentioned on the list: a lot, some, a little, or no confidence?",Radio,1=A lot; 2=Some; 3=A little; 4=No confidence,Wording stable across waves
y1995,p27l,trust_television,Institutional Trust (Media),"Please look at this card and tell me how much confidence you have in each of the following groups, institutions or persons mentioned on the list: a lot, some, a little, or no confidence?",Television,1=A lot; 2=Some; 3=A little; 4=No confidence,Wording stable across waves
y1996,p33l,trust_television,Institutional Trust (Media),"Please look at this card and tell me how much confidence you have in each of the following groups, institutions or persons mentioned on the list: a lot, some, a little, or no confidence?",Television,1=A lot; 2=Some; 3=A little; 4=No confidence,Wording stable across waves
y1997,sp63h,trust_television,Institutional Trust (Media),"Please look at this card and tell me how much confidence you have in each of the following groups, institutions or persons mentioned on the list: a lot, some, a little, or no confidence?",Television,1=A lot; 2=Some; 3=A little; 4=No confidence,Wording stable across waves
y1998,sp38h,trust_television,Institutional Trust (Media),"Please look at this card and tell me how much confidence you have in each of the following groups, institutions or persons mentioned on the list: a lot, some, a little, or no confidence?",Television,1=A lot; 2=Some; 3=A little; 4=No confidence,Wording stable across waves
y2000,P35ST.H,trust_television,Institutional Trust (Media),"Please look at this card and tell me how much confidence you have in each of the following groups, institutions or persons mentioned on the list: a lot, some, a little, or no confidence?",Television,1=A lot; 2=Some; 3=A little; 4=No confidence,Wording stable across waves
y2001,p63sta,trust_television,Institutional Trust (Media),"Please look at this card and tell me how much confidence you have in each of the following groups, institutions or persons mentioned on the list: a lot, some, a little, or no confidence?",Television,1=A lot; 2=Some; 3=A little; 4=No confidence,Wording stable across waves
y2002,p36sta,trust_television,Institutional Trust (Media),"Please look at this card and tell me how much confidence you have in each of the following groups, institutions or persons mentioned on the list: a lot, some, a little, or no confidence?",Television,1=A lot; 2=Some; 3=A little; 4=No confidence,Wording stable across waves
y2003,p21stc,trust_television,Institutional Trust (Media),"Please look at this card and tell me how much confidence you have in each of the following groups, institutions or persons mentioned on the list: a lot, some, a little, or no confidence?",Television,1=A lot; 2=Some; 3=A little; 4=No confidence,Wording stable across waves
y2004,,trust_television,Institutional Trust (Media),,,1=A lot; 2=Some; 3=A little; 4=No confidence,Not included in this wave
y2005,p45stb,trust_television,Institutional Trust (Media),"Please look at this card and tell me how much confidence you have in each of the following groups, institutions or persons mentioned on the list: a lot, some, a little, or no confidence?",Television,1=A lot; 2=Some; 3=A little; 4=No confidence,Wording stable across waves
y2006,p35st.c,trust_television,Institutional Trust (Media),"Please look at this card and tell me how much confidence you have in each of the following groups, institutions or persons mentioned on the list: a lot, some, a little, or no confidence?",Television,1=A lot; 2=Some; 3=A little; 4=No confidence,Wording stable across waves
y2007,p24st.i,trust_television,Institutional Trust (Media),"Please look at this card and tell me how much confidence you have in each of the following groups, institutions or persons mentioned on the list: a lot, some, a little, or no confidence?",Television,1=A lot; 2=Some; 3=A little; 4=No confidence,Wording stable across waves
y2008,p31st.e,trust_television,Institutional Trust (Media),"Please look at this card and tell me how much confidence you have in each of the following groups, institutions or persons mentioned on the list: a lot, some, a little, or no confidence?",Television,1=A lot; 2=Some; 3=A little; 4=No confidence,Wording stable across waves
y2009,p24st.e,trust_television,Institutional Trust (Media),"Please look at this card and tell me how much confidence you have in each of the following groups, institutions or persons mentioned on the list: a lot, some, a little, or no confidence?",Television,1=A lot; 2=Some; 3=A little; 4=No confidence,Wording stable across waves
y2010,P18ST.E,trust_television,Institutional Trust (Media),"Please look at this card and tell me how much confidence you have in each of the following groups, institutions or persons mentioned on the list: a lot, some, a little, or no confidence?",Television,1=A lot; 2=Some; 3=A little; 4=No confidence,Wording stable across waves
y2011,,trust_television,Institutional Trust (Media),,,1=A lot; 2=Some; 3=A little; 4=No confidence,Not included in this wave
y2013,P28TGB.D,trust_television,Institutional Trust (Media),"Please look at this card and tell me how much confidence you have in each of the following groups, institutions or persons mentioned on the list: a lot, some, a little, or no confidence?",Television,1=A lot; 2=Some; 3=A little; 4=No confidence,Wording stable across waves
y2015,P16TGB.D,trust_television,Institutional Trust (Media),"Please look at this card and tell me how much confidence you have in each of the following groups, institutions or persons mentioned on the list: a lot, some, a little, or no confidence?",Television,1=A lot; 2=Some; 3=A little; 4=No confidence,Wording stable across waves
y2016,,trust_television,Institutional Trust (Media),,,1=A lot; 2=Some; 3=A little; 4=No confidence,Not included in this wave
y2017,,trust_television,Institutional Trust (Media),,,1=A lot; 2=Some; 3=A little; 4=No confidence,Not included in this wave
y2018,,trust_television,Institutional Trust (Media),,,1=A lot; 2=Some; 3=A little; 4=No confidence,Not included in this wave
y2020,,trust_television,Institutional Trust (Media),,,1=A lot; 2=Some; 3=A little; 4=No confidence,Not included in this wave
y2023,P14ST.D,trust_television,Institutional Trust (Media),"Please look at this card and tell me how much confidence you have in each of the following groups, institutions or persons mentioned on the list: a lot, some, a little, or no confidence?",Television,1=A lot; 2=Some; 3=A little; 4=No confidence,Wording stable across waves
y2024,P14ST.K,trust_television,Institutional Trust (Media),"Please look at this card and tell me how much confidence you have in each of the following groups, institutions or persons mentioned on the list: a lot, some, a little, or no confidence?",Television,1=A lot; 2=Some; 3=A little; 4=No confidence,Wording stable across waves
y1995,,urban_rural,Sociodemographic,,,"1=Up to 5,000; 2=5,001-10,000; 3=10,001-20,000; 4=20,001-40,000; 5=40,001-50,000; 6=50,001-100,000; 7=100,001 and more; 8=Capital",Not included in this wave
y1996,,urban_rural,Sociodemographic,,,"1=Up to 5,000; 2=5,001-10,000; 3=10,001-20,000; 4=20,001-40,000; 5=40,001-50,000; 6=50,001-100,000; 7=100,001 and more; 8=Capital",Not included in this wave
y1997,tamciud,urban_rural,Sociodemographic,,Size of city or town [Classified by interviewer/sampling frame],"1=Up to 5,000; 2=5,001-10,000; 3=10,001-20,000; 4=20,001-40,000; 5=40,001-50,000; 6=50,001-100,000; 7=100,001 and more; 8=Capital",Wording stable across waves
y1998,tamciud,urban_rural,Sociodemographic,,Size of city or town [Classified by interviewer/sampling frame],"1=Up to 5,000; 2=5,001-10,000; 3=10,001-20,000; 4=20,001-40,000; 5=40,001-50,000; 6=50,001-100,000; 7=100,001 and more; 8=Capital",Wording stable across waves
y2000,TAMCIUD,urban_rural,Sociodemographic,,Size of city or town [Classified by interviewer/sampling frame],"1=Up to 5,000; 2=5,001-10,000; 3=10,001-20,000; 4=20,001-40,000; 5=40,001-50,000; 6=50,001-100,000; 7=100,001 and more; 8=Capital",Wording stable across waves
y2001,tamciud,urban_rural,Sociodemographic,,Size of city or town [Classified by interviewer/sampling frame],"1=Up to 5,000; 2=5,001-10,000; 3=10,001-20,000; 4=20,001-40,000; 5=40,001-50,000; 6=50,001-100,000; 7=100,001 and more; 8=Capital",Wording stable across waves
y2002,tamciud,urban_rural,Sociodemographic,,Size of city or town [Classified by interviewer/sampling frame],"1=Up to 5,000; 2=5,001-10,000; 3=10,001-20,000; 4=20,001-40,000; 5=40,001-50,000; 6=50,001-100,000; 7=100,001 and more; 8=Capital",Wording stable across waves
y2003,tamciud,urban_rural,Sociodemographic,,Size of city or town [Classified by interviewer/sampling frame],"1=Up to 5,000; 2=5,001-10,000; 3=10,001-20,000; 4=20,001-40,000; 5=40,001-50,000; 6=50,001-100,000; 7=100,001 and more; 8=Capital",Wording stable across waves
y2004,tamciud,urban_rural,Sociodemographic,,Size of city or town [Classified by interviewer/sampling frame],"1=Up to 5,000; 2=5,001-10,000; 3=10,001-20,000; 4=20,001-40,000; 5=40,001-50,000; 6=50,001-100,000; 7=100,001 and more; 8=Capital",Wording stable across waves
y2005,tamciud,urban_rural,Sociodemographic,,Size of city or town [Classified by interviewer/sampling frame],"1=Up to 5,000; 2=5,001-10,000; 3=10,001-20,000; 4=20,001-40,000; 5=40,001-50,000; 6=50,001-100,000; 7=100,001 and more; 8=Capital",Wording stable across waves
y2006,tamciud,urban_rural,Sociodemographic,,Size of city or town [Classified by interviewer/sampling frame],"1=Up to 5,000; 2=5,001-10,000; 3=10,001-20,000; 4=20,001-40,000; 5=40,001-50,000; 6=50,001-100,000; 7=100,001 and more; 8=Capital",Wording stable across waves
y2007,tamciud,urban_rural,Sociodemographic,,Size of city or town [Classified by interviewer/sampling frame],"1=Up to 5,000; 2=5,001-10,000; 3=10,001-20,000; 4=20,001-40,000; 5=40,001-50,000; 6=50,001-100,000; 7=100,001 and more; 8=Capital",Wording stable across waves
y2008,tamciud,urban_rural,Sociodemographic,,Size of city or town [Classified by interviewer/sampling frame],"1=Up to 5,000; 2=5,001-10,000; 3=10,001-20,000; 4=20,001-40,000; 5=40,001-50,000; 6=50,001-100,000; 7=100,001 and more; 8=Capital",Wording stable across waves
y2009,tamciud,urban_rural,Sociodemographic,,Size of city or town [Classified by interviewer/sampling frame],"1=Up to 5,000; 2=5,001-10,000; 3=10,001-20,000; 4=20,001-40,000; 5=40,001-50,000; 6=50,001-100,000; 7=100,001 and more; 8=Capital",Wording stable across waves
y2010,TAMCIUD,urban_rural,Sociodemographic,,Size of city or town [Classified by interviewer/sampling frame],"1=Up to 5,000; 2=5,001-10,000; 3=10,001-20,000; 4=20,001-40,000; 5=40,001-50,000; 6=50,001-100,000; 7=100,001 and more; 8=Capital",Wording stable across waves
y2011,TAMCIUD,urban_rural,Sociodemographic,,Size of city or town [Classified by interviewer/sampling frame],"1=Up to 5,000; 2=5,001-10,000; 3=10,001-20,000; 4=20,001-40,000; 5=40,001-50,000; 6=50,001-100,000; 7=100,001 and more; 8=Capital",Wording stable across waves
y2013,TAMCIUD,urban_rural,Sociodemographic,,Size of city or town [Classified by interviewer/sampling frame],"1=Up to 5,000; 2=5,001-10,000; 3=10,001-20,000; 4=20,001-40,000; 5=40,001-50,000; 6=50,001-100,000; 7=100,001 and more; 8=Capital",Wording stable across waves
y2015,TAMCIUD,urban_rural,Sociodemographic,,Size of city or town [Classified by interviewer/sampling frame],"1=Up to 5,000; 2=5,001-10,000; 3=10,001-20,000; 4=20,001-40,000; 5=40,001-50,000; 6=50,001-100,000; 7=100,001 and more; 8=Capital",Wording stable across waves
y2016,TAMCIUD,urban_rural,Sociodemographic,,Size of city or town [Classified by interviewer/sampling frame],"1=Up to 5,000; 2=5,001-10,000; 3=10,001-20,000; 4=20,001-40,000; 5=40,001-50,000; 6=50,001-100,000; 7=100,001 and more; 8=Capital",Wording stable across waves
y2017,TAMCIUD,urban_rural,Sociodemographic,,Size of city or town [Classified by interviewer/sampling frame],"1=Up to 5,000; 2=5,001-10,000; 3=10,001-20,000; 4=20,001-40,000; 5=40,001-50,000; 6=50,001-100,000; 7=100,001 and more; 8=Capital",Wording stable across waves
y2018,TAMCIUD,urban_rural,Sociodemographic,,Size of city or town [Classified by interviewer/sampling frame],"1=Up to 5,000; 2=5,001-10,000; 3=10,001-20,000; 4=20,001-40,000; 5=40,001-50,000; 6=50,001-100,000; 7=100,001 and more; 8=Capital",Wording stable across waves
y2020,TAMCIUD,urban_rural,Sociodemographic,,Size of city or town [Classified by interviewer/sampling frame],"1=Up to 5,000; 2=5,001-10,000; 3=10,001-20,000; 4=20,001-40,000; 5=40,001-50,000; 6=50,001-100,000; 7=100,001 and more; 8=Capital",Wording stable across waves
y2023,TAMCIUD,urban_rural,Sociodemographic,,Size of city or town [Classified by interviewer/sampling frame],"1=Up to 5,000; 2=5,001-10,000; 3=10,001-20,000; 4=20,001-40,000; 5=40,001-50,000; 6=50,001-100,000; 7=100,001 and more; 8=Capital",Wording stable across waves
y2024,TAMCIUD,urban_rural,Sociodemographic,,Size of city or town [Classified by interviewer/sampling frame],"1=Up to 5,000; 2=5,001-10,000; 3=10,001-20,000; 4=20,001-40,000; 5=40,001-50,000; 6=50,001-100,000; 7=100,001 and more; 8=Capital",Wording stable across waves
y1995,wt,weight,Survey Administration,,Survey weight [Computed by Latinobarometro based on sample design],Continuous (mean approximately 1),Wording stable across waves
y1996,wt,weight,Survey Administration,,Survey weight [Computed by Latinobarometro based on sample design],Continuous (mean approximately 1),Wording stable across waves
y1997,wt,weight,Survey Administration,,Survey weight [Computed by Latinobarometro based on sample design],Continuous (mean approximately 1),Wording stable across waves
y1998,pondera,weight,Survey Administration,,Survey weight [Computed by Latinobarometro based on sample design],Continuous (mean approximately 1),Wording stable across waves
y2000,WT,weight,Survey Administration,,Survey weight [Computed by Latinobarometro based on sample design],Continuous (mean approximately 1),Wording stable across waves
y2001,wt,weight,Survey Administration,,Survey weight [Computed by Latinobarometro based on sample design],Continuous (mean approximately 1),Wording stable across waves
y2002,wt,weight,Survey Administration,,Survey weight [Computed by Latinobarometro based on sample design],Continuous (mean approximately 1),Wording stable across waves
y2003,wt,weight,Survey Administration,,Survey weight [Computed by Latinobarometro based on sample design],Continuous (mean approximately 1),Wording stable across waves
y2004,wt,weight,Survey Administration,,Survey weight [Computed by Latinobarometro based on sample design],Continuous (mean approximately 1),Wording stable across waves
y2005,wt,weight,Survey Administration,,Survey weight [Computed by Latinobarometro based on sample design],Continuous (mean approximately 1),Wording stable across waves
y2006,wt,weight,Survey Administration,,Survey weight [Computed by Latinobarometro based on sample design],Continuous (mean approximately 1),Wording stable across waves
y2007,wt,weight,Survey Administration,,Survey weight [Computed by Latinobarometro based on sample design],Continuous (mean approximately 1),Wording stable across waves
y2008,wt,weight,Survey Administration,,Survey weight [Computed by Latinobarometro based on sample design],Continuous (mean approximately 1),Wording stable across waves
y2009,wt,weight,Survey Administration,,Survey weight [Computed by Latinobarometro based on sample design],Continuous (mean approximately 1),Wording stable across waves
y2010,wt,weight,Survey Administration,,Survey weight [Computed by Latinobarometro based on sample design],Continuous (mean approximately 1),Wording stable across waves
y2011,WT,weight,Survey Administration,,Survey weight [Computed by Latinobarometro based on sample design],Continuous (mean approximately 1),Wording stable across waves
y2013,WT,weight,Survey Administration,,Survey weight [Computed by Latinobarometro based on sample design],Continuous (mean approximately 1),Wording stable across waves
y2015,WT,weight,Survey Administration,,Survey weight [Computed by Latinobarometro based on sample design],Continuous (mean approximately 1),Wording stable across waves
y2016,WT,weight,Survey Administration,,Survey weight [Computed by Latinobarometro based on sample design],Continuous (mean approximately 1),Wording stable across waves
y2017,WT,weight,Survey Administration,,Survey weight [Computed by Latinobarometro based on sample design],Continuous (mean approximately 1),Wording stable across waves
y2018,WT,weight,Survey Administration,,Survey weight [Computed by Latinobarometro based on sample design],Continuous (mean approximately 1),Wording stable across waves
y2020,WT,weight,Survey Administration,,Survey weight [Computed by Latinobarometro based on sample design],Continuous (mean approximately 1),Wording stable across waves
y2023,WT,weight,Survey Administration,,Survey weight [Computed by Latinobarometro based on sample design],Continuous (mean approximately 1),Wording stable across waves
y2024,WT,weight,Survey Administration,,Survey weight [Computed by Latinobarometro based on sample design],Continuous (mean approximately 1),Wording stable across waves
