"wave","question_id","harmonized_name","section","stem_text","item_text","response_scale","notes"
"2004","a01","corr_prevalence_perception","Core corruption perception","","Generally speaking, how often do you think it occurs that money or valuables are given to public officials in exchange for their services?","1=Never occurs; 2; 3; 4; 5; 6=Occurs very often",""
"2005","a01","corr_prevalence_perception","Core corruption perception","","Generally speaking, how often do you think it occurs that money or valuables are given to public officials in exchange for their services?","1=Never occurs; 2; 3; 4; 5; 6=Occurs very often",""
"2006","a01","corr_prevalence_perception","Core corruption perception","","Generally speaking, how often do you think it occurs that money or valuables are given to public officials in exchange for their services?","1=Never occurs; 2; 3; 4; 5; 6=Occurs very often",""
"2007","a01","corr_prevalence_perception","Core corruption perception","","Generally speaking, how often do you think it occurs that money or valuables are given to public officials in exchange for their services?","1=Never occurs; 2; 3; 4; 5; 6=Occurs very often",""
"2008","q1","corr_prevalence_perception","Core corruption perception","","Generally speaking, how commonly do you think money or valuables are provided to public officials in the process of handling official business?","1=Never occurs; 2; 3; 4; 5; 6=Occurs very often","Wording shifted from how often to how commonly; semantically equivalent. English questionnaire: KOSSDA 13988."
"2009","q1","corr_prevalence_perception","Core corruption perception","","귀하는 공무원들이 공무를 처리하는 과정에서 금품수수 행위가 어느 정도 만연해 있다고 생각하십니까? [How prevalent do you think money/goods-receiving (금품수수) behavior is among public officials in handling official duties?]","1=전혀 없다 (Not at all prevalent); 2; 3; 4; 5; 6=매우 만연하다 (Very prevalent)","2009 questionnaire text estimated from 2008/2010 comparison; q-family variable naming used."
"2010","a01","corr_prevalence_perception","Core corruption perception","","귀하는 공무원들이 공무를 처리하는 과정에서 금품수수 행위가 어느 정도 만연해 있다고 생각하십니까? [How prevalent do you think money/goods-receiving (금품수수) behavior is among public officials in handling official duties?]","1=전혀 없다 (Not at all prevalent); 2; 3; 4; 5; 6=매우 만연하다 (Very prevalent)","Korean text sourced from 2014 questionnaire (KOSSDA 23277) as representative wave; wording stable 2009-2021."
"2011","a01","corr_prevalence_perception","Core corruption perception","","귀하는 공무원들이 공무를 처리하는 과정에서 금품수수 행위가 어느 정도 만연해 있다고 생각하십니까? [How prevalent do you think money/goods-receiving (금품수수) behavior is among public officials in handling official duties?]","1=전혀 없다 (Not at all prevalent); 2; 3; 4; 5; 6=매우 만연하다 (Very prevalent)","Korean text sourced from 2014 questionnaire (KOSSDA 23277) as representative wave; wording stable 2009-2021."
"2012","a01","corr_prevalence_perception","Core corruption perception","","귀하는 공무원들이 공무를 처리하는 과정에서 금품수수 행위가 어느 정도 만연해 있다고 생각하십니까? [How prevalent do you think money/goods-receiving (금품수수) behavior is among public officials in handling official duties?]","1=전혀 없다 (Not at all prevalent); 2; 3; 4; 5; 6=매우 만연하다 (Very prevalent)","Korean text sourced from 2014 questionnaire (KOSSDA 23277) as representative wave; wording stable 2009-2021."
"2013","a01","corr_prevalence_perception","Core corruption perception","","귀하는 공무원들이 공무를 처리하는 과정에서 금품수수 행위가 어느 정도 만연해 있다고 생각하십니까? [How prevalent do you think money/goods-receiving (금품수수) behavior is among public officials in handling official duties?]","1=전혀 없다 (Not at all prevalent); 2; 3; 4; 5; 6=매우 만연하다 (Very prevalent)","Korean text sourced from 2014 questionnaire (KOSSDA 23277) as representative wave; wording stable 2009-2021."
"2014","a01","corr_prevalence_perception","Core corruption perception","","귀하는 공무원들이 공무를 처리하는 과정에서 금품수수 행위가 어느 정도 만연해 있다고 생각하십니까? [How prevalent do you think money/goods-receiving (금품수수) behavior is among public officials in handling official duties?]","1=전혀 없다 (Not at all prevalent); 2; 3; 4; 5; 6=매우 만연하다 (Very prevalent)","Korean text sourced from 2014 questionnaire (KOSSDA 23277) as representative wave; wording stable 2009-2021."
"2015","a01","corr_prevalence_perception","Core corruption perception","","귀하는 공무원들이 공무를 처리하는 과정에서 금품수수 행위가 어느 정도 만연해 있다고 생각하십니까? [How prevalent do you think money/goods-receiving (금품수수) behavior is among public officials in handling official duties?]","1=전혀 없다 (Not at all prevalent); 2; 3; 4; 5; 6=매우 만연하다 (Very prevalent)","Korean text sourced from 2014 questionnaire (KOSSDA 23277) as representative wave; wording stable 2009-2021."
"2016","a01","corr_prevalence_perception","Core corruption perception","","귀하는 공무원들이 공무를 처리하는 과정에서 금품수수 행위가 어느 정도 만연해 있다고 생각하십니까? [How prevalent do you think money/goods-receiving (금품수수) behavior is among public officials in handling official duties?]","1=전혀 없다 (Not at all prevalent); 2; 3; 4; 5; 6=매우 만연하다 (Very prevalent)","Korean text sourced from 2014 questionnaire (KOSSDA 23277) as representative wave; wording stable 2009-2021."
"2017","a01","corr_prevalence_perception","Core corruption perception","","귀하는 공무원들이 공무를 처리하는 과정에서 금품수수 행위가 어느 정도 만연해 있다고 생각하십니까? [How prevalent do you think money/goods-receiving (금품수수) behavior is among public officials in handling official duties?]","1=전혀 없다 (Not at all prevalent); 2; 3; 4; 5; 6=매우 만연하다 (Very prevalent)","Korean text sourced from 2014 questionnaire (KOSSDA 23277) as representative wave; wording stable 2009-2021."
"2018","a01","corr_prevalence_perception","Core corruption perception","","귀하는 공무원들이 공무를 처리하는 과정에서 금품수수 행위가 어느 정도 만연해 있다고 생각하십니까? [How prevalent do you think money/goods-receiving (금품수수) behavior is among public officials in handling official duties?]","1=전혀 없다 (Not at all prevalent); 2; 3; 4; 5; 6=매우 만연하다 (Very prevalent)","Korean text sourced from 2014 questionnaire (KOSSDA 23277) as representative wave; wording stable 2009-2021."
"2019","a01","corr_prevalence_perception","Core corruption perception","","귀하는 공무원들이 공무를 처리하는 과정에서 금품수수 행위가 어느 정도 만연해 있다고 생각하십니까? [How prevalent do you think money/goods-receiving (금품수수) behavior is among public officials in handling official duties?]","1=전혀 없다 (Not at all prevalent); 2; 3; 4; 5; 6=매우 만연하다 (Very prevalent)","Korean text sourced from 2014 questionnaire (KOSSDA 23277) as representative wave; wording stable 2009-2021."
"2020","a01","corr_prevalence_perception","Core corruption perception","","귀하는 공무원들이 공무를 처리하는 과정에서 금품수수 행위가 어느 정도 만연해 있다고 생각하십니까? [How prevalent do you think money/goods-receiving (금품수수) behavior is among public officials in handling official duties?]","1=전혀 없다 (Not at all prevalent); 2; 3; 4; 5; 6=매우 만연하다 (Very prevalent)","Korean text sourced from 2014 questionnaire (KOSSDA 23277) as representative wave; wording stable 2009-2021."
"2021","a01","corr_prevalence_perception","Core corruption perception","","귀하는 공무원들이 공무를 처리하는 과정에서 금품수수 행위가 어느 정도 만연해 있다고 생각하십니까? [How prevalent do you think money/goods-receiving (금품수수) behavior is among public officials in handling official duties?]","1=전혀 없다 (Not at all prevalent); 2; 3; 4; 5; 6=매우 만연하다 (Very prevalent)","Korean text sourced from 2014 questionnaire (KOSSDA 23277) as representative wave; wording stable 2009-2021."
"2022","q1","corr_prevalence_perception","Core corruption perception","","귀하는 일반적으로 우리나라 공무원에게 금품·향응·편의를 제공하는 행위가 어느 정도 만연해 있다고 생각하십니까? [How prevalent do you think providing money/entertainment/favors (금품·향응·편의) to public officials is in Korea generally?]","1=전혀 없다 (Not at all prevalent); 2; 3; 4; 5; 6=매우 만연하다 (Very prevalent)","Wording expanded post-Kim Young-ran Act to include 향응 (entertainment) and 편의 (favors) alongside 금품 (money). Korean text from 2022 questionnaire (KOSSDA 26248)."
"2023","q1","corr_prevalence_perception","Core corruption perception","","귀하는 일반적으로 우리나라 공무원에게 금품·향응·편의를 제공하는 행위가 어느 정도 만연해 있다고 생각하십니까? [How prevalent do you think providing money/entertainment/favors (금품·향응·편의) to public officials is in Korea generally?]","1=전혀 없다 (Not at all prevalent); 2; 3; 4; 5; 6=매우 만연하다 (Very prevalent)","Wording expanded post-Kim Young-ran Act to include 향응 (entertainment) and 편의 (favors) alongside 금품 (money). Korean text from 2022 questionnaire (KOSSDA 26248)."
"2004","a02","corr_seriousness_perception","Core corruption perception","","How serious a social problem do you think public-sector corruption is in Korea?","1=Not at all serious; 2; 3; 4; 5; 6=Very serious",""
"2005","a02","corr_seriousness_perception","Core corruption perception","","How serious a social problem do you think public-sector corruption is in Korea?","1=Not at all serious; 2; 3; 4; 5; 6=Very serious",""
"2006","a02","corr_seriousness_perception","Core corruption perception","","How serious a social problem do you think public-sector corruption is in Korea?","1=Not at all serious; 2; 3; 4; 5; 6=Very serious",""
"2007","a02","corr_seriousness_perception","Core corruption perception","","How serious a social problem do you think public-sector corruption is in Korea?","1=Not at all serious; 2; 3; 4; 5; 6=Very serious",""
"2008","q2","corr_seriousness_perception","Core corruption perception","","How serious a social problem do you think corruption by public officials is in Korea?","1=Not at all serious; 2; 3; 4; 5; 6=Very serious","Slight wording variation vs 2004-2007; semantically equivalent. KOSSDA 13988."
"2009","q2","corr_seriousness_perception","Core corruption perception","","귀하는 현재 우리나라 공직부패 문제가 얼마나 심각하다고 생각하십니까? [How serious do you think the problem of public-sector corruption (공직부패) is in Korea currently?]","1=전혀 심각하지 않다 (Not at all serious); 2; 3; 4; 5; 6=매우 심각하다 (Very serious)","2009 questionnaire text estimated from 2008/2010 comparison; q-family variable naming used."
"2010","a02","corr_seriousness_perception","Core corruption perception","","귀하는 현재 우리나라 공직부패 문제가 얼마나 심각하다고 생각하십니까? [How serious do you think the problem of public-sector corruption (공직부패) is in Korea currently?]","1=전혀 심각하지 않다 (Not at all serious); 2; 3; 4; 5; 6=매우 심각하다 (Very serious)","Korean text sourced from 2014 questionnaire (KOSSDA 23277) as representative wave; wording stable 2009-2021."
"2011","a02","corr_seriousness_perception","Core corruption perception","","귀하는 현재 우리나라 공직부패 문제가 얼마나 심각하다고 생각하십니까? [How serious do you think the problem of public-sector corruption (공직부패) is in Korea currently?]","1=전혀 심각하지 않다 (Not at all serious); 2; 3; 4; 5; 6=매우 심각하다 (Very serious)","Korean text sourced from 2014 questionnaire (KOSSDA 23277) as representative wave; wording stable 2009-2021."
"2012","a02","corr_seriousness_perception","Core corruption perception","","귀하는 현재 우리나라 공직부패 문제가 얼마나 심각하다고 생각하십니까? [How serious do you think the problem of public-sector corruption (공직부패) is in Korea currently?]","1=전혀 심각하지 않다 (Not at all serious); 2; 3; 4; 5; 6=매우 심각하다 (Very serious)","Korean text sourced from 2014 questionnaire (KOSSDA 23277) as representative wave; wording stable 2009-2021."
"2013","a02","corr_seriousness_perception","Core corruption perception","","귀하는 현재 우리나라 공직부패 문제가 얼마나 심각하다고 생각하십니까? [How serious do you think the problem of public-sector corruption (공직부패) is in Korea currently?]","1=전혀 심각하지 않다 (Not at all serious); 2; 3; 4; 5; 6=매우 심각하다 (Very serious)","Korean text sourced from 2014 questionnaire (KOSSDA 23277) as representative wave; wording stable 2009-2021."
"2014","a02","corr_seriousness_perception","Core corruption perception","","귀하는 현재 우리나라 공직부패 문제가 얼마나 심각하다고 생각하십니까? [How serious do you think the problem of public-sector corruption (공직부패) is in Korea currently?]","1=전혀 심각하지 않다 (Not at all serious); 2; 3; 4; 5; 6=매우 심각하다 (Very serious)","Korean text sourced from 2014 questionnaire (KOSSDA 23277) as representative wave; wording stable 2009-2021."
"2015","a02","corr_seriousness_perception","Core corruption perception","","귀하는 현재 우리나라 공직부패 문제가 얼마나 심각하다고 생각하십니까? [How serious do you think the problem of public-sector corruption (공직부패) is in Korea currently?]","1=전혀 심각하지 않다 (Not at all serious); 2; 3; 4; 5; 6=매우 심각하다 (Very serious)","Korean text sourced from 2014 questionnaire (KOSSDA 23277) as representative wave; wording stable 2009-2021."
"2016","a02","corr_seriousness_perception","Core corruption perception","","귀하는 현재 우리나라 공직부패 문제가 얼마나 심각하다고 생각하십니까? [How serious do you think the problem of public-sector corruption (공직부패) is in Korea currently?]","1=전혀 심각하지 않다 (Not at all serious); 2; 3; 4; 5; 6=매우 심각하다 (Very serious)","Korean text sourced from 2014 questionnaire (KOSSDA 23277) as representative wave; wording stable 2009-2021."
"2017","a02","corr_seriousness_perception","Core corruption perception","","귀하는 현재 우리나라 공직부패 문제가 얼마나 심각하다고 생각하십니까? [How serious do you think the problem of public-sector corruption (공직부패) is in Korea currently?]","1=전혀 심각하지 않다 (Not at all serious); 2; 3; 4; 5; 6=매우 심각하다 (Very serious)","Korean text sourced from 2014 questionnaire (KOSSDA 23277) as representative wave; wording stable 2009-2021."
"2018","a02","corr_seriousness_perception","Core corruption perception","","귀하는 현재 우리나라 공직부패 문제가 얼마나 심각하다고 생각하십니까? [How serious do you think the problem of public-sector corruption (공직부패) is in Korea currently?]","1=전혀 심각하지 않다 (Not at all serious); 2; 3; 4; 5; 6=매우 심각하다 (Very serious)","Korean text sourced from 2014 questionnaire (KOSSDA 23277) as representative wave; wording stable 2009-2021."
"2019","a02","corr_seriousness_perception","Core corruption perception","","귀하는 현재 우리나라 공직부패 문제가 얼마나 심각하다고 생각하십니까? [How serious do you think the problem of public-sector corruption (공직부패) is in Korea currently?]","1=전혀 심각하지 않다 (Not at all serious); 2; 3; 4; 5; 6=매우 심각하다 (Very serious)","Korean text sourced from 2014 questionnaire (KOSSDA 23277) as representative wave; wording stable 2009-2021."
"2020","a02","corr_seriousness_perception","Core corruption perception","","귀하는 현재 우리나라 공직부패 문제가 얼마나 심각하다고 생각하십니까? [How serious do you think the problem of public-sector corruption (공직부패) is in Korea currently?]","1=전혀 심각하지 않다 (Not at all serious); 2; 3; 4; 5; 6=매우 심각하다 (Very serious)","Korean text sourced from 2014 questionnaire (KOSSDA 23277) as representative wave; wording stable 2009-2021."
"2021","a02","corr_seriousness_perception","Core corruption perception","","귀하는 현재 우리나라 공직부패 문제가 얼마나 심각하다고 생각하십니까? [How serious do you think the problem of public-sector corruption (공직부패) is in Korea currently?]","1=전혀 심각하지 않다 (Not at all serious); 2; 3; 4; 5; 6=매우 심각하다 (Very serious)","Korean text sourced from 2014 questionnaire (KOSSDA 23277) as representative wave; wording stable 2009-2021."
"2022","q2","corr_seriousness_perception","Core corruption perception","","귀하는 우리나라 공직부패 문제가 얼마나 심각하다고 생각하십니까? [How serious do you think the problem of public-sector corruption is in Korea?]","1=전혀 심각하지 않다 (Not at all serious); 2; 3; 4; 5; 6=매우 심각하다 (Very serious)","Korean text from 2022 questionnaire (KOSSDA 26248)."
"2023","q2","corr_seriousness_perception","Core corruption perception","","귀하는 우리나라 공직부패 문제가 얼마나 심각하다고 생각하십니까? [How serious do you think the problem of public-sector corruption is in Korea?]","1=전혀 심각하지 않다 (Not at all serious); 2; 3; 4; 5; 6=매우 심각하다 (Very serious)","Korean text from 2022 questionnaire (KOSSDA 26248)."
"2004","a03","corr_change_vs_last_year","Core corruption perception","","Compared to one year ago, do you think the level of corruption among public officials has decreased, increased, or remained the same?","1=Much lower than a year ago; 2; 3; 4; 5; 6=Much higher",""
"2005","a03","corr_change_vs_last_year","Core corruption perception","","Compared to one year ago, do you think the level of corruption among public officials has decreased, increased, or remained the same?","1=Much lower than a year ago; 2; 3; 4; 5; 6=Much higher",""
"2006","a03","corr_change_vs_last_year","Core corruption perception","","Compared to one year ago, do you think the level of corruption among public officials has decreased, increased, or remained the same?","1=Much lower than a year ago; 2; 3; 4; 5; 6=Much higher",""
"2007","a03","corr_change_vs_last_year","Core corruption perception","","Compared to one year ago, do you think the level of corruption among public officials has decreased, increased, or remained the same?","1=Much lower than a year ago; 2; 3; 4; 5; 6=Much higher",""
"2008","q3","corr_change_vs_last_year","Core corruption perception","","Compared to one year ago, how has the level of corruption among public officials changed?","1=Much lower than a year ago; 2; 3; 4; 5; 6=Much higher","Slight wording variation vs 2004-2007. KOSSDA 13988."
"2009","q3","corr_change_vs_last_year","Core corruption perception","","귀하는 1년 전에 비해 공직부패 수준이 어떻게 변했다고 생각하십니까? [Compared to 1 year ago, how do you think the level of public-sector corruption has changed?]","1=매우 낮아졌다 (Much lower than a year ago); 2; 3; 4; 5; 6=매우 높아졌다 (Much higher)","2009 questionnaire text estimated from 2008/2010 comparison; q-family variable naming used."
"2010","a03","corr_change_vs_last_year","Core corruption perception","","귀하는 1년 전에 비해 공직부패 수준이 어떻게 변했다고 생각하십니까? [Compared to 1 year ago, how do you think the level of public-sector corruption has changed?]","1=매우 낮아졌다 (Much lower than a year ago); 2; 3; 4; 5; 6=매우 높아졌다 (Much higher)","Korean text sourced from 2014 questionnaire (KOSSDA 23277) as representative wave; wording stable 2009-2021."
"2011","a03","corr_change_vs_last_year","Core corruption perception","","귀하는 1년 전에 비해 공직부패 수준이 어떻게 변했다고 생각하십니까? [Compared to 1 year ago, how do you think the level of public-sector corruption has changed?]","1=매우 낮아졌다 (Much lower than a year ago); 2; 3; 4; 5; 6=매우 높아졌다 (Much higher)","Korean text sourced from 2014 questionnaire (KOSSDA 23277) as representative wave; wording stable 2009-2021."
"2012","a03","corr_change_vs_last_year","Core corruption perception","","귀하는 1년 전에 비해 공직부패 수준이 어떻게 변했다고 생각하십니까? [Compared to 1 year ago, how do you think the level of public-sector corruption has changed?]","1=매우 낮아졌다 (Much lower than a year ago); 2; 3; 4; 5; 6=매우 높아졌다 (Much higher)","Korean text sourced from 2014 questionnaire (KOSSDA 23277) as representative wave; wording stable 2009-2021."
"2013","a03","corr_change_vs_last_year","Core corruption perception","","귀하는 1년 전에 비해 공직부패 수준이 어떻게 변했다고 생각하십니까? [Compared to 1 year ago, how do you think the level of public-sector corruption has changed?]","1=매우 낮아졌다 (Much lower than a year ago); 2; 3; 4; 5; 6=매우 높아졌다 (Much higher)","Korean text sourced from 2014 questionnaire (KOSSDA 23277) as representative wave; wording stable 2009-2021."
"2014","a03","corr_change_vs_last_year","Core corruption perception","","귀하는 1년 전에 비해 공직부패 수준이 어떻게 변했다고 생각하십니까? [Compared to 1 year ago, how do you think the level of public-sector corruption has changed?]","1=매우 낮아졌다 (Much lower than a year ago); 2; 3; 4; 5; 6=매우 높아졌다 (Much higher)","Korean text sourced from 2014 questionnaire (KOSSDA 23277) as representative wave; wording stable 2009-2021."
"2015","a03","corr_change_vs_last_year","Core corruption perception","","귀하는 1년 전에 비해 공직부패 수준이 어떻게 변했다고 생각하십니까? [Compared to 1 year ago, how do you think the level of public-sector corruption has changed?]","1=매우 낮아졌다 (Much lower than a year ago); 2; 3; 4; 5; 6=매우 높아졌다 (Much higher)","Korean text sourced from 2014 questionnaire (KOSSDA 23277) as representative wave; wording stable 2009-2021."
"2016","a03","corr_change_vs_last_year","Core corruption perception","","귀하는 1년 전에 비해 공직부패 수준이 어떻게 변했다고 생각하십니까? [Compared to 1 year ago, how do you think the level of public-sector corruption has changed?]","1=매우 낮아졌다 (Much lower than a year ago); 2; 3; 4; 5; 6=매우 높아졌다 (Much higher)","Korean text sourced from 2014 questionnaire (KOSSDA 23277) as representative wave; wording stable 2009-2021."
"2017","a03","corr_change_vs_last_year","Core corruption perception","","귀하는 1년 전에 비해 공직부패 수준이 어떻게 변했다고 생각하십니까? [Compared to 1 year ago, how do you think the level of public-sector corruption has changed?]","1=매우 낮아졌다 (Much lower than a year ago); 2; 3; 4; 5; 6=매우 높아졌다 (Much higher)","Korean text sourced from 2014 questionnaire (KOSSDA 23277) as representative wave; wording stable 2009-2021."
"2018","a03","corr_change_vs_last_year","Core corruption perception","","귀하는 1년 전에 비해 공직부패 수준이 어떻게 변했다고 생각하십니까? [Compared to 1 year ago, how do you think the level of public-sector corruption has changed?]","1=매우 낮아졌다 (Much lower than a year ago); 2; 3; 4; 5; 6=매우 높아졌다 (Much higher)","Korean text sourced from 2014 questionnaire (KOSSDA 23277) as representative wave; wording stable 2009-2021."
"2019","a03","corr_change_vs_last_year","Core corruption perception","","귀하는 1년 전에 비해 공직부패 수준이 어떻게 변했다고 생각하십니까? [Compared to 1 year ago, how do you think the level of public-sector corruption has changed?]","1=매우 낮아졌다 (Much lower than a year ago); 2; 3; 4; 5; 6=매우 높아졌다 (Much higher)","Korean text sourced from 2014 questionnaire (KOSSDA 23277) as representative wave; wording stable 2009-2021."
"2020","a03","corr_change_vs_last_year","Core corruption perception","","귀하는 1년 전에 비해 공직부패 수준이 어떻게 변했다고 생각하십니까? [Compared to 1 year ago, how do you think the level of public-sector corruption has changed?]","1=매우 낮아졌다 (Much lower than a year ago); 2; 3; 4; 5; 6=매우 높아졌다 (Much higher)","Korean text sourced from 2014 questionnaire (KOSSDA 23277) as representative wave; wording stable 2009-2021."
"2021","a03","corr_change_vs_last_year","Core corruption perception","","귀하는 1년 전에 비해 공직부패 수준이 어떻게 변했다고 생각하십니까? [Compared to 1 year ago, how do you think the level of public-sector corruption has changed?]","1=매우 낮아졌다 (Much lower than a year ago); 2; 3; 4; 5; 6=매우 높아졌다 (Much higher)","Korean text sourced from 2014 questionnaire (KOSSDA 23277) as representative wave; wording stable 2009-2021."
"2022","q9","corr_change_vs_last_year","Core corruption perception","","귀하는 1년 전과 비교할 때 우리나라 공직부패 수준이 어떻게 변했다고 생각하십니까? [Compared to 1 year ago, how do you think the level of public-sector corruption in Korea has changed?]","1=매우 낮아졌다 (Much lower than a year ago); 2; 3; 4; 5; 6=매우 높아졌다 (Much higher)","Renamed q9 in 2022-2023 (was q3/a03 in earlier waves). Korean text from 2022 questionnaire (KOSSDA 26248)."
"2023","q9","corr_change_vs_last_year","Core corruption perception","","귀하는 1년 전과 비교할 때 우리나라 공직부패 수준이 어떻게 변했다고 생각하십니까? [Compared to 1 year ago, how do you think the level of public-sector corruption in Korea has changed?]","1=매우 낮아졌다 (Much lower than a year ago); 2; 3; 4; 5; 6=매우 높아졌다 (Much higher)","Renamed q9 in 2022-2023 (was q3/a03 in earlier waves). Korean text from 2022 questionnaire (KOSSDA 26248)."
"2004","a13","corr_bribery_experience_1yr","Core corruption perception","","During the past one year, have you personally given money, gifts, or provided entertainment to a public official in relation to your business affairs?","1=Yes; 2=No",""
"2005","a13","corr_bribery_experience_1yr","Core corruption perception","","During the past one year, have you personally given money, gifts, or provided entertainment to a public official in relation to your business affairs?","1=Yes; 2=No",""
"2006","a13","corr_bribery_experience_1yr","Core corruption perception","","During the past one year, have you personally given money, gifts, or provided entertainment to a public official in relation to your business affairs?","1=Yes; 2=No",""
"2007","a13","corr_bribery_experience_1yr","Core corruption perception","","During the past one year, have you personally given money, gifts, or provided entertainment to a public official in relation to your business affairs?","1=Yes; 2=No",""
"2008","q13","corr_bribery_experience_1yr","Core corruption perception","","In the past one year, have you personally given money, gifts, or provided entertainment to a public official in the course of handling your business affairs?","1=Yes; 2=No","KOSSDA 13988."
"2009","q13","corr_bribery_experience_1yr","Core corruption perception","","귀하는 지난 1년 동안 사업상 업무를 처리하는 과정에서 공무원에게 금품이나 향응을 제공한 경험이 있으십니까? [In the past 1 year, in handling business affairs, have you given money/goods or entertainment to a public official?]","1=예 (Yes); 2=아니오 (No)","2009 questionnaire text estimated from 2008/2010 comparison; q-family variable naming used."
"2010","a13","corr_bribery_experience_1yr","Core corruption perception","","귀하는 지난 1년 동안 사업상 업무를 처리하는 과정에서 공무원에게 금품이나 향응을 제공한 경험이 있으십니까? [In the past 1 year, in handling business affairs, have you given money/goods or entertainment to a public official?]","1=예 (Yes); 2=아니오 (No)","Korean text sourced from 2014 questionnaire (KOSSDA 23277) as representative wave; wording stable 2009-2021."
"2011","a13","corr_bribery_experience_1yr","Core corruption perception","","귀하는 지난 1년 동안 사업상 업무를 처리하는 과정에서 공무원에게 금품이나 향응을 제공한 경험이 있으십니까? [In the past 1 year, in handling business affairs, have you given money/goods or entertainment to a public official?]","1=예 (Yes); 2=아니오 (No)","Korean text sourced from 2014 questionnaire (KOSSDA 23277) as representative wave; wording stable 2009-2021."
"2012","a13","corr_bribery_experience_1yr","Core corruption perception","","귀하는 지난 1년 동안 사업상 업무를 처리하는 과정에서 공무원에게 금품이나 향응을 제공한 경험이 있으십니까? [In the past 1 year, in handling business affairs, have you given money/goods or entertainment to a public official?]","1=예 (Yes); 2=아니오 (No)","Korean text sourced from 2014 questionnaire (KOSSDA 23277) as representative wave; wording stable 2009-2021."
"2013","a13","corr_bribery_experience_1yr","Core corruption perception","","귀하는 지난 1년 동안 사업상 업무를 처리하는 과정에서 공무원에게 금품이나 향응을 제공한 경험이 있으십니까? [In the past 1 year, in handling business affairs, have you given money/goods or entertainment to a public official?]","1=예 (Yes); 2=아니오 (No)","Korean text sourced from 2014 questionnaire (KOSSDA 23277) as representative wave; wording stable 2009-2021."
"2014","a13","corr_bribery_experience_1yr","Core corruption perception","","귀하는 지난 1년 동안 사업상 업무를 처리하는 과정에서 공무원에게 금품이나 향응을 제공한 경험이 있으십니까? [In the past 1 year, in handling business affairs, have you given money/goods or entertainment to a public official?]","1=예 (Yes); 2=아니오 (No)","Korean text sourced from 2014 questionnaire (KOSSDA 23277) as representative wave; wording stable 2009-2021."
"2015","a13","corr_bribery_experience_1yr","Core corruption perception","","귀하는 지난 1년 동안 사업상 업무를 처리하는 과정에서 공무원에게 금품이나 향응을 제공한 경험이 있으십니까? [In the past 1 year, in handling business affairs, have you given money/goods or entertainment to a public official?]","1=예 (Yes); 2=아니오 (No)","Korean text sourced from 2014 questionnaire (KOSSDA 23277) as representative wave; wording stable 2009-2021."
"2016","a13","corr_bribery_experience_1yr","Core corruption perception","","귀하는 지난 1년 동안 사업상 업무를 처리하는 과정에서 공무원에게 금품이나 향응을 제공한 경험이 있으십니까? [In the past 1 year, in handling business affairs, have you given money/goods or entertainment to a public official?]","1=예 (Yes); 2=아니오 (No)","Korean text sourced from 2014 questionnaire (KOSSDA 23277) as representative wave; wording stable 2009-2021."
"2017","a13","corr_bribery_experience_1yr","Core corruption perception","","귀하는 지난 1년 동안 사업상 업무를 처리하는 과정에서 공무원에게 금품이나 향응을 제공한 경험이 있으십니까? [In the past 1 year, in handling business affairs, have you given money/goods or entertainment to a public official?]","1=예 (Yes); 2=아니오 (No)","Korean text sourced from 2014 questionnaire (KOSSDA 23277) as representative wave; wording stable 2009-2021."
"2018","a13","corr_bribery_experience_1yr","Core corruption perception","","귀하는 지난 1년 동안 사업상 업무를 처리하는 과정에서 공무원에게 금품이나 향응을 제공한 경험이 있으십니까? [In the past 1 year, in handling business affairs, have you given money/goods or entertainment to a public official?]","1=예 (Yes); 2=아니오 (No)","Korean text sourced from 2014 questionnaire (KOSSDA 23277) as representative wave; wording stable 2009-2021."
"2019","a13","corr_bribery_experience_1yr","Core corruption perception","","귀하는 지난 1년 동안 사업상 업무를 처리하는 과정에서 공무원에게 금품이나 향응을 제공한 경험이 있으십니까? [In the past 1 year, in handling business affairs, have you given money/goods or entertainment to a public official?]","1=예 (Yes); 2=아니오 (No)","Korean text sourced from 2014 questionnaire (KOSSDA 23277) as representative wave; wording stable 2009-2021."
"2020","a13","corr_bribery_experience_1yr","Core corruption perception","","귀하는 지난 1년 동안 사업상 업무를 처리하는 과정에서 공무원에게 금품이나 향응을 제공한 경험이 있으십니까? [In the past 1 year, in handling business affairs, have you given money/goods or entertainment to a public official?]","1=예 (Yes); 2=아니오 (No)","Korean text sourced from 2014 questionnaire (KOSSDA 23277) as representative wave; wording stable 2009-2021."
"2021","a13","corr_bribery_experience_1yr","Core corruption perception","","귀하는 지난 1년 동안 사업상 업무를 처리하는 과정에서 공무원에게 금품이나 향응을 제공한 경험이 있으십니까? [In the past 1 year, in handling business affairs, have you given money/goods or entertainment to a public official?]","1=예 (Yes); 2=아니오 (No)","Korean text sourced from 2014 questionnaire (KOSSDA 23277) as representative wave; wording stable 2009-2021."
"2022","","corr_bribery_experience_1yr","Core corruption perception","","","","Not included in this wave — bribery experience question restructured in 2022; q13 in 2022-2023 captures contact with officials concept, not direct bribery. See 2022 questionnaire Q17 for an alternative bribery item not yet harmonized."
"2023","","corr_bribery_experience_1yr","Core corruption perception","","","","Not included in this wave — bribery experience question restructured in 2022; q13 in 2022-2023 captures contact with officials concept, not direct bribery. See 2022 questionnaire Q17 for an alternative bribery item not yet harmonized."
"2004","a0611","corr_sector_public","Sector and function-level corruption perception","How corrupt do you think each of the following sectors is in Korea? Please rate on a scale of 1 (not at all corrupt) to 6 (very corrupt).","Public sector / administrative agencies","1=Not corrupt at all; 2; 3; 4; 5; 6=Very corrupt",""
"2005","a0611","corr_sector_public","Sector and function-level corruption perception","How corrupt do you think each of the following sectors is in Korea? Please rate on a scale of 1 (not at all corrupt) to 6 (very corrupt).","Public sector / administrative agencies","1=Not corrupt at all; 2; 3; 4; 5; 6=Very corrupt",""
"2006","a0611","corr_sector_public","Sector and function-level corruption perception","How corrupt do you think each of the following sectors is in Korea? Please rate on a scale of 1 (not at all corrupt) to 6 (very corrupt).","Public sector / administrative agencies","1=Not corrupt at all; 2; 3; 4; 5; 6=Very corrupt",""
"2007","a0611","corr_sector_public","Sector and function-level corruption perception","How corrupt do you think each of the following sectors is in Korea? Please rate on a scale of 1 (not at all corrupt) to 6 (very corrupt).","Public sector / administrative agencies","1=Not corrupt at all; 2; 3; 4; 5; 6=Very corrupt",""
"2008","","corr_sector_public","Sector and function-level corruption perception","","","","Not harmonized in this wave — 2008 questionnaire (KOSSDA 13988) used q-family variable naming; sector/function/agency items existed but under incompatible numbering structure (q7_* etc.) not mapped in this pass."
"2009","","corr_sector_public","Sector and function-level corruption perception","","","","Not harmonized in this wave — 2009 questionnaire (KOSSDA 15387) not directly available; function/agency items likely present under q-family naming but not mapped."
"2010","a0611","corr_sector_public","Sector and function-level corruption perception","다음 분야의 부패 수준은 어느 정도라고 생각하십니까? [How corrupt do you think each of the following sectors is?]","공공분야(행정기관) [Public sector / administrative agencies]","1=전혀 없다 (Not at all corrupt); 2; 3; 4; 5; 6=매우 심하다 (Very corrupt)","Korean text sourced from 2014 questionnaire (KOSSDA 23277) as representative wave; wording stable 2009-2021."
"2011","a0611","corr_sector_public","Sector and function-level corruption perception","다음 분야의 부패 수준은 어느 정도라고 생각하십니까? [How corrupt do you think each of the following sectors is?]","공공분야(행정기관) [Public sector / administrative agencies]","1=전혀 없다 (Not at all corrupt); 2; 3; 4; 5; 6=매우 심하다 (Very corrupt)","Korean text sourced from 2014 questionnaire (KOSSDA 23277) as representative wave; wording stable 2009-2021."
"2012","a0611","corr_sector_public","Sector and function-level corruption perception","다음 분야의 부패 수준은 어느 정도라고 생각하십니까? [How corrupt do you think each of the following sectors is?]","공공분야(행정기관) [Public sector / administrative agencies]","1=전혀 없다 (Not at all corrupt); 2; 3; 4; 5; 6=매우 심하다 (Very corrupt)","Korean text sourced from 2014 questionnaire (KOSSDA 23277) as representative wave; wording stable 2009-2021."
"2013","a0611","corr_sector_public","Sector and function-level corruption perception","다음 분야의 부패 수준은 어느 정도라고 생각하십니까? [How corrupt do you think each of the following sectors is?]","공공분야(행정기관) [Public sector / administrative agencies]","1=전혀 없다 (Not at all corrupt); 2; 3; 4; 5; 6=매우 심하다 (Very corrupt)","Korean text sourced from 2014 questionnaire (KOSSDA 23277) as representative wave; wording stable 2009-2021."
"2014","a0611","corr_sector_public","Sector and function-level corruption perception","다음 분야의 부패 수준은 어느 정도라고 생각하십니까? [How corrupt do you think each of the following sectors is?]","공공분야(행정기관) [Public sector / administrative agencies]","1=전혀 없다 (Not at all corrupt); 2; 3; 4; 5; 6=매우 심하다 (Very corrupt)","Korean text sourced from 2014 questionnaire (KOSSDA 23277) as representative wave; wording stable 2009-2021."
"2015","a0611","corr_sector_public","Sector and function-level corruption perception","다음 분야의 부패 수준은 어느 정도라고 생각하십니까? [How corrupt do you think each of the following sectors is?]","공공분야(행정기관) [Public sector / administrative agencies]","1=전혀 없다 (Not at all corrupt); 2; 3; 4; 5; 6=매우 심하다 (Very corrupt)","Korean text sourced from 2014 questionnaire (KOSSDA 23277) as representative wave; wording stable 2009-2021."
"2016","a0611","corr_sector_public","Sector and function-level corruption perception","다음 분야의 부패 수준은 어느 정도라고 생각하십니까? [How corrupt do you think each of the following sectors is?]","공공분야(행정기관) [Public sector / administrative agencies]","1=전혀 없다 (Not at all corrupt); 2; 3; 4; 5; 6=매우 심하다 (Very corrupt)","Korean text sourced from 2014 questionnaire (KOSSDA 23277) as representative wave; wording stable 2009-2021."
"2017","a0611","corr_sector_public","Sector and function-level corruption perception","다음 분야의 부패 수준은 어느 정도라고 생각하십니까? [How corrupt do you think each of the following sectors is?]","공공분야(행정기관) [Public sector / administrative agencies]","1=전혀 없다 (Not at all corrupt); 2; 3; 4; 5; 6=매우 심하다 (Very corrupt)","Korean text sourced from 2014 questionnaire (KOSSDA 23277) as representative wave; wording stable 2009-2021."
"2018","a0611","corr_sector_public","Sector and function-level corruption perception","다음 분야의 부패 수준은 어느 정도라고 생각하십니까? [How corrupt do you think each of the following sectors is?]","공공분야(행정기관) [Public sector / administrative agencies]","1=전혀 없다 (Not at all corrupt); 2; 3; 4; 5; 6=매우 심하다 (Very corrupt)","Korean text sourced from 2014 questionnaire (KOSSDA 23277) as representative wave; wording stable 2009-2021."
"2019","a0611","corr_sector_public","Sector and function-level corruption perception","다음 분야의 부패 수준은 어느 정도라고 생각하십니까? [How corrupt do you think each of the following sectors is?]","공공분야(행정기관) [Public sector / administrative agencies]","1=전혀 없다 (Not at all corrupt); 2; 3; 4; 5; 6=매우 심하다 (Very corrupt)","Korean text sourced from 2014 questionnaire (KOSSDA 23277) as representative wave; wording stable 2009-2021."
"2020","a0611","corr_sector_public","Sector and function-level corruption perception","다음 분야의 부패 수준은 어느 정도라고 생각하십니까? [How corrupt do you think each of the following sectors is?]","공공분야(행정기관) [Public sector / administrative agencies]","1=전혀 없다 (Not at all corrupt); 2; 3; 4; 5; 6=매우 심하다 (Very corrupt)","Korean text sourced from 2014 questionnaire (KOSSDA 23277) as representative wave; wording stable 2009-2021."
"2021","a0611","corr_sector_public","Sector and function-level corruption perception","다음 분야의 부패 수준은 어느 정도라고 생각하십니까? [How corrupt do you think each of the following sectors is?]","공공분야(행정기관) [Public sector / administrative agencies]","1=전혀 없다 (Not at all corrupt); 2; 3; 4; 5; 6=매우 심하다 (Very corrupt)","Korean text sourced from 2014 questionnaire (KOSSDA 23277) as representative wave; wording stable 2009-2021."
"2022","q11_1","corr_sector_public","Sector and function-level corruption perception","다음 분야의 부패 수준은 어느 정도라고 생각하십니까? [How corrupt do you think each of the following sectors is?]","공공분야(행정기관) [Public sector / administrative agencies]","1=전혀 없다 (Not at all corrupt); 2; 3; 4; 5; 6=매우 심하다 (Very corrupt)","Korean text from 2022 questionnaire (KOSSDA 26248)."
"2023","q11_1","corr_sector_public","Sector and function-level corruption perception","다음 분야의 부패 수준은 어느 정도라고 생각하십니까? [How corrupt do you think each of the following sectors is?]","공공분야(행정기관) [Public sector / administrative agencies]","1=전혀 없다 (Not at all corrupt); 2; 3; 4; 5; 6=매우 심하다 (Very corrupt)","Korean text from 2022 questionnaire (KOSSDA 26248)."
"2004","a0612","corr_sector_private","Sector and function-level corruption perception","How corrupt do you think each of the following sectors is in Korea? Please rate on a scale of 1 (not at all corrupt) to 6 (very corrupt).","Private sector / business corporations","1=Not corrupt at all; 2; 3; 4; 5; 6=Very corrupt",""
"2005","a0612","corr_sector_private","Sector and function-level corruption perception","How corrupt do you think each of the following sectors is in Korea? Please rate on a scale of 1 (not at all corrupt) to 6 (very corrupt).","Private sector / business corporations","1=Not corrupt at all; 2; 3; 4; 5; 6=Very corrupt",""
"2006","a0612","corr_sector_private","Sector and function-level corruption perception","How corrupt do you think each of the following sectors is in Korea? Please rate on a scale of 1 (not at all corrupt) to 6 (very corrupt).","Private sector / business corporations","1=Not corrupt at all; 2; 3; 4; 5; 6=Very corrupt",""
"2007","a0612","corr_sector_private","Sector and function-level corruption perception","How corrupt do you think each of the following sectors is in Korea? Please rate on a scale of 1 (not at all corrupt) to 6 (very corrupt).","Private sector / business corporations","1=Not corrupt at all; 2; 3; 4; 5; 6=Very corrupt",""
"2008","","corr_sector_private","Sector and function-level corruption perception","","","","Not harmonized in this wave — 2008 questionnaire (KOSSDA 13988) used q-family variable naming; sector/function/agency items existed but under incompatible numbering structure (q7_* etc.) not mapped in this pass."
"2009","","corr_sector_private","Sector and function-level corruption perception","","","","Not harmonized in this wave — 2009 questionnaire (KOSSDA 15387) not directly available; function/agency items likely present under q-family naming but not mapped."
"2010","a0612","corr_sector_private","Sector and function-level corruption perception","다음 분야의 부패 수준은 어느 정도라고 생각하십니까? [How corrupt do you think each of the following sectors is?]","민간분야(기업체) [Private sector / business corporations]","1=전혀 없다 (Not at all corrupt); 2; 3; 4; 5; 6=매우 심하다 (Very corrupt)","Korean text sourced from 2014 questionnaire (KOSSDA 23277) as representative wave; wording stable 2009-2021."
"2011","a0612","corr_sector_private","Sector and function-level corruption perception","다음 분야의 부패 수준은 어느 정도라고 생각하십니까? [How corrupt do you think each of the following sectors is?]","민간분야(기업체) [Private sector / business corporations]","1=전혀 없다 (Not at all corrupt); 2; 3; 4; 5; 6=매우 심하다 (Very corrupt)","Korean text sourced from 2014 questionnaire (KOSSDA 23277) as representative wave; wording stable 2009-2021."
"2012","a0612","corr_sector_private","Sector and function-level corruption perception","다음 분야의 부패 수준은 어느 정도라고 생각하십니까? [How corrupt do you think each of the following sectors is?]","민간분야(기업체) [Private sector / business corporations]","1=전혀 없다 (Not at all corrupt); 2; 3; 4; 5; 6=매우 심하다 (Very corrupt)","Korean text sourced from 2014 questionnaire (KOSSDA 23277) as representative wave; wording stable 2009-2021."
"2013","a0612","corr_sector_private","Sector and function-level corruption perception","다음 분야의 부패 수준은 어느 정도라고 생각하십니까? [How corrupt do you think each of the following sectors is?]","민간분야(기업체) [Private sector / business corporations]","1=전혀 없다 (Not at all corrupt); 2; 3; 4; 5; 6=매우 심하다 (Very corrupt)","Korean text sourced from 2014 questionnaire (KOSSDA 23277) as representative wave; wording stable 2009-2021."
"2014","a0612","corr_sector_private","Sector and function-level corruption perception","다음 분야의 부패 수준은 어느 정도라고 생각하십니까? [How corrupt do you think each of the following sectors is?]","민간분야(기업체) [Private sector / business corporations]","1=전혀 없다 (Not at all corrupt); 2; 3; 4; 5; 6=매우 심하다 (Very corrupt)","Korean text sourced from 2014 questionnaire (KOSSDA 23277) as representative wave; wording stable 2009-2021."
"2015","a0612","corr_sector_private","Sector and function-level corruption perception","다음 분야의 부패 수준은 어느 정도라고 생각하십니까? [How corrupt do you think each of the following sectors is?]","민간분야(기업체) [Private sector / business corporations]","1=전혀 없다 (Not at all corrupt); 2; 3; 4; 5; 6=매우 심하다 (Very corrupt)","Korean text sourced from 2014 questionnaire (KOSSDA 23277) as representative wave; wording stable 2009-2021."
"2016","a0612","corr_sector_private","Sector and function-level corruption perception","다음 분야의 부패 수준은 어느 정도라고 생각하십니까? [How corrupt do you think each of the following sectors is?]","민간분야(기업체) [Private sector / business corporations]","1=전혀 없다 (Not at all corrupt); 2; 3; 4; 5; 6=매우 심하다 (Very corrupt)","Korean text sourced from 2014 questionnaire (KOSSDA 23277) as representative wave; wording stable 2009-2021."
"2017","a0612","corr_sector_private","Sector and function-level corruption perception","다음 분야의 부패 수준은 어느 정도라고 생각하십니까? [How corrupt do you think each of the following sectors is?]","민간분야(기업체) [Private sector / business corporations]","1=전혀 없다 (Not at all corrupt); 2; 3; 4; 5; 6=매우 심하다 (Very corrupt)","Korean text sourced from 2014 questionnaire (KOSSDA 23277) as representative wave; wording stable 2009-2021."
"2018","a0612","corr_sector_private","Sector and function-level corruption perception","다음 분야의 부패 수준은 어느 정도라고 생각하십니까? [How corrupt do you think each of the following sectors is?]","민간분야(기업체) [Private sector / business corporations]","1=전혀 없다 (Not at all corrupt); 2; 3; 4; 5; 6=매우 심하다 (Very corrupt)","Korean text sourced from 2014 questionnaire (KOSSDA 23277) as representative wave; wording stable 2009-2021."
"2019","a0612","corr_sector_private","Sector and function-level corruption perception","다음 분야의 부패 수준은 어느 정도라고 생각하십니까? [How corrupt do you think each of the following sectors is?]","민간분야(기업체) [Private sector / business corporations]","1=전혀 없다 (Not at all corrupt); 2; 3; 4; 5; 6=매우 심하다 (Very corrupt)","Korean text sourced from 2014 questionnaire (KOSSDA 23277) as representative wave; wording stable 2009-2021."
"2020","a0612","corr_sector_private","Sector and function-level corruption perception","다음 분야의 부패 수준은 어느 정도라고 생각하십니까? [How corrupt do you think each of the following sectors is?]","민간분야(기업체) [Private sector / business corporations]","1=전혀 없다 (Not at all corrupt); 2; 3; 4; 5; 6=매우 심하다 (Very corrupt)","Korean text sourced from 2014 questionnaire (KOSSDA 23277) as representative wave; wording stable 2009-2021."
"2021","a0612","corr_sector_private","Sector and function-level corruption perception","다음 분야의 부패 수준은 어느 정도라고 생각하십니까? [How corrupt do you think each of the following sectors is?]","민간분야(기업체) [Private sector / business corporations]","1=전혀 없다 (Not at all corrupt); 2; 3; 4; 5; 6=매우 심하다 (Very corrupt)","Korean text sourced from 2014 questionnaire (KOSSDA 23277) as representative wave; wording stable 2009-2021."
"2022","q11_2","corr_sector_private","Sector and function-level corruption perception","다음 분야의 부패 수준은 어느 정도라고 생각하십니까? [How corrupt do you think each of the following sectors is?]","민간분야(기업체) [Private sector / business corporations]","1=전혀 없다 (Not at all corrupt); 2; 3; 4; 5; 6=매우 심하다 (Very corrupt)","Korean text from 2022 questionnaire (KOSSDA 26248)."
"2023","q11_2","corr_sector_private","Sector and function-level corruption perception","다음 분야의 부패 수준은 어느 정도라고 생각하십니까? [How corrupt do you think each of the following sectors is?]","민간분야(기업체) [Private sector / business corporations]","1=전혀 없다 (Not at all corrupt); 2; 3; 4; 5; 6=매우 심하다 (Very corrupt)","Korean text from 2022 questionnaire (KOSSDA 26248)."
"2004","a0701","corr_func_tax","Sector and function-level corruption perception","For each of the following areas of government administration, how corrupt do you think officials are? Please rate on a scale of 1 (not at all) to 6 (very corrupt).","Tax administration","1=Not corrupt at all; 2; 3; 4; 5; 6=Very corrupt",""
"2005","a0701","corr_func_tax","Sector and function-level corruption perception","For each of the following areas of government administration, how corrupt do you think officials are? Please rate on a scale of 1 (not at all) to 6 (very corrupt).","Tax administration","1=Not corrupt at all; 2; 3; 4; 5; 6=Very corrupt",""
"2006","a0701","corr_func_tax","Sector and function-level corruption perception","For each of the following areas of government administration, how corrupt do you think officials are? Please rate on a scale of 1 (not at all) to 6 (very corrupt).","Tax administration","1=Not corrupt at all; 2; 3; 4; 5; 6=Very corrupt",""
"2007","a0701","corr_func_tax","Sector and function-level corruption perception","For each of the following areas of government administration, how corrupt do you think officials are? Please rate on a scale of 1 (not at all) to 6 (very corrupt).","Tax administration","1=Not corrupt at all; 2; 3; 4; 5; 6=Very corrupt",""
"2008","","corr_func_tax","Sector and function-level corruption perception","","","","Not harmonized in this wave — 2008 questionnaire (KOSSDA 13988) used q-family variable naming; sector/function/agency items existed but under incompatible numbering structure (q7_* etc.) not mapped in this pass."
"2009","","corr_func_tax","Sector and function-level corruption perception","","","","Not harmonized in this wave — 2009 questionnaire (KOSSDA 15387) not directly available; function/agency items likely present under q-family naming but not mapped."
"2010","a0701","corr_func_tax","Sector and function-level corruption perception","다음 행정 기능 분야별 부패 수준은 어느 정도라고 생각하십니까? [How corrupt do you think each of the following areas of administrative function is?]","세무 [Tax administration]","1=전혀 없다 (Not at all corrupt); 2; 3; 4; 5; 6=매우 심하다 (Very corrupt)","Korean text sourced from 2014 questionnaire (KOSSDA 23277) as representative wave; wording stable 2009-2021."
"2011","a0701","corr_func_tax","Sector and function-level corruption perception","다음 행정 기능 분야별 부패 수준은 어느 정도라고 생각하십니까? [How corrupt do you think each of the following areas of administrative function is?]","세무 [Tax administration]","1=전혀 없다 (Not at all corrupt); 2; 3; 4; 5; 6=매우 심하다 (Very corrupt)","Korean text sourced from 2014 questionnaire (KOSSDA 23277) as representative wave; wording stable 2009-2021."
"2012","a0701","corr_func_tax","Sector and function-level corruption perception","다음 행정 기능 분야별 부패 수준은 어느 정도라고 생각하십니까? [How corrupt do you think each of the following areas of administrative function is?]","세무 [Tax administration]","1=전혀 없다 (Not at all corrupt); 2; 3; 4; 5; 6=매우 심하다 (Very corrupt)","Korean text sourced from 2014 questionnaire (KOSSDA 23277) as representative wave; wording stable 2009-2021."
"2013","a0701","corr_func_tax","Sector and function-level corruption perception","다음 행정 기능 분야별 부패 수준은 어느 정도라고 생각하십니까? [How corrupt do you think each of the following areas of administrative function is?]","세무 [Tax administration]","1=전혀 없다 (Not at all corrupt); 2; 3; 4; 5; 6=매우 심하다 (Very corrupt)","Korean text sourced from 2014 questionnaire (KOSSDA 23277) as representative wave; wording stable 2009-2021."
"2014","a0701","corr_func_tax","Sector and function-level corruption perception","다음 행정 기능 분야별 부패 수준은 어느 정도라고 생각하십니까? [How corrupt do you think each of the following areas of administrative function is?]","세무 [Tax administration]","1=전혀 없다 (Not at all corrupt); 2; 3; 4; 5; 6=매우 심하다 (Very corrupt)","Korean text sourced from 2014 questionnaire (KOSSDA 23277) as representative wave; wording stable 2009-2021."
"2015","a0701","corr_func_tax","Sector and function-level corruption perception","다음 행정 기능 분야별 부패 수준은 어느 정도라고 생각하십니까? [How corrupt do you think each of the following areas of administrative function is?]","세무 [Tax administration]","1=전혀 없다 (Not at all corrupt); 2; 3; 4; 5; 6=매우 심하다 (Very corrupt)","Korean text sourced from 2014 questionnaire (KOSSDA 23277) as representative wave; wording stable 2009-2021."
"2016","a0701","corr_func_tax","Sector and function-level corruption perception","다음 행정 기능 분야별 부패 수준은 어느 정도라고 생각하십니까? [How corrupt do you think each of the following areas of administrative function is?]","세무 [Tax administration]","1=전혀 없다 (Not at all corrupt); 2; 3; 4; 5; 6=매우 심하다 (Very corrupt)","Korean text sourced from 2014 questionnaire (KOSSDA 23277) as representative wave; wording stable 2009-2021."
"2017","a0701","corr_func_tax","Sector and function-level corruption perception","다음 행정 기능 분야별 부패 수준은 어느 정도라고 생각하십니까? [How corrupt do you think each of the following areas of administrative function is?]","세무 [Tax administration]","1=전혀 없다 (Not at all corrupt); 2; 3; 4; 5; 6=매우 심하다 (Very corrupt)","Korean text sourced from 2014 questionnaire (KOSSDA 23277) as representative wave; wording stable 2009-2021."
"2018","a0701","corr_func_tax","Sector and function-level corruption perception","다음 행정 기능 분야별 부패 수준은 어느 정도라고 생각하십니까? [How corrupt do you think each of the following areas of administrative function is?]","세무 [Tax administration]","1=전혀 없다 (Not at all corrupt); 2; 3; 4; 5; 6=매우 심하다 (Very corrupt)","Korean text sourced from 2014 questionnaire (KOSSDA 23277) as representative wave; wording stable 2009-2021."
"2019","a0701","corr_func_tax","Sector and function-level corruption perception","다음 행정 기능 분야별 부패 수준은 어느 정도라고 생각하십니까? [How corrupt do you think each of the following areas of administrative function is?]","세무 [Tax administration]","1=전혀 없다 (Not at all corrupt); 2; 3; 4; 5; 6=매우 심하다 (Very corrupt)","Korean text sourced from 2014 questionnaire (KOSSDA 23277) as representative wave; wording stable 2009-2021."
"2020","a0701","corr_func_tax","Sector and function-level corruption perception","다음 행정 기능 분야별 부패 수준은 어느 정도라고 생각하십니까? [How corrupt do you think each of the following areas of administrative function is?]","세무 [Tax administration]","1=전혀 없다 (Not at all corrupt); 2; 3; 4; 5; 6=매우 심하다 (Very corrupt)","Korean text sourced from 2014 questionnaire (KOSSDA 23277) as representative wave; wording stable 2009-2021."
"2021","a0701","corr_func_tax","Sector and function-level corruption perception","다음 행정 기능 분야별 부패 수준은 어느 정도라고 생각하십니까? [How corrupt do you think each of the following areas of administrative function is?]","세무 [Tax administration]","1=전혀 없다 (Not at all corrupt); 2; 3; 4; 5; 6=매우 심하다 (Very corrupt)","Korean text sourced from 2014 questionnaire (KOSSDA 23277) as representative wave; wording stable 2009-2021."
"2022","q23_1","corr_func_tax","Sector and function-level corruption perception","다음 공공기관 기능 분야별 부패 수준은 어느 정도라고 생각하십니까? [How corrupt do you think each of the following public institution function areas is?]","세무 [Tax administration]","1=전혀 없다 (Not at all corrupt); 2; 3; 4; 5; 6=매우 심하다 (Very corrupt)","Korean text from 2022 questionnaire (KOSSDA 26248)."
"2023","q23_1","corr_func_tax","Sector and function-level corruption perception","다음 공공기관 기능 분야별 부패 수준은 어느 정도라고 생각하십니까? [How corrupt do you think each of the following public institution function areas is?]","세무 [Tax administration]","1=전혀 없다 (Not at all corrupt); 2; 3; 4; 5; 6=매우 심하다 (Very corrupt)","Korean text from 2022 questionnaire (KOSSDA 26248)."
"2004","a0702","corr_func_police","Sector and function-level corruption perception","For each of the following areas of government administration, how corrupt do you think officials are? Please rate on a scale of 1 (not at all) to 6 (very corrupt).","Police","1=Not corrupt at all; 2; 3; 4; 5; 6=Very corrupt",""
"2005","a0702","corr_func_police","Sector and function-level corruption perception","For each of the following areas of government administration, how corrupt do you think officials are? Please rate on a scale of 1 (not at all) to 6 (very corrupt).","Police","1=Not corrupt at all; 2; 3; 4; 5; 6=Very corrupt",""
"2006","a0702","corr_func_police","Sector and function-level corruption perception","For each of the following areas of government administration, how corrupt do you think officials are? Please rate on a scale of 1 (not at all) to 6 (very corrupt).","Police","1=Not corrupt at all; 2; 3; 4; 5; 6=Very corrupt",""
"2007","a0702","corr_func_police","Sector and function-level corruption perception","For each of the following areas of government administration, how corrupt do you think officials are? Please rate on a scale of 1 (not at all) to 6 (very corrupt).","Police","1=Not corrupt at all; 2; 3; 4; 5; 6=Very corrupt",""
"2008","","corr_func_police","Sector and function-level corruption perception","","","","Not harmonized in this wave — 2008 questionnaire (KOSSDA 13988) used q-family variable naming; sector/function/agency items existed but under incompatible numbering structure (q7_* etc.) not mapped in this pass."
"2009","","corr_func_police","Sector and function-level corruption perception","","","","Not harmonized in this wave — 2009 questionnaire (KOSSDA 15387) not directly available; function/agency items likely present under q-family naming but not mapped."
"2010","a0702","corr_func_police","Sector and function-level corruption perception","다음 행정 기능 분야별 부패 수준은 어느 정도라고 생각하십니까? [How corrupt do you think each of the following areas of administrative function is?]","경찰 [Police]","1=전혀 없다 (Not at all corrupt); 2; 3; 4; 5; 6=매우 심하다 (Very corrupt)","Korean text sourced from 2014 questionnaire (KOSSDA 23277) as representative wave; wording stable 2009-2021."
"2011","a0702","corr_func_police","Sector and function-level corruption perception","다음 행정 기능 분야별 부패 수준은 어느 정도라고 생각하십니까? [How corrupt do you think each of the following areas of administrative function is?]","경찰 [Police]","1=전혀 없다 (Not at all corrupt); 2; 3; 4; 5; 6=매우 심하다 (Very corrupt)","Korean text sourced from 2014 questionnaire (KOSSDA 23277) as representative wave; wording stable 2009-2021."
"2012","a0702","corr_func_police","Sector and function-level corruption perception","다음 행정 기능 분야별 부패 수준은 어느 정도라고 생각하십니까? [How corrupt do you think each of the following areas of administrative function is?]","경찰 [Police]","1=전혀 없다 (Not at all corrupt); 2; 3; 4; 5; 6=매우 심하다 (Very corrupt)","Korean text sourced from 2014 questionnaire (KOSSDA 23277) as representative wave; wording stable 2009-2021."
"2013","a0702","corr_func_police","Sector and function-level corruption perception","다음 행정 기능 분야별 부패 수준은 어느 정도라고 생각하십니까? [How corrupt do you think each of the following areas of administrative function is?]","경찰 [Police]","1=전혀 없다 (Not at all corrupt); 2; 3; 4; 5; 6=매우 심하다 (Very corrupt)","Korean text sourced from 2014 questionnaire (KOSSDA 23277) as representative wave; wording stable 2009-2021."
"2014","a0702","corr_func_police","Sector and function-level corruption perception","다음 행정 기능 분야별 부패 수준은 어느 정도라고 생각하십니까? [How corrupt do you think each of the following areas of administrative function is?]","경찰 [Police]","1=전혀 없다 (Not at all corrupt); 2; 3; 4; 5; 6=매우 심하다 (Very corrupt)","Korean text sourced from 2014 questionnaire (KOSSDA 23277) as representative wave; wording stable 2009-2021."
"2015","a0702","corr_func_police","Sector and function-level corruption perception","다음 행정 기능 분야별 부패 수준은 어느 정도라고 생각하십니까? [How corrupt do you think each of the following areas of administrative function is?]","경찰 [Police]","1=전혀 없다 (Not at all corrupt); 2; 3; 4; 5; 6=매우 심하다 (Very corrupt)","Korean text sourced from 2014 questionnaire (KOSSDA 23277) as representative wave; wording stable 2009-2021."
"2016","a0702","corr_func_police","Sector and function-level corruption perception","다음 행정 기능 분야별 부패 수준은 어느 정도라고 생각하십니까? [How corrupt do you think each of the following areas of administrative function is?]","경찰 [Police]","1=전혀 없다 (Not at all corrupt); 2; 3; 4; 5; 6=매우 심하다 (Very corrupt)","Korean text sourced from 2014 questionnaire (KOSSDA 23277) as representative wave; wording stable 2009-2021."
"2017","a0702","corr_func_police","Sector and function-level corruption perception","다음 행정 기능 분야별 부패 수준은 어느 정도라고 생각하십니까? [How corrupt do you think each of the following areas of administrative function is?]","경찰 [Police]","1=전혀 없다 (Not at all corrupt); 2; 3; 4; 5; 6=매우 심하다 (Very corrupt)","Korean text sourced from 2014 questionnaire (KOSSDA 23277) as representative wave; wording stable 2009-2021."
"2018","a0702","corr_func_police","Sector and function-level corruption perception","다음 행정 기능 분야별 부패 수준은 어느 정도라고 생각하십니까? [How corrupt do you think each of the following areas of administrative function is?]","경찰 [Police]","1=전혀 없다 (Not at all corrupt); 2; 3; 4; 5; 6=매우 심하다 (Very corrupt)","Korean text sourced from 2014 questionnaire (KOSSDA 23277) as representative wave; wording stable 2009-2021."
"2019","a0702","corr_func_police","Sector and function-level corruption perception","다음 행정 기능 분야별 부패 수준은 어느 정도라고 생각하십니까? [How corrupt do you think each of the following areas of administrative function is?]","경찰 [Police]","1=전혀 없다 (Not at all corrupt); 2; 3; 4; 5; 6=매우 심하다 (Very corrupt)","Korean text sourced from 2014 questionnaire (KOSSDA 23277) as representative wave; wording stable 2009-2021."
"2020","a0702","corr_func_police","Sector and function-level corruption perception","다음 행정 기능 분야별 부패 수준은 어느 정도라고 생각하십니까? [How corrupt do you think each of the following areas of administrative function is?]","경찰 [Police]","1=전혀 없다 (Not at all corrupt); 2; 3; 4; 5; 6=매우 심하다 (Very corrupt)","Korean text sourced from 2014 questionnaire (KOSSDA 23277) as representative wave; wording stable 2009-2021."
"2021","a0702","corr_func_police","Sector and function-level corruption perception","다음 행정 기능 분야별 부패 수준은 어느 정도라고 생각하십니까? [How corrupt do you think each of the following areas of administrative function is?]","경찰 [Police]","1=전혀 없다 (Not at all corrupt); 2; 3; 4; 5; 6=매우 심하다 (Very corrupt)","Korean text sourced from 2014 questionnaire (KOSSDA 23277) as representative wave; wording stable 2009-2021."
"2022","q23_2","corr_func_police","Sector and function-level corruption perception","다음 공공기관 기능 분야별 부패 수준은 어느 정도라고 생각하십니까? [How corrupt do you think each of the following public institution function areas is?]","경찰 [Police]","1=전혀 없다 (Not at all corrupt); 2; 3; 4; 5; 6=매우 심하다 (Very corrupt)","Korean text from 2022 questionnaire (KOSSDA 26248)."
"2023","q23_2","corr_func_police","Sector and function-level corruption perception","다음 공공기관 기능 분야별 부패 수준은 어느 정도라고 생각하십니까? [How corrupt do you think each of the following public institution function areas is?]","경찰 [Police]","1=전혀 없다 (Not at all corrupt); 2; 3; 4; 5; 6=매우 심하다 (Very corrupt)","Korean text from 2022 questionnaire (KOSSDA 26248)."
"2004","a0703","corr_func_fire","Sector and function-level corruption perception","For each of the following areas of government administration, how corrupt do you think officials are? Please rate on a scale of 1 (not at all) to 6 (very corrupt).","Fire department / fire safety administration","1=Not corrupt at all; 2; 3; 4; 5; 6=Very corrupt",""
"2005","a0703","corr_func_fire","Sector and function-level corruption perception","For each of the following areas of government administration, how corrupt do you think officials are? Please rate on a scale of 1 (not at all) to 6 (very corrupt).","Fire department / fire safety administration","1=Not corrupt at all; 2; 3; 4; 5; 6=Very corrupt",""
"2006","a0703","corr_func_fire","Sector and function-level corruption perception","For each of the following areas of government administration, how corrupt do you think officials are? Please rate on a scale of 1 (not at all) to 6 (very corrupt).","Fire department / fire safety administration","1=Not corrupt at all; 2; 3; 4; 5; 6=Very corrupt",""
"2007","a0703","corr_func_fire","Sector and function-level corruption perception","For each of the following areas of government administration, how corrupt do you think officials are? Please rate on a scale of 1 (not at all) to 6 (very corrupt).","Fire department / fire safety administration","1=Not corrupt at all; 2; 3; 4; 5; 6=Very corrupt",""
"2008","","corr_func_fire","Sector and function-level corruption perception","","","","Not harmonized in this wave — 2008 questionnaire (KOSSDA 13988) used q-family variable naming; sector/function/agency items existed but under incompatible numbering structure (q7_* etc.) not mapped in this pass."
"2009","","corr_func_fire","Sector and function-level corruption perception","","","","Not harmonized in this wave — 2009 questionnaire (KOSSDA 15387) not directly available; function/agency items likely present under q-family naming but not mapped."
"2010","a0703","corr_func_fire","Sector and function-level corruption perception","다음 행정 기능 분야별 부패 수준은 어느 정도라고 생각하십니까? [How corrupt do you think each of the following areas of administrative function is?]","소방 [Fire department / fire safety administration]","1=전혀 없다 (Not at all corrupt); 2; 3; 4; 5; 6=매우 심하다 (Very corrupt)","Korean text sourced from 2014 questionnaire (KOSSDA 23277) as representative wave; wording stable 2009-2021."
"2011","a0703","corr_func_fire","Sector and function-level corruption perception","다음 행정 기능 분야별 부패 수준은 어느 정도라고 생각하십니까? [How corrupt do you think each of the following areas of administrative function is?]","소방 [Fire department / fire safety administration]","1=전혀 없다 (Not at all corrupt); 2; 3; 4; 5; 6=매우 심하다 (Very corrupt)","Korean text sourced from 2014 questionnaire (KOSSDA 23277) as representative wave; wording stable 2009-2021."
"2012","a0703","corr_func_fire","Sector and function-level corruption perception","다음 행정 기능 분야별 부패 수준은 어느 정도라고 생각하십니까? [How corrupt do you think each of the following areas of administrative function is?]","소방 [Fire department / fire safety administration]","1=전혀 없다 (Not at all corrupt); 2; 3; 4; 5; 6=매우 심하다 (Very corrupt)","Korean text sourced from 2014 questionnaire (KOSSDA 23277) as representative wave; wording stable 2009-2021."
"2013","a0703","corr_func_fire","Sector and function-level corruption perception","다음 행정 기능 분야별 부패 수준은 어느 정도라고 생각하십니까? [How corrupt do you think each of the following areas of administrative function is?]","소방 [Fire department / fire safety administration]","1=전혀 없다 (Not at all corrupt); 2; 3; 4; 5; 6=매우 심하다 (Very corrupt)","Korean text sourced from 2014 questionnaire (KOSSDA 23277) as representative wave; wording stable 2009-2021."
"2014","a0703","corr_func_fire","Sector and function-level corruption perception","다음 행정 기능 분야별 부패 수준은 어느 정도라고 생각하십니까? [How corrupt do you think each of the following areas of administrative function is?]","소방 [Fire department / fire safety administration]","1=전혀 없다 (Not at all corrupt); 2; 3; 4; 5; 6=매우 심하다 (Very corrupt)","Korean text sourced from 2014 questionnaire (KOSSDA 23277) as representative wave; wording stable 2009-2021."
"2015","a0703","corr_func_fire","Sector and function-level corruption perception","다음 행정 기능 분야별 부패 수준은 어느 정도라고 생각하십니까? [How corrupt do you think each of the following areas of administrative function is?]","소방 [Fire department / fire safety administration]","1=전혀 없다 (Not at all corrupt); 2; 3; 4; 5; 6=매우 심하다 (Very corrupt)","Korean text sourced from 2014 questionnaire (KOSSDA 23277) as representative wave; wording stable 2009-2021."
"2016","a0703","corr_func_fire","Sector and function-level corruption perception","다음 행정 기능 분야별 부패 수준은 어느 정도라고 생각하십니까? [How corrupt do you think each of the following areas of administrative function is?]","소방 [Fire department / fire safety administration]","1=전혀 없다 (Not at all corrupt); 2; 3; 4; 5; 6=매우 심하다 (Very corrupt)","Korean text sourced from 2014 questionnaire (KOSSDA 23277) as representative wave; wording stable 2009-2021."
"2017","a0703","corr_func_fire","Sector and function-level corruption perception","다음 행정 기능 분야별 부패 수준은 어느 정도라고 생각하십니까? [How corrupt do you think each of the following areas of administrative function is?]","소방 [Fire department / fire safety administration]","1=전혀 없다 (Not at all corrupt); 2; 3; 4; 5; 6=매우 심하다 (Very corrupt)","Korean text sourced from 2014 questionnaire (KOSSDA 23277) as representative wave; wording stable 2009-2021."
"2018","a0703","corr_func_fire","Sector and function-level corruption perception","다음 행정 기능 분야별 부패 수준은 어느 정도라고 생각하십니까? [How corrupt do you think each of the following areas of administrative function is?]","소방 [Fire department / fire safety administration]","1=전혀 없다 (Not at all corrupt); 2; 3; 4; 5; 6=매우 심하다 (Very corrupt)","Korean text sourced from 2014 questionnaire (KOSSDA 23277) as representative wave; wording stable 2009-2021."
"2019","a0703","corr_func_fire","Sector and function-level corruption perception","다음 행정 기능 분야별 부패 수준은 어느 정도라고 생각하십니까? [How corrupt do you think each of the following areas of administrative function is?]","소방 [Fire department / fire safety administration]","1=전혀 없다 (Not at all corrupt); 2; 3; 4; 5; 6=매우 심하다 (Very corrupt)","Korean text sourced from 2014 questionnaire (KOSSDA 23277) as representative wave; wording stable 2009-2021."
"2020","a0703","corr_func_fire","Sector and function-level corruption perception","다음 행정 기능 분야별 부패 수준은 어느 정도라고 생각하십니까? [How corrupt do you think each of the following areas of administrative function is?]","소방 [Fire department / fire safety administration]","1=전혀 없다 (Not at all corrupt); 2; 3; 4; 5; 6=매우 심하다 (Very corrupt)","Korean text sourced from 2014 questionnaire (KOSSDA 23277) as representative wave; wording stable 2009-2021."
"2021","a0703","corr_func_fire","Sector and function-level corruption perception","다음 행정 기능 분야별 부패 수준은 어느 정도라고 생각하십니까? [How corrupt do you think each of the following areas of administrative function is?]","소방 [Fire department / fire safety administration]","1=전혀 없다 (Not at all corrupt); 2; 3; 4; 5; 6=매우 심하다 (Very corrupt)","Korean text sourced from 2014 questionnaire (KOSSDA 23277) as representative wave; wording stable 2009-2021."
"2022","q23_3","corr_func_fire","Sector and function-level corruption perception","다음 공공기관 기능 분야별 부패 수준은 어느 정도라고 생각하십니까? [How corrupt do you think each of the following public institution function areas is?]","소방 [Fire department]","1=전혀 없다 (Not at all corrupt); 2; 3; 4; 5; 6=매우 심하다 (Very corrupt)","Korean text from 2022 questionnaire (KOSSDA 26248)."
"2023","q23_3","corr_func_fire","Sector and function-level corruption perception","다음 공공기관 기능 분야별 부패 수준은 어느 정도라고 생각하십니까? [How corrupt do you think each of the following public institution function areas is?]","소방 [Fire department]","1=전혀 없다 (Not at all corrupt); 2; 3; 4; 5; 6=매우 심하다 (Very corrupt)","Korean text from 2022 questionnaire (KOSSDA 26248)."
"2004","a0704","corr_func_legal","Sector and function-level corruption perception","For each of the following areas of government administration, how corrupt do you think officials are? Please rate on a scale of 1 (not at all) to 6 (very corrupt).","Legal profession / judiciary (judges, prosecutors, attorneys)","1=Not corrupt at all; 2; 3; 4; 5; 6=Very corrupt",""
"2005","a0704","corr_func_legal","Sector and function-level corruption perception","For each of the following areas of government administration, how corrupt do you think officials are? Please rate on a scale of 1 (not at all) to 6 (very corrupt).","Legal profession / judiciary (judges, prosecutors, attorneys)","1=Not corrupt at all; 2; 3; 4; 5; 6=Very corrupt",""
"2006","a0704","corr_func_legal","Sector and function-level corruption perception","For each of the following areas of government administration, how corrupt do you think officials are? Please rate on a scale of 1 (not at all) to 6 (very corrupt).","Legal profession / judiciary (judges, prosecutors, attorneys)","1=Not corrupt at all; 2; 3; 4; 5; 6=Very corrupt",""
"2007","a0704","corr_func_legal","Sector and function-level corruption perception","For each of the following areas of government administration, how corrupt do you think officials are? Please rate on a scale of 1 (not at all) to 6 (very corrupt).","Legal profession / judiciary (judges, prosecutors, attorneys)","1=Not corrupt at all; 2; 3; 4; 5; 6=Very corrupt",""
"2008","","corr_func_legal","Sector and function-level corruption perception","","","","Not harmonized in this wave — 2008 questionnaire (KOSSDA 13988) used q-family variable naming; sector/function/agency items existed but under incompatible numbering structure (q7_* etc.) not mapped in this pass."
"2009","","corr_func_legal","Sector and function-level corruption perception","","","","Not harmonized in this wave — 2009 questionnaire (KOSSDA 15387) not directly available; function/agency items likely present under q-family naming but not mapped."
"2010","a0704","corr_func_legal","Sector and function-level corruption perception","다음 행정 기능 분야별 부패 수준은 어느 정도라고 생각하십니까? [How corrupt do you think each of the following areas of administrative function is?]","법조 [Legal profession / judiciary — judges, prosecutors, attorneys]","1=전혀 없다 (Not at all corrupt); 2; 3; 4; 5; 6=매우 심하다 (Very corrupt)","Korean text sourced from 2014 questionnaire (KOSSDA 23277) as representative wave; wording stable 2009-2021."
"2011","a0704","corr_func_legal","Sector and function-level corruption perception","다음 행정 기능 분야별 부패 수준은 어느 정도라고 생각하십니까? [How corrupt do you think each of the following areas of administrative function is?]","법조 [Legal profession / judiciary — judges, prosecutors, attorneys]","1=전혀 없다 (Not at all corrupt); 2; 3; 4; 5; 6=매우 심하다 (Very corrupt)","Korean text sourced from 2014 questionnaire (KOSSDA 23277) as representative wave; wording stable 2009-2021."
"2012","a0704","corr_func_legal","Sector and function-level corruption perception","다음 행정 기능 분야별 부패 수준은 어느 정도라고 생각하십니까? [How corrupt do you think each of the following areas of administrative function is?]","법조 [Legal profession / judiciary — judges, prosecutors, attorneys]","1=전혀 없다 (Not at all corrupt); 2; 3; 4; 5; 6=매우 심하다 (Very corrupt)","Korean text sourced from 2014 questionnaire (KOSSDA 23277) as representative wave; wording stable 2009-2021."
"2013","a0704","corr_func_legal","Sector and function-level corruption perception","다음 행정 기능 분야별 부패 수준은 어느 정도라고 생각하십니까? [How corrupt do you think each of the following areas of administrative function is?]","법조 [Legal profession / judiciary — judges, prosecutors, attorneys]","1=전혀 없다 (Not at all corrupt); 2; 3; 4; 5; 6=매우 심하다 (Very corrupt)","Korean text sourced from 2014 questionnaire (KOSSDA 23277) as representative wave; wording stable 2009-2021."
"2014","a0704","corr_func_legal","Sector and function-level corruption perception","다음 행정 기능 분야별 부패 수준은 어느 정도라고 생각하십니까? [How corrupt do you think each of the following areas of administrative function is?]","법조 [Legal profession / judiciary — judges, prosecutors, attorneys]","1=전혀 없다 (Not at all corrupt); 2; 3; 4; 5; 6=매우 심하다 (Very corrupt)","Korean text sourced from 2014 questionnaire (KOSSDA 23277) as representative wave; wording stable 2009-2021."
"2015","a0704","corr_func_legal","Sector and function-level corruption perception","다음 행정 기능 분야별 부패 수준은 어느 정도라고 생각하십니까? [How corrupt do you think each of the following areas of administrative function is?]","법조 [Legal profession / judiciary — judges, prosecutors, attorneys]","1=전혀 없다 (Not at all corrupt); 2; 3; 4; 5; 6=매우 심하다 (Very corrupt)","Korean text sourced from 2014 questionnaire (KOSSDA 23277) as representative wave; wording stable 2009-2021."
"2016","a0704","corr_func_legal","Sector and function-level corruption perception","다음 행정 기능 분야별 부패 수준은 어느 정도라고 생각하십니까? [How corrupt do you think each of the following areas of administrative function is?]","법조 [Legal profession / judiciary — judges, prosecutors, attorneys]","1=전혀 없다 (Not at all corrupt); 2; 3; 4; 5; 6=매우 심하다 (Very corrupt)","Korean text sourced from 2014 questionnaire (KOSSDA 23277) as representative wave; wording stable 2009-2021."
"2017","a0704","corr_func_legal","Sector and function-level corruption perception","다음 행정 기능 분야별 부패 수준은 어느 정도라고 생각하십니까? [How corrupt do you think each of the following areas of administrative function is?]","법조 [Legal profession / judiciary — judges, prosecutors, attorneys]","1=전혀 없다 (Not at all corrupt); 2; 3; 4; 5; 6=매우 심하다 (Very corrupt)","Korean text sourced from 2014 questionnaire (KOSSDA 23277) as representative wave; wording stable 2009-2021."
"2018","a0704","corr_func_legal","Sector and function-level corruption perception","다음 행정 기능 분야별 부패 수준은 어느 정도라고 생각하십니까? [How corrupt do you think each of the following areas of administrative function is?]","법조 [Legal profession / judiciary — judges, prosecutors, attorneys]","1=전혀 없다 (Not at all corrupt); 2; 3; 4; 5; 6=매우 심하다 (Very corrupt)","Korean text sourced from 2014 questionnaire (KOSSDA 23277) as representative wave; wording stable 2009-2021."
"2019","a0704","corr_func_legal","Sector and function-level corruption perception","다음 행정 기능 분야별 부패 수준은 어느 정도라고 생각하십니까? [How corrupt do you think each of the following areas of administrative function is?]","법조 [Legal profession / judiciary — judges, prosecutors, attorneys]","1=전혀 없다 (Not at all corrupt); 2; 3; 4; 5; 6=매우 심하다 (Very corrupt)","Korean text sourced from 2014 questionnaire (KOSSDA 23277) as representative wave; wording stable 2009-2021."
"2020","a0704","corr_func_legal","Sector and function-level corruption perception","다음 행정 기능 분야별 부패 수준은 어느 정도라고 생각하십니까? [How corrupt do you think each of the following areas of administrative function is?]","법조 [Legal profession / judiciary — judges, prosecutors, attorneys]","1=전혀 없다 (Not at all corrupt); 2; 3; 4; 5; 6=매우 심하다 (Very corrupt)","Korean text sourced from 2014 questionnaire (KOSSDA 23277) as representative wave; wording stable 2009-2021."
"2021","a0704","corr_func_legal","Sector and function-level corruption perception","다음 행정 기능 분야별 부패 수준은 어느 정도라고 생각하십니까? [How corrupt do you think each of the following areas of administrative function is?]","법조 [Legal profession / judiciary — judges, prosecutors, attorneys]","1=전혀 없다 (Not at all corrupt); 2; 3; 4; 5; 6=매우 심하다 (Very corrupt)","Korean text sourced from 2014 questionnaire (KOSSDA 23277) as representative wave; wording stable 2009-2021."
"2022","q23_4","corr_func_legal","Sector and function-level corruption perception","다음 공공기관 기능 분야별 부패 수준은 어느 정도라고 생각하십니까? [How corrupt do you think each of the following public institution function areas is?]","검찰 [Prosecution service only — narrowed from 법조 (broad legal) in 2022]","1=전혀 없다 (Not at all corrupt); 2; 3; 4; 5; 6=매우 심하다 (Very corrupt)","Korean text from 2022 questionnaire (KOSSDA 26248). SCOPE SHIFT: 법조 (broad legal profession) narrowed to 검찰 (prosecutors only) in 2022; trend comparisons across the 2022 boundary should be interpreted cautiously."
"2023","q23_4","corr_func_legal","Sector and function-level corruption perception","다음 공공기관 기능 분야별 부패 수준은 어느 정도라고 생각하십니까? [How corrupt do you think each of the following public institution function areas is?]","검찰 [Prosecution service only — narrowed from 법조 (broad legal) in 2022]","1=전혀 없다 (Not at all corrupt); 2; 3; 4; 5; 6=매우 심하다 (Very corrupt)","Korean text from 2022 questionnaire (KOSSDA 26248). SCOPE SHIFT: 법조 (broad legal profession) narrowed to 검찰 (prosecutors only) in 2022; trend comparisons across the 2022 boundary should be interpreted cautiously."
"2004","a0705","corr_func_environment","Sector and function-level corruption perception","For each of the following areas of government administration, how corrupt do you think officials are? Please rate on a scale of 1 (not at all) to 6 (very corrupt).","Environmental administration","1=Not corrupt at all; 2; 3; 4; 5; 6=Very corrupt",""
"2005","a0705","corr_func_environment","Sector and function-level corruption perception","For each of the following areas of government administration, how corrupt do you think officials are? Please rate on a scale of 1 (not at all) to 6 (very corrupt).","Environmental administration","1=Not corrupt at all; 2; 3; 4; 5; 6=Very corrupt",""
"2006","a0705","corr_func_environment","Sector and function-level corruption perception","For each of the following areas of government administration, how corrupt do you think officials are? Please rate on a scale of 1 (not at all) to 6 (very corrupt).","Environmental administration","1=Not corrupt at all; 2; 3; 4; 5; 6=Very corrupt",""
"2007","a0705","corr_func_environment","Sector and function-level corruption perception","For each of the following areas of government administration, how corrupt do you think officials are? Please rate on a scale of 1 (not at all) to 6 (very corrupt).","Environmental administration","1=Not corrupt at all; 2; 3; 4; 5; 6=Very corrupt",""
"2008","","corr_func_environment","Sector and function-level corruption perception","","","","Not harmonized in this wave — 2008 questionnaire (KOSSDA 13988) used q-family variable naming; sector/function/agency items existed but under incompatible numbering structure (q7_* etc.) not mapped in this pass."
"2009","","corr_func_environment","Sector and function-level corruption perception","","","","Not harmonized in this wave — 2009 questionnaire (KOSSDA 15387) not directly available; function/agency items likely present under q-family naming but not mapped."
"2010","a0705","corr_func_environment","Sector and function-level corruption perception","다음 행정 기능 분야별 부패 수준은 어느 정도라고 생각하십니까? [How corrupt do you think each of the following areas of administrative function is?]","환경 [Environmental administration]","1=전혀 없다 (Not at all corrupt); 2; 3; 4; 5; 6=매우 심하다 (Very corrupt)","Korean text sourced from 2014 questionnaire (KOSSDA 23277) as representative wave; wording stable 2009-2021."
"2011","a0705","corr_func_environment","Sector and function-level corruption perception","다음 행정 기능 분야별 부패 수준은 어느 정도라고 생각하십니까? [How corrupt do you think each of the following areas of administrative function is?]","환경 [Environmental administration]","1=전혀 없다 (Not at all corrupt); 2; 3; 4; 5; 6=매우 심하다 (Very corrupt)","Korean text sourced from 2014 questionnaire (KOSSDA 23277) as representative wave; wording stable 2009-2021."
"2012","a0705","corr_func_environment","Sector and function-level corruption perception","다음 행정 기능 분야별 부패 수준은 어느 정도라고 생각하십니까? [How corrupt do you think each of the following areas of administrative function is?]","환경 [Environmental administration]","1=전혀 없다 (Not at all corrupt); 2; 3; 4; 5; 6=매우 심하다 (Very corrupt)","Korean text sourced from 2014 questionnaire (KOSSDA 23277) as representative wave; wording stable 2009-2021."
"2013","a0705","corr_func_environment","Sector and function-level corruption perception","다음 행정 기능 분야별 부패 수준은 어느 정도라고 생각하십니까? [How corrupt do you think each of the following areas of administrative function is?]","환경 [Environmental administration]","1=전혀 없다 (Not at all corrupt); 2; 3; 4; 5; 6=매우 심하다 (Very corrupt)","Korean text sourced from 2014 questionnaire (KOSSDA 23277) as representative wave; wording stable 2009-2021."
"2014","a0705","corr_func_environment","Sector and function-level corruption perception","다음 행정 기능 분야별 부패 수준은 어느 정도라고 생각하십니까? [How corrupt do you think each of the following areas of administrative function is?]","환경 [Environmental administration]","1=전혀 없다 (Not at all corrupt); 2; 3; 4; 5; 6=매우 심하다 (Very corrupt)","Korean text sourced from 2014 questionnaire (KOSSDA 23277) as representative wave; wording stable 2009-2021."
"2015","a0705","corr_func_environment","Sector and function-level corruption perception","다음 행정 기능 분야별 부패 수준은 어느 정도라고 생각하십니까? [How corrupt do you think each of the following areas of administrative function is?]","환경 [Environmental administration]","1=전혀 없다 (Not at all corrupt); 2; 3; 4; 5; 6=매우 심하다 (Very corrupt)","Korean text sourced from 2014 questionnaire (KOSSDA 23277) as representative wave; wording stable 2009-2021."
"2016","a0705","corr_func_environment","Sector and function-level corruption perception","다음 행정 기능 분야별 부패 수준은 어느 정도라고 생각하십니까? [How corrupt do you think each of the following areas of administrative function is?]","환경 [Environmental administration]","1=전혀 없다 (Not at all corrupt); 2; 3; 4; 5; 6=매우 심하다 (Very corrupt)","Korean text sourced from 2014 questionnaire (KOSSDA 23277) as representative wave; wording stable 2009-2021."
"2017","a0705","corr_func_environment","Sector and function-level corruption perception","다음 행정 기능 분야별 부패 수준은 어느 정도라고 생각하십니까? [How corrupt do you think each of the following areas of administrative function is?]","환경 [Environmental administration]","1=전혀 없다 (Not at all corrupt); 2; 3; 4; 5; 6=매우 심하다 (Very corrupt)","Korean text sourced from 2014 questionnaire (KOSSDA 23277) as representative wave; wording stable 2009-2021."
"2018","a0705","corr_func_environment","Sector and function-level corruption perception","다음 행정 기능 분야별 부패 수준은 어느 정도라고 생각하십니까? [How corrupt do you think each of the following areas of administrative function is?]","환경 [Environmental administration]","1=전혀 없다 (Not at all corrupt); 2; 3; 4; 5; 6=매우 심하다 (Very corrupt)","Korean text sourced from 2014 questionnaire (KOSSDA 23277) as representative wave; wording stable 2009-2021."
"2019","a0705","corr_func_environment","Sector and function-level corruption perception","다음 행정 기능 분야별 부패 수준은 어느 정도라고 생각하십니까? [How corrupt do you think each of the following areas of administrative function is?]","환경 [Environmental administration]","1=전혀 없다 (Not at all corrupt); 2; 3; 4; 5; 6=매우 심하다 (Very corrupt)","Korean text sourced from 2014 questionnaire (KOSSDA 23277) as representative wave; wording stable 2009-2021."
"2020","a0705","corr_func_environment","Sector and function-level corruption perception","다음 행정 기능 분야별 부패 수준은 어느 정도라고 생각하십니까? [How corrupt do you think each of the following areas of administrative function is?]","환경 [Environmental administration]","1=전혀 없다 (Not at all corrupt); 2; 3; 4; 5; 6=매우 심하다 (Very corrupt)","Korean text sourced from 2014 questionnaire (KOSSDA 23277) as representative wave; wording stable 2009-2021."
"2021","a0705","corr_func_environment","Sector and function-level corruption perception","다음 행정 기능 분야별 부패 수준은 어느 정도라고 생각하십니까? [How corrupt do you think each of the following areas of administrative function is?]","환경 [Environmental administration]","1=전혀 없다 (Not at all corrupt); 2; 3; 4; 5; 6=매우 심하다 (Very corrupt)","Korean text sourced from 2014 questionnaire (KOSSDA 23277) as representative wave; wording stable 2009-2021."
"2022","q23_5","corr_func_environment","Sector and function-level corruption perception","다음 공공기관 기능 분야별 부패 수준은 어느 정도라고 생각하십니까? [How corrupt do you think each of the following public institution function areas is?]","환경 [Environmental administration]","1=전혀 없다 (Not at all corrupt); 2; 3; 4; 5; 6=매우 심하다 (Very corrupt)","Korean text from 2022 questionnaire (KOSSDA 26248)."
"2023","q23_5","corr_func_environment","Sector and function-level corruption perception","다음 공공기관 기능 분야별 부패 수준은 어느 정도라고 생각하십니까? [How corrupt do you think each of the following public institution function areas is?]","환경 [Environmental administration]","1=전혀 없다 (Not at all corrupt); 2; 3; 4; 5; 6=매우 심하다 (Very corrupt)","Korean text from 2022 questionnaire (KOSSDA 26248)."
"2004","a0706","corr_func_health","Sector and function-level corruption perception","For each of the following areas of government administration, how corrupt do you think officials are? Please rate on a scale of 1 (not at all) to 6 (very corrupt).","Health / medical administration","1=Not corrupt at all; 2; 3; 4; 5; 6=Very corrupt",""
"2005","a0706","corr_func_health","Sector and function-level corruption perception","For each of the following areas of government administration, how corrupt do you think officials are? Please rate on a scale of 1 (not at all) to 6 (very corrupt).","Health / medical administration","1=Not corrupt at all; 2; 3; 4; 5; 6=Very corrupt",""
"2006","a0706","corr_func_health","Sector and function-level corruption perception","For each of the following areas of government administration, how corrupt do you think officials are? Please rate on a scale of 1 (not at all) to 6 (very corrupt).","Health / medical administration","1=Not corrupt at all; 2; 3; 4; 5; 6=Very corrupt",""
"2007","a0706","corr_func_health","Sector and function-level corruption perception","For each of the following areas of government administration, how corrupt do you think officials are? Please rate on a scale of 1 (not at all) to 6 (very corrupt).","Health / medical administration","1=Not corrupt at all; 2; 3; 4; 5; 6=Very corrupt",""
"2008","","corr_func_health","Sector and function-level corruption perception","","","","Not harmonized in this wave — 2008 questionnaire (KOSSDA 13988) used q-family variable naming; sector/function/agency items existed but under incompatible numbering structure (q7_* etc.) not mapped in this pass."
"2009","","corr_func_health","Sector and function-level corruption perception","","","","Not harmonized in this wave — 2009 questionnaire (KOSSDA 15387) not directly available; function/agency items likely present under q-family naming but not mapped."
"2010","a0706","corr_func_health","Sector and function-level corruption perception","다음 행정 기능 분야별 부패 수준은 어느 정도라고 생각하십니까? [How corrupt do you think each of the following areas of administrative function is?]","보건/의료 [Health / medical administration]","1=전혀 없다 (Not at all corrupt); 2; 3; 4; 5; 6=매우 심하다 (Very corrupt)","Korean text sourced from 2014 questionnaire (KOSSDA 23277) as representative wave; wording stable 2009-2021."
"2011","a0706","corr_func_health","Sector and function-level corruption perception","다음 행정 기능 분야별 부패 수준은 어느 정도라고 생각하십니까? [How corrupt do you think each of the following areas of administrative function is?]","보건/의료 [Health / medical administration]","1=전혀 없다 (Not at all corrupt); 2; 3; 4; 5; 6=매우 심하다 (Very corrupt)","Korean text sourced from 2014 questionnaire (KOSSDA 23277) as representative wave; wording stable 2009-2021."
"2012","a0706","corr_func_health","Sector and function-level corruption perception","다음 행정 기능 분야별 부패 수준은 어느 정도라고 생각하십니까? [How corrupt do you think each of the following areas of administrative function is?]","보건/의료 [Health / medical administration]","1=전혀 없다 (Not at all corrupt); 2; 3; 4; 5; 6=매우 심하다 (Very corrupt)","Korean text sourced from 2014 questionnaire (KOSSDA 23277) as representative wave; wording stable 2009-2021."
"2013","a0706","corr_func_health","Sector and function-level corruption perception","다음 행정 기능 분야별 부패 수준은 어느 정도라고 생각하십니까? [How corrupt do you think each of the following areas of administrative function is?]","보건/의료 [Health / medical administration]","1=전혀 없다 (Not at all corrupt); 2; 3; 4; 5; 6=매우 심하다 (Very corrupt)","Korean text sourced from 2014 questionnaire (KOSSDA 23277) as representative wave; wording stable 2009-2021."
"2014","a0706","corr_func_health","Sector and function-level corruption perception","다음 행정 기능 분야별 부패 수준은 어느 정도라고 생각하십니까? [How corrupt do you think each of the following areas of administrative function is?]","보건/의료 [Health / medical administration]","1=전혀 없다 (Not at all corrupt); 2; 3; 4; 5; 6=매우 심하다 (Very corrupt)","Korean text sourced from 2014 questionnaire (KOSSDA 23277) as representative wave; wording stable 2009-2021."
"2015","a0706","corr_func_health","Sector and function-level corruption perception","다음 행정 기능 분야별 부패 수준은 어느 정도라고 생각하십니까? [How corrupt do you think each of the following areas of administrative function is?]","보건/의료 [Health / medical administration]","1=전혀 없다 (Not at all corrupt); 2; 3; 4; 5; 6=매우 심하다 (Very corrupt)","Korean text sourced from 2014 questionnaire (KOSSDA 23277) as representative wave; wording stable 2009-2021."
"2016","a0706","corr_func_health","Sector and function-level corruption perception","다음 행정 기능 분야별 부패 수준은 어느 정도라고 생각하십니까? [How corrupt do you think each of the following areas of administrative function is?]","보건/의료 [Health / medical administration]","1=전혀 없다 (Not at all corrupt); 2; 3; 4; 5; 6=매우 심하다 (Very corrupt)","Korean text sourced from 2014 questionnaire (KOSSDA 23277) as representative wave; wording stable 2009-2021."
"2017","a0706","corr_func_health","Sector and function-level corruption perception","다음 행정 기능 분야별 부패 수준은 어느 정도라고 생각하십니까? [How corrupt do you think each of the following areas of administrative function is?]","보건/의료 [Health / medical administration]","1=전혀 없다 (Not at all corrupt); 2; 3; 4; 5; 6=매우 심하다 (Very corrupt)","Korean text sourced from 2014 questionnaire (KOSSDA 23277) as representative wave; wording stable 2009-2021."
"2018","a0706","corr_func_health","Sector and function-level corruption perception","다음 행정 기능 분야별 부패 수준은 어느 정도라고 생각하십니까? [How corrupt do you think each of the following areas of administrative function is?]","보건/의료 [Health / medical administration]","1=전혀 없다 (Not at all corrupt); 2; 3; 4; 5; 6=매우 심하다 (Very corrupt)","Korean text sourced from 2014 questionnaire (KOSSDA 23277) as representative wave; wording stable 2009-2021."
"2019","a0706","corr_func_health","Sector and function-level corruption perception","다음 행정 기능 분야별 부패 수준은 어느 정도라고 생각하십니까? [How corrupt do you think each of the following areas of administrative function is?]","보건/의료 [Health / medical administration]","1=전혀 없다 (Not at all corrupt); 2; 3; 4; 5; 6=매우 심하다 (Very corrupt)","Korean text sourced from 2014 questionnaire (KOSSDA 23277) as representative wave; wording stable 2009-2021."
"2020","a0706","corr_func_health","Sector and function-level corruption perception","다음 행정 기능 분야별 부패 수준은 어느 정도라고 생각하십니까? [How corrupt do you think each of the following areas of administrative function is?]","보건/의료 [Health / medical administration]","1=전혀 없다 (Not at all corrupt); 2; 3; 4; 5; 6=매우 심하다 (Very corrupt)","Korean text sourced from 2014 questionnaire (KOSSDA 23277) as representative wave; wording stable 2009-2021."
"2021","a0706","corr_func_health","Sector and function-level corruption perception","다음 행정 기능 분야별 부패 수준은 어느 정도라고 생각하십니까? [How corrupt do you think each of the following areas of administrative function is?]","보건/의료 [Health / medical administration]","1=전혀 없다 (Not at all corrupt); 2; 3; 4; 5; 6=매우 심하다 (Very corrupt)","Korean text sourced from 2014 questionnaire (KOSSDA 23277) as representative wave; wording stable 2009-2021."
"2022","q23_6","corr_func_health","Sector and function-level corruption perception","다음 공공기관 기능 분야별 부패 수준은 어느 정도라고 생각하십니까? [How corrupt do you think each of the following public institution function areas is?]","보건/의료 [Health / medical administration]","1=전혀 없다 (Not at all corrupt); 2; 3; 4; 5; 6=매우 심하다 (Very corrupt)","Korean text from 2022 questionnaire (KOSSDA 26248)."
"2023","q23_6","corr_func_health","Sector and function-level corruption perception","다음 공공기관 기능 분야별 부패 수준은 어느 정도라고 생각하십니까? [How corrupt do you think each of the following public institution function areas is?]","보건/의료 [Health / medical administration]","1=전혀 없다 (Not at all corrupt); 2; 3; 4; 5; 6=매우 심하다 (Very corrupt)","Korean text from 2022 questionnaire (KOSSDA 26248)."
"2004","a0707","corr_func_food_safety","Sector and function-level corruption perception","For each of the following areas of government administration, how corrupt do you think officials are? Please rate on a scale of 1 (not at all) to 6 (very corrupt).","Food safety / hygiene administration","1=Not corrupt at all; 2; 3; 4; 5; 6=Very corrupt",""
"2005","a0707","corr_func_food_safety","Sector and function-level corruption perception","For each of the following areas of government administration, how corrupt do you think officials are? Please rate on a scale of 1 (not at all) to 6 (very corrupt).","Food safety / hygiene administration","1=Not corrupt at all; 2; 3; 4; 5; 6=Very corrupt",""
"2006","a0707","corr_func_food_safety","Sector and function-level corruption perception","For each of the following areas of government administration, how corrupt do you think officials are? Please rate on a scale of 1 (not at all) to 6 (very corrupt).","Food safety / hygiene administration","1=Not corrupt at all; 2; 3; 4; 5; 6=Very corrupt",""
"2007","a0707","corr_func_food_safety","Sector and function-level corruption perception","For each of the following areas of government administration, how corrupt do you think officials are? Please rate on a scale of 1 (not at all) to 6 (very corrupt).","Food safety / hygiene administration","1=Not corrupt at all; 2; 3; 4; 5; 6=Very corrupt",""
"2008","","corr_func_food_safety","Sector and function-level corruption perception","","","","Not harmonized in this wave — 2008 questionnaire (KOSSDA 13988) used q-family variable naming; sector/function/agency items existed but under incompatible numbering structure (q7_* etc.) not mapped in this pass."
"2009","","corr_func_food_safety","Sector and function-level corruption perception","","","","Not harmonized in this wave — 2009 questionnaire (KOSSDA 15387) not directly available; function/agency items likely present under q-family naming but not mapped."
"2010","a0707","corr_func_food_safety","Sector and function-level corruption perception","다음 행정 기능 분야별 부패 수준은 어느 정도라고 생각하십니까? [How corrupt do you think each of the following areas of administrative function is?]","식품/위생 [Food safety / hygiene administration]","1=전혀 없다 (Not at all corrupt); 2; 3; 4; 5; 6=매우 심하다 (Very corrupt)","Korean text sourced from 2014 questionnaire (KOSSDA 23277) as representative wave; wording stable 2009-2021."
"2011","a0707","corr_func_food_safety","Sector and function-level corruption perception","다음 행정 기능 분야별 부패 수준은 어느 정도라고 생각하십니까? [How corrupt do you think each of the following areas of administrative function is?]","식품/위생 [Food safety / hygiene administration]","1=전혀 없다 (Not at all corrupt); 2; 3; 4; 5; 6=매우 심하다 (Very corrupt)","Korean text sourced from 2014 questionnaire (KOSSDA 23277) as representative wave; wording stable 2009-2021."
"2012","a0707","corr_func_food_safety","Sector and function-level corruption perception","다음 행정 기능 분야별 부패 수준은 어느 정도라고 생각하십니까? [How corrupt do you think each of the following areas of administrative function is?]","식품/위생 [Food safety / hygiene administration]","1=전혀 없다 (Not at all corrupt); 2; 3; 4; 5; 6=매우 심하다 (Very corrupt)","Korean text sourced from 2014 questionnaire (KOSSDA 23277) as representative wave; wording stable 2009-2021."
"2013","a0707","corr_func_food_safety","Sector and function-level corruption perception","다음 행정 기능 분야별 부패 수준은 어느 정도라고 생각하십니까? [How corrupt do you think each of the following areas of administrative function is?]","식품/위생 [Food safety / hygiene administration]","1=전혀 없다 (Not at all corrupt); 2; 3; 4; 5; 6=매우 심하다 (Very corrupt)","Korean text sourced from 2014 questionnaire (KOSSDA 23277) as representative wave; wording stable 2009-2021."
"2014","a0707","corr_func_food_safety","Sector and function-level corruption perception","다음 행정 기능 분야별 부패 수준은 어느 정도라고 생각하십니까? [How corrupt do you think each of the following areas of administrative function is?]","식품/위생 [Food safety / hygiene administration]","1=전혀 없다 (Not at all corrupt); 2; 3; 4; 5; 6=매우 심하다 (Very corrupt)","Korean text sourced from 2014 questionnaire (KOSSDA 23277) as representative wave; wording stable 2009-2021."
"2015","a0707","corr_func_food_safety","Sector and function-level corruption perception","다음 행정 기능 분야별 부패 수준은 어느 정도라고 생각하십니까? [How corrupt do you think each of the following areas of administrative function is?]","식품/위생 [Food safety / hygiene administration]","1=전혀 없다 (Not at all corrupt); 2; 3; 4; 5; 6=매우 심하다 (Very corrupt)","Korean text sourced from 2014 questionnaire (KOSSDA 23277) as representative wave; wording stable 2009-2021."
"2016","a0707","corr_func_food_safety","Sector and function-level corruption perception","다음 행정 기능 분야별 부패 수준은 어느 정도라고 생각하십니까? [How corrupt do you think each of the following areas of administrative function is?]","식품/위생 [Food safety / hygiene administration]","1=전혀 없다 (Not at all corrupt); 2; 3; 4; 5; 6=매우 심하다 (Very corrupt)","Korean text sourced from 2014 questionnaire (KOSSDA 23277) as representative wave; wording stable 2009-2021."
"2017","a0707","corr_func_food_safety","Sector and function-level corruption perception","다음 행정 기능 분야별 부패 수준은 어느 정도라고 생각하십니까? [How corrupt do you think each of the following areas of administrative function is?]","식품/위생 [Food safety / hygiene administration]","1=전혀 없다 (Not at all corrupt); 2; 3; 4; 5; 6=매우 심하다 (Very corrupt)","Korean text sourced from 2014 questionnaire (KOSSDA 23277) as representative wave; wording stable 2009-2021."
"2018","a0707","corr_func_food_safety","Sector and function-level corruption perception","다음 행정 기능 분야별 부패 수준은 어느 정도라고 생각하십니까? [How corrupt do you think each of the following areas of administrative function is?]","식품/위생 [Food safety / hygiene administration]","1=전혀 없다 (Not at all corrupt); 2; 3; 4; 5; 6=매우 심하다 (Very corrupt)","Korean text sourced from 2014 questionnaire (KOSSDA 23277) as representative wave; wording stable 2009-2021."
"2019","a0707","corr_func_food_safety","Sector and function-level corruption perception","다음 행정 기능 분야별 부패 수준은 어느 정도라고 생각하십니까? [How corrupt do you think each of the following areas of administrative function is?]","식품/위생 [Food safety / hygiene administration]","1=전혀 없다 (Not at all corrupt); 2; 3; 4; 5; 6=매우 심하다 (Very corrupt)","Korean text sourced from 2014 questionnaire (KOSSDA 23277) as representative wave; wording stable 2009-2021."
"2020","a0707","corr_func_food_safety","Sector and function-level corruption perception","다음 행정 기능 분야별 부패 수준은 어느 정도라고 생각하십니까? [How corrupt do you think each of the following areas of administrative function is?]","식품/위생 [Food safety / hygiene administration]","1=전혀 없다 (Not at all corrupt); 2; 3; 4; 5; 6=매우 심하다 (Very corrupt)","Korean text sourced from 2014 questionnaire (KOSSDA 23277) as representative wave; wording stable 2009-2021."
"2021","a0707","corr_func_food_safety","Sector and function-level corruption perception","다음 행정 기능 분야별 부패 수준은 어느 정도라고 생각하십니까? [How corrupt do you think each of the following areas of administrative function is?]","식품/위생 [Food safety / hygiene administration]","1=전혀 없다 (Not at all corrupt); 2; 3; 4; 5; 6=매우 심하다 (Very corrupt)","Korean text sourced from 2014 questionnaire (KOSSDA 23277) as representative wave; wording stable 2009-2021."
"2022","q23_7","corr_func_food_safety","Sector and function-level corruption perception","다음 공공기관 기능 분야별 부패 수준은 어느 정도라고 생각하십니까? [How corrupt do you think each of the following public institution function areas is?]","식품/위생 [Food safety / hygiene administration]","1=전혀 없다 (Not at all corrupt); 2; 3; 4; 5; 6=매우 심하다 (Very corrupt)","Korean text from 2022 questionnaire (KOSSDA 26248)."
"2023","q23_7","corr_func_food_safety","Sector and function-level corruption perception","다음 공공기관 기능 분야별 부패 수준은 어느 정도라고 생각하십니까? [How corrupt do you think each of the following public institution function areas is?]","식품/위생 [Food safety / hygiene administration]","1=전혀 없다 (Not at all corrupt); 2; 3; 4; 5; 6=매우 심하다 (Very corrupt)","Korean text from 2022 questionnaire (KOSSDA 26248)."
"2004","a0708","corr_func_construction","Sector and function-level corruption perception","For each of the following areas of government administration, how corrupt do you think officials are? Please rate on a scale of 1 (not at all) to 6 (very corrupt).","Construction / architecture administration","1=Not corrupt at all; 2; 3; 4; 5; 6=Very corrupt",""
"2005","a0708","corr_func_construction","Sector and function-level corruption perception","For each of the following areas of government administration, how corrupt do you think officials are? Please rate on a scale of 1 (not at all) to 6 (very corrupt).","Construction / architecture administration","1=Not corrupt at all; 2; 3; 4; 5; 6=Very corrupt",""
"2006","a0708","corr_func_construction","Sector and function-level corruption perception","For each of the following areas of government administration, how corrupt do you think officials are? Please rate on a scale of 1 (not at all) to 6 (very corrupt).","Construction / architecture administration","1=Not corrupt at all; 2; 3; 4; 5; 6=Very corrupt",""
"2007","a0708","corr_func_construction","Sector and function-level corruption perception","For each of the following areas of government administration, how corrupt do you think officials are? Please rate on a scale of 1 (not at all) to 6 (very corrupt).","Construction / architecture administration","1=Not corrupt at all; 2; 3; 4; 5; 6=Very corrupt",""
"2008","","corr_func_construction","Sector and function-level corruption perception","","","","Not harmonized in this wave — 2008 questionnaire (KOSSDA 13988) used q-family variable naming; sector/function/agency items existed but under incompatible numbering structure (q7_* etc.) not mapped in this pass."
"2009","","corr_func_construction","Sector and function-level corruption perception","","","","Not harmonized in this wave — 2009 questionnaire (KOSSDA 15387) not directly available; function/agency items likely present under q-family naming but not mapped."
"2010","a0708","corr_func_construction","Sector and function-level corruption perception","다음 행정 기능 분야별 부패 수준은 어느 정도라고 생각하십니까? [How corrupt do you think each of the following areas of administrative function is?]","건축/건설 [Construction / architecture administration]","1=전혀 없다 (Not at all corrupt); 2; 3; 4; 5; 6=매우 심하다 (Very corrupt)","Korean text sourced from 2014 questionnaire (KOSSDA 23277) as representative wave; wording stable 2009-2021."
"2011","a0708","corr_func_construction","Sector and function-level corruption perception","다음 행정 기능 분야별 부패 수준은 어느 정도라고 생각하십니까? [How corrupt do you think each of the following areas of administrative function is?]","건축/건설 [Construction / architecture administration]","1=전혀 없다 (Not at all corrupt); 2; 3; 4; 5; 6=매우 심하다 (Very corrupt)","Korean text sourced from 2014 questionnaire (KOSSDA 23277) as representative wave; wording stable 2009-2021."
"2012","a0708","corr_func_construction","Sector and function-level corruption perception","다음 행정 기능 분야별 부패 수준은 어느 정도라고 생각하십니까? [How corrupt do you think each of the following areas of administrative function is?]","건축/건설 [Construction / architecture administration]","1=전혀 없다 (Not at all corrupt); 2; 3; 4; 5; 6=매우 심하다 (Very corrupt)","Korean text sourced from 2014 questionnaire (KOSSDA 23277) as representative wave; wording stable 2009-2021."
"2013","a0708","corr_func_construction","Sector and function-level corruption perception","다음 행정 기능 분야별 부패 수준은 어느 정도라고 생각하십니까? [How corrupt do you think each of the following areas of administrative function is?]","건축/건설 [Construction / architecture administration]","1=전혀 없다 (Not at all corrupt); 2; 3; 4; 5; 6=매우 심하다 (Very corrupt)","Korean text sourced from 2014 questionnaire (KOSSDA 23277) as representative wave; wording stable 2009-2021."
"2014","a0708","corr_func_construction","Sector and function-level corruption perception","다음 행정 기능 분야별 부패 수준은 어느 정도라고 생각하십니까? [How corrupt do you think each of the following areas of administrative function is?]","건축/건설 [Construction / architecture administration]","1=전혀 없다 (Not at all corrupt); 2; 3; 4; 5; 6=매우 심하다 (Very corrupt)","Korean text sourced from 2014 questionnaire (KOSSDA 23277) as representative wave; wording stable 2009-2021."
"2015","a0708","corr_func_construction","Sector and function-level corruption perception","다음 행정 기능 분야별 부패 수준은 어느 정도라고 생각하십니까? [How corrupt do you think each of the following areas of administrative function is?]","건축/건설 [Construction / architecture administration]","1=전혀 없다 (Not at all corrupt); 2; 3; 4; 5; 6=매우 심하다 (Very corrupt)","Korean text sourced from 2014 questionnaire (KOSSDA 23277) as representative wave; wording stable 2009-2021."
"2016","a0708","corr_func_construction","Sector and function-level corruption perception","다음 행정 기능 분야별 부패 수준은 어느 정도라고 생각하십니까? [How corrupt do you think each of the following areas of administrative function is?]","건축/건설 [Construction / architecture administration]","1=전혀 없다 (Not at all corrupt); 2; 3; 4; 5; 6=매우 심하다 (Very corrupt)","Korean text sourced from 2014 questionnaire (KOSSDA 23277) as representative wave; wording stable 2009-2021."
"2017","a0708","corr_func_construction","Sector and function-level corruption perception","다음 행정 기능 분야별 부패 수준은 어느 정도라고 생각하십니까? [How corrupt do you think each of the following areas of administrative function is?]","건축/건설 [Construction / architecture administration]","1=전혀 없다 (Not at all corrupt); 2; 3; 4; 5; 6=매우 심하다 (Very corrupt)","Korean text sourced from 2014 questionnaire (KOSSDA 23277) as representative wave; wording stable 2009-2021."
"2018","a0708","corr_func_construction","Sector and function-level corruption perception","다음 행정 기능 분야별 부패 수준은 어느 정도라고 생각하십니까? [How corrupt do you think each of the following areas of administrative function is?]","건축/건설 [Construction / architecture administration]","1=전혀 없다 (Not at all corrupt); 2; 3; 4; 5; 6=매우 심하다 (Very corrupt)","Korean text sourced from 2014 questionnaire (KOSSDA 23277) as representative wave; wording stable 2009-2021."
"2019","a0708","corr_func_construction","Sector and function-level corruption perception","다음 행정 기능 분야별 부패 수준은 어느 정도라고 생각하십니까? [How corrupt do you think each of the following areas of administrative function is?]","건축/건설 [Construction / architecture administration]","1=전혀 없다 (Not at all corrupt); 2; 3; 4; 5; 6=매우 심하다 (Very corrupt)","Korean text sourced from 2014 questionnaire (KOSSDA 23277) as representative wave; wording stable 2009-2021."
"2020","a0708","corr_func_construction","Sector and function-level corruption perception","다음 행정 기능 분야별 부패 수준은 어느 정도라고 생각하십니까? [How corrupt do you think each of the following areas of administrative function is?]","건축/건설 [Construction / architecture administration]","1=전혀 없다 (Not at all corrupt); 2; 3; 4; 5; 6=매우 심하다 (Very corrupt)","Korean text sourced from 2014 questionnaire (KOSSDA 23277) as representative wave; wording stable 2009-2021."
"2021","a0708","corr_func_construction","Sector and function-level corruption perception","다음 행정 기능 분야별 부패 수준은 어느 정도라고 생각하십니까? [How corrupt do you think each of the following areas of administrative function is?]","건축/건설 [Construction / architecture administration]","1=전혀 없다 (Not at all corrupt); 2; 3; 4; 5; 6=매우 심하다 (Very corrupt)","Korean text sourced from 2014 questionnaire (KOSSDA 23277) as representative wave; wording stable 2009-2021."
"2022","q23_8","corr_func_construction","Sector and function-level corruption perception","다음 공공기관 기능 분야별 부패 수준은 어느 정도라고 생각하십니까? [How corrupt do you think each of the following public institution function areas is?]","건축/건설 [Construction / architecture administration]","1=전혀 없다 (Not at all corrupt); 2; 3; 4; 5; 6=매우 심하다 (Very corrupt)","Korean text from 2022 questionnaire (KOSSDA 26248)."
"2023","q23_8","corr_func_construction","Sector and function-level corruption perception","다음 공공기관 기능 분야별 부패 수준은 어느 정도라고 생각하십니까? [How corrupt do you think each of the following public institution function areas is?]","건축/건설 [Construction / architecture administration]","1=전혀 없다 (Not at all corrupt); 2; 3; 4; 5; 6=매우 심하다 (Very corrupt)","Korean text from 2022 questionnaire (KOSSDA 26248)."
"2004","a0709","corr_func_procurement","Sector and function-level corruption perception","For each of the following areas of government administration, how corrupt do you think officials are? Please rate on a scale of 1 (not at all) to 6 (very corrupt).","Procurement / government contracting","1=Not corrupt at all; 2; 3; 4; 5; 6=Very corrupt",""
"2005","a0709","corr_func_procurement","Sector and function-level corruption perception","For each of the following areas of government administration, how corrupt do you think officials are? Please rate on a scale of 1 (not at all) to 6 (very corrupt).","Procurement / government contracting","1=Not corrupt at all; 2; 3; 4; 5; 6=Very corrupt",""
"2006","a0709","corr_func_procurement","Sector and function-level corruption perception","For each of the following areas of government administration, how corrupt do you think officials are? Please rate on a scale of 1 (not at all) to 6 (very corrupt).","Procurement / government contracting","1=Not corrupt at all; 2; 3; 4; 5; 6=Very corrupt",""
"2007","a0709","corr_func_procurement","Sector and function-level corruption perception","For each of the following areas of government administration, how corrupt do you think officials are? Please rate on a scale of 1 (not at all) to 6 (very corrupt).","Procurement / government contracting","1=Not corrupt at all; 2; 3; 4; 5; 6=Very corrupt",""
"2008","","corr_func_procurement","Sector and function-level corruption perception","","","","Not harmonized in this wave — 2008 questionnaire (KOSSDA 13988) used q-family variable naming; sector/function/agency items existed but under incompatible numbering structure (q7_* etc.) not mapped in this pass."
"2009","","corr_func_procurement","Sector and function-level corruption perception","","","","Not harmonized in this wave — 2009 questionnaire (KOSSDA 15387) not directly available; function/agency items likely present under q-family naming but not mapped."
"2010","a0709","corr_func_procurement","Sector and function-level corruption perception","다음 행정 기능 분야별 부패 수준은 어느 정도라고 생각하십니까? [How corrupt do you think each of the following areas of administrative function is?]","조달/발주 [Procurement / government contracting]","1=전혀 없다 (Not at all corrupt); 2; 3; 4; 5; 6=매우 심하다 (Very corrupt)","Korean text sourced from 2014 questionnaire (KOSSDA 23277) as representative wave; wording stable 2009-2021."
"2011","a0709","corr_func_procurement","Sector and function-level corruption perception","다음 행정 기능 분야별 부패 수준은 어느 정도라고 생각하십니까? [How corrupt do you think each of the following areas of administrative function is?]","조달/발주 [Procurement / government contracting]","1=전혀 없다 (Not at all corrupt); 2; 3; 4; 5; 6=매우 심하다 (Very corrupt)","Korean text sourced from 2014 questionnaire (KOSSDA 23277) as representative wave; wording stable 2009-2021."
"2012","a0709","corr_func_procurement","Sector and function-level corruption perception","다음 행정 기능 분야별 부패 수준은 어느 정도라고 생각하십니까? [How corrupt do you think each of the following areas of administrative function is?]","조달/발주 [Procurement / government contracting]","1=전혀 없다 (Not at all corrupt); 2; 3; 4; 5; 6=매우 심하다 (Very corrupt)","Korean text sourced from 2014 questionnaire (KOSSDA 23277) as representative wave; wording stable 2009-2021."
"2013","a0709","corr_func_procurement","Sector and function-level corruption perception","다음 행정 기능 분야별 부패 수준은 어느 정도라고 생각하십니까? [How corrupt do you think each of the following areas of administrative function is?]","조달/발주 [Procurement / government contracting]","1=전혀 없다 (Not at all corrupt); 2; 3; 4; 5; 6=매우 심하다 (Very corrupt)","Korean text sourced from 2014 questionnaire (KOSSDA 23277) as representative wave; wording stable 2009-2021."
"2014","a0709","corr_func_procurement","Sector and function-level corruption perception","다음 행정 기능 분야별 부패 수준은 어느 정도라고 생각하십니까? [How corrupt do you think each of the following areas of administrative function is?]","조달/발주 [Procurement / government contracting]","1=전혀 없다 (Not at all corrupt); 2; 3; 4; 5; 6=매우 심하다 (Very corrupt)","Korean text sourced from 2014 questionnaire (KOSSDA 23277) as representative wave; wording stable 2009-2021."
"2015","a0709","corr_func_procurement","Sector and function-level corruption perception","다음 행정 기능 분야별 부패 수준은 어느 정도라고 생각하십니까? [How corrupt do you think each of the following areas of administrative function is?]","조달/발주 [Procurement / government contracting]","1=전혀 없다 (Not at all corrupt); 2; 3; 4; 5; 6=매우 심하다 (Very corrupt)","Korean text sourced from 2014 questionnaire (KOSSDA 23277) as representative wave; wording stable 2009-2021."
"2016","a0709","corr_func_procurement","Sector and function-level corruption perception","다음 행정 기능 분야별 부패 수준은 어느 정도라고 생각하십니까? [How corrupt do you think each of the following areas of administrative function is?]","조달/발주 [Procurement / government contracting]","1=전혀 없다 (Not at all corrupt); 2; 3; 4; 5; 6=매우 심하다 (Very corrupt)","Korean text sourced from 2014 questionnaire (KOSSDA 23277) as representative wave; wording stable 2009-2021."
"2017","a0709","corr_func_procurement","Sector and function-level corruption perception","다음 행정 기능 분야별 부패 수준은 어느 정도라고 생각하십니까? [How corrupt do you think each of the following areas of administrative function is?]","조달/발주 [Procurement / government contracting]","1=전혀 없다 (Not at all corrupt); 2; 3; 4; 5; 6=매우 심하다 (Very corrupt)","Korean text sourced from 2014 questionnaire (KOSSDA 23277) as representative wave; wording stable 2009-2021."
"2018","a0709","corr_func_procurement","Sector and function-level corruption perception","다음 행정 기능 분야별 부패 수준은 어느 정도라고 생각하십니까? [How corrupt do you think each of the following areas of administrative function is?]","조달/발주 [Procurement / government contracting]","1=전혀 없다 (Not at all corrupt); 2; 3; 4; 5; 6=매우 심하다 (Very corrupt)","Korean text sourced from 2014 questionnaire (KOSSDA 23277) as representative wave; wording stable 2009-2021."
"2019","a0709","corr_func_procurement","Sector and function-level corruption perception","다음 행정 기능 분야별 부패 수준은 어느 정도라고 생각하십니까? [How corrupt do you think each of the following areas of administrative function is?]","조달/발주 [Procurement / government contracting]","1=전혀 없다 (Not at all corrupt); 2; 3; 4; 5; 6=매우 심하다 (Very corrupt)","Korean text sourced from 2014 questionnaire (KOSSDA 23277) as representative wave; wording stable 2009-2021."
"2020","a0709","corr_func_procurement","Sector and function-level corruption perception","다음 행정 기능 분야별 부패 수준은 어느 정도라고 생각하십니까? [How corrupt do you think each of the following areas of administrative function is?]","조달/발주 [Procurement / government contracting]","1=전혀 없다 (Not at all corrupt); 2; 3; 4; 5; 6=매우 심하다 (Very corrupt)","Korean text sourced from 2014 questionnaire (KOSSDA 23277) as representative wave; wording stable 2009-2021."
"2021","a0709","corr_func_procurement","Sector and function-level corruption perception","다음 행정 기능 분야별 부패 수준은 어느 정도라고 생각하십니까? [How corrupt do you think each of the following areas of administrative function is?]","조달/발주 [Procurement / government contracting]","1=전혀 없다 (Not at all corrupt); 2; 3; 4; 5; 6=매우 심하다 (Very corrupt)","Korean text sourced from 2014 questionnaire (KOSSDA 23277) as representative wave; wording stable 2009-2021."
"2022","q23_9","corr_func_procurement","Sector and function-level corruption perception","다음 공공기관 기능 분야별 부패 수준은 어느 정도라고 생각하십니까? [How corrupt do you think each of the following public institution function areas is?]","조달/발주 [Procurement / government contracting]","1=전혀 없다 (Not at all corrupt); 2; 3; 4; 5; 6=매우 심하다 (Very corrupt)","Korean text from 2022 questionnaire (KOSSDA 26248)."
"2023","q23_9","corr_func_procurement","Sector and function-level corruption perception","다음 공공기관 기능 분야별 부패 수준은 어느 정도라고 생각하십니까? [How corrupt do you think each of the following public institution function areas is?]","조달/발주 [Procurement / government contracting]","1=전혀 없다 (Not at all corrupt); 2; 3; 4; 5; 6=매우 심하다 (Very corrupt)","Korean text from 2022 questionnaire (KOSSDA 26248)."
"2004","a0710","corr_func_education","Sector and function-level corruption perception","For each of the following areas of government administration, how corrupt do you think officials are? Please rate on a scale of 1 (not at all) to 6 (very corrupt).","Education administration","1=Not corrupt at all; 2; 3; 4; 5; 6=Very corrupt",""
"2005","a0710","corr_func_education","Sector and function-level corruption perception","For each of the following areas of government administration, how corrupt do you think officials are? Please rate on a scale of 1 (not at all) to 6 (very corrupt).","Education administration","1=Not corrupt at all; 2; 3; 4; 5; 6=Very corrupt",""
"2006","a0710","corr_func_education","Sector and function-level corruption perception","For each of the following areas of government administration, how corrupt do you think officials are? Please rate on a scale of 1 (not at all) to 6 (very corrupt).","Education administration","1=Not corrupt at all; 2; 3; 4; 5; 6=Very corrupt",""
"2007","a0710","corr_func_education","Sector and function-level corruption perception","For each of the following areas of government administration, how corrupt do you think officials are? Please rate on a scale of 1 (not at all) to 6 (very corrupt).","Education administration","1=Not corrupt at all; 2; 3; 4; 5; 6=Very corrupt",""
"2008","","corr_func_education","Sector and function-level corruption perception","","","","Not harmonized in this wave — 2008 questionnaire (KOSSDA 13988) used q-family variable naming; sector/function/agency items existed but under incompatible numbering structure (q7_* etc.) not mapped in this pass."
"2009","","corr_func_education","Sector and function-level corruption perception","","","","Not harmonized in this wave — 2009 questionnaire (KOSSDA 15387) not directly available; function/agency items likely present under q-family naming but not mapped."
"2010","a0710","corr_func_education","Sector and function-level corruption perception","다음 행정 기능 분야별 부패 수준은 어느 정도라고 생각하십니까? [How corrupt do you think each of the following areas of administrative function is?]","교육 [Education administration]","1=전혀 없다 (Not at all corrupt); 2; 3; 4; 5; 6=매우 심하다 (Very corrupt)","Korean text sourced from 2014 questionnaire (KOSSDA 23277) as representative wave; wording stable 2009-2021."
"2011","a0710","corr_func_education","Sector and function-level corruption perception","다음 행정 기능 분야별 부패 수준은 어느 정도라고 생각하십니까? [How corrupt do you think each of the following areas of administrative function is?]","교육 [Education administration]","1=전혀 없다 (Not at all corrupt); 2; 3; 4; 5; 6=매우 심하다 (Very corrupt)","Korean text sourced from 2014 questionnaire (KOSSDA 23277) as representative wave; wording stable 2009-2021."
"2012","a0710","corr_func_education","Sector and function-level corruption perception","다음 행정 기능 분야별 부패 수준은 어느 정도라고 생각하십니까? [How corrupt do you think each of the following areas of administrative function is?]","교육 [Education administration]","1=전혀 없다 (Not at all corrupt); 2; 3; 4; 5; 6=매우 심하다 (Very corrupt)","Korean text sourced from 2014 questionnaire (KOSSDA 23277) as representative wave; wording stable 2009-2021."
"2013","a0710","corr_func_education","Sector and function-level corruption perception","다음 행정 기능 분야별 부패 수준은 어느 정도라고 생각하십니까? [How corrupt do you think each of the following areas of administrative function is?]","교육 [Education administration]","1=전혀 없다 (Not at all corrupt); 2; 3; 4; 5; 6=매우 심하다 (Very corrupt)","Korean text sourced from 2014 questionnaire (KOSSDA 23277) as representative wave; wording stable 2009-2021."
"2014","a0710","corr_func_education","Sector and function-level corruption perception","다음 행정 기능 분야별 부패 수준은 어느 정도라고 생각하십니까? [How corrupt do you think each of the following areas of administrative function is?]","교육 [Education administration]","1=전혀 없다 (Not at all corrupt); 2; 3; 4; 5; 6=매우 심하다 (Very corrupt)","Korean text sourced from 2014 questionnaire (KOSSDA 23277) as representative wave; wording stable 2009-2021."
"2015","a0710","corr_func_education","Sector and function-level corruption perception","다음 행정 기능 분야별 부패 수준은 어느 정도라고 생각하십니까? [How corrupt do you think each of the following areas of administrative function is?]","교육 [Education administration]","1=전혀 없다 (Not at all corrupt); 2; 3; 4; 5; 6=매우 심하다 (Very corrupt)","Korean text sourced from 2014 questionnaire (KOSSDA 23277) as representative wave; wording stable 2009-2021."
"2016","a0710","corr_func_education","Sector and function-level corruption perception","다음 행정 기능 분야별 부패 수준은 어느 정도라고 생각하십니까? [How corrupt do you think each of the following areas of administrative function is?]","교육 [Education administration]","1=전혀 없다 (Not at all corrupt); 2; 3; 4; 5; 6=매우 심하다 (Very corrupt)","Korean text sourced from 2014 questionnaire (KOSSDA 23277) as representative wave; wording stable 2009-2021."
"2017","a0710","corr_func_education","Sector and function-level corruption perception","다음 행정 기능 분야별 부패 수준은 어느 정도라고 생각하십니까? [How corrupt do you think each of the following areas of administrative function is?]","교육 [Education administration]","1=전혀 없다 (Not at all corrupt); 2; 3; 4; 5; 6=매우 심하다 (Very corrupt)","Korean text sourced from 2014 questionnaire (KOSSDA 23277) as representative wave; wording stable 2009-2021."
"2018","a0710","corr_func_education","Sector and function-level corruption perception","다음 행정 기능 분야별 부패 수준은 어느 정도라고 생각하십니까? [How corrupt do you think each of the following areas of administrative function is?]","교육 [Education administration]","1=전혀 없다 (Not at all corrupt); 2; 3; 4; 5; 6=매우 심하다 (Very corrupt)","Korean text sourced from 2014 questionnaire (KOSSDA 23277) as representative wave; wording stable 2009-2021."
"2019","a0710","corr_func_education","Sector and function-level corruption perception","다음 행정 기능 분야별 부패 수준은 어느 정도라고 생각하십니까? [How corrupt do you think each of the following areas of administrative function is?]","교육 [Education administration]","1=전혀 없다 (Not at all corrupt); 2; 3; 4; 5; 6=매우 심하다 (Very corrupt)","Korean text sourced from 2014 questionnaire (KOSSDA 23277) as representative wave; wording stable 2009-2021."
"2020","a0710","corr_func_education","Sector and function-level corruption perception","다음 행정 기능 분야별 부패 수준은 어느 정도라고 생각하십니까? [How corrupt do you think each of the following areas of administrative function is?]","교육 [Education administration]","1=전혀 없다 (Not at all corrupt); 2; 3; 4; 5; 6=매우 심하다 (Very corrupt)","Korean text sourced from 2014 questionnaire (KOSSDA 23277) as representative wave; wording stable 2009-2021."
"2021","a0710","corr_func_education","Sector and function-level corruption perception","다음 행정 기능 분야별 부패 수준은 어느 정도라고 생각하십니까? [How corrupt do you think each of the following areas of administrative function is?]","교육 [Education administration]","1=전혀 없다 (Not at all corrupt); 2; 3; 4; 5; 6=매우 심하다 (Very corrupt)","Korean text sourced from 2014 questionnaire (KOSSDA 23277) as representative wave; wording stable 2009-2021."
"2022","q23_13","corr_func_education","Sector and function-level corruption perception","다음 공공기관 기능 분야별 부패 수준은 어느 정도라고 생각하십니까? [How corrupt do you think each of the following public institution function areas is?]","교육 [Education administration]","1=전혀 없다 (Not at all corrupt); 2; 3; 4; 5; 6=매우 심하다 (Very corrupt)","Korean text from 2022 questionnaire (KOSSDA 26248). Item renumbered from position 10 (a0710) to position 13 (q23_13) in 2022 due to insertion of new labor and defense items before it."
"2023","q23_13","corr_func_education","Sector and function-level corruption perception","다음 공공기관 기능 분야별 부패 수준은 어느 정도라고 생각하십니까? [How corrupt do you think each of the following public institution function areas is?]","교육 [Education administration]","1=전혀 없다 (Not at all corrupt); 2; 3; 4; 5; 6=매우 심하다 (Very corrupt)","Korean text from 2022 questionnaire (KOSSDA 26248). Item renumbered from position 10 (a0710) to position 13 (q23_13) in 2022 due to insertion of new labor and defense items before it."
"2004","a0712","corr_func_welfare","Sector and function-level corruption perception","For each of the following areas of government administration, how corrupt do you think officials are? Please rate on a scale of 1 (not at all) to 6 (very corrupt).","Social welfare administration","1=Not corrupt at all; 2; 3; 4; 5; 6=Very corrupt",""
"2005","a0712","corr_func_welfare","Sector and function-level corruption perception","For each of the following areas of government administration, how corrupt do you think officials are? Please rate on a scale of 1 (not at all) to 6 (very corrupt).","Social welfare administration","1=Not corrupt at all; 2; 3; 4; 5; 6=Very corrupt",""
"2006","a0712","corr_func_welfare","Sector and function-level corruption perception","For each of the following areas of government administration, how corrupt do you think officials are? Please rate on a scale of 1 (not at all) to 6 (very corrupt).","Social welfare administration","1=Not corrupt at all; 2; 3; 4; 5; 6=Very corrupt",""
"2007","a0712","corr_func_welfare","Sector and function-level corruption perception","For each of the following areas of government administration, how corrupt do you think officials are? Please rate on a scale of 1 (not at all) to 6 (very corrupt).","Social welfare administration","1=Not corrupt at all; 2; 3; 4; 5; 6=Very corrupt",""
"2008","","corr_func_welfare","Sector and function-level corruption perception","","","","Not harmonized in this wave — 2008 questionnaire (KOSSDA 13988) used q-family variable naming; sector/function/agency items existed but under incompatible numbering structure (q7_* etc.) not mapped in this pass."
"2009","","corr_func_welfare","Sector and function-level corruption perception","","","","Not harmonized in this wave — 2009 questionnaire (KOSSDA 15387) not directly available; function/agency items likely present under q-family naming but not mapped."
"2010","a0712","corr_func_welfare","Sector and function-level corruption perception","다음 행정 기능 분야별 부패 수준은 어느 정도라고 생각하십니까? [How corrupt do you think each of the following areas of administrative function is?]","사회복지 [Social welfare administration]","1=전혀 없다 (Not at all corrupt); 2; 3; 4; 5; 6=매우 심하다 (Very corrupt)","Korean text sourced from 2014 questionnaire (KOSSDA 23277) as representative wave; wording stable 2009-2021."
"2011","a0712","corr_func_welfare","Sector and function-level corruption perception","다음 행정 기능 분야별 부패 수준은 어느 정도라고 생각하십니까? [How corrupt do you think each of the following areas of administrative function is?]","사회복지 [Social welfare administration]","1=전혀 없다 (Not at all corrupt); 2; 3; 4; 5; 6=매우 심하다 (Very corrupt)","Korean text sourced from 2014 questionnaire (KOSSDA 23277) as representative wave; wording stable 2009-2021."
"2012","a0712","corr_func_welfare","Sector and function-level corruption perception","다음 행정 기능 분야별 부패 수준은 어느 정도라고 생각하십니까? [How corrupt do you think each of the following areas of administrative function is?]","사회복지 [Social welfare administration]","1=전혀 없다 (Not at all corrupt); 2; 3; 4; 5; 6=매우 심하다 (Very corrupt)","Korean text sourced from 2014 questionnaire (KOSSDA 23277) as representative wave; wording stable 2009-2021."
"2013","a0712","corr_func_welfare","Sector and function-level corruption perception","다음 행정 기능 분야별 부패 수준은 어느 정도라고 생각하십니까? [How corrupt do you think each of the following areas of administrative function is?]","사회복지 [Social welfare administration]","1=전혀 없다 (Not at all corrupt); 2; 3; 4; 5; 6=매우 심하다 (Very corrupt)","Korean text sourced from 2014 questionnaire (KOSSDA 23277) as representative wave; wording stable 2009-2021."
"2014","a0712","corr_func_welfare","Sector and function-level corruption perception","다음 행정 기능 분야별 부패 수준은 어느 정도라고 생각하십니까? [How corrupt do you think each of the following areas of administrative function is?]","사회복지 [Social welfare administration]","1=전혀 없다 (Not at all corrupt); 2; 3; 4; 5; 6=매우 심하다 (Very corrupt)","Korean text sourced from 2014 questionnaire (KOSSDA 23277) as representative wave; wording stable 2009-2021."
"2015","a0712","corr_func_welfare","Sector and function-level corruption perception","다음 행정 기능 분야별 부패 수준은 어느 정도라고 생각하십니까? [How corrupt do you think each of the following areas of administrative function is?]","사회복지 [Social welfare administration]","1=전혀 없다 (Not at all corrupt); 2; 3; 4; 5; 6=매우 심하다 (Very corrupt)","Korean text sourced from 2014 questionnaire (KOSSDA 23277) as representative wave; wording stable 2009-2021."
"2016","a0712","corr_func_welfare","Sector and function-level corruption perception","다음 행정 기능 분야별 부패 수준은 어느 정도라고 생각하십니까? [How corrupt do you think each of the following areas of administrative function is?]","사회복지 [Social welfare administration]","1=전혀 없다 (Not at all corrupt); 2; 3; 4; 5; 6=매우 심하다 (Very corrupt)","Korean text sourced from 2014 questionnaire (KOSSDA 23277) as representative wave; wording stable 2009-2021."
"2017","a0712","corr_func_welfare","Sector and function-level corruption perception","다음 행정 기능 분야별 부패 수준은 어느 정도라고 생각하십니까? [How corrupt do you think each of the following areas of administrative function is?]","사회복지 [Social welfare administration]","1=전혀 없다 (Not at all corrupt); 2; 3; 4; 5; 6=매우 심하다 (Very corrupt)","Korean text sourced from 2014 questionnaire (KOSSDA 23277) as representative wave; wording stable 2009-2021."
"2018","a0712","corr_func_welfare","Sector and function-level corruption perception","다음 행정 기능 분야별 부패 수준은 어느 정도라고 생각하십니까? [How corrupt do you think each of the following areas of administrative function is?]","사회복지 [Social welfare administration]","1=전혀 없다 (Not at all corrupt); 2; 3; 4; 5; 6=매우 심하다 (Very corrupt)","Korean text sourced from 2014 questionnaire (KOSSDA 23277) as representative wave; wording stable 2009-2021."
"2019","a0712","corr_func_welfare","Sector and function-level corruption perception","다음 행정 기능 분야별 부패 수준은 어느 정도라고 생각하십니까? [How corrupt do you think each of the following areas of administrative function is?]","사회복지 [Social welfare administration]","1=전혀 없다 (Not at all corrupt); 2; 3; 4; 5; 6=매우 심하다 (Very corrupt)","Korean text sourced from 2014 questionnaire (KOSSDA 23277) as representative wave; wording stable 2009-2021."
"2020","a0712","corr_func_welfare","Sector and function-level corruption perception","다음 행정 기능 분야별 부패 수준은 어느 정도라고 생각하십니까? [How corrupt do you think each of the following areas of administrative function is?]","사회복지 [Social welfare administration]","1=전혀 없다 (Not at all corrupt); 2; 3; 4; 5; 6=매우 심하다 (Very corrupt)","Korean text sourced from 2014 questionnaire (KOSSDA 23277) as representative wave; wording stable 2009-2021."
"2021","a0712","corr_func_welfare","Sector and function-level corruption perception","다음 행정 기능 분야별 부패 수준은 어느 정도라고 생각하십니까? [How corrupt do you think each of the following areas of administrative function is?]","사회복지 [Social welfare administration]","1=전혀 없다 (Not at all corrupt); 2; 3; 4; 5; 6=매우 심하다 (Very corrupt)","Korean text sourced from 2014 questionnaire (KOSSDA 23277) as representative wave; wording stable 2009-2021."
"2022","q23_11","corr_func_welfare","Sector and function-level corruption perception","다음 공공기관 기능 분야별 부패 수준은 어느 정도라고 생각하십니까? [How corrupt do you think each of the following public institution function areas is?]","사회복지 [Social welfare administration]","1=전혀 없다 (Not at all corrupt); 2; 3; 4; 5; 6=매우 심하다 (Very corrupt)","Korean text from 2022 questionnaire (KOSSDA 26248)."
"2023","q23_11","corr_func_welfare","Sector and function-level corruption perception","다음 공공기관 기능 분야별 부패 수준은 어느 정도라고 생각하십니까? [How corrupt do you think each of the following public institution function areas is?]","사회복지 [Social welfare administration]","1=전혀 없다 (Not at all corrupt); 2; 3; 4; 5; 6=매우 심하다 (Very corrupt)","Korean text from 2022 questionnaire (KOSSDA 26248)."
"2004","a0713","corr_func_customs","Sector and function-level corruption perception","For each of the following areas of government administration, how corrupt do you think officials are? Please rate on a scale of 1 (not at all) to 6 (very corrupt).","Customs / immigration administration","1=Not corrupt at all; 2; 3; 4; 5; 6=Very corrupt",""
"2005","a0713","corr_func_customs","Sector and function-level corruption perception","For each of the following areas of government administration, how corrupt do you think officials are? Please rate on a scale of 1 (not at all) to 6 (very corrupt).","Customs / immigration administration","1=Not corrupt at all; 2; 3; 4; 5; 6=Very corrupt",""
"2006","a0713","corr_func_customs","Sector and function-level corruption perception","For each of the following areas of government administration, how corrupt do you think officials are? Please rate on a scale of 1 (not at all) to 6 (very corrupt).","Customs / immigration administration","1=Not corrupt at all; 2; 3; 4; 5; 6=Very corrupt",""
"2007","a0713","corr_func_customs","Sector and function-level corruption perception","For each of the following areas of government administration, how corrupt do you think officials are? Please rate on a scale of 1 (not at all) to 6 (very corrupt).","Customs / immigration administration","1=Not corrupt at all; 2; 3; 4; 5; 6=Very corrupt",""
"2008","","corr_func_customs","Sector and function-level corruption perception","","","","Not harmonized in this wave — 2008 questionnaire (KOSSDA 13988) used q-family variable naming; sector/function/agency items existed but under incompatible numbering structure (q7_* etc.) not mapped in this pass."
"2009","","corr_func_customs","Sector and function-level corruption perception","","","","Not harmonized in this wave — 2009 questionnaire (KOSSDA 15387) not directly available; function/agency items likely present under q-family naming but not mapped."
"2010","a0713","corr_func_customs","Sector and function-level corruption perception","다음 행정 기능 분야별 부패 수준은 어느 정도라고 생각하십니까? [How corrupt do you think each of the following areas of administrative function is?]","출입국관리 [Customs / immigration administration]","1=전혀 없다 (Not at all corrupt); 2; 3; 4; 5; 6=매우 심하다 (Very corrupt)","Korean text sourced from 2014 questionnaire (KOSSDA 23277) as representative wave; wording stable 2009-2021."
"2011","a0713","corr_func_customs","Sector and function-level corruption perception","다음 행정 기능 분야별 부패 수준은 어느 정도라고 생각하십니까? [How corrupt do you think each of the following areas of administrative function is?]","출입국관리 [Customs / immigration administration]","1=전혀 없다 (Not at all corrupt); 2; 3; 4; 5; 6=매우 심하다 (Very corrupt)","Korean text sourced from 2014 questionnaire (KOSSDA 23277) as representative wave; wording stable 2009-2021."
"2012","a0713","corr_func_customs","Sector and function-level corruption perception","다음 행정 기능 분야별 부패 수준은 어느 정도라고 생각하십니까? [How corrupt do you think each of the following areas of administrative function is?]","출입국관리 [Customs / immigration administration]","1=전혀 없다 (Not at all corrupt); 2; 3; 4; 5; 6=매우 심하다 (Very corrupt)","Korean text sourced from 2014 questionnaire (KOSSDA 23277) as representative wave; wording stable 2009-2021."
"2013","a0713","corr_func_customs","Sector and function-level corruption perception","다음 행정 기능 분야별 부패 수준은 어느 정도라고 생각하십니까? [How corrupt do you think each of the following areas of administrative function is?]","출입국관리 [Customs / immigration administration]","1=전혀 없다 (Not at all corrupt); 2; 3; 4; 5; 6=매우 심하다 (Very corrupt)","Korean text sourced from 2014 questionnaire (KOSSDA 23277) as representative wave; wording stable 2009-2021."
"2014","a0713","corr_func_customs","Sector and function-level corruption perception","다음 행정 기능 분야별 부패 수준은 어느 정도라고 생각하십니까? [How corrupt do you think each of the following areas of administrative function is?]","출입국관리 [Customs / immigration administration]","1=전혀 없다 (Not at all corrupt); 2; 3; 4; 5; 6=매우 심하다 (Very corrupt)","Korean text sourced from 2014 questionnaire (KOSSDA 23277) as representative wave; wording stable 2009-2021."
"2015","a0713","corr_func_customs","Sector and function-level corruption perception","다음 행정 기능 분야별 부패 수준은 어느 정도라고 생각하십니까? [How corrupt do you think each of the following areas of administrative function is?]","출입국관리 [Customs / immigration administration]","1=전혀 없다 (Not at all corrupt); 2; 3; 4; 5; 6=매우 심하다 (Very corrupt)","Korean text sourced from 2014 questionnaire (KOSSDA 23277) as representative wave; wording stable 2009-2021."
"2016","a0713","corr_func_customs","Sector and function-level corruption perception","다음 행정 기능 분야별 부패 수준은 어느 정도라고 생각하십니까? [How corrupt do you think each of the following areas of administrative function is?]","출입국관리 [Customs / immigration administration]","1=전혀 없다 (Not at all corrupt); 2; 3; 4; 5; 6=매우 심하다 (Very corrupt)","Korean text sourced from 2014 questionnaire (KOSSDA 23277) as representative wave; wording stable 2009-2021."
"2017","a0713","corr_func_customs","Sector and function-level corruption perception","다음 행정 기능 분야별 부패 수준은 어느 정도라고 생각하십니까? [How corrupt do you think each of the following areas of administrative function is?]","출입국관리 [Customs / immigration administration]","1=전혀 없다 (Not at all corrupt); 2; 3; 4; 5; 6=매우 심하다 (Very corrupt)","Korean text sourced from 2014 questionnaire (KOSSDA 23277) as representative wave; wording stable 2009-2021."
"2018","a0713","corr_func_customs","Sector and function-level corruption perception","다음 행정 기능 분야별 부패 수준은 어느 정도라고 생각하십니까? [How corrupt do you think each of the following areas of administrative function is?]","출입국관리 [Customs / immigration administration]","1=전혀 없다 (Not at all corrupt); 2; 3; 4; 5; 6=매우 심하다 (Very corrupt)","Korean text sourced from 2014 questionnaire (KOSSDA 23277) as representative wave; wording stable 2009-2021."
"2019","a0713","corr_func_customs","Sector and function-level corruption perception","다음 행정 기능 분야별 부패 수준은 어느 정도라고 생각하십니까? [How corrupt do you think each of the following areas of administrative function is?]","출입국관리 [Customs / immigration administration]","1=전혀 없다 (Not at all corrupt); 2; 3; 4; 5; 6=매우 심하다 (Very corrupt)","Korean text sourced from 2014 questionnaire (KOSSDA 23277) as representative wave; wording stable 2009-2021."
"2020","a0713","corr_func_customs","Sector and function-level corruption perception","다음 행정 기능 분야별 부패 수준은 어느 정도라고 생각하십니까? [How corrupt do you think each of the following areas of administrative function is?]","출입국관리 [Customs / immigration administration]","1=전혀 없다 (Not at all corrupt); 2; 3; 4; 5; 6=매우 심하다 (Very corrupt)","Korean text sourced from 2014 questionnaire (KOSSDA 23277) as representative wave; wording stable 2009-2021."
"2021","a0713","corr_func_customs","Sector and function-level corruption perception","다음 행정 기능 분야별 부패 수준은 어느 정도라고 생각하십니까? [How corrupt do you think each of the following areas of administrative function is?]","출입국관리 [Customs / immigration administration]","1=전혀 없다 (Not at all corrupt); 2; 3; 4; 5; 6=매우 심하다 (Very corrupt)","Korean text sourced from 2014 questionnaire (KOSSDA 23277) as representative wave; wording stable 2009-2021."
"2022","q23_10","corr_func_customs","Sector and function-level corruption perception","다음 공공기관 기능 분야별 부패 수준은 어느 정도라고 생각하십니까? [How corrupt do you think each of the following public institution function areas is?]","출입국관리 [Customs / immigration administration]","1=전혀 없다 (Not at all corrupt); 2; 3; 4; 5; 6=매우 심하다 (Very corrupt)","Korean text from 2022 questionnaire (KOSSDA 26248)."
"2023","q23_10","corr_func_customs","Sector and function-level corruption perception","다음 공공기관 기능 분야별 부패 수준은 어느 정도라고 생각하십니까? [How corrupt do you think each of the following public institution function areas is?]","출입국관리 [Customs / immigration administration]","1=전혀 없다 (Not at all corrupt); 2; 3; 4; 5; 6=매우 심하다 (Very corrupt)","Korean text from 2022 questionnaire (KOSSDA 26248)."
"2004","a0811","corr_agency_central_hq","Sector and function-level corruption perception","For each of the following types of government agencies, how corrupt do you think they are? Please rate on a scale of 1 (not at all) to 6 (very corrupt).","Central government head offices (ministries, agencies)","1=Not corrupt at all; 2; 3; 4; 5; 6=Very corrupt",""
"2005","a0811","corr_agency_central_hq","Sector and function-level corruption perception","For each of the following types of government agencies, how corrupt do you think they are? Please rate on a scale of 1 (not at all) to 6 (very corrupt).","Central government head offices (ministries, agencies)","1=Not corrupt at all; 2; 3; 4; 5; 6=Very corrupt",""
"2006","a0811","corr_agency_central_hq","Sector and function-level corruption perception","For each of the following types of government agencies, how corrupt do you think they are? Please rate on a scale of 1 (not at all) to 6 (very corrupt).","Central government head offices (ministries, agencies)","1=Not corrupt at all; 2; 3; 4; 5; 6=Very corrupt",""
"2007","a0811","corr_agency_central_hq","Sector and function-level corruption perception","For each of the following types of government agencies, how corrupt do you think they are? Please rate on a scale of 1 (not at all) to 6 (very corrupt).","Central government head offices (ministries, agencies)","1=Not corrupt at all; 2; 3; 4; 5; 6=Very corrupt",""
"2008","","corr_agency_central_hq","Sector and function-level corruption perception","","","","Not harmonized in this wave — 2008 questionnaire (KOSSDA 13988) used q-family variable naming; sector/function/agency items existed but under incompatible numbering structure (q7_* etc.) not mapped in this pass."
"2009","","corr_agency_central_hq","Sector and function-level corruption perception","","","","Not harmonized in this wave — 2009 questionnaire (KOSSDA 15387) not directly available; function/agency items likely present under q-family naming but not mapped."
"2010","a0811","corr_agency_central_hq","Sector and function-level corruption perception","다음 행정기관의 유형별 부패 수준은 어느 정도라고 생각하십니까? [How corrupt do you think each of the following types of government agencies is?]","중앙행정기관 본청 [Central government head offices — ministries and agencies]","1=전혀 없다 (Not at all corrupt); 2; 3; 4; 5; 6=매우 심하다 (Very corrupt)","Korean text sourced from 2014 questionnaire (KOSSDA 23277) as representative wave; wording stable 2009-2021."
"2011","a0811","corr_agency_central_hq","Sector and function-level corruption perception","다음 행정기관의 유형별 부패 수준은 어느 정도라고 생각하십니까? [How corrupt do you think each of the following types of government agencies is?]","중앙행정기관 본청 [Central government head offices — ministries and agencies]","1=전혀 없다 (Not at all corrupt); 2; 3; 4; 5; 6=매우 심하다 (Very corrupt)","Korean text sourced from 2014 questionnaire (KOSSDA 23277) as representative wave; wording stable 2009-2021."
"2012","a0811","corr_agency_central_hq","Sector and function-level corruption perception","다음 행정기관의 유형별 부패 수준은 어느 정도라고 생각하십니까? [How corrupt do you think each of the following types of government agencies is?]","중앙행정기관 본청 [Central government head offices — ministries and agencies]","1=전혀 없다 (Not at all corrupt); 2; 3; 4; 5; 6=매우 심하다 (Very corrupt)","Korean text sourced from 2014 questionnaire (KOSSDA 23277) as representative wave; wording stable 2009-2021."
"2013","a0811","corr_agency_central_hq","Sector and function-level corruption perception","다음 행정기관의 유형별 부패 수준은 어느 정도라고 생각하십니까? [How corrupt do you think each of the following types of government agencies is?]","중앙행정기관 본청 [Central government head offices — ministries and agencies]","1=전혀 없다 (Not at all corrupt); 2; 3; 4; 5; 6=매우 심하다 (Very corrupt)","Korean text sourced from 2014 questionnaire (KOSSDA 23277) as representative wave; wording stable 2009-2021."
"2014","a0811","corr_agency_central_hq","Sector and function-level corruption perception","다음 행정기관의 유형별 부패 수준은 어느 정도라고 생각하십니까? [How corrupt do you think each of the following types of government agencies is?]","중앙행정기관 본청 [Central government head offices — ministries and agencies]","1=전혀 없다 (Not at all corrupt); 2; 3; 4; 5; 6=매우 심하다 (Very corrupt)","Korean text sourced from 2014 questionnaire (KOSSDA 23277) as representative wave; wording stable 2009-2021."
"2015","a0811","corr_agency_central_hq","Sector and function-level corruption perception","다음 행정기관의 유형별 부패 수준은 어느 정도라고 생각하십니까? [How corrupt do you think each of the following types of government agencies is?]","중앙행정기관 본청 [Central government head offices — ministries and agencies]","1=전혀 없다 (Not at all corrupt); 2; 3; 4; 5; 6=매우 심하다 (Very corrupt)","Korean text sourced from 2014 questionnaire (KOSSDA 23277) as representative wave; wording stable 2009-2021."
"2016","a0811","corr_agency_central_hq","Sector and function-level corruption perception","다음 행정기관의 유형별 부패 수준은 어느 정도라고 생각하십니까? [How corrupt do you think each of the following types of government agencies is?]","중앙행정기관 본청 [Central government head offices — ministries and agencies]","1=전혀 없다 (Not at all corrupt); 2; 3; 4; 5; 6=매우 심하다 (Very corrupt)","Korean text sourced from 2014 questionnaire (KOSSDA 23277) as representative wave; wording stable 2009-2021."
"2017","a0811","corr_agency_central_hq","Sector and function-level corruption perception","다음 행정기관의 유형별 부패 수준은 어느 정도라고 생각하십니까? [How corrupt do you think each of the following types of government agencies is?]","중앙행정기관 본청 [Central government head offices — ministries and agencies]","1=전혀 없다 (Not at all corrupt); 2; 3; 4; 5; 6=매우 심하다 (Very corrupt)","Korean text sourced from 2014 questionnaire (KOSSDA 23277) as representative wave; wording stable 2009-2021."
"2018","a0811","corr_agency_central_hq","Sector and function-level corruption perception","다음 행정기관의 유형별 부패 수준은 어느 정도라고 생각하십니까? [How corrupt do you think each of the following types of government agencies is?]","중앙행정기관 본청 [Central government head offices — ministries and agencies]","1=전혀 없다 (Not at all corrupt); 2; 3; 4; 5; 6=매우 심하다 (Very corrupt)","Korean text sourced from 2014 questionnaire (KOSSDA 23277) as representative wave; wording stable 2009-2021."
"2019","a0811","corr_agency_central_hq","Sector and function-level corruption perception","다음 행정기관의 유형별 부패 수준은 어느 정도라고 생각하십니까? [How corrupt do you think each of the following types of government agencies is?]","중앙행정기관 본청 [Central government head offices — ministries and agencies]","1=전혀 없다 (Not at all corrupt); 2; 3; 4; 5; 6=매우 심하다 (Very corrupt)","Korean text sourced from 2014 questionnaire (KOSSDA 23277) as representative wave; wording stable 2009-2021."
"2020","a0811","corr_agency_central_hq","Sector and function-level corruption perception","다음 행정기관의 유형별 부패 수준은 어느 정도라고 생각하십니까? [How corrupt do you think each of the following types of government agencies is?]","중앙행정기관 본청 [Central government head offices — ministries and agencies]","1=전혀 없다 (Not at all corrupt); 2; 3; 4; 5; 6=매우 심하다 (Very corrupt)","Korean text sourced from 2014 questionnaire (KOSSDA 23277) as representative wave; wording stable 2009-2021."
"2021","a0811","corr_agency_central_hq","Sector and function-level corruption perception","다음 행정기관의 유형별 부패 수준은 어느 정도라고 생각하십니까? [How corrupt do you think each of the following types of government agencies is?]","중앙행정기관 본청 [Central government head offices — ministries and agencies]","1=전혀 없다 (Not at all corrupt); 2; 3; 4; 5; 6=매우 심하다 (Very corrupt)","Korean text sourced from 2014 questionnaire (KOSSDA 23277) as representative wave; wording stable 2009-2021."
"2022","q22_1","corr_agency_central_hq","Sector and function-level corruption perception","다음 기관 유형별 부패 수준은 어느 정도라고 생각하십니까? [How corrupt do you think each of the following types of government agencies is?]","중앙행정기관 본청 [Central government head offices]","1=전혀 없다 (Not at all corrupt); 2; 3; 4; 5; 6=매우 심하다 (Very corrupt)","Korean text from 2022 questionnaire (KOSSDA 26248)."
"2023","q22_1","corr_agency_central_hq","Sector and function-level corruption perception","다음 기관 유형별 부패 수준은 어느 정도라고 생각하십니까? [How corrupt do you think each of the following types of government agencies is?]","중앙행정기관 본청 [Central government head offices]","1=전혀 없다 (Not at all corrupt); 2; 3; 4; 5; 6=매우 심하다 (Very corrupt)","Korean text from 2022 questionnaire (KOSSDA 26248)."
"2004","a0812","corr_agency_central_branch","Sector and function-level corruption perception","For each of the following types of government agencies, how corrupt do you think they are? Please rate on a scale of 1 (not at all) to 6 (very corrupt).","Regional offices of central government agencies","1=Not corrupt at all; 2; 3; 4; 5; 6=Very corrupt",""
"2005","a0812","corr_agency_central_branch","Sector and function-level corruption perception","For each of the following types of government agencies, how corrupt do you think they are? Please rate on a scale of 1 (not at all) to 6 (very corrupt).","Regional offices of central government agencies","1=Not corrupt at all; 2; 3; 4; 5; 6=Very corrupt",""
"2006","a0812","corr_agency_central_branch","Sector and function-level corruption perception","For each of the following types of government agencies, how corrupt do you think they are? Please rate on a scale of 1 (not at all) to 6 (very corrupt).","Regional offices of central government agencies","1=Not corrupt at all; 2; 3; 4; 5; 6=Very corrupt",""
"2007","a0812","corr_agency_central_branch","Sector and function-level corruption perception","For each of the following types of government agencies, how corrupt do you think they are? Please rate on a scale of 1 (not at all) to 6 (very corrupt).","Regional offices of central government agencies","1=Not corrupt at all; 2; 3; 4; 5; 6=Very corrupt",""
"2008","","corr_agency_central_branch","Sector and function-level corruption perception","","","","Not harmonized in this wave — 2008 questionnaire (KOSSDA 13988) used q-family variable naming; sector/function/agency items existed but under incompatible numbering structure (q7_* etc.) not mapped in this pass."
"2009","","corr_agency_central_branch","Sector and function-level corruption perception","","","","Not harmonized in this wave — 2009 questionnaire (KOSSDA 15387) not directly available; function/agency items likely present under q-family naming but not mapped."
"2010","a0812","corr_agency_central_branch","Sector and function-level corruption perception","다음 행정기관의 유형별 부패 수준은 어느 정도라고 생각하십니까? [How corrupt do you think each of the following types of government agencies is?]","중앙행정기관 지방관청 [Regional offices of central government agencies]","1=전혀 없다 (Not at all corrupt); 2; 3; 4; 5; 6=매우 심하다 (Very corrupt)","Korean text sourced from 2014 questionnaire (KOSSDA 23277) as representative wave; wording stable 2009-2021."
"2011","a0812","corr_agency_central_branch","Sector and function-level corruption perception","다음 행정기관의 유형별 부패 수준은 어느 정도라고 생각하십니까? [How corrupt do you think each of the following types of government agencies is?]","중앙행정기관 지방관청 [Regional offices of central government agencies]","1=전혀 없다 (Not at all corrupt); 2; 3; 4; 5; 6=매우 심하다 (Very corrupt)","Korean text sourced from 2014 questionnaire (KOSSDA 23277) as representative wave; wording stable 2009-2021."
"2012","a0812","corr_agency_central_branch","Sector and function-level corruption perception","다음 행정기관의 유형별 부패 수준은 어느 정도라고 생각하십니까? [How corrupt do you think each of the following types of government agencies is?]","중앙행정기관 지방관청 [Regional offices of central government agencies]","1=전혀 없다 (Not at all corrupt); 2; 3; 4; 5; 6=매우 심하다 (Very corrupt)","Korean text sourced from 2014 questionnaire (KOSSDA 23277) as representative wave; wording stable 2009-2021."
"2013","a0812","corr_agency_central_branch","Sector and function-level corruption perception","다음 행정기관의 유형별 부패 수준은 어느 정도라고 생각하십니까? [How corrupt do you think each of the following types of government agencies is?]","중앙행정기관 지방관청 [Regional offices of central government agencies]","1=전혀 없다 (Not at all corrupt); 2; 3; 4; 5; 6=매우 심하다 (Very corrupt)","Korean text sourced from 2014 questionnaire (KOSSDA 23277) as representative wave; wording stable 2009-2021."
"2014","a0812","corr_agency_central_branch","Sector and function-level corruption perception","다음 행정기관의 유형별 부패 수준은 어느 정도라고 생각하십니까? [How corrupt do you think each of the following types of government agencies is?]","중앙행정기관 지방관청 [Regional offices of central government agencies]","1=전혀 없다 (Not at all corrupt); 2; 3; 4; 5; 6=매우 심하다 (Very corrupt)","Korean text sourced from 2014 questionnaire (KOSSDA 23277) as representative wave; wording stable 2009-2021."
"2015","a0812","corr_agency_central_branch","Sector and function-level corruption perception","다음 행정기관의 유형별 부패 수준은 어느 정도라고 생각하십니까? [How corrupt do you think each of the following types of government agencies is?]","중앙행정기관 지방관청 [Regional offices of central government agencies]","1=전혀 없다 (Not at all corrupt); 2; 3; 4; 5; 6=매우 심하다 (Very corrupt)","Korean text sourced from 2014 questionnaire (KOSSDA 23277) as representative wave; wording stable 2009-2021."
"2016","a0812","corr_agency_central_branch","Sector and function-level corruption perception","다음 행정기관의 유형별 부패 수준은 어느 정도라고 생각하십니까? [How corrupt do you think each of the following types of government agencies is?]","중앙행정기관 지방관청 [Regional offices of central government agencies]","1=전혀 없다 (Not at all corrupt); 2; 3; 4; 5; 6=매우 심하다 (Very corrupt)","Korean text sourced from 2014 questionnaire (KOSSDA 23277) as representative wave; wording stable 2009-2021."
"2017","a0812","corr_agency_central_branch","Sector and function-level corruption perception","다음 행정기관의 유형별 부패 수준은 어느 정도라고 생각하십니까? [How corrupt do you think each of the following types of government agencies is?]","중앙행정기관 지방관청 [Regional offices of central government agencies]","1=전혀 없다 (Not at all corrupt); 2; 3; 4; 5; 6=매우 심하다 (Very corrupt)","Korean text sourced from 2014 questionnaire (KOSSDA 23277) as representative wave; wording stable 2009-2021."
"2018","a0812","corr_agency_central_branch","Sector and function-level corruption perception","다음 행정기관의 유형별 부패 수준은 어느 정도라고 생각하십니까? [How corrupt do you think each of the following types of government agencies is?]","중앙행정기관 지방관청 [Regional offices of central government agencies]","1=전혀 없다 (Not at all corrupt); 2; 3; 4; 5; 6=매우 심하다 (Very corrupt)","Korean text sourced from 2014 questionnaire (KOSSDA 23277) as representative wave; wording stable 2009-2021."
"2019","a0812","corr_agency_central_branch","Sector and function-level corruption perception","다음 행정기관의 유형별 부패 수준은 어느 정도라고 생각하십니까? [How corrupt do you think each of the following types of government agencies is?]","중앙행정기관 지방관청 [Regional offices of central government agencies]","1=전혀 없다 (Not at all corrupt); 2; 3; 4; 5; 6=매우 심하다 (Very corrupt)","Korean text sourced from 2014 questionnaire (KOSSDA 23277) as representative wave; wording stable 2009-2021."
"2020","a0812","corr_agency_central_branch","Sector and function-level corruption perception","다음 행정기관의 유형별 부패 수준은 어느 정도라고 생각하십니까? [How corrupt do you think each of the following types of government agencies is?]","중앙행정기관 지방관청 [Regional offices of central government agencies]","1=전혀 없다 (Not at all corrupt); 2; 3; 4; 5; 6=매우 심하다 (Very corrupt)","Korean text sourced from 2014 questionnaire (KOSSDA 23277) as representative wave; wording stable 2009-2021."
"2021","a0812","corr_agency_central_branch","Sector and function-level corruption perception","다음 행정기관의 유형별 부패 수준은 어느 정도라고 생각하십니까? [How corrupt do you think each of the following types of government agencies is?]","중앙행정기관 지방관청 [Regional offices of central government agencies]","1=전혀 없다 (Not at all corrupt); 2; 3; 4; 5; 6=매우 심하다 (Very corrupt)","Korean text sourced from 2014 questionnaire (KOSSDA 23277) as representative wave; wording stable 2009-2021."
"2022","q22_2","corr_agency_central_branch","Sector and function-level corruption perception","다음 기관 유형별 부패 수준은 어느 정도라고 생각하십니까? [How corrupt do you think each of the following types of government agencies is?]","중앙행정기관 지방관청 [Regional offices of central government agencies]","1=전혀 없다 (Not at all corrupt); 2; 3; 4; 5; 6=매우 심하다 (Very corrupt)","Korean text from 2022 questionnaire (KOSSDA 26248)."
"2023","q22_2","corr_agency_central_branch","Sector and function-level corruption perception","다음 기관 유형별 부패 수준은 어느 정도라고 생각하십니까? [How corrupt do you think each of the following types of government agencies is?]","중앙행정기관 지방관청 [Regional offices of central government agencies]","1=전혀 없다 (Not at all corrupt); 2; 3; 4; 5; 6=매우 심하다 (Very corrupt)","Korean text from 2022 questionnaire (KOSSDA 26248)."
"2004","a0815","corr_agency_local_frontline","Sector and function-level corruption perception","For each of the following types of government agencies, how corrupt do you think they are? Please rate on a scale of 1 (not at all) to 6 (very corrupt).","Frontline local government agencies (읍·면·동 등)","1=Not corrupt at all; 2; 3; 4; 5; 6=Very corrupt",""
"2005","a0815","corr_agency_local_frontline","Sector and function-level corruption perception","For each of the following types of government agencies, how corrupt do you think they are? Please rate on a scale of 1 (not at all) to 6 (very corrupt).","Frontline local government agencies (읍·면·동 등)","1=Not corrupt at all; 2; 3; 4; 5; 6=Very corrupt",""
"2006","a0815","corr_agency_local_frontline","Sector and function-level corruption perception","For each of the following types of government agencies, how corrupt do you think they are? Please rate on a scale of 1 (not at all) to 6 (very corrupt).","Frontline local government agencies (읍·면·동 등)","1=Not corrupt at all; 2; 3; 4; 5; 6=Very corrupt",""
"2007","a0815","corr_agency_local_frontline","Sector and function-level corruption perception","For each of the following types of government agencies, how corrupt do you think they are? Please rate on a scale of 1 (not at all) to 6 (very corrupt).","Frontline local government agencies (읍·면·동 등)","1=Not corrupt at all; 2; 3; 4; 5; 6=Very corrupt",""
"2008","","corr_agency_local_frontline","Sector and function-level corruption perception","","","","Not harmonized in this wave — 2008 questionnaire (KOSSDA 13988) used q-family variable naming; sector/function/agency items existed but under incompatible numbering structure (q7_* etc.) not mapped in this pass."
"2009","","corr_agency_local_frontline","Sector and function-level corruption perception","","","","Not harmonized in this wave — 2009 questionnaire (KOSSDA 15387) not directly available; function/agency items likely present under q-family naming but not mapped."
"2010","a0815","corr_agency_local_frontline","Sector and function-level corruption perception","다음 행정기관의 유형별 부패 수준은 어느 정도라고 생각하십니까? [How corrupt do you think each of the following types of government agencies is?]","최일선 지방행정기관 (읍·면·동 등) [Frontline local government agencies]","1=전혀 없다 (Not at all corrupt); 2; 3; 4; 5; 6=매우 심하다 (Very corrupt)","Korean text sourced from 2014 questionnaire (KOSSDA 23277) as representative wave; wording stable 2009-2021."
"2011","a0815","corr_agency_local_frontline","Sector and function-level corruption perception","다음 행정기관의 유형별 부패 수준은 어느 정도라고 생각하십니까? [How corrupt do you think each of the following types of government agencies is?]","최일선 지방행정기관 (읍·면·동 등) [Frontline local government agencies]","1=전혀 없다 (Not at all corrupt); 2; 3; 4; 5; 6=매우 심하다 (Very corrupt)","Korean text sourced from 2014 questionnaire (KOSSDA 23277) as representative wave; wording stable 2009-2021."
"2012","a0815","corr_agency_local_frontline","Sector and function-level corruption perception","다음 행정기관의 유형별 부패 수준은 어느 정도라고 생각하십니까? [How corrupt do you think each of the following types of government agencies is?]","최일선 지방행정기관 (읍·면·동 등) [Frontline local government agencies]","1=전혀 없다 (Not at all corrupt); 2; 3; 4; 5; 6=매우 심하다 (Very corrupt)","Korean text sourced from 2014 questionnaire (KOSSDA 23277) as representative wave; wording stable 2009-2021."
"2013","a0815","corr_agency_local_frontline","Sector and function-level corruption perception","다음 행정기관의 유형별 부패 수준은 어느 정도라고 생각하십니까? [How corrupt do you think each of the following types of government agencies is?]","최일선 지방행정기관 (읍·면·동 등) [Frontline local government agencies]","1=전혀 없다 (Not at all corrupt); 2; 3; 4; 5; 6=매우 심하다 (Very corrupt)","Korean text sourced from 2014 questionnaire (KOSSDA 23277) as representative wave; wording stable 2009-2021."
"2014","a0815","corr_agency_local_frontline","Sector and function-level corruption perception","다음 행정기관의 유형별 부패 수준은 어느 정도라고 생각하십니까? [How corrupt do you think each of the following types of government agencies is?]","최일선 지방행정기관 (읍·면·동 등) [Frontline local government agencies]","1=전혀 없다 (Not at all corrupt); 2; 3; 4; 5; 6=매우 심하다 (Very corrupt)","Korean text sourced from 2014 questionnaire (KOSSDA 23277) as representative wave; wording stable 2009-2021."
"2015","a0815","corr_agency_local_frontline","Sector and function-level corruption perception","다음 행정기관의 유형별 부패 수준은 어느 정도라고 생각하십니까? [How corrupt do you think each of the following types of government agencies is?]","최일선 지방행정기관 (읍·면·동 등) [Frontline local government agencies]","1=전혀 없다 (Not at all corrupt); 2; 3; 4; 5; 6=매우 심하다 (Very corrupt)","Korean text sourced from 2014 questionnaire (KOSSDA 23277) as representative wave; wording stable 2009-2021."
"2016","a0815","corr_agency_local_frontline","Sector and function-level corruption perception","다음 행정기관의 유형별 부패 수준은 어느 정도라고 생각하십니까? [How corrupt do you think each of the following types of government agencies is?]","최일선 지방행정기관 (읍·면·동 등) [Frontline local government agencies]","1=전혀 없다 (Not at all corrupt); 2; 3; 4; 5; 6=매우 심하다 (Very corrupt)","Korean text sourced from 2014 questionnaire (KOSSDA 23277) as representative wave; wording stable 2009-2021."
"2017","a0815","corr_agency_local_frontline","Sector and function-level corruption perception","다음 행정기관의 유형별 부패 수준은 어느 정도라고 생각하십니까? [How corrupt do you think each of the following types of government agencies is?]","최일선 지방행정기관 (읍·면·동 등) [Frontline local government agencies]","1=전혀 없다 (Not at all corrupt); 2; 3; 4; 5; 6=매우 심하다 (Very corrupt)","Korean text sourced from 2014 questionnaire (KOSSDA 23277) as representative wave; wording stable 2009-2021."
"2018","a0815","corr_agency_local_frontline","Sector and function-level corruption perception","다음 행정기관의 유형별 부패 수준은 어느 정도라고 생각하십니까? [How corrupt do you think each of the following types of government agencies is?]","최일선 지방행정기관 (읍·면·동 등) [Frontline local government agencies]","1=전혀 없다 (Not at all corrupt); 2; 3; 4; 5; 6=매우 심하다 (Very corrupt)","Korean text sourced from 2014 questionnaire (KOSSDA 23277) as representative wave; wording stable 2009-2021."
"2019","a0815","corr_agency_local_frontline","Sector and function-level corruption perception","다음 행정기관의 유형별 부패 수준은 어느 정도라고 생각하십니까? [How corrupt do you think each of the following types of government agencies is?]","최일선 지방행정기관 (읍·면·동 등) [Frontline local government agencies]","1=전혀 없다 (Not at all corrupt); 2; 3; 4; 5; 6=매우 심하다 (Very corrupt)","Korean text sourced from 2014 questionnaire (KOSSDA 23277) as representative wave; wording stable 2009-2021."
"2020","a0815","corr_agency_local_frontline","Sector and function-level corruption perception","다음 행정기관의 유형별 부패 수준은 어느 정도라고 생각하십니까? [How corrupt do you think each of the following types of government agencies is?]","최일선 지방행정기관 (읍·면·동 등) [Frontline local government agencies]","1=전혀 없다 (Not at all corrupt); 2; 3; 4; 5; 6=매우 심하다 (Very corrupt)","Korean text sourced from 2014 questionnaire (KOSSDA 23277) as representative wave; wording stable 2009-2021."
"2021","a0815","corr_agency_local_frontline","Sector and function-level corruption perception","다음 행정기관의 유형별 부패 수준은 어느 정도라고 생각하십니까? [How corrupt do you think each of the following types of government agencies is?]","최일선 지방행정기관 (읍·면·동 등) [Frontline local government agencies]","1=전혀 없다 (Not at all corrupt); 2; 3; 4; 5; 6=매우 심하다 (Very corrupt)","Korean text sourced from 2014 questionnaire (KOSSDA 23277) as representative wave; wording stable 2009-2021."
"2022","q22_4","corr_agency_local_frontline","Sector and function-level corruption perception","다음 기관 유형별 부패 수준은 어느 정도라고 생각하십니까? [How corrupt do you think each of the following types of government agencies is?]","최일선 지방행정기관 [Frontline local government agencies]","1=전혀 없다 (Not at all corrupt); 2; 3; 4; 5; 6=매우 심하다 (Very corrupt)","Korean text from 2022 questionnaire (KOSSDA 26248)."
"2023","q22_4","corr_agency_local_frontline","Sector and function-level corruption perception","다음 기관 유형별 부패 수준은 어느 정도라고 생각하십니까? [How corrupt do you think each of the following types of government agencies is?]","최일선 지방행정기관 [Frontline local government agencies]","1=전혀 없다 (Not at all corrupt); 2; 3; 4; 5; 6=매우 심하다 (Very corrupt)","Korean text from 2022 questionnaire (KOSSDA 26248)."
"2004","","corr_govt_policy_effectiveness","Anti-corruption policy and institutional surveillance","","","","Not included in this wave — government anti-corruption policy effectiveness item not asked; earlier waves (2004-2010) used a composite environment measure (a031-a035) with different framing."
"2005","","corr_govt_policy_effectiveness","Anti-corruption policy and institutional surveillance","","","","Not included in this wave — government anti-corruption policy effectiveness item not asked; earlier waves (2004-2010) used a composite environment measure (a031-a035) with different framing."
"2006","","corr_govt_policy_effectiveness","Anti-corruption policy and institutional surveillance","","","","Not included in this wave — government anti-corruption policy effectiveness item not asked; earlier waves (2004-2010) used a composite environment measure (a031-a035) with different framing."
"2007","","corr_govt_policy_effectiveness","Anti-corruption policy and institutional surveillance","","","","Not included in this wave — government anti-corruption policy effectiveness item not asked; earlier waves (2004-2010) used a composite environment measure (a031-a035) with different framing."
"2008","","corr_govt_policy_effectiveness","Anti-corruption policy and institutional surveillance","","","","Not included in this wave — government anti-corruption policy effectiveness item not asked; earlier waves (2004-2010) used a composite environment measure (a031-a035) with different framing."
"2009","","corr_govt_policy_effectiveness","Anti-corruption policy and institutional surveillance","","","","Not included in this wave — government anti-corruption policy effectiveness item not asked; earlier waves (2004-2010) used a composite environment measure (a031-a035) with different framing."
"2010","","corr_govt_policy_effectiveness","Anti-corruption policy and institutional surveillance","","","","Not included in this wave — government anti-corruption policy effectiveness item not asked; earlier waves (2004-2010) used a composite environment measure (a031-a035) with different framing."
"2011","","corr_govt_policy_effectiveness","Anti-corruption policy and institutional surveillance","","","","Not included in this wave — government anti-corruption policy effectiveness item not asked; earlier waves (2004-2010) used a composite environment measure (a031-a035) with different framing."
"2012","","corr_govt_policy_effectiveness","Anti-corruption policy and institutional surveillance","","","","Not included in this wave — government anti-corruption policy effectiveness item not asked; earlier waves (2004-2010) used a composite environment measure (a031-a035) with different framing."
"2013","","corr_govt_policy_effectiveness","Anti-corruption policy and institutional surveillance","","","","Not included in this wave — government anti-corruption policy effectiveness item not asked; earlier waves (2004-2010) used a composite environment measure (a031-a035) with different framing."
"2014","a18","corr_govt_policy_effectiveness","Anti-corruption policy and institutional surveillance","","귀하는 현 정부의 반부패 노력(정책)이 얼마나 효과적이라고 생각하십니까? [How effective do you think the current government's anti-corruption efforts/policy are?]","1=전혀 효과적이지 않다 (Not at all effective); 2; 3; 4; 5; 6=매우 효과적이다 (Very effective)","Korean text sourced from 2014 questionnaire (KOSSDA 23277) as representative wave; wording stable 2009-2021."
"2015","a18","corr_govt_policy_effectiveness","Anti-corruption policy and institutional surveillance","","귀하는 현 정부의 반부패 노력(정책)이 얼마나 효과적이라고 생각하십니까? [How effective do you think the current government's anti-corruption efforts/policy are?]","1=전혀 효과적이지 않다 (Not at all effective); 2; 3; 4; 5; 6=매우 효과적이다 (Very effective)","Korean text sourced from 2014 questionnaire (KOSSDA 23277) as representative wave; wording stable 2009-2021."
"2016","a18","corr_govt_policy_effectiveness","Anti-corruption policy and institutional surveillance","","귀하는 현 정부의 반부패 노력(정책)이 얼마나 효과적이라고 생각하십니까? [How effective do you think the current government's anti-corruption efforts/policy are?]","1=전혀 효과적이지 않다 (Not at all effective); 2; 3; 4; 5; 6=매우 효과적이다 (Very effective)","Korean text sourced from 2014 questionnaire (KOSSDA 23277) as representative wave; wording stable 2009-2021."
"2017","","corr_govt_policy_effectiveness","Anti-corruption policy and institutional surveillance","","","","Not included in this wave — item skipped in 2017-2019 KIPA survey design."
"2018","","corr_govt_policy_effectiveness","Anti-corruption policy and institutional surveillance","","","","Not included in this wave — item skipped in 2017-2019 KIPA survey design."
"2019","","corr_govt_policy_effectiveness","Anti-corruption policy and institutional surveillance","","","","Not included in this wave — item skipped in 2017-2019 KIPA survey design."
"2020","a17","corr_govt_policy_effectiveness","Anti-corruption policy and institutional surveillance","","귀하는 현 정부의 반부패 노력(정책)이 얼마나 효과적이라고 생각하십니까? [How effective do you think the current government's anti-corruption efforts/policy are?]","1=전혀 효과적이지 않다 (Not at all effective); 2; 3; 4; 5; 6=매우 효과적이다 (Very effective)","Korean text sourced from 2014 questionnaire (KOSSDA 23277) as representative wave; wording stable 2009-2021."
"2021","a35","corr_govt_policy_effectiveness","Anti-corruption policy and institutional surveillance","","귀하는 현 정부의 반부패 노력(정책)이 얼마나 효과적이라고 생각하십니까? [How effective do you think the current government's anti-corruption efforts/policy are?]","1=전혀 효과적이지 않다 (Not at all effective); 2; 3; 4; 5; 6=매우 효과적이다 (Very effective)","Korean text sourced from 2014 questionnaire (KOSSDA 23277) as representative wave; wording stable 2009-2021."
"2022","q34","corr_govt_policy_effectiveness","Anti-corruption policy and institutional surveillance","","귀하는 현 정부의 반부패 노력(정책)이 얼마나 효과적이라고 생각하십니까? [How effective do you think the current government's anti-corruption efforts/policy are?]","1=전혀 효과적이지 않다 (Not at all effective); 2; 3; 4; 5; 6=매우 효과적이다 (Very effective)","Korean text from 2022 questionnaire (KOSSDA 26248)."
"2023","q35","corr_govt_policy_effectiveness","Anti-corruption policy and institutional surveillance","","귀하는 현 정부의 반부패 노력(정책)이 얼마나 효과적이라고 생각하십니까? [How effective do you think the current government's anti-corruption efforts/policy are?]","1=전혀 효과적이지 않다 (Not at all effective); 2; 3; 4; 5; 6=매우 효과적이다 (Very effective)","Korean text from 2022 questionnaire (KOSSDA 26248)."
"2004","","corr_punishment_bribe_giver","Anti-corruption policy and institutional surveillance","","","","Not included in this wave — punishment perception items introduced in 2011."
"2005","","corr_punishment_bribe_giver","Anti-corruption policy and institutional surveillance","","","","Not included in this wave — punishment perception items introduced in 2011."
"2006","","corr_punishment_bribe_giver","Anti-corruption policy and institutional surveillance","","","","Not included in this wave — punishment perception items introduced in 2011."
"2007","","corr_punishment_bribe_giver","Anti-corruption policy and institutional surveillance","","","","Not included in this wave — punishment perception items introduced in 2011."
"2008","","corr_punishment_bribe_giver","Anti-corruption policy and institutional surveillance","","","","Not included in this wave — punishment perception items introduced in 2011."
"2009","","corr_punishment_bribe_giver","Anti-corruption policy and institutional surveillance","","","","Not included in this wave — punishment perception items introduced in 2011."
"2010","","corr_punishment_bribe_giver","Anti-corruption policy and institutional surveillance","","","","Not included in this wave — punishment perception items introduced in 2011."
"2011","a1021","corr_punishment_bribe_giver","Anti-corruption policy and institutional surveillance","","우리 사회에서 금품을 제공한 사람에 대한 처벌 수준이 어느 정도라고 생각하십니까? [How strong do you think the punishment level for bribe-givers is in Korean society?]","1=매우 강하다 (Very strong) [RAW — scale reversed in harmonization via safe_reverse_6pt]; 6=매우 약하다 (Very weak) [RAW]","RAW scale direction: 1=very strong → 6=very weak. Harmonization applies safe_reverse_6pt so harmonized values use 1=weak → 6=strong convention consistent with 2014+. YoY mean check detected the flip at the 2013/2014 boundary."
"2012","a1021","corr_punishment_bribe_giver","Anti-corruption policy and institutional surveillance","","우리 사회에서 금품을 제공한 사람에 대한 처벌 수준이 어느 정도라고 생각하십니까? [How strong do you think the punishment level for bribe-givers is in Korean society?]","1=매우 강하다 (Very strong) [RAW — scale reversed in harmonization via safe_reverse_6pt]; 6=매우 약하다 (Very weak) [RAW]","RAW scale direction: 1=very strong → 6=very weak. Harmonization applies safe_reverse_6pt so harmonized values use 1=weak → 6=strong convention consistent with 2014+. YoY mean check detected the flip at the 2013/2014 boundary."
"2013","a1021","corr_punishment_bribe_giver","Anti-corruption policy and institutional surveillance","","우리 사회에서 금품을 제공한 사람에 대한 처벌 수준이 어느 정도라고 생각하십니까? [How strong do you think the punishment level for bribe-givers is in Korean society?]","1=매우 강하다 (Very strong) [RAW — scale reversed in harmonization via safe_reverse_6pt]; 6=매우 약하다 (Very weak) [RAW]","RAW scale direction: 1=very strong → 6=very weak. Harmonization applies safe_reverse_6pt so harmonized values use 1=weak → 6=strong convention consistent with 2014+. YoY mean check detected the flip at the 2013/2014 boundary."
"2014","a103","corr_punishment_bribe_giver","Anti-corruption policy and institutional surveillance","","우리 사회에서 금품을 제공한 사람에 대한 처벌 수준이 어느 정도라고 생각하십니까? [How strong do you think the punishment level for bribe-givers is in Korean society?]","1=매우 약하다 (Very weak); 2; 3; 4; 5; 6=매우 강하다 (Very strong)","Korean text sourced from 2014 questionnaire (KOSSDA 23277) as representative wave; wording stable 2009-2021."
"2015","a103","corr_punishment_bribe_giver","Anti-corruption policy and institutional surveillance","","우리 사회에서 금품을 제공한 사람에 대한 처벌 수준이 어느 정도라고 생각하십니까? [How strong do you think the punishment level for bribe-givers is in Korean society?]","1=매우 약하다 (Very weak); 2; 3; 4; 5; 6=매우 강하다 (Very strong)","Korean text sourced from 2014 questionnaire (KOSSDA 23277) as representative wave; wording stable 2009-2021."
"2016","a103","corr_punishment_bribe_giver","Anti-corruption policy and institutional surveillance","","우리 사회에서 금품을 제공한 사람에 대한 처벌 수준이 어느 정도라고 생각하십니까? [How strong do you think the punishment level for bribe-givers is in Korean society?]","1=매우 약하다 (Very weak); 2; 3; 4; 5; 6=매우 강하다 (Very strong)","Korean text sourced from 2014 questionnaire (KOSSDA 23277) as representative wave; wording stable 2009-2021."
"2017","a103","corr_punishment_bribe_giver","Anti-corruption policy and institutional surveillance","","우리 사회에서 금품을 제공한 사람에 대한 처벌 수준이 어느 정도라고 생각하십니까? [How strong do you think the punishment level for bribe-givers is in Korean society?]","1=매우 약하다 (Very weak); 2; 3; 4; 5; 6=매우 강하다 (Very strong)","Korean text sourced from 2014 questionnaire (KOSSDA 23277) as representative wave; wording stable 2009-2021."
"2018","a103","corr_punishment_bribe_giver","Anti-corruption policy and institutional surveillance","","우리 사회에서 금품을 제공한 사람에 대한 처벌 수준이 어느 정도라고 생각하십니까? [How strong do you think the punishment level for bribe-givers is in Korean society?]","1=매우 약하다 (Very weak); 2; 3; 4; 5; 6=매우 강하다 (Very strong)","Korean text sourced from 2014 questionnaire (KOSSDA 23277) as representative wave; wording stable 2009-2021."
"2019","a103","corr_punishment_bribe_giver","Anti-corruption policy and institutional surveillance","","우리 사회에서 금품을 제공한 사람에 대한 처벌 수준이 어느 정도라고 생각하십니까? [How strong do you think the punishment level for bribe-givers is in Korean society?]","1=매우 약하다 (Very weak); 2; 3; 4; 5; 6=매우 강하다 (Very strong)","Korean text sourced from 2014 questionnaire (KOSSDA 23277) as representative wave; wording stable 2009-2021."
"2020","a103","corr_punishment_bribe_giver","Anti-corruption policy and institutional surveillance","","우리 사회에서 금품을 제공한 사람에 대한 처벌 수준이 어느 정도라고 생각하십니까? [How strong do you think the punishment level for bribe-givers is in Korean society?]","1=매우 약하다 (Very weak); 2; 3; 4; 5; 6=매우 강하다 (Very strong)","Korean text sourced from 2014 questionnaire (KOSSDA 23277) as representative wave; wording stable 2009-2021."
"2021","a103a","corr_punishment_bribe_giver","Anti-corruption policy and institutional surveillance","","우리 사회에서 금품을 제공한 사람에 대한 처벌 수준이 어느 정도라고 생각하십니까? [How strong do you think the punishment level for bribe-givers is in Korean society?]","1=매우 약하다 (Very weak); 2; 3; 4; 5; 6=매우 강하다 (Very strong)","Korean text sourced from 2014 questionnaire (KOSSDA 23277) as representative wave; wording stable 2009-2021."
"2022","q26","corr_punishment_bribe_giver","Anti-corruption policy and institutional surveillance","","우리 사회에서 금품을 제공한 사람에 대한 처벌 수준이 어느 정도라고 생각하십니까? [How strong do you think the punishment level for bribe-givers is in Korean society?]","1=매우 약하다 (Very weak); 2; 3; 4; 5; 6=매우 강하다 (Very strong)","Korean text from 2022 questionnaire (KOSSDA 26248)."
"2023","q26","corr_punishment_bribe_giver","Anti-corruption policy and institutional surveillance","","우리 사회에서 금품을 제공한 사람에 대한 처벌 수준이 어느 정도라고 생각하십니까? [How strong do you think the punishment level for bribe-givers is in Korean society?]","1=매우 약하다 (Very weak); 2; 3; 4; 5; 6=매우 강하다 (Very strong)","Korean text from 2022 questionnaire (KOSSDA 26248)."
"2004","","corr_punishment_corrupt_official","Anti-corruption policy and institutional surveillance","","","","Not included in this wave — separate item for official punishment introduced in 2014. 2011-2013 had a related item (a103) with different wording; not mapped here to avoid wording-drift contamination."
"2005","","corr_punishment_corrupt_official","Anti-corruption policy and institutional surveillance","","","","Not included in this wave — separate item for official punishment introduced in 2014. 2011-2013 had a related item (a103) with different wording; not mapped here to avoid wording-drift contamination."
"2006","","corr_punishment_corrupt_official","Anti-corruption policy and institutional surveillance","","","","Not included in this wave — separate item for official punishment introduced in 2014. 2011-2013 had a related item (a103) with different wording; not mapped here to avoid wording-drift contamination."
"2007","","corr_punishment_corrupt_official","Anti-corruption policy and institutional surveillance","","","","Not included in this wave — separate item for official punishment introduced in 2014. 2011-2013 had a related item (a103) with different wording; not mapped here to avoid wording-drift contamination."
"2008","","corr_punishment_corrupt_official","Anti-corruption policy and institutional surveillance","","","","Not included in this wave — separate item for official punishment introduced in 2014. 2011-2013 had a related item (a103) with different wording; not mapped here to avoid wording-drift contamination."
"2009","","corr_punishment_corrupt_official","Anti-corruption policy and institutional surveillance","","","","Not included in this wave — separate item for official punishment introduced in 2014. 2011-2013 had a related item (a103) with different wording; not mapped here to avoid wording-drift contamination."
"2010","","corr_punishment_corrupt_official","Anti-corruption policy and institutional surveillance","","","","Not included in this wave — separate item for official punishment introduced in 2014. 2011-2013 had a related item (a103) with different wording; not mapped here to avoid wording-drift contamination."
"2011","","corr_punishment_corrupt_official","Anti-corruption policy and institutional surveillance","","","","Not included in this wave — separate item for official punishment introduced in 2014. 2011-2013 had a related item (a103) with different wording; not mapped here to avoid wording-drift contamination."
"2012","","corr_punishment_corrupt_official","Anti-corruption policy and institutional surveillance","","","","Not included in this wave — separate item for official punishment introduced in 2014. 2011-2013 had a related item (a103) with different wording; not mapped here to avoid wording-drift contamination."
"2013","","corr_punishment_corrupt_official","Anti-corruption policy and institutional surveillance","","","","Not included in this wave — separate item for official punishment introduced in 2014. 2011-2013 had a related item (a103) with different wording; not mapped here to avoid wording-drift contamination."
"2014","a104","corr_punishment_corrupt_official","Anti-corruption policy and institutional surveillance","","우리 사회에서 뇌물 등 부패행위를 한 공무원에 대한 처벌 수준이 어느 정도라고 생각하십니까? [How strong do you think the punishment level for officials who engage in bribery/corruption is in Korean society?]","1=매우 약하다 (Very weak); 2; 3; 4; 5; 6=매우 강하다 (Very strong)","Korean text sourced from 2014 questionnaire (KOSSDA 23277) as representative wave; wording stable 2009-2021."
"2015","a104","corr_punishment_corrupt_official","Anti-corruption policy and institutional surveillance","","우리 사회에서 뇌물 등 부패행위를 한 공무원에 대한 처벌 수준이 어느 정도라고 생각하십니까? [How strong do you think the punishment level for officials who engage in bribery/corruption is in Korean society?]","1=매우 약하다 (Very weak); 2; 3; 4; 5; 6=매우 강하다 (Very strong)","Korean text sourced from 2014 questionnaire (KOSSDA 23277) as representative wave; wording stable 2009-2021."
"2016","a104","corr_punishment_corrupt_official","Anti-corruption policy and institutional surveillance","","우리 사회에서 뇌물 등 부패행위를 한 공무원에 대한 처벌 수준이 어느 정도라고 생각하십니까? [How strong do you think the punishment level for officials who engage in bribery/corruption is in Korean society?]","1=매우 약하다 (Very weak); 2; 3; 4; 5; 6=매우 강하다 (Very strong)","Korean text sourced from 2014 questionnaire (KOSSDA 23277) as representative wave; wording stable 2009-2021."
"2017","a104","corr_punishment_corrupt_official","Anti-corruption policy and institutional surveillance","","우리 사회에서 뇌물 등 부패행위를 한 공무원에 대한 처벌 수준이 어느 정도라고 생각하십니까? [How strong do you think the punishment level for officials who engage in bribery/corruption is in Korean society?]","1=매우 약하다 (Very weak); 2; 3; 4; 5; 6=매우 강하다 (Very strong)","Korean text sourced from 2014 questionnaire (KOSSDA 23277) as representative wave; wording stable 2009-2021."
"2018","a104","corr_punishment_corrupt_official","Anti-corruption policy and institutional surveillance","","우리 사회에서 뇌물 등 부패행위를 한 공무원에 대한 처벌 수준이 어느 정도라고 생각하십니까? [How strong do you think the punishment level for officials who engage in bribery/corruption is in Korean society?]","1=매우 약하다 (Very weak); 2; 3; 4; 5; 6=매우 강하다 (Very strong)","Korean text sourced from 2014 questionnaire (KOSSDA 23277) as representative wave; wording stable 2009-2021."
"2019","a104","corr_punishment_corrupt_official","Anti-corruption policy and institutional surveillance","","우리 사회에서 뇌물 등 부패행위를 한 공무원에 대한 처벌 수준이 어느 정도라고 생각하십니까? [How strong do you think the punishment level for officials who engage in bribery/corruption is in Korean society?]","1=매우 약하다 (Very weak); 2; 3; 4; 5; 6=매우 강하다 (Very strong)","Korean text sourced from 2014 questionnaire (KOSSDA 23277) as representative wave; wording stable 2009-2021."
"2020","a104","corr_punishment_corrupt_official","Anti-corruption policy and institutional surveillance","","우리 사회에서 뇌물 등 부패행위를 한 공무원에 대한 처벌 수준이 어느 정도라고 생각하십니까? [How strong do you think the punishment level for officials who engage in bribery/corruption is in Korean society?]","1=매우 약하다 (Very weak); 2; 3; 4; 5; 6=매우 강하다 (Very strong)","Korean text sourced from 2014 questionnaire (KOSSDA 23277) as representative wave; wording stable 2009-2021."
"2021","a104a","corr_punishment_corrupt_official","Anti-corruption policy and institutional surveillance","","우리 사회에서 뇌물 등 부패행위를 한 공무원에 대한 처벌 수준이 어느 정도라고 생각하십니까? [How strong do you think the punishment level for officials who engage in bribery/corruption is in Korean society?]","1=매우 약하다 (Very weak); 2; 3; 4; 5; 6=매우 강하다 (Very strong)","Korean text sourced from 2014 questionnaire (KOSSDA 23277) as representative wave; wording stable 2009-2021."
"2022","q27","corr_punishment_corrupt_official","Anti-corruption policy and institutional surveillance","","우리 사회에서 뇌물 등 부패행위를 한 공무원에 대한 처벌 수준이 어느 정도라고 생각하십니까? [How strong do you think the punishment level for officials who engage in bribery/corruption is in Korean society?]","1=매우 약하다 (Very weak); 2; 3; 4; 5; 6=매우 강하다 (Very strong)","Korean text from 2022 questionnaire (KOSSDA 26248)."
"2023","q27","corr_punishment_corrupt_official","Anti-corruption policy and institutional surveillance","","우리 사회에서 뇌물 등 부패행위를 한 공무원에 대한 처벌 수준이 어느 정도라고 생각하십니까? [How strong do you think the punishment level for officials who engage in bribery/corruption is in Korean society?]","1=매우 약하다 (Very weak); 2; 3; 4; 5; 6=매우 강하다 (Very strong)","Korean text from 2022 questionnaire (KOSSDA 26248)."
"2004","","corr_punishment_relative_strength","Anti-corruption policy and institutional surveillance","","","","Not included in this wave — relative punishment comparison item introduced in 2011."
"2005","","corr_punishment_relative_strength","Anti-corruption policy and institutional surveillance","","","","Not included in this wave — relative punishment comparison item introduced in 2011."
"2006","","corr_punishment_relative_strength","Anti-corruption policy and institutional surveillance","","","","Not included in this wave — relative punishment comparison item introduced in 2011."
"2007","","corr_punishment_relative_strength","Anti-corruption policy and institutional surveillance","","","","Not included in this wave — relative punishment comparison item introduced in 2011."
"2008","","corr_punishment_relative_strength","Anti-corruption policy and institutional surveillance","","","","Not included in this wave — relative punishment comparison item introduced in 2011."
"2009","","corr_punishment_relative_strength","Anti-corruption policy and institutional surveillance","","","","Not included in this wave — relative punishment comparison item introduced in 2011."
"2010","","corr_punishment_relative_strength","Anti-corruption policy and institutional surveillance","","","","Not included in this wave — relative punishment comparison item introduced in 2011."
"2011","a1023","corr_punishment_relative_strength","Anti-corruption policy and institutional surveillance","","귀하는 금품을 수수한 공무원과 금품을 제공한 사람 중 처벌 수준이 더 강한 쪽은 어느 쪽이라고 생각하십니까? [Between officials who receive bribes and people who give bribes, which side do you think receives stronger punishment?]","1=금품제공자 처벌이 훨씬 강함 (Bribe-givers penalized much more severely); 3=동등함 (Equal); 5=공무원 처벌이 훨씬 강함 (Officials penalized much more severely) [1-5 scale]","Korean text sourced from 2014 questionnaire (KOSSDA 23277) as representative wave; wording stable 2009-2021."
"2012","a1023","corr_punishment_relative_strength","Anti-corruption policy and institutional surveillance","","귀하는 금품을 수수한 공무원과 금품을 제공한 사람 중 처벌 수준이 더 강한 쪽은 어느 쪽이라고 생각하십니까? [Between officials who receive bribes and people who give bribes, which side do you think receives stronger punishment?]","1=금품제공자 처벌이 훨씬 강함 (Bribe-givers penalized much more severely); 3=동등함 (Equal); 5=공무원 처벌이 훨씬 강함 (Officials penalized much more severely) [1-5 scale]","Korean text sourced from 2014 questionnaire (KOSSDA 23277) as representative wave; wording stable 2009-2021."
"2013","a1023","corr_punishment_relative_strength","Anti-corruption policy and institutional surveillance","","귀하는 금품을 수수한 공무원과 금품을 제공한 사람 중 처벌 수준이 더 강한 쪽은 어느 쪽이라고 생각하십니까? [Between officials who receive bribes and people who give bribes, which side do you think receives stronger punishment?]","1=금품제공자 처벌이 훨씬 강함 (Bribe-givers penalized much more severely); 3=동등함 (Equal); 5=공무원 처벌이 훨씬 강함 (Officials penalized much more severely) [1-5 scale]","Korean text sourced from 2014 questionnaire (KOSSDA 23277) as representative wave; wording stable 2009-2021."
"2014","a105","corr_punishment_relative_strength","Anti-corruption policy and institutional surveillance","","귀하는 금품을 수수한 공무원과 금품을 제공한 사람 중 처벌 수준이 더 강한 쪽은 어느 쪽이라고 생각하십니까? [Between officials who receive bribes and people who give bribes, which side do you think receives stronger punishment?]","1=금품제공자 처벌이 훨씬 강함 (Bribe-givers penalized much more severely); 3=동등함 (Equal); 5=공무원 처벌이 훨씬 강함 (Officials penalized much more severely) [1-5 scale]","Korean text sourced from 2014 questionnaire (KOSSDA 23277) as representative wave; wording stable 2009-2021."
"2015","a105","corr_punishment_relative_strength","Anti-corruption policy and institutional surveillance","","귀하는 금품을 수수한 공무원과 금품을 제공한 사람 중 처벌 수준이 더 강한 쪽은 어느 쪽이라고 생각하십니까? [Between officials who receive bribes and people who give bribes, which side do you think receives stronger punishment?]","1=금품제공자 처벌이 훨씬 강함 (Bribe-givers penalized much more severely); 3=동등함 (Equal); 5=공무원 처벌이 훨씬 강함 (Officials penalized much more severely) [1-5 scale]","Korean text sourced from 2014 questionnaire (KOSSDA 23277) as representative wave; wording stable 2009-2021."
"2016","a105","corr_punishment_relative_strength","Anti-corruption policy and institutional surveillance","","귀하는 금품을 수수한 공무원과 금품을 제공한 사람 중 처벌 수준이 더 강한 쪽은 어느 쪽이라고 생각하십니까? [Between officials who receive bribes and people who give bribes, which side do you think receives stronger punishment?]","1=금품제공자 처벌이 훨씬 강함 (Bribe-givers penalized much more severely); 3=동등함 (Equal); 5=공무원 처벌이 훨씬 강함 (Officials penalized much more severely) [1-5 scale]","Korean text sourced from 2014 questionnaire (KOSSDA 23277) as representative wave; wording stable 2009-2021."
"2017","a105","corr_punishment_relative_strength","Anti-corruption policy and institutional surveillance","","귀하는 금품을 수수한 공무원과 금품을 제공한 사람 중 처벌 수준이 더 강한 쪽은 어느 쪽이라고 생각하십니까? [Between officials who receive bribes and people who give bribes, which side do you think receives stronger punishment?]","1=금품제공자 처벌이 훨씬 강함 (Bribe-givers penalized much more severely); 3=동등함 (Equal); 5=공무원 처벌이 훨씬 강함 (Officials penalized much more severely) [1-5 scale]","Korean text sourced from 2014 questionnaire (KOSSDA 23277) as representative wave; wording stable 2009-2021."
"2018","","corr_punishment_relative_strength","Anti-corruption policy and institutional surveillance","","","","Not included in this wave — scale restructured to 7-point in 2018 (1=bribe-givers penalized more; 4=equal; 7=officials penalized more), incompatible with 2011-2017 six-point series. Excluded to prevent cross-wave comparison error."
"2019","","corr_punishment_relative_strength","Anti-corruption policy and institutional surveillance","","","","Not included in this wave — scale restructured to 7-point in 2018 (1=bribe-givers penalized more; 4=equal; 7=officials penalized more), incompatible with 2011-2017 six-point series. Excluded to prevent cross-wave comparison error."
"2020","","corr_punishment_relative_strength","Anti-corruption policy and institutional surveillance","","","","Not included in this wave — scale restructured to 7-point in 2018 (1=bribe-givers penalized more; 4=equal; 7=officials penalized more), incompatible with 2011-2017 six-point series. Excluded to prevent cross-wave comparison error."
"2021","","corr_punishment_relative_strength","Anti-corruption policy and institutional surveillance","","","","Not included in this wave — scale restructured to 7-point in 2018 (1=bribe-givers penalized more; 4=equal; 7=officials penalized more), incompatible with 2011-2017 six-point series. Excluded to prevent cross-wave comparison error."
"2022","","corr_punishment_relative_strength","Anti-corruption policy and institutional surveillance","","","","Not included in this wave — 2022-2023 questionnaire (q28) restructured to a 7-point scale (1=bribe-giver penalized more; 4=equal; 7=official penalized more), incompatible with the 1-6 scale used in 2011-2021. Excluded to avoid cross-wave comparison error."
"2023","","corr_punishment_relative_strength","Anti-corruption policy and institutional surveillance","","","","Not included in this wave — 2022-2023 questionnaire (q28) restructured to a 7-point scale (1=bribe-giver penalized more; 4=equal; 7=official penalized more), incompatible with the 1-6 scale used in 2011-2021. Excluded to avoid cross-wave comparison error."
"2004","","corr_surveil_party","Anti-corruption policy and institutional surveillance","","","","Not included in this wave — institutional surveillance items introduced in 2011."
"2005","","corr_surveil_party","Anti-corruption policy and institutional surveillance","","","","Not included in this wave — institutional surveillance items introduced in 2011."
"2006","","corr_surveil_party","Anti-corruption policy and institutional surveillance","","","","Not included in this wave — institutional surveillance items introduced in 2011."
"2007","","corr_surveil_party","Anti-corruption policy and institutional surveillance","","","","Not included in this wave — institutional surveillance items introduced in 2011."
"2008","","corr_surveil_party","Anti-corruption policy and institutional surveillance","","","","Not included in this wave — institutional surveillance items introduced in 2011."
"2009","","corr_surveil_party","Anti-corruption policy and institutional surveillance","","","","Not included in this wave — institutional surveillance items introduced in 2011."
"2010","","corr_surveil_party","Anti-corruption policy and institutional surveillance","","","","Not included in this wave — institutional surveillance items introduced in 2011."
"2011","a171","corr_surveil_party","Anti-corruption policy and institutional surveillance","다음 기관들이 부패 행위를 감시·통제하는 기능을 얼마나 잘 수행하고 있다고 생각하십니까? [How well do you think the following institutions perform their function of monitoring and controlling corrupt behavior?]","정당 [Political parties]","1=전혀 못하고 있다 (Functions very poorly); 2; 3; 4; 5; 6=매우 잘하고 있다 (Functions very well)","Korean text sourced from 2014 questionnaire (KOSSDA 23277) as representative wave; wording stable 2009-2021."
"2012","a171","corr_surveil_party","Anti-corruption policy and institutional surveillance","다음 기관들이 부패 행위를 감시·통제하는 기능을 얼마나 잘 수행하고 있다고 생각하십니까? [How well do you think the following institutions perform their function of monitoring and controlling corrupt behavior?]","정당 [Political parties]","1=전혀 못하고 있다 (Functions very poorly); 2; 3; 4; 5; 6=매우 잘하고 있다 (Functions very well)","Korean text sourced from 2014 questionnaire (KOSSDA 23277) as representative wave; wording stable 2009-2021."
"2013","a171","corr_surveil_party","Anti-corruption policy and institutional surveillance","다음 기관들이 부패 행위를 감시·통제하는 기능을 얼마나 잘 수행하고 있다고 생각하십니까? [How well do you think the following institutions perform their function of monitoring and controlling corrupt behavior?]","정당 [Political parties]","1=전혀 못하고 있다 (Functions very poorly); 2; 3; 4; 5; 6=매우 잘하고 있다 (Functions very well)","Korean text sourced from 2014 questionnaire (KOSSDA 23277) as representative wave; wording stable 2009-2021."
"2014","a161","corr_surveil_party","Anti-corruption policy and institutional surveillance","다음 기관들이 부패 행위를 감시·통제하는 기능을 얼마나 잘 수행하고 있다고 생각하십니까? [How well do you think the following institutions perform their function of monitoring and controlling corrupt behavior?]","정당 [Political parties]","1=전혀 못하고 있다 (Functions very poorly); 2; 3; 4; 5; 6=매우 잘하고 있다 (Functions very well)","Korean text sourced from 2014 questionnaire (KOSSDA 23277) as representative wave; wording stable 2009-2021."
"2015","a161","corr_surveil_party","Anti-corruption policy and institutional surveillance","다음 기관들이 부패 행위를 감시·통제하는 기능을 얼마나 잘 수행하고 있다고 생각하십니까? [How well do you think the following institutions perform their function of monitoring and controlling corrupt behavior?]","정당 [Political parties]","1=전혀 못하고 있다 (Functions very poorly); 2; 3; 4; 5; 6=매우 잘하고 있다 (Functions very well)","Korean text sourced from 2014 questionnaire (KOSSDA 23277) as representative wave; wording stable 2009-2021."
"2016","a161","corr_surveil_party","Anti-corruption policy and institutional surveillance","다음 기관들이 부패 행위를 감시·통제하는 기능을 얼마나 잘 수행하고 있다고 생각하십니까? [How well do you think the following institutions perform their function of monitoring and controlling corrupt behavior?]","정당 [Political parties]","1=전혀 못하고 있다 (Functions very poorly); 2; 3; 4; 5; 6=매우 잘하고 있다 (Functions very well)","Korean text sourced from 2014 questionnaire (KOSSDA 23277) as representative wave; wording stable 2009-2021."
"2017","a161","corr_surveil_party","Anti-corruption policy and institutional surveillance","다음 기관들이 부패 행위를 감시·통제하는 기능을 얼마나 잘 수행하고 있다고 생각하십니까? [How well do you think the following institutions perform their function of monitoring and controlling corrupt behavior?]","정당 [Political parties]","1=전혀 못하고 있다 (Functions very poorly); 2; 3; 4; 5; 6=매우 잘하고 있다 (Functions very well)","Korean text sourced from 2014 questionnaire (KOSSDA 23277) as representative wave; wording stable 2009-2021."
"2018","a161","corr_surveil_party","Anti-corruption policy and institutional surveillance","다음 기관들이 부패 행위를 감시·통제하는 기능을 얼마나 잘 수행하고 있다고 생각하십니까? [How well do you think the following institutions perform their function of monitoring and controlling corrupt behavior?]","정당 [Political parties]","1=전혀 못하고 있다 (Functions very poorly); 2; 3; 4; 5; 6=매우 잘하고 있다 (Functions very well)","Korean text sourced from 2014 questionnaire (KOSSDA 23277) as representative wave; wording stable 2009-2021."
"2019","a161","corr_surveil_party","Anti-corruption policy and institutional surveillance","다음 기관들이 부패 행위를 감시·통제하는 기능을 얼마나 잘 수행하고 있다고 생각하십니까? [How well do you think the following institutions perform their function of monitoring and controlling corrupt behavior?]","정당 [Political parties]","1=전혀 못하고 있다 (Functions very poorly); 2; 3; 4; 5; 6=매우 잘하고 있다 (Functions very well)","Korean text sourced from 2014 questionnaire (KOSSDA 23277) as representative wave; wording stable 2009-2021."
"2020","a161","corr_surveil_party","Anti-corruption policy and institutional surveillance","다음 기관들이 부패 행위를 감시·통제하는 기능을 얼마나 잘 수행하고 있다고 생각하십니까? [How well do you think the following institutions perform their function of monitoring and controlling corrupt behavior?]","정당 [Political parties]","1=전혀 못하고 있다 (Functions very poorly); 2; 3; 4; 5; 6=매우 잘하고 있다 (Functions very well)","Korean text sourced from 2014 questionnaire (KOSSDA 23277) as representative wave; wording stable 2009-2021."
"2021","a3701","corr_surveil_party","Anti-corruption policy and institutional surveillance","다음 기관들이 부패 행위를 감시·통제하는 기능을 얼마나 잘 수행하고 있다고 생각하십니까? [How well do you think the following institutions perform their function of monitoring and controlling corrupt behavior?]","정당 [Political parties]","1=전혀 못하고 있다 (Functions very poorly); 2; 3; 4; 5; 6=매우 잘하고 있다 (Functions very well)","Korean text sourced from 2014 questionnaire (KOSSDA 23277) as representative wave; wording stable 2009-2021."
"2022","q33_1","corr_surveil_party","Anti-corruption policy and institutional surveillance","다음 기관들이 부패 행위를 감시·통제하는 기능을 얼마나 잘 수행하고 있다고 생각하십니까? [How well do you think the following institutions perform their function of monitoring and controlling corrupt behavior?]","정당 [Political parties]","1=전혀 못하고 있다 (Functions very poorly); 2; 3; 4; 5; 6=매우 잘하고 있다 (Functions very well)","Korean text from 2022 questionnaire (KOSSDA 26248)."
"2023","q34_1","corr_surveil_party","Anti-corruption policy and institutional surveillance","다음 기관들이 부패 행위를 감시·통제하는 기능을 얼마나 잘 수행하고 있다고 생각하십니까? [How well do you think the following institutions perform their function of monitoring and controlling corrupt behavior?]","정당 [Political parties]","1=전혀 못하고 있다 (Functions very poorly); 2; 3; 4; 5; 6=매우 잘하고 있다 (Functions very well)","Korean text from 2022 questionnaire (KOSSDA 26248)."
"2004","","corr_surveil_assembly","Anti-corruption policy and institutional surveillance","","","","Not included in this wave — institutional surveillance items introduced in 2011."
"2005","","corr_surveil_assembly","Anti-corruption policy and institutional surveillance","","","","Not included in this wave — institutional surveillance items introduced in 2011."
"2006","","corr_surveil_assembly","Anti-corruption policy and institutional surveillance","","","","Not included in this wave — institutional surveillance items introduced in 2011."
"2007","","corr_surveil_assembly","Anti-corruption policy and institutional surveillance","","","","Not included in this wave — institutional surveillance items introduced in 2011."
"2008","","corr_surveil_assembly","Anti-corruption policy and institutional surveillance","","","","Not included in this wave — institutional surveillance items introduced in 2011."
"2009","","corr_surveil_assembly","Anti-corruption policy and institutional surveillance","","","","Not included in this wave — institutional surveillance items introduced in 2011."
"2010","","corr_surveil_assembly","Anti-corruption policy and institutional surveillance","","","","Not included in this wave — institutional surveillance items introduced in 2011."
"2011","a172","corr_surveil_assembly","Anti-corruption policy and institutional surveillance","다음 기관들이 부패 행위를 감시·통제하는 기능을 얼마나 잘 수행하고 있다고 생각하십니까? [How well do you think the following institutions perform their function of monitoring and controlling corrupt behavior?]","국회 [National Assembly]","1=전혀 못하고 있다 (Functions very poorly); 2; 3; 4; 5; 6=매우 잘하고 있다 (Functions very well)","Korean text sourced from 2014 questionnaire (KOSSDA 23277) as representative wave; wording stable 2009-2021."
"2012","a172","corr_surveil_assembly","Anti-corruption policy and institutional surveillance","다음 기관들이 부패 행위를 감시·통제하는 기능을 얼마나 잘 수행하고 있다고 생각하십니까? [How well do you think the following institutions perform their function of monitoring and controlling corrupt behavior?]","국회 [National Assembly]","1=전혀 못하고 있다 (Functions very poorly); 2; 3; 4; 5; 6=매우 잘하고 있다 (Functions very well)","Korean text sourced from 2014 questionnaire (KOSSDA 23277) as representative wave; wording stable 2009-2021."
"2013","a172","corr_surveil_assembly","Anti-corruption policy and institutional surveillance","다음 기관들이 부패 행위를 감시·통제하는 기능을 얼마나 잘 수행하고 있다고 생각하십니까? [How well do you think the following institutions perform their function of monitoring and controlling corrupt behavior?]","국회 [National Assembly]","1=전혀 못하고 있다 (Functions very poorly); 2; 3; 4; 5; 6=매우 잘하고 있다 (Functions very well)","Korean text sourced from 2014 questionnaire (KOSSDA 23277) as representative wave; wording stable 2009-2021."
"2014","a162","corr_surveil_assembly","Anti-corruption policy and institutional surveillance","다음 기관들이 부패 행위를 감시·통제하는 기능을 얼마나 잘 수행하고 있다고 생각하십니까? [How well do you think the following institutions perform their function of monitoring and controlling corrupt behavior?]","국회 [National Assembly]","1=전혀 못하고 있다 (Functions very poorly); 2; 3; 4; 5; 6=매우 잘하고 있다 (Functions very well)","Korean text sourced from 2014 questionnaire (KOSSDA 23277) as representative wave; wording stable 2009-2021."
"2015","a162","corr_surveil_assembly","Anti-corruption policy and institutional surveillance","다음 기관들이 부패 행위를 감시·통제하는 기능을 얼마나 잘 수행하고 있다고 생각하십니까? [How well do you think the following institutions perform their function of monitoring and controlling corrupt behavior?]","국회 [National Assembly]","1=전혀 못하고 있다 (Functions very poorly); 2; 3; 4; 5; 6=매우 잘하고 있다 (Functions very well)","Korean text sourced from 2014 questionnaire (KOSSDA 23277) as representative wave; wording stable 2009-2021."
"2016","a162","corr_surveil_assembly","Anti-corruption policy and institutional surveillance","다음 기관들이 부패 행위를 감시·통제하는 기능을 얼마나 잘 수행하고 있다고 생각하십니까? [How well do you think the following institutions perform their function of monitoring and controlling corrupt behavior?]","국회 [National Assembly]","1=전혀 못하고 있다 (Functions very poorly); 2; 3; 4; 5; 6=매우 잘하고 있다 (Functions very well)","Korean text sourced from 2014 questionnaire (KOSSDA 23277) as representative wave; wording stable 2009-2021."
"2017","a162","corr_surveil_assembly","Anti-corruption policy and institutional surveillance","다음 기관들이 부패 행위를 감시·통제하는 기능을 얼마나 잘 수행하고 있다고 생각하십니까? [How well do you think the following institutions perform their function of monitoring and controlling corrupt behavior?]","국회 [National Assembly]","1=전혀 못하고 있다 (Functions very poorly); 2; 3; 4; 5; 6=매우 잘하고 있다 (Functions very well)","Korean text sourced from 2014 questionnaire (KOSSDA 23277) as representative wave; wording stable 2009-2021."
"2018","a162","corr_surveil_assembly","Anti-corruption policy and institutional surveillance","다음 기관들이 부패 행위를 감시·통제하는 기능을 얼마나 잘 수행하고 있다고 생각하십니까? [How well do you think the following institutions perform their function of monitoring and controlling corrupt behavior?]","국회 [National Assembly]","1=전혀 못하고 있다 (Functions very poorly); 2; 3; 4; 5; 6=매우 잘하고 있다 (Functions very well)","Korean text sourced from 2014 questionnaire (KOSSDA 23277) as representative wave; wording stable 2009-2021."
"2019","a162","corr_surveil_assembly","Anti-corruption policy and institutional surveillance","다음 기관들이 부패 행위를 감시·통제하는 기능을 얼마나 잘 수행하고 있다고 생각하십니까? [How well do you think the following institutions perform their function of monitoring and controlling corrupt behavior?]","국회 [National Assembly]","1=전혀 못하고 있다 (Functions very poorly); 2; 3; 4; 5; 6=매우 잘하고 있다 (Functions very well)","Korean text sourced from 2014 questionnaire (KOSSDA 23277) as representative wave; wording stable 2009-2021."
"2020","a162","corr_surveil_assembly","Anti-corruption policy and institutional surveillance","다음 기관들이 부패 행위를 감시·통제하는 기능을 얼마나 잘 수행하고 있다고 생각하십니까? [How well do you think the following institutions perform their function of monitoring and controlling corrupt behavior?]","국회 [National Assembly]","1=전혀 못하고 있다 (Functions very poorly); 2; 3; 4; 5; 6=매우 잘하고 있다 (Functions very well)","Korean text sourced from 2014 questionnaire (KOSSDA 23277) as representative wave; wording stable 2009-2021."
"2021","a3702","corr_surveil_assembly","Anti-corruption policy and institutional surveillance","다음 기관들이 부패 행위를 감시·통제하는 기능을 얼마나 잘 수행하고 있다고 생각하십니까? [How well do you think the following institutions perform their function of monitoring and controlling corrupt behavior?]","국회 [National Assembly]","1=전혀 못하고 있다 (Functions very poorly); 2; 3; 4; 5; 6=매우 잘하고 있다 (Functions very well)","Korean text sourced from 2014 questionnaire (KOSSDA 23277) as representative wave; wording stable 2009-2021."
"2022","q33_2","corr_surveil_assembly","Anti-corruption policy and institutional surveillance","다음 기관들이 부패 행위를 감시·통제하는 기능을 얼마나 잘 수행하고 있다고 생각하십니까? [How well do you think the following institutions perform their function of monitoring and controlling corrupt behavior?]","국회 [National Assembly]","1=전혀 못하고 있다 (Functions very poorly); 2; 3; 4; 5; 6=매우 잘하고 있다 (Functions very well)","Korean text from 2022 questionnaire (KOSSDA 26248)."
"2023","q34_2","corr_surveil_assembly","Anti-corruption policy and institutional surveillance","다음 기관들이 부패 행위를 감시·통제하는 기능을 얼마나 잘 수행하고 있다고 생각하십니까? [How well do you think the following institutions perform their function of monitoring and controlling corrupt behavior?]","국회 [National Assembly]","1=전혀 못하고 있다 (Functions very poorly); 2; 3; 4; 5; 6=매우 잘하고 있다 (Functions very well)","Korean text from 2022 questionnaire (KOSSDA 26248)."
"2004","","corr_surveil_civsoc","Anti-corruption policy and institutional surveillance","","","","Not included in this wave — institutional surveillance items introduced in 2011."
"2005","","corr_surveil_civsoc","Anti-corruption policy and institutional surveillance","","","","Not included in this wave — institutional surveillance items introduced in 2011."
"2006","","corr_surveil_civsoc","Anti-corruption policy and institutional surveillance","","","","Not included in this wave — institutional surveillance items introduced in 2011."
"2007","","corr_surveil_civsoc","Anti-corruption policy and institutional surveillance","","","","Not included in this wave — institutional surveillance items introduced in 2011."
"2008","","corr_surveil_civsoc","Anti-corruption policy and institutional surveillance","","","","Not included in this wave — institutional surveillance items introduced in 2011."
"2009","","corr_surveil_civsoc","Anti-corruption policy and institutional surveillance","","","","Not included in this wave — institutional surveillance items introduced in 2011."
"2010","","corr_surveil_civsoc","Anti-corruption policy and institutional surveillance","","","","Not included in this wave — institutional surveillance items introduced in 2011."
"2011","a173","corr_surveil_civsoc","Anti-corruption policy and institutional surveillance","다음 기관들이 부패 행위를 감시·통제하는 기능을 얼마나 잘 수행하고 있다고 생각하십니까? [How well do you think the following institutions perform their function of monitoring and controlling corrupt behavior?]","시민단체 [Civil society / civic organizations]","1=전혀 못하고 있다 (Functions very poorly); 2; 3; 4; 5; 6=매우 잘하고 있다 (Functions very well)","Korean text sourced from 2014 questionnaire (KOSSDA 23277) as representative wave; wording stable 2009-2021."
"2012","a173","corr_surveil_civsoc","Anti-corruption policy and institutional surveillance","다음 기관들이 부패 행위를 감시·통제하는 기능을 얼마나 잘 수행하고 있다고 생각하십니까? [How well do you think the following institutions perform their function of monitoring and controlling corrupt behavior?]","시민단체 [Civil society / civic organizations]","1=전혀 못하고 있다 (Functions very poorly); 2; 3; 4; 5; 6=매우 잘하고 있다 (Functions very well)","Korean text sourced from 2014 questionnaire (KOSSDA 23277) as representative wave; wording stable 2009-2021."
"2013","a173","corr_surveil_civsoc","Anti-corruption policy and institutional surveillance","다음 기관들이 부패 행위를 감시·통제하는 기능을 얼마나 잘 수행하고 있다고 생각하십니까? [How well do you think the following institutions perform their function of monitoring and controlling corrupt behavior?]","시민단체 [Civil society / civic organizations]","1=전혀 못하고 있다 (Functions very poorly); 2; 3; 4; 5; 6=매우 잘하고 있다 (Functions very well)","Korean text sourced from 2014 questionnaire (KOSSDA 23277) as representative wave; wording stable 2009-2021."
"2014","a163","corr_surveil_civsoc","Anti-corruption policy and institutional surveillance","다음 기관들이 부패 행위를 감시·통제하는 기능을 얼마나 잘 수행하고 있다고 생각하십니까? [How well do you think the following institutions perform their function of monitoring and controlling corrupt behavior?]","시민단체 [Civil society / civic organizations]","1=전혀 못하고 있다 (Functions very poorly); 2; 3; 4; 5; 6=매우 잘하고 있다 (Functions very well)","Korean text sourced from 2014 questionnaire (KOSSDA 23277) as representative wave; wording stable 2009-2021."
"2015","a163","corr_surveil_civsoc","Anti-corruption policy and institutional surveillance","다음 기관들이 부패 행위를 감시·통제하는 기능을 얼마나 잘 수행하고 있다고 생각하십니까? [How well do you think the following institutions perform their function of monitoring and controlling corrupt behavior?]","시민단체 [Civil society / civic organizations]","1=전혀 못하고 있다 (Functions very poorly); 2; 3; 4; 5; 6=매우 잘하고 있다 (Functions very well)","Korean text sourced from 2014 questionnaire (KOSSDA 23277) as representative wave; wording stable 2009-2021."
"2016","a163","corr_surveil_civsoc","Anti-corruption policy and institutional surveillance","다음 기관들이 부패 행위를 감시·통제하는 기능을 얼마나 잘 수행하고 있다고 생각하십니까? [How well do you think the following institutions perform their function of monitoring and controlling corrupt behavior?]","시민단체 [Civil society / civic organizations]","1=전혀 못하고 있다 (Functions very poorly); 2; 3; 4; 5; 6=매우 잘하고 있다 (Functions very well)","Korean text sourced from 2014 questionnaire (KOSSDA 23277) as representative wave; wording stable 2009-2021."
"2017","a163","corr_surveil_civsoc","Anti-corruption policy and institutional surveillance","다음 기관들이 부패 행위를 감시·통제하는 기능을 얼마나 잘 수행하고 있다고 생각하십니까? [How well do you think the following institutions perform their function of monitoring and controlling corrupt behavior?]","시민단체 [Civil society / civic organizations]","1=전혀 못하고 있다 (Functions very poorly); 2; 3; 4; 5; 6=매우 잘하고 있다 (Functions very well)","Korean text sourced from 2014 questionnaire (KOSSDA 23277) as representative wave; wording stable 2009-2021."
"2018","a163","corr_surveil_civsoc","Anti-corruption policy and institutional surveillance","다음 기관들이 부패 행위를 감시·통제하는 기능을 얼마나 잘 수행하고 있다고 생각하십니까? [How well do you think the following institutions perform their function of monitoring and controlling corrupt behavior?]","시민단체 [Civil society / civic organizations]","1=전혀 못하고 있다 (Functions very poorly); 2; 3; 4; 5; 6=매우 잘하고 있다 (Functions very well)","Korean text sourced from 2014 questionnaire (KOSSDA 23277) as representative wave; wording stable 2009-2021."
"2019","a163","corr_surveil_civsoc","Anti-corruption policy and institutional surveillance","다음 기관들이 부패 행위를 감시·통제하는 기능을 얼마나 잘 수행하고 있다고 생각하십니까? [How well do you think the following institutions perform their function of monitoring and controlling corrupt behavior?]","시민단체 [Civil society / civic organizations]","1=전혀 못하고 있다 (Functions very poorly); 2; 3; 4; 5; 6=매우 잘하고 있다 (Functions very well)","Korean text sourced from 2014 questionnaire (KOSSDA 23277) as representative wave; wording stable 2009-2021."
"2020","a163","corr_surveil_civsoc","Anti-corruption policy and institutional surveillance","다음 기관들이 부패 행위를 감시·통제하는 기능을 얼마나 잘 수행하고 있다고 생각하십니까? [How well do you think the following institutions perform their function of monitoring and controlling corrupt behavior?]","시민단체 [Civil society / civic organizations]","1=전혀 못하고 있다 (Functions very poorly); 2; 3; 4; 5; 6=매우 잘하고 있다 (Functions very well)","Korean text sourced from 2014 questionnaire (KOSSDA 23277) as representative wave; wording stable 2009-2021."
"2021","a3703","corr_surveil_civsoc","Anti-corruption policy and institutional surveillance","다음 기관들이 부패 행위를 감시·통제하는 기능을 얼마나 잘 수행하고 있다고 생각하십니까? [How well do you think the following institutions perform their function of monitoring and controlling corrupt behavior?]","시민단체 [Civil society / civic organizations]","1=전혀 못하고 있다 (Functions very poorly); 2; 3; 4; 5; 6=매우 잘하고 있다 (Functions very well)","Korean text sourced from 2014 questionnaire (KOSSDA 23277) as representative wave; wording stable 2009-2021."
"2022","q33_3","corr_surveil_civsoc","Anti-corruption policy and institutional surveillance","다음 기관들이 부패 행위를 감시·통제하는 기능을 얼마나 잘 수행하고 있다고 생각하십니까? [How well do you think the following institutions perform their function of monitoring and controlling corrupt behavior?]","시민단체 [Civil society / civic organizations]","1=전혀 못하고 있다 (Functions very poorly); 2; 3; 4; 5; 6=매우 잘하고 있다 (Functions very well)","Korean text from 2022 questionnaire (KOSSDA 26248)."
"2023","q34_3","corr_surveil_civsoc","Anti-corruption policy and institutional surveillance","다음 기관들이 부패 행위를 감시·통제하는 기능을 얼마나 잘 수행하고 있다고 생각하십니까? [How well do you think the following institutions perform their function of monitoring and controlling corrupt behavior?]","시민단체 [Civil society / civic organizations]","1=전혀 못하고 있다 (Functions very poorly); 2; 3; 4; 5; 6=매우 잘하고 있다 (Functions very well)","Korean text from 2022 questionnaire (KOSSDA 26248)."
"2004","","corr_surveil_media","Anti-corruption policy and institutional surveillance","","","","Not included in this wave — institutional surveillance items introduced in 2011."
"2005","","corr_surveil_media","Anti-corruption policy and institutional surveillance","","","","Not included in this wave — institutional surveillance items introduced in 2011."
"2006","","corr_surveil_media","Anti-corruption policy and institutional surveillance","","","","Not included in this wave — institutional surveillance items introduced in 2011."
"2007","","corr_surveil_media","Anti-corruption policy and institutional surveillance","","","","Not included in this wave — institutional surveillance items introduced in 2011."
"2008","","corr_surveil_media","Anti-corruption policy and institutional surveillance","","","","Not included in this wave — institutional surveillance items introduced in 2011."
"2009","","corr_surveil_media","Anti-corruption policy and institutional surveillance","","","","Not included in this wave — institutional surveillance items introduced in 2011."
"2010","","corr_surveil_media","Anti-corruption policy and institutional surveillance","","","","Not included in this wave — institutional surveillance items introduced in 2011."
"2011","a174","corr_surveil_media","Anti-corruption policy and institutional surveillance","다음 기관들이 부패 행위를 감시·통제하는 기능을 얼마나 잘 수행하고 있다고 생각하십니까? [How well do you think the following institutions perform their function of monitoring and controlling corrupt behavior?]","언론 [Press / media]","1=전혀 못하고 있다 (Functions very poorly); 2; 3; 4; 5; 6=매우 잘하고 있다 (Functions very well)","Korean text sourced from 2014 questionnaire (KOSSDA 23277) as representative wave; wording stable 2009-2021."
"2012","a174","corr_surveil_media","Anti-corruption policy and institutional surveillance","다음 기관들이 부패 행위를 감시·통제하는 기능을 얼마나 잘 수행하고 있다고 생각하십니까? [How well do you think the following institutions perform their function of monitoring and controlling corrupt behavior?]","언론 [Press / media]","1=전혀 못하고 있다 (Functions very poorly); 2; 3; 4; 5; 6=매우 잘하고 있다 (Functions very well)","Korean text sourced from 2014 questionnaire (KOSSDA 23277) as representative wave; wording stable 2009-2021."
"2013","a174","corr_surveil_media","Anti-corruption policy and institutional surveillance","다음 기관들이 부패 행위를 감시·통제하는 기능을 얼마나 잘 수행하고 있다고 생각하십니까? [How well do you think the following institutions perform their function of monitoring and controlling corrupt behavior?]","언론 [Press / media]","1=전혀 못하고 있다 (Functions very poorly); 2; 3; 4; 5; 6=매우 잘하고 있다 (Functions very well)","Korean text sourced from 2014 questionnaire (KOSSDA 23277) as representative wave; wording stable 2009-2021."
"2014","a164","corr_surveil_media","Anti-corruption policy and institutional surveillance","다음 기관들이 부패 행위를 감시·통제하는 기능을 얼마나 잘 수행하고 있다고 생각하십니까? [How well do you think the following institutions perform their function of monitoring and controlling corrupt behavior?]","언론 [Press / media]","1=전혀 못하고 있다 (Functions very poorly); 2; 3; 4; 5; 6=매우 잘하고 있다 (Functions very well)","Korean text sourced from 2014 questionnaire (KOSSDA 23277) as representative wave; wording stable 2009-2021."
"2015","a164","corr_surveil_media","Anti-corruption policy and institutional surveillance","다음 기관들이 부패 행위를 감시·통제하는 기능을 얼마나 잘 수행하고 있다고 생각하십니까? [How well do you think the following institutions perform their function of monitoring and controlling corrupt behavior?]","언론 [Press / media]","1=전혀 못하고 있다 (Functions very poorly); 2; 3; 4; 5; 6=매우 잘하고 있다 (Functions very well)","Korean text sourced from 2014 questionnaire (KOSSDA 23277) as representative wave; wording stable 2009-2021."
"2016","a164","corr_surveil_media","Anti-corruption policy and institutional surveillance","다음 기관들이 부패 행위를 감시·통제하는 기능을 얼마나 잘 수행하고 있다고 생각하십니까? [How well do you think the following institutions perform their function of monitoring and controlling corrupt behavior?]","언론 [Press / media]","1=전혀 못하고 있다 (Functions very poorly); 2; 3; 4; 5; 6=매우 잘하고 있다 (Functions very well)","Korean text sourced from 2014 questionnaire (KOSSDA 23277) as representative wave; wording stable 2009-2021."
"2017","a164","corr_surveil_media","Anti-corruption policy and institutional surveillance","다음 기관들이 부패 행위를 감시·통제하는 기능을 얼마나 잘 수행하고 있다고 생각하십니까? [How well do you think the following institutions perform their function of monitoring and controlling corrupt behavior?]","언론 [Press / media]","1=전혀 못하고 있다 (Functions very poorly); 2; 3; 4; 5; 6=매우 잘하고 있다 (Functions very well)","Korean text sourced from 2014 questionnaire (KOSSDA 23277) as representative wave; wording stable 2009-2021."
"2018","a164","corr_surveil_media","Anti-corruption policy and institutional surveillance","다음 기관들이 부패 행위를 감시·통제하는 기능을 얼마나 잘 수행하고 있다고 생각하십니까? [How well do you think the following institutions perform their function of monitoring and controlling corrupt behavior?]","언론 [Press / media]","1=전혀 못하고 있다 (Functions very poorly); 2; 3; 4; 5; 6=매우 잘하고 있다 (Functions very well)","Korean text sourced from 2014 questionnaire (KOSSDA 23277) as representative wave; wording stable 2009-2021."
"2019","a164","corr_surveil_media","Anti-corruption policy and institutional surveillance","다음 기관들이 부패 행위를 감시·통제하는 기능을 얼마나 잘 수행하고 있다고 생각하십니까? [How well do you think the following institutions perform their function of monitoring and controlling corrupt behavior?]","언론 [Press / media]","1=전혀 못하고 있다 (Functions very poorly); 2; 3; 4; 5; 6=매우 잘하고 있다 (Functions very well)","Korean text sourced from 2014 questionnaire (KOSSDA 23277) as representative wave; wording stable 2009-2021."
"2020","a164","corr_surveil_media","Anti-corruption policy and institutional surveillance","다음 기관들이 부패 행위를 감시·통제하는 기능을 얼마나 잘 수행하고 있다고 생각하십니까? [How well do you think the following institutions perform their function of monitoring and controlling corrupt behavior?]","언론 [Press / media]","1=전혀 못하고 있다 (Functions very poorly); 2; 3; 4; 5; 6=매우 잘하고 있다 (Functions very well)","Korean text sourced from 2014 questionnaire (KOSSDA 23277) as representative wave; wording stable 2009-2021."
"2021","a3704","corr_surveil_media","Anti-corruption policy and institutional surveillance","다음 기관들이 부패 행위를 감시·통제하는 기능을 얼마나 잘 수행하고 있다고 생각하십니까? [How well do you think the following institutions perform their function of monitoring and controlling corrupt behavior?]","언론 [Press / media]","1=전혀 못하고 있다 (Functions very poorly); 2; 3; 4; 5; 6=매우 잘하고 있다 (Functions very well)","Korean text sourced from 2014 questionnaire (KOSSDA 23277) as representative wave; wording stable 2009-2021."
"2022","q33_4","corr_surveil_media","Anti-corruption policy and institutional surveillance","다음 기관들이 부패 행위를 감시·통제하는 기능을 얼마나 잘 수행하고 있다고 생각하십니까? [How well do you think the following institutions perform their function of monitoring and controlling corrupt behavior?]","언론 [Press / media]","1=전혀 못하고 있다 (Functions very poorly); 2; 3; 4; 5; 6=매우 잘하고 있다 (Functions very well)","Korean text from 2022 questionnaire (KOSSDA 26248)."
"2023","q34_4","corr_surveil_media","Anti-corruption policy and institutional surveillance","다음 기관들이 부패 행위를 감시·통제하는 기능을 얼마나 잘 수행하고 있다고 생각하십니까? [How well do you think the following institutions perform their function of monitoring and controlling corrupt behavior?]","언론 [Press / media]","1=전혀 못하고 있다 (Functions very poorly); 2; 3; 4; 5; 6=매우 잘하고 있다 (Functions very well)","Korean text from 2022 questionnaire (KOSSDA 26248)."
"2004","","corr_surveil_judiciary","Anti-corruption policy and institutional surveillance","","","","Not included in this wave — institutional surveillance items introduced in 2011."
"2005","","corr_surveil_judiciary","Anti-corruption policy and institutional surveillance","","","","Not included in this wave — institutional surveillance items introduced in 2011."
"2006","","corr_surveil_judiciary","Anti-corruption policy and institutional surveillance","","","","Not included in this wave — institutional surveillance items introduced in 2011."
"2007","","corr_surveil_judiciary","Anti-corruption policy and institutional surveillance","","","","Not included in this wave — institutional surveillance items introduced in 2011."
"2008","","corr_surveil_judiciary","Anti-corruption policy and institutional surveillance","","","","Not included in this wave — institutional surveillance items introduced in 2011."
"2009","","corr_surveil_judiciary","Anti-corruption policy and institutional surveillance","","","","Not included in this wave — institutional surveillance items introduced in 2011."
"2010","","corr_surveil_judiciary","Anti-corruption policy and institutional surveillance","","","","Not included in this wave — institutional surveillance items introduced in 2011."
"2011","a175","corr_surveil_judiciary","Anti-corruption policy and institutional surveillance","다음 기관들이 부패 행위를 감시·통제하는 기능을 얼마나 잘 수행하고 있다고 생각하십니까? [How well do you think the following institutions perform their function of monitoring and controlling corrupt behavior?]","사법기관/사법부 [Judiciary / legal institutions]","1=전혀 못하고 있다 (Functions very poorly); 2; 3; 4; 5; 6=매우 잘하고 있다 (Functions very well)","Korean text sourced from 2014 questionnaire (KOSSDA 23277) as representative wave; wording stable 2009-2021. SCOPE SHIFT: 2011-2017 = 사법기관 (broad: courts + prosecutors); 2018-2020 split judiciary from prosecutors — we map c175 (judiciary-only). 2021+ reverted to single 사법부 item. Treat 2011-2017 vs 2018+ trends with caution."
"2012","a175","corr_surveil_judiciary","Anti-corruption policy and institutional surveillance","다음 기관들이 부패 행위를 감시·통제하는 기능을 얼마나 잘 수행하고 있다고 생각하십니까? [How well do you think the following institutions perform their function of monitoring and controlling corrupt behavior?]","사법기관/사법부 [Judiciary / legal institutions]","1=전혀 못하고 있다 (Functions very poorly); 2; 3; 4; 5; 6=매우 잘하고 있다 (Functions very well)","Korean text sourced from 2014 questionnaire (KOSSDA 23277) as representative wave; wording stable 2009-2021. SCOPE SHIFT: 2011-2017 = 사법기관 (broad: courts + prosecutors); 2018-2020 split judiciary from prosecutors — we map c175 (judiciary-only). 2021+ reverted to single 사법부 item. Treat 2011-2017 vs 2018+ trends with caution."
"2013","a175","corr_surveil_judiciary","Anti-corruption policy and institutional surveillance","다음 기관들이 부패 행위를 감시·통제하는 기능을 얼마나 잘 수행하고 있다고 생각하십니까? [How well do you think the following institutions perform their function of monitoring and controlling corrupt behavior?]","사법기관/사법부 [Judiciary / legal institutions]","1=전혀 못하고 있다 (Functions very poorly); 2; 3; 4; 5; 6=매우 잘하고 있다 (Functions very well)","Korean text sourced from 2014 questionnaire (KOSSDA 23277) as representative wave; wording stable 2009-2021. SCOPE SHIFT: 2011-2017 = 사법기관 (broad: courts + prosecutors); 2018-2020 split judiciary from prosecutors — we map c175 (judiciary-only). 2021+ reverted to single 사법부 item. Treat 2011-2017 vs 2018+ trends with caution."
"2014","a165","corr_surveil_judiciary","Anti-corruption policy and institutional surveillance","다음 기관들이 부패 행위를 감시·통제하는 기능을 얼마나 잘 수행하고 있다고 생각하십니까? [How well do you think the following institutions perform their function of monitoring and controlling corrupt behavior?]","사법기관/사법부 [Judiciary / legal institutions]","1=전혀 못하고 있다 (Functions very poorly); 2; 3; 4; 5; 6=매우 잘하고 있다 (Functions very well)","Korean text sourced from 2014 questionnaire (KOSSDA 23277) as representative wave; wording stable 2009-2021. SCOPE SHIFT: 2011-2017 = 사법기관 (broad: courts + prosecutors); 2018-2020 split judiciary from prosecutors — we map c175 (judiciary-only). 2021+ reverted to single 사법부 item. Treat 2011-2017 vs 2018+ trends with caution."
"2015","a165","corr_surveil_judiciary","Anti-corruption policy and institutional surveillance","다음 기관들이 부패 행위를 감시·통제하는 기능을 얼마나 잘 수행하고 있다고 생각하십니까? [How well do you think the following institutions perform their function of monitoring and controlling corrupt behavior?]","사법기관/사법부 [Judiciary / legal institutions]","1=전혀 못하고 있다 (Functions very poorly); 2; 3; 4; 5; 6=매우 잘하고 있다 (Functions very well)","Korean text sourced from 2014 questionnaire (KOSSDA 23277) as representative wave; wording stable 2009-2021. SCOPE SHIFT: 2011-2017 = 사법기관 (broad: courts + prosecutors); 2018-2020 split judiciary from prosecutors — we map c175 (judiciary-only). 2021+ reverted to single 사법부 item. Treat 2011-2017 vs 2018+ trends with caution."
"2016","a165","corr_surveil_judiciary","Anti-corruption policy and institutional surveillance","다음 기관들이 부패 행위를 감시·통제하는 기능을 얼마나 잘 수행하고 있다고 생각하십니까? [How well do you think the following institutions perform their function of monitoring and controlling corrupt behavior?]","사법기관/사법부 [Judiciary / legal institutions]","1=전혀 못하고 있다 (Functions very poorly); 2; 3; 4; 5; 6=매우 잘하고 있다 (Functions very well)","Korean text sourced from 2014 questionnaire (KOSSDA 23277) as representative wave; wording stable 2009-2021. SCOPE SHIFT: 2011-2017 = 사법기관 (broad: courts + prosecutors); 2018-2020 split judiciary from prosecutors — we map c175 (judiciary-only). 2021+ reverted to single 사법부 item. Treat 2011-2017 vs 2018+ trends with caution."
"2017","a165","corr_surveil_judiciary","Anti-corruption policy and institutional surveillance","다음 기관들이 부패 행위를 감시·통제하는 기능을 얼마나 잘 수행하고 있다고 생각하십니까? [How well do you think the following institutions perform their function of monitoring and controlling corrupt behavior?]","사법기관/사법부 [Judiciary / legal institutions]","1=전혀 못하고 있다 (Functions very poorly); 2; 3; 4; 5; 6=매우 잘하고 있다 (Functions very well)","Korean text sourced from 2014 questionnaire (KOSSDA 23277) as representative wave; wording stable 2009-2021. SCOPE SHIFT: 2011-2017 = 사법기관 (broad: courts + prosecutors); 2018-2020 split judiciary from prosecutors — we map c175 (judiciary-only). 2021+ reverted to single 사법부 item. Treat 2011-2017 vs 2018+ trends with caution."
"2018","c175","corr_surveil_judiciary","Anti-corruption policy and institutional surveillance","다음 기관들이 부패 행위를 감시·통제하는 기능을 얼마나 잘 수행하고 있다고 생각하십니까? [How well do you think the following institutions perform their function of monitoring and controlling corrupt behavior?]","사법기관/사법부 [Judiciary / legal institutions]","1=전혀 못하고 있다 (Functions very poorly); 2; 3; 4; 5; 6=매우 잘하고 있다 (Functions very well)","Korean text sourced from 2014 questionnaire (KOSSDA 23277) as representative wave; wording stable 2009-2021. SCOPE SHIFT: 2011-2017 = 사법기관 (broad: courts + prosecutors); 2018-2020 split judiciary from prosecutors — we map c175 (judiciary-only). 2021+ reverted to single 사법부 item. Treat 2011-2017 vs 2018+ trends with caution."
"2019","c175","corr_surveil_judiciary","Anti-corruption policy and institutional surveillance","다음 기관들이 부패 행위를 감시·통제하는 기능을 얼마나 잘 수행하고 있다고 생각하십니까? [How well do you think the following institutions perform their function of monitoring and controlling corrupt behavior?]","사법기관/사법부 [Judiciary / legal institutions]","1=전혀 못하고 있다 (Functions very poorly); 2; 3; 4; 5; 6=매우 잘하고 있다 (Functions very well)","Korean text sourced from 2014 questionnaire (KOSSDA 23277) as representative wave; wording stable 2009-2021. SCOPE SHIFT: 2011-2017 = 사법기관 (broad: courts + prosecutors); 2018-2020 split judiciary from prosecutors — we map c175 (judiciary-only). 2021+ reverted to single 사법부 item. Treat 2011-2017 vs 2018+ trends with caution."
"2020","c175","corr_surveil_judiciary","Anti-corruption policy and institutional surveillance","다음 기관들이 부패 행위를 감시·통제하는 기능을 얼마나 잘 수행하고 있다고 생각하십니까? [How well do you think the following institutions perform their function of monitoring and controlling corrupt behavior?]","사법기관/사법부 [Judiciary / legal institutions]","1=전혀 못하고 있다 (Functions very poorly); 2; 3; 4; 5; 6=매우 잘하고 있다 (Functions very well)","Korean text sourced from 2014 questionnaire (KOSSDA 23277) as representative wave; wording stable 2009-2021. SCOPE SHIFT: 2011-2017 = 사법기관 (broad: courts + prosecutors); 2018-2020 split judiciary from prosecutors — we map c175 (judiciary-only). 2021+ reverted to single 사법부 item. Treat 2011-2017 vs 2018+ trends with caution."
"2021","a3705","corr_surveil_judiciary","Anti-corruption policy and institutional surveillance","다음 기관들이 부패 행위를 감시·통제하는 기능을 얼마나 잘 수행하고 있다고 생각하십니까? [How well do you think the following institutions perform their function of monitoring and controlling corrupt behavior?]","사법기관/사법부 [Judiciary / legal institutions]","1=전혀 못하고 있다 (Functions very poorly); 2; 3; 4; 5; 6=매우 잘하고 있다 (Functions very well)","Korean text sourced from 2014 questionnaire (KOSSDA 23277) as representative wave; wording stable 2009-2021. SCOPE SHIFT: 2011-2017 = 사법기관 (broad: courts + prosecutors); 2018-2020 split judiciary from prosecutors — we map c175 (judiciary-only). 2021+ reverted to single 사법부 item. Treat 2011-2017 vs 2018+ trends with caution."
"2022","q33_5","corr_surveil_judiciary","Anti-corruption policy and institutional surveillance","다음 기관들이 부패 행위를 감시·통제하는 기능을 얼마나 잘 수행하고 있다고 생각하십니까? [How well do you think the following institutions perform their function of monitoring and controlling corrupt behavior?]","사법기관/사법부 [Judiciary / legal institutions]","1=전혀 못하고 있다 (Functions very poorly); 2; 3; 4; 5; 6=매우 잘하고 있다 (Functions very well)","Korean text from 2022 questionnaire (KOSSDA 26248). SCOPE SHIFT: 2011-2017 = 사법기관 (broad: courts + prosecutors); 2018-2020 split judiciary from prosecutors — we map c175 (judiciary-only). 2021+ reverted to single 사법부 item. Treat 2011-2017 vs 2018+ trends with caution."
"2023","q34_5","corr_surveil_judiciary","Anti-corruption policy and institutional surveillance","다음 기관들이 부패 행위를 감시·통제하는 기능을 얼마나 잘 수행하고 있다고 생각하십니까? [How well do you think the following institutions perform their function of monitoring and controlling corrupt behavior?]","사법기관/사법부 [Judiciary / legal institutions]","1=전혀 못하고 있다 (Functions very poorly); 2; 3; 4; 5; 6=매우 잘하고 있다 (Functions very well)","Korean text from 2022 questionnaire (KOSSDA 26248). SCOPE SHIFT: 2011-2017 = 사법기관 (broad: courts + prosecutors); 2018-2020 split judiciary from prosecutors — we map c175 (judiciary-only). 2021+ reverted to single 사법부 item. Treat 2011-2017 vs 2018+ trends with caution."
"2004","","corr_surveil_internal_audit","Anti-corruption policy and institutional surveillance","","","","Not included in this wave — institutional surveillance items introduced in 2011."
"2005","","corr_surveil_internal_audit","Anti-corruption policy and institutional surveillance","","","","Not included in this wave — institutional surveillance items introduced in 2011."
"2006","","corr_surveil_internal_audit","Anti-corruption policy and institutional surveillance","","","","Not included in this wave — institutional surveillance items introduced in 2011."
"2007","","corr_surveil_internal_audit","Anti-corruption policy and institutional surveillance","","","","Not included in this wave — institutional surveillance items introduced in 2011."
"2008","","corr_surveil_internal_audit","Anti-corruption policy and institutional surveillance","","","","Not included in this wave — institutional surveillance items introduced in 2011."
"2009","","corr_surveil_internal_audit","Anti-corruption policy and institutional surveillance","","","","Not included in this wave — institutional surveillance items introduced in 2011."
"2010","","corr_surveil_internal_audit","Anti-corruption policy and institutional surveillance","","","","Not included in this wave — institutional surveillance items introduced in 2011."
"2011","a176","corr_surveil_internal_audit","Anti-corruption policy and institutional surveillance","다음 기관들이 부패 행위를 감시·통제하는 기능을 얼마나 잘 수행하고 있다고 생각하십니까? [How well do you think the following institutions perform their function of monitoring and controlling corrupt behavior?]","부처내부 감사기관 / 정부부처 내부 감사기관 [Government ministries internal audit units]","1=전혀 못하고 있다 (Functions very poorly); 2; 3; 4; 5; 6=매우 잘하고 있다 (Functions very well)","Korean text sourced from 2014 questionnaire (KOSSDA 23277) as representative wave; wording stable 2009-2021. Label wording drifted 2011-2013 (부처내부 감사) vs 2014+ (정부부처 내부 감사기관); same concept."
"2012","a176","corr_surveil_internal_audit","Anti-corruption policy and institutional surveillance","다음 기관들이 부패 행위를 감시·통제하는 기능을 얼마나 잘 수행하고 있다고 생각하십니까? [How well do you think the following institutions perform their function of monitoring and controlling corrupt behavior?]","부처내부 감사기관 / 정부부처 내부 감사기관 [Government ministries internal audit units]","1=전혀 못하고 있다 (Functions very poorly); 2; 3; 4; 5; 6=매우 잘하고 있다 (Functions very well)","Korean text sourced from 2014 questionnaire (KOSSDA 23277) as representative wave; wording stable 2009-2021. Label wording drifted 2011-2013 (부처내부 감사) vs 2014+ (정부부처 내부 감사기관); same concept."
"2013","a176","corr_surveil_internal_audit","Anti-corruption policy and institutional surveillance","다음 기관들이 부패 행위를 감시·통제하는 기능을 얼마나 잘 수행하고 있다고 생각하십니까? [How well do you think the following institutions perform their function of monitoring and controlling corrupt behavior?]","부처내부 감사기관 / 정부부처 내부 감사기관 [Government ministries internal audit units]","1=전혀 못하고 있다 (Functions very poorly); 2; 3; 4; 5; 6=매우 잘하고 있다 (Functions very well)","Korean text sourced from 2014 questionnaire (KOSSDA 23277) as representative wave; wording stable 2009-2021. Label wording drifted 2011-2013 (부처내부 감사) vs 2014+ (정부부처 내부 감사기관); same concept."
"2014","a166","corr_surveil_internal_audit","Anti-corruption policy and institutional surveillance","다음 기관들이 부패 행위를 감시·통제하는 기능을 얼마나 잘 수행하고 있다고 생각하십니까? [How well do you think the following institutions perform their function of monitoring and controlling corrupt behavior?]","부처내부 감사기관 / 정부부처 내부 감사기관 [Government ministries internal audit units]","1=전혀 못하고 있다 (Functions very poorly); 2; 3; 4; 5; 6=매우 잘하고 있다 (Functions very well)","Korean text sourced from 2014 questionnaire (KOSSDA 23277) as representative wave; wording stable 2009-2021. Label wording drifted 2011-2013 (부처내부 감사) vs 2014+ (정부부처 내부 감사기관); same concept."
"2015","a166","corr_surveil_internal_audit","Anti-corruption policy and institutional surveillance","다음 기관들이 부패 행위를 감시·통제하는 기능을 얼마나 잘 수행하고 있다고 생각하십니까? [How well do you think the following institutions perform their function of monitoring and controlling corrupt behavior?]","부처내부 감사기관 / 정부부처 내부 감사기관 [Government ministries internal audit units]","1=전혀 못하고 있다 (Functions very poorly); 2; 3; 4; 5; 6=매우 잘하고 있다 (Functions very well)","Korean text sourced from 2014 questionnaire (KOSSDA 23277) as representative wave; wording stable 2009-2021. Label wording drifted 2011-2013 (부처내부 감사) vs 2014+ (정부부처 내부 감사기관); same concept."
"2016","a166","corr_surveil_internal_audit","Anti-corruption policy and institutional surveillance","다음 기관들이 부패 행위를 감시·통제하는 기능을 얼마나 잘 수행하고 있다고 생각하십니까? [How well do you think the following institutions perform their function of monitoring and controlling corrupt behavior?]","부처내부 감사기관 / 정부부처 내부 감사기관 [Government ministries internal audit units]","1=전혀 못하고 있다 (Functions very poorly); 2; 3; 4; 5; 6=매우 잘하고 있다 (Functions very well)","Korean text sourced from 2014 questionnaire (KOSSDA 23277) as representative wave; wording stable 2009-2021. Label wording drifted 2011-2013 (부처내부 감사) vs 2014+ (정부부처 내부 감사기관); same concept."
"2017","a166","corr_surveil_internal_audit","Anti-corruption policy and institutional surveillance","다음 기관들이 부패 행위를 감시·통제하는 기능을 얼마나 잘 수행하고 있다고 생각하십니까? [How well do you think the following institutions perform their function of monitoring and controlling corrupt behavior?]","부처내부 감사기관 / 정부부처 내부 감사기관 [Government ministries internal audit units]","1=전혀 못하고 있다 (Functions very poorly); 2; 3; 4; 5; 6=매우 잘하고 있다 (Functions very well)","Korean text sourced from 2014 questionnaire (KOSSDA 23277) as representative wave; wording stable 2009-2021. Label wording drifted 2011-2013 (부처내부 감사) vs 2014+ (정부부처 내부 감사기관); same concept."
"2018","a166","corr_surveil_internal_audit","Anti-corruption policy and institutional surveillance","다음 기관들이 부패 행위를 감시·통제하는 기능을 얼마나 잘 수행하고 있다고 생각하십니까? [How well do you think the following institutions perform their function of monitoring and controlling corrupt behavior?]","부처내부 감사기관 / 정부부처 내부 감사기관 [Government ministries internal audit units]","1=전혀 못하고 있다 (Functions very poorly); 2; 3; 4; 5; 6=매우 잘하고 있다 (Functions very well)","Korean text sourced from 2014 questionnaire (KOSSDA 23277) as representative wave; wording stable 2009-2021. Label wording drifted 2011-2013 (부처내부 감사) vs 2014+ (정부부처 내부 감사기관); same concept."
"2019","a166","corr_surveil_internal_audit","Anti-corruption policy and institutional surveillance","다음 기관들이 부패 행위를 감시·통제하는 기능을 얼마나 잘 수행하고 있다고 생각하십니까? [How well do you think the following institutions perform their function of monitoring and controlling corrupt behavior?]","부처내부 감사기관 / 정부부처 내부 감사기관 [Government ministries internal audit units]","1=전혀 못하고 있다 (Functions very poorly); 2; 3; 4; 5; 6=매우 잘하고 있다 (Functions very well)","Korean text sourced from 2014 questionnaire (KOSSDA 23277) as representative wave; wording stable 2009-2021. Label wording drifted 2011-2013 (부처내부 감사) vs 2014+ (정부부처 내부 감사기관); same concept."
"2020","a166","corr_surveil_internal_audit","Anti-corruption policy and institutional surveillance","다음 기관들이 부패 행위를 감시·통제하는 기능을 얼마나 잘 수행하고 있다고 생각하십니까? [How well do you think the following institutions perform their function of monitoring and controlling corrupt behavior?]","부처내부 감사기관 / 정부부처 내부 감사기관 [Government ministries internal audit units]","1=전혀 못하고 있다 (Functions very poorly); 2; 3; 4; 5; 6=매우 잘하고 있다 (Functions very well)","Korean text sourced from 2014 questionnaire (KOSSDA 23277) as representative wave; wording stable 2009-2021. Label wording drifted 2011-2013 (부처내부 감사) vs 2014+ (정부부처 내부 감사기관); same concept."
"2021","a3708","corr_surveil_internal_audit","Anti-corruption policy and institutional surveillance","다음 기관들이 부패 행위를 감시·통제하는 기능을 얼마나 잘 수행하고 있다고 생각하십니까? [How well do you think the following institutions perform their function of monitoring and controlling corrupt behavior?]","부처내부 감사기관 / 정부부처 내부 감사기관 [Government ministries internal audit units]","1=전혀 못하고 있다 (Functions very poorly); 2; 3; 4; 5; 6=매우 잘하고 있다 (Functions very well)","Korean text sourced from 2014 questionnaire (KOSSDA 23277) as representative wave; wording stable 2009-2021. Label wording drifted 2011-2013 (부처내부 감사) vs 2014+ (정부부처 내부 감사기관); same concept."
"2022","q33_8","corr_surveil_internal_audit","Anti-corruption policy and institutional surveillance","다음 기관들이 부패 행위를 감시·통제하는 기능을 얼마나 잘 수행하고 있다고 생각하십니까? [How well do you think the following institutions perform their function of monitoring and controlling corrupt behavior?]","부처내부 감사기관 / 정부부처 내부 감사기관 [Government ministries internal audit units]","1=전혀 못하고 있다 (Functions very poorly); 2; 3; 4; 5; 6=매우 잘하고 있다 (Functions very well)","Korean text from 2022 questionnaire (KOSSDA 26248). Label wording drifted 2011-2013 (부처내부 감사) vs 2014+ (정부부처 내부 감사기관); same concept."
"2023","q34_8","corr_surveil_internal_audit","Anti-corruption policy and institutional surveillance","다음 기관들이 부패 행위를 감시·통제하는 기능을 얼마나 잘 수행하고 있다고 생각하십니까? [How well do you think the following institutions perform their function of monitoring and controlling corrupt behavior?]","부처내부 감사기관 / 정부부처 내부 감사기관 [Government ministries internal audit units]","1=전혀 못하고 있다 (Functions very poorly); 2; 3; 4; 5; 6=매우 잘하고 있다 (Functions very well)","Korean text from 2022 questionnaire (KOSSDA 26248). Label wording drifted 2011-2013 (부처내부 감사) vs 2014+ (정부부처 내부 감사기관); same concept."
"2004","","corr_surveil_boa","Anti-corruption policy and institutional surveillance","","","","Not included in this wave — institutional surveillance items introduced in 2011."
"2005","","corr_surveil_boa","Anti-corruption policy and institutional surveillance","","","","Not included in this wave — institutional surveillance items introduced in 2011."
"2006","","corr_surveil_boa","Anti-corruption policy and institutional surveillance","","","","Not included in this wave — institutional surveillance items introduced in 2011."
"2007","","corr_surveil_boa","Anti-corruption policy and institutional surveillance","","","","Not included in this wave — institutional surveillance items introduced in 2011."
"2008","","corr_surveil_boa","Anti-corruption policy and institutional surveillance","","","","Not included in this wave — institutional surveillance items introduced in 2011."
"2009","","corr_surveil_boa","Anti-corruption policy and institutional surveillance","","","","Not included in this wave — institutional surveillance items introduced in 2011."
"2010","","corr_surveil_boa","Anti-corruption policy and institutional surveillance","","","","Not included in this wave — institutional surveillance items introduced in 2011."
"2011","a177","corr_surveil_boa","Anti-corruption policy and institutional surveillance","다음 기관들이 부패 행위를 감시·통제하는 기능을 얼마나 잘 수행하고 있다고 생각하십니까? [How well do you think the following institutions perform their function of monitoring and controlling corrupt behavior?]","감사원 [Board of Audit and Inspection (BAI)]","1=전혀 못하고 있다 (Functions very poorly); 2; 3; 4; 5; 6=매우 잘하고 있다 (Functions very well)","Korean text sourced from 2014 questionnaire (KOSSDA 23277) as representative wave; wording stable 2009-2021."
"2012","a177","corr_surveil_boa","Anti-corruption policy and institutional surveillance","다음 기관들이 부패 행위를 감시·통제하는 기능을 얼마나 잘 수행하고 있다고 생각하십니까? [How well do you think the following institutions perform their function of monitoring and controlling corrupt behavior?]","감사원 [Board of Audit and Inspection (BAI)]","1=전혀 못하고 있다 (Functions very poorly); 2; 3; 4; 5; 6=매우 잘하고 있다 (Functions very well)","Korean text sourced from 2014 questionnaire (KOSSDA 23277) as representative wave; wording stable 2009-2021."
"2013","a177","corr_surveil_boa","Anti-corruption policy and institutional surveillance","다음 기관들이 부패 행위를 감시·통제하는 기능을 얼마나 잘 수행하고 있다고 생각하십니까? [How well do you think the following institutions perform their function of monitoring and controlling corrupt behavior?]","감사원 [Board of Audit and Inspection (BAI)]","1=전혀 못하고 있다 (Functions very poorly); 2; 3; 4; 5; 6=매우 잘하고 있다 (Functions very well)","Korean text sourced from 2014 questionnaire (KOSSDA 23277) as representative wave; wording stable 2009-2021."
"2014","a167","corr_surveil_boa","Anti-corruption policy and institutional surveillance","다음 기관들이 부패 행위를 감시·통제하는 기능을 얼마나 잘 수행하고 있다고 생각하십니까? [How well do you think the following institutions perform their function of monitoring and controlling corrupt behavior?]","감사원 [Board of Audit and Inspection (BAI)]","1=전혀 못하고 있다 (Functions very poorly); 2; 3; 4; 5; 6=매우 잘하고 있다 (Functions very well)","Korean text sourced from 2014 questionnaire (KOSSDA 23277) as representative wave; wording stable 2009-2021."
"2015","a167","corr_surveil_boa","Anti-corruption policy and institutional surveillance","다음 기관들이 부패 행위를 감시·통제하는 기능을 얼마나 잘 수행하고 있다고 생각하십니까? [How well do you think the following institutions perform their function of monitoring and controlling corrupt behavior?]","감사원 [Board of Audit and Inspection (BAI)]","1=전혀 못하고 있다 (Functions very poorly); 2; 3; 4; 5; 6=매우 잘하고 있다 (Functions very well)","Korean text sourced from 2014 questionnaire (KOSSDA 23277) as representative wave; wording stable 2009-2021."
"2016","a167","corr_surveil_boa","Anti-corruption policy and institutional surveillance","다음 기관들이 부패 행위를 감시·통제하는 기능을 얼마나 잘 수행하고 있다고 생각하십니까? [How well do you think the following institutions perform their function of monitoring and controlling corrupt behavior?]","감사원 [Board of Audit and Inspection (BAI)]","1=전혀 못하고 있다 (Functions very poorly); 2; 3; 4; 5; 6=매우 잘하고 있다 (Functions very well)","Korean text sourced from 2014 questionnaire (KOSSDA 23277) as representative wave; wording stable 2009-2021."
"2017","a167","corr_surveil_boa","Anti-corruption policy and institutional surveillance","다음 기관들이 부패 행위를 감시·통제하는 기능을 얼마나 잘 수행하고 있다고 생각하십니까? [How well do you think the following institutions perform their function of monitoring and controlling corrupt behavior?]","감사원 [Board of Audit and Inspection (BAI)]","1=전혀 못하고 있다 (Functions very poorly); 2; 3; 4; 5; 6=매우 잘하고 있다 (Functions very well)","Korean text sourced from 2014 questionnaire (KOSSDA 23277) as representative wave; wording stable 2009-2021."
"2018","a167","corr_surveil_boa","Anti-corruption policy and institutional surveillance","다음 기관들이 부패 행위를 감시·통제하는 기능을 얼마나 잘 수행하고 있다고 생각하십니까? [How well do you think the following institutions perform their function of monitoring and controlling corrupt behavior?]","감사원 [Board of Audit and Inspection (BAI)]","1=전혀 못하고 있다 (Functions very poorly); 2; 3; 4; 5; 6=매우 잘하고 있다 (Functions very well)","Korean text sourced from 2014 questionnaire (KOSSDA 23277) as representative wave; wording stable 2009-2021."
"2019","a167","corr_surveil_boa","Anti-corruption policy and institutional surveillance","다음 기관들이 부패 행위를 감시·통제하는 기능을 얼마나 잘 수행하고 있다고 생각하십니까? [How well do you think the following institutions perform their function of monitoring and controlling corrupt behavior?]","감사원 [Board of Audit and Inspection (BAI)]","1=전혀 못하고 있다 (Functions very poorly); 2; 3; 4; 5; 6=매우 잘하고 있다 (Functions very well)","Korean text sourced from 2014 questionnaire (KOSSDA 23277) as representative wave; wording stable 2009-2021."
"2020","a167","corr_surveil_boa","Anti-corruption policy and institutional surveillance","다음 기관들이 부패 행위를 감시·통제하는 기능을 얼마나 잘 수행하고 있다고 생각하십니까? [How well do you think the following institutions perform their function of monitoring and controlling corrupt behavior?]","감사원 [Board of Audit and Inspection (BAI)]","1=전혀 못하고 있다 (Functions very poorly); 2; 3; 4; 5; 6=매우 잘하고 있다 (Functions very well)","Korean text sourced from 2014 questionnaire (KOSSDA 23277) as representative wave; wording stable 2009-2021."
"2021","a3709","corr_surveil_boa","Anti-corruption policy and institutional surveillance","다음 기관들이 부패 행위를 감시·통제하는 기능을 얼마나 잘 수행하고 있다고 생각하십니까? [How well do you think the following institutions perform their function of monitoring and controlling corrupt behavior?]","감사원 [Board of Audit and Inspection (BAI)]","1=전혀 못하고 있다 (Functions very poorly); 2; 3; 4; 5; 6=매우 잘하고 있다 (Functions very well)","Korean text sourced from 2014 questionnaire (KOSSDA 23277) as representative wave; wording stable 2009-2021."
"2022","q33_9","corr_surveil_boa","Anti-corruption policy and institutional surveillance","다음 기관들이 부패 행위를 감시·통제하는 기능을 얼마나 잘 수행하고 있다고 생각하십니까? [How well do you think the following institutions perform their function of monitoring and controlling corrupt behavior?]","감사원 [Board of Audit and Inspection (BAI)]","1=전혀 못하고 있다 (Functions very poorly); 2; 3; 4; 5; 6=매우 잘하고 있다 (Functions very well)","Korean text from 2022 questionnaire (KOSSDA 26248)."
"2023","q34_9","corr_surveil_boa","Anti-corruption policy and institutional surveillance","다음 기관들이 부패 행위를 감시·통제하는 기능을 얼마나 잘 수행하고 있다고 생각하십니까? [How well do you think the following institutions perform their function of monitoring and controlling corrupt behavior?]","감사원 [Board of Audit and Inspection (BAI)]","1=전혀 못하고 있다 (Functions very poorly); 2; 3; 4; 5; 6=매우 잘하고 있다 (Functions very well)","Korean text from 2022 questionnaire (KOSSDA 26248)."
"2004","sex","sex","Respondent demographics","","What is your sex?","1=Male; 2=Female",""
"2005","sex","sex","Respondent demographics","","What is your sex?","1=Male; 2=Female",""
"2006","sex","sex","Respondent demographics","","What is your sex?","1=Male; 2=Female",""
"2007","sex","sex","Respondent demographics","","What is your sex?","1=Male; 2=Female",""
"2008","dq1","sex","Respondent demographics","","What is your sex / gender?","1=Male; 2=Female","KOSSDA 13988."
"2009","sex","sex","Respondent demographics","","귀하의 성별은 어떻게 되십니까? [What is your sex/gender?]","1=남 (Male); 2=여 (Female)","Korean text sourced from 2014 questionnaire (KOSSDA 23277) as representative wave; wording stable 2009-2021."
"2010","sex","sex","Respondent demographics","","귀하의 성별은 어떻게 되십니까? [What is your sex/gender?]","1=남 (Male); 2=여 (Female)","Korean text sourced from 2014 questionnaire (KOSSDA 23277) as representative wave; wording stable 2009-2021."
"2011","sex","sex","Respondent demographics","","귀하의 성별은 어떻게 되십니까? [What is your sex/gender?]","1=남 (Male); 2=여 (Female)","Korean text sourced from 2014 questionnaire (KOSSDA 23277) as representative wave; wording stable 2009-2021."
"2012","sex","sex","Respondent demographics","","귀하의 성별은 어떻게 되십니까? [What is your sex/gender?]","1=남 (Male); 2=여 (Female)","Korean text sourced from 2014 questionnaire (KOSSDA 23277) as representative wave; wording stable 2009-2021."
"2013","sex","sex","Respondent demographics","","귀하의 성별은 어떻게 되십니까? [What is your sex/gender?]","1=남 (Male); 2=여 (Female)","Korean text sourced from 2014 questionnaire (KOSSDA 23277) as representative wave; wording stable 2009-2021."
"2014","sex","sex","Respondent demographics","","귀하의 성별은 어떻게 되십니까? [What is your sex/gender?]","1=남 (Male); 2=여 (Female)","Korean text sourced from 2014 questionnaire (KOSSDA 23277) as representative wave; wording stable 2009-2021."
"2015","sex","sex","Respondent demographics","","귀하의 성별은 어떻게 되십니까? [What is your sex/gender?]","1=남 (Male); 2=여 (Female)","Korean text sourced from 2014 questionnaire (KOSSDA 23277) as representative wave; wording stable 2009-2021."
"2016","sex","sex","Respondent demographics","","귀하의 성별은 어떻게 되십니까? [What is your sex/gender?]","1=남 (Male); 2=여 (Female)","Korean text sourced from 2014 questionnaire (KOSSDA 23277) as representative wave; wording stable 2009-2021."
"2017","sex","sex","Respondent demographics","","귀하의 성별은 어떻게 되십니까? [What is your sex/gender?]","1=남 (Male); 2=여 (Female)","Korean text sourced from 2014 questionnaire (KOSSDA 23277) as representative wave; wording stable 2009-2021."
"2018","sex","sex","Respondent demographics","","귀하의 성별은 어떻게 되십니까? [What is your sex/gender?]","1=남 (Male); 2=여 (Female)","Korean text sourced from 2014 questionnaire (KOSSDA 23277) as representative wave; wording stable 2009-2021."
"2019","sex","sex","Respondent demographics","","귀하의 성별은 어떻게 되십니까? [What is your sex/gender?]","1=남 (Male); 2=여 (Female)","Korean text sourced from 2014 questionnaire (KOSSDA 23277) as representative wave; wording stable 2009-2021."
"2020","sex","sex","Respondent demographics","","귀하의 성별은 어떻게 되십니까? [What is your sex/gender?]","1=남 (Male); 2=여 (Female)","Korean text sourced from 2014 questionnaire (KOSSDA 23277) as representative wave; wording stable 2009-2021."
"2021","sex","sex","Respondent demographics","","귀하의 성별은 어떻게 되십니까? [What is your sex/gender?]","1=남 (Male); 2=여 (Female)","Korean text sourced from 2014 questionnaire (KOSSDA 23277) as representative wave; wording stable 2009-2021."
"2022","dq1","sex","Respondent demographics","","귀하의 성별은 어떻게 되십니까? [What is your sex/gender?]","1=남 (Male); 2=여 (Female)","Korean text from 2022 questionnaire (KOSSDA 26248)."
"2023","dq1","sex","Respondent demographics","","귀하의 성별은 어떻게 되십니까? [What is your sex/gender?]","1=남 (Male); 2=여 (Female)","Korean text from 2022 questionnaire (KOSSDA 26248)."
"2004","age","age_cat","Respondent demographics","","How old are you? (5-category brackets)","1=20s; 2=30s; 3=40s; 4=50s; 5=60+",""
"2005","age","age_cat","Respondent demographics","","How old are you? (5-category brackets)","1=20s; 2=30s; 3=40s; 4=50s; 5=60+",""
"2006","age","age_cat","Respondent demographics","","How old are you? (5-category brackets)","1=20s; 2=30s; 3=40s; 4=50s; 5=60+",""
"2007","age","age_cat","Respondent demographics","","How old are you? (5-category brackets)","1=20s; 2=30s; 3=40s; 4=50s; 5=60+",""
"2008","dq2","age_cat","Respondent demographics","","How old are you? (5-category brackets)","1=20s; 2=30s; 3=40s; 4=50s; 5=60+","KOSSDA 13988."
"2009","age","age_cat","Respondent demographics","","귀하의 연령은 어떻게 되십니까? [How old are you?] (5-category brackets)","1=20대 (20s); 2=30대 (30s); 3=40대 (40s); 4=50대 (50s); 5=60대 이상 (60+)","Korean text sourced from 2014 questionnaire (KOSSDA 23277) as representative wave; wording stable 2009-2021."
"2010","age","age_cat","Respondent demographics","","귀하의 연령은 어떻게 되십니까? [How old are you?] (5-category brackets)","1=20대 (20s); 2=30대 (30s); 3=40대 (40s); 4=50대 (50s); 5=60대 이상 (60+)","Korean text sourced from 2014 questionnaire (KOSSDA 23277) as representative wave; wording stable 2009-2021."
"2011","age","age_cat","Respondent demographics","","귀하의 연령은 어떻게 되십니까? [How old are you?] (5-category brackets)","1=20대 (20s); 2=30대 (30s); 3=40대 (40s); 4=50대 (50s); 5=60대 이상 (60+)","Korean text sourced from 2014 questionnaire (KOSSDA 23277) as representative wave; wording stable 2009-2021."
"2012","age","age_cat","Respondent demographics","","귀하의 연령은 어떻게 되십니까? [How old are you?] (5-category brackets)","1=20대 (20s); 2=30대 (30s); 3=40대 (40s); 4=50대 (50s); 5=60대 이상 (60+)","Korean text sourced from 2014 questionnaire (KOSSDA 23277) as representative wave; wording stable 2009-2021."
"2013","age_re","age_cat","Respondent demographics","","귀하의 연령은 어떻게 되십니까? [How old are you?] (5-category brackets)","1=20대 (20s); 2=30대 (30s); 3=40대 (40s); 4=50대 (50s); 5=60대 이상 (60+)","age_re used (categorical) — 2013-2016 waves introduced continuous age variable as primary; age_re is the categorical recode. Korean text sourced from 2014 questionnaire (KOSSDA 23277) as representative wave; wording stable 2009-2021."
"2014","age_re","age_cat","Respondent demographics","","귀하의 연령은 어떻게 되십니까? [How old are you?] (5-category brackets)","1=20대 (20s); 2=30대 (30s); 3=40대 (40s); 4=50대 (50s); 5=60대 이상 (60+)","age_re used (categorical) — 2013-2016 waves introduced continuous age variable as primary; age_re is the categorical recode. Korean text sourced from 2014 questionnaire (KOSSDA 23277) as representative wave; wording stable 2009-2021."
"2015","age_re","age_cat","Respondent demographics","","귀하의 연령은 어떻게 되십니까? [How old are you?] (5-category brackets)","1=20대 (20s); 2=30대 (30s); 3=40대 (40s); 4=50대 (50s); 5=60대 이상 (60+)","age_re used (categorical) — 2013-2016 waves introduced continuous age variable as primary; age_re is the categorical recode. Korean text sourced from 2014 questionnaire (KOSSDA 23277) as representative wave; wording stable 2009-2021."
"2016","age_re","age_cat","Respondent demographics","","귀하의 연령은 어떻게 되십니까? [How old are you?] (5-category brackets)","1=20대 (20s); 2=30대 (30s); 3=40대 (40s); 4=50대 (50s); 5=60대 이상 (60+)","age_re used (categorical) — 2013-2016 waves introduced continuous age variable as primary; age_re is the categorical recode. Korean text sourced from 2014 questionnaire (KOSSDA 23277) as representative wave; wording stable 2009-2021."
"2017","age","age_cat","Respondent demographics","","귀하의 연령은 어떻게 되십니까? [How old are you?] (5-category brackets)","1=20대 (20s); 2=30대 (30s); 3=40대 (40s); 4=50대 (50s); 5=60대 이상 (60+)","Korean text sourced from 2014 questionnaire (KOSSDA 23277) as representative wave; wording stable 2009-2021."
"2018","age","age_cat","Respondent demographics","","귀하의 연령은 어떻게 되십니까? [How old are you?] (5-category brackets)","1=20대 (20s); 2=30대 (30s); 3=40대 (40s); 4=50대 (50s); 5=60대 이상 (60+)","Korean text sourced from 2014 questionnaire (KOSSDA 23277) as representative wave; wording stable 2009-2021."
"2019","age","age_cat","Respondent demographics","","귀하의 연령은 어떻게 되십니까? [How old are you?] (5-category brackets)","1=20대 (20s); 2=30대 (30s); 3=40대 (40s); 4=50대 (50s); 5=60대 이상 (60+)","Korean text sourced from 2014 questionnaire (KOSSDA 23277) as representative wave; wording stable 2009-2021."
"2020","age","age_cat","Respondent demographics","","귀하의 연령은 어떻게 되십니까? [How old are you?] (5-category brackets)","1=20대 (20s); 2=30대 (30s); 3=40대 (40s); 4=50대 (50s); 5=60대 이상 (60+)","Korean text sourced from 2014 questionnaire (KOSSDA 23277) as representative wave; wording stable 2009-2021."
"2021","age","age_cat","Respondent demographics","","귀하의 연령은 어떻게 되십니까? [How old are you?] (5-category brackets)","1=20대 (20s); 2=30대 (30s); 3=40대 (40s); 4=50대 (50s); 5=60대 이상 (60+)","Korean text sourced from 2014 questionnaire (KOSSDA 23277) as representative wave; wording stable 2009-2021."
"2022","dq2","age_cat","Respondent demographics","","귀하의 연령은 어떻게 되십니까? [How old are you?] (5-category brackets)","1=20대 (20s); 2=30대 (30s); 3=40대 (40s); 4=50대 (50s); 5=60대 이상 (60+)","Korean text from 2022 questionnaire (KOSSDA 26248)."
"2023","dq2","age_cat","Respondent demographics","","귀하의 연령은 어떻게 되십니까? [How old are you?] (5-category brackets)","1=20대 (20s); 2=30대 (30s); 3=40대 (40s); 4=50대 (50s); 5=60대 이상 (60+)","Korean text from 2022 questionnaire (KOSSDA 26248)."
"2004","edu","education","Respondent demographics","","What is your highest level of education?","Ordinal; 1=lowest (middle school or less) to higher=more education",""
"2005","edu","education","Respondent demographics","","What is your highest level of education?","Ordinal; 1=lowest (middle school or less) to higher=more education",""
"2006","edu","education","Respondent demographics","","What is your highest level of education?","Ordinal; 1=lowest (middle school or less) to higher=more education",""
"2007","edu","education","Respondent demographics","","What is your highest level of education?","Ordinal; 1=lowest (middle school or less) to higher=more education",""
"2008","dq3","education","Respondent demographics","","What is your highest level of education?","Ordinal; 1=lowest to higher=more education","KOSSDA 13988."
"2009","edu","education","Respondent demographics","","귀하의 최종 학력은 어떻게 되십니까? [What is your highest level of education?]","Ordinal; 1=최저 (lowest — middle school or less) to higher=more education; exact category boundaries vary slightly across waves","Korean text sourced from 2014 questionnaire (KOSSDA 23277) as representative wave; wording stable 2009-2021."
"2010","edu","education","Respondent demographics","","귀하의 최종 학력은 어떻게 되십니까? [What is your highest level of education?]","Ordinal; 1=최저 (lowest — middle school or less) to higher=more education; exact category boundaries vary slightly across waves","Korean text sourced from 2014 questionnaire (KOSSDA 23277) as representative wave; wording stable 2009-2021."
"2011","edu","education","Respondent demographics","","귀하의 최종 학력은 어떻게 되십니까? [What is your highest level of education?]","Ordinal; 1=최저 (lowest — middle school or less) to higher=more education; exact category boundaries vary slightly across waves","Korean text sourced from 2014 questionnaire (KOSSDA 23277) as representative wave; wording stable 2009-2021."
"2012","edu","education","Respondent demographics","","귀하의 최종 학력은 어떻게 되십니까? [What is your highest level of education?]","Ordinal; 1=최저 (lowest — middle school or less) to higher=more education; exact category boundaries vary slightly across waves","Korean text sourced from 2014 questionnaire (KOSSDA 23277) as representative wave; wording stable 2009-2021."
"2013","edu","education","Respondent demographics","","귀하의 최종 학력은 어떻게 되십니까? [What is your highest level of education?]","Ordinal; 1=최저 (lowest — middle school or less) to higher=more education; exact category boundaries vary slightly across waves","Korean text sourced from 2014 questionnaire (KOSSDA 23277) as representative wave; wording stable 2009-2021."
"2014","edu","education","Respondent demographics","","귀하의 최종 학력은 어떻게 되십니까? [What is your highest level of education?]","Ordinal; 1=최저 (lowest — middle school or less) to higher=more education; exact category boundaries vary slightly across waves","Korean text sourced from 2014 questionnaire (KOSSDA 23277) as representative wave; wording stable 2009-2021."
"2015","edu","education","Respondent demographics","","귀하의 최종 학력은 어떻게 되십니까? [What is your highest level of education?]","Ordinal; 1=최저 (lowest — middle school or less) to higher=more education; exact category boundaries vary slightly across waves","Korean text sourced from 2014 questionnaire (KOSSDA 23277) as representative wave; wording stable 2009-2021."
"2016","edu","education","Respondent demographics","","귀하의 최종 학력은 어떻게 되십니까? [What is your highest level of education?]","Ordinal; 1=최저 (lowest — middle school or less) to higher=more education; exact category boundaries vary slightly across waves","Korean text sourced from 2014 questionnaire (KOSSDA 23277) as representative wave; wording stable 2009-2021."
"2017","edu","education","Respondent demographics","","귀하의 최종 학력은 어떻게 되십니까? [What is your highest level of education?]","Ordinal; 1=최저 (lowest — middle school or less) to higher=more education; exact category boundaries vary slightly across waves","Korean text sourced from 2014 questionnaire (KOSSDA 23277) as representative wave; wording stable 2009-2021."
"2018","edu","education","Respondent demographics","","귀하의 최종 학력은 어떻게 되십니까? [What is your highest level of education?]","Ordinal; 1=최저 (lowest — middle school or less) to higher=more education; exact category boundaries vary slightly across waves","Korean text sourced from 2014 questionnaire (KOSSDA 23277) as representative wave; wording stable 2009-2021."
"2019","edu","education","Respondent demographics","","귀하의 최종 학력은 어떻게 되십니까? [What is your highest level of education?]","Ordinal; 1=최저 (lowest — middle school or less) to higher=more education; exact category boundaries vary slightly across waves","Korean text sourced from 2014 questionnaire (KOSSDA 23277) as representative wave; wording stable 2009-2021."
"2020","edu","education","Respondent demographics","","귀하의 최종 학력은 어떻게 되십니까? [What is your highest level of education?]","Ordinal; 1=최저 (lowest — middle school or less) to higher=more education; exact category boundaries vary slightly across waves","Korean text sourced from 2014 questionnaire (KOSSDA 23277) as representative wave; wording stable 2009-2021."
"2021","edu","education","Respondent demographics","","귀하의 최종 학력은 어떻게 되십니까? [What is your highest level of education?]","Ordinal; 1=최저 (lowest — middle school or less) to higher=more education; exact category boundaries vary slightly across waves","Korean text sourced from 2014 questionnaire (KOSSDA 23277) as representative wave; wording stable 2009-2021."
"2022","dq3","education","Respondent demographics","","귀하의 최종 학력은 어떻게 되십니까? [What is your highest level of education?]","Ordinal; 1=최저 (lowest — middle school or less) to higher=more education; exact category boundaries vary slightly across waves","Korean text from 2022 questionnaire (KOSSDA 26248)."
"2023","dq3","education","Respondent demographics","","귀하의 최종 학력은 어떻게 되십니까? [What is your highest level of education?]","Ordinal; 1=최저 (lowest — middle school or less) to higher=more education; exact category boundaries vary slightly across waves","Korean text from 2022 questionnaire (KOSSDA 26248)."
"2004","inc","income","Respondent demographics","","What is your household's average monthly income?","Ordinal categorical; boundaries updated across waves due to inflation","Number of income categories and bracket boundaries vary across waves; treat as ordinal-within-wave."
"2005","inc","income","Respondent demographics","","What is your household's average monthly income?","Ordinal categorical; boundaries updated across waves due to inflation","Number of income categories and bracket boundaries vary across waves; treat as ordinal-within-wave."
"2006","inc","income","Respondent demographics","","What is your household's average monthly income?","Ordinal categorical; boundaries updated across waves due to inflation","Number of income categories and bracket boundaries vary across waves; treat as ordinal-within-wave."
"2007","inc","income","Respondent demographics","","What is your household's average monthly income?","Ordinal categorical; boundaries updated across waves due to inflation","Number of income categories and bracket boundaries vary across waves; treat as ordinal-within-wave."
"2008","dq4","income","Respondent demographics","","What is your household's average monthly income?","Ordinal categorical","KOSSDA 13988. Category boundaries updated across waves."
"2009","inc","income","Respondent demographics","","귀하 가구의 한 달 평균 소득은 얼마나 됩니까? [What is your household's average monthly income?]","Ordinal categorical; 1=lowest income bracket; boundaries updated periodically for inflation","Category count and bracket boundaries vary across waves; treat as ordinal-within-wave. Korean text sourced from 2014 questionnaire (KOSSDA 23277) as representative wave; wording stable 2009-2021."
"2010","inc","income","Respondent demographics","","귀하 가구의 한 달 평균 소득은 얼마나 됩니까? [What is your household's average monthly income?]","Ordinal categorical; 1=lowest income bracket; boundaries updated periodically for inflation","Category count and bracket boundaries vary across waves; treat as ordinal-within-wave. Korean text sourced from 2014 questionnaire (KOSSDA 23277) as representative wave; wording stable 2009-2021."
"2011","inc","income","Respondent demographics","","귀하 가구의 한 달 평균 소득은 얼마나 됩니까? [What is your household's average monthly income?]","Ordinal categorical; 1=lowest income bracket; boundaries updated periodically for inflation","Category count and bracket boundaries vary across waves; treat as ordinal-within-wave. Korean text sourced from 2014 questionnaire (KOSSDA 23277) as representative wave; wording stable 2009-2021."
"2012","inc","income","Respondent demographics","","귀하 가구의 한 달 평균 소득은 얼마나 됩니까? [What is your household's average monthly income?]","Ordinal categorical; 1=lowest income bracket; boundaries updated periodically for inflation","Category count and bracket boundaries vary across waves; treat as ordinal-within-wave. Korean text sourced from 2014 questionnaire (KOSSDA 23277) as representative wave; wording stable 2009-2021."
"2013","inc","income","Respondent demographics","","귀하 가구의 한 달 평균 소득은 얼마나 됩니까? [What is your household's average monthly income?]","Ordinal categorical; 1=lowest income bracket; boundaries updated periodically for inflation","Category count and bracket boundaries vary across waves; treat as ordinal-within-wave. Korean text sourced from 2014 questionnaire (KOSSDA 23277) as representative wave; wording stable 2009-2021."
"2014","inc","income","Respondent demographics","","귀하 가구의 한 달 평균 소득은 얼마나 됩니까? [What is your household's average monthly income?]","Ordinal categorical; 1=lowest income bracket; boundaries updated periodically for inflation","Category count and bracket boundaries vary across waves; treat as ordinal-within-wave. Korean text sourced from 2014 questionnaire (KOSSDA 23277) as representative wave; wording stable 2009-2021."
"2015","inc","income","Respondent demographics","","귀하 가구의 한 달 평균 소득은 얼마나 됩니까? [What is your household's average monthly income?]","Ordinal categorical; 1=lowest income bracket; boundaries updated periodically for inflation","Category count and bracket boundaries vary across waves; treat as ordinal-within-wave. Korean text sourced from 2014 questionnaire (KOSSDA 23277) as representative wave; wording stable 2009-2021."
"2016","inc","income","Respondent demographics","","귀하 가구의 한 달 평균 소득은 얼마나 됩니까? [What is your household's average monthly income?]","Ordinal categorical; 1=lowest income bracket; boundaries updated periodically for inflation","Category count and bracket boundaries vary across waves; treat as ordinal-within-wave. Korean text sourced from 2014 questionnaire (KOSSDA 23277) as representative wave; wording stable 2009-2021."
"2017","inc","income","Respondent demographics","","귀하 가구의 한 달 평균 소득은 얼마나 됩니까? [What is your household's average monthly income?]","Ordinal categorical; 1=lowest income bracket; boundaries updated periodically for inflation","Category count and bracket boundaries vary across waves; treat as ordinal-within-wave. Korean text sourced from 2014 questionnaire (KOSSDA 23277) as representative wave; wording stable 2009-2021."
"2018","inc","income","Respondent demographics","","귀하 가구의 한 달 평균 소득은 얼마나 됩니까? [What is your household's average monthly income?]","Ordinal categorical; 1=lowest income bracket; boundaries updated periodically for inflation","Category count and bracket boundaries vary across waves; treat as ordinal-within-wave. Korean text sourced from 2014 questionnaire (KOSSDA 23277) as representative wave; wording stable 2009-2021."
"2019","inc","income","Respondent demographics","","귀하 가구의 한 달 평균 소득은 얼마나 됩니까? [What is your household's average monthly income?]","Ordinal categorical; 1=lowest income bracket; boundaries updated periodically for inflation","Category count and bracket boundaries vary across waves; treat as ordinal-within-wave. Korean text sourced from 2014 questionnaire (KOSSDA 23277) as representative wave; wording stable 2009-2021."
"2020","inc","income","Respondent demographics","","귀하 가구의 한 달 평균 소득은 얼마나 됩니까? [What is your household's average monthly income?]","Ordinal categorical; 1=lowest income bracket; boundaries updated periodically for inflation","Category count and bracket boundaries vary across waves; treat as ordinal-within-wave. Korean text sourced from 2014 questionnaire (KOSSDA 23277) as representative wave; wording stable 2009-2021."
"2021","inc","income","Respondent demographics","","귀하 가구의 한 달 평균 소득은 얼마나 됩니까? [What is your household's average monthly income?]","Ordinal categorical; 1=lowest income bracket; boundaries updated periodically for inflation","Category count and bracket boundaries vary across waves; treat as ordinal-within-wave. Korean text sourced from 2014 questionnaire (KOSSDA 23277) as representative wave; wording stable 2009-2021."
"2022","dq4","income","Respondent demographics","","귀하 가구의 한 달 평균 소득은 얼마나 됩니까? [What is your household's average monthly income?]","Ordinal categorical; 1=lowest income bracket; boundaries updated periodically for inflation","Category count and bracket boundaries vary across waves; treat as ordinal-within-wave. Korean text from 2022 questionnaire (KOSSDA 26248)."
"2023","dq4","income","Respondent demographics","","귀하 가구의 한 달 평균 소득은 얼마나 됩니까? [What is your household's average monthly income?]","Ordinal categorical; 1=lowest income bracket; boundaries updated periodically for inflation","Category count and bracket boundaries vary across waves; treat as ordinal-within-wave. Korean text from 2022 questionnaire (KOSSDA 26248)."
