wave,question_id,harmonized_name,section,stem_text,item_text,response_scale,notes
y2011,age,age_group,Administrative / Sampling,,,1=20대 이하; 2=30대; 3=40대; 4=50대; 5=60대; 6= 70대 이상,"Administrative variable (age), not a survey question"
y2013,d2,age_group,Demographics (응답자 특성),,귀하의 실제 생년월일은 언제입니까? 1 양력 2 음력,,
y2014,d2,age_group,Demographics (응답자 특성),,귀하의 실제 생년월일은 언제입니까? 1 양력 2 음력,,
y2015,d2,age_group,Demographics (응답자 특성),,귀하의 실제 생년월일은 언제입니까? ➀ 남성 ➁ 여성 ➀ 양력 ➁ 음력,,
y2016,d2,age_group,Demographics (응답자 특성),,귀하의 실제 생년월은 언제입니까? ➀ 남성 ➁ 여성 ➀ 양력 ➁ 음력,,
y2017,d2,age_group,Demographics (응답자 특성),,귀하의 실제 생년월은 언제입니까? ➀ 남성 ➁ 여성 ➀ 양력 ➁ 음력,,
y2018,d2,age_group,Demographics (응답자 특성),,귀하의 실제 생년월은 언제입니까? ➀ 남성 ➁ 여성 ➀ 양력 ➁ 음력,,
y2019,d2,age_group,Demographics (응답자 특성),,귀하의 실제 생년월은 언제입니까? ➀ 양력 ➁ 음력 년 월,,
y2020,d2,age_group,Demographics (응답자 특성),,귀하의 실제 생년월은 언제입니까?,,
y2021,d2,age_group,Demographics (응답자 특성),,귀하의 실제 생년월은 언제입니까?,,
y2022,d2,age_group,Demographics (응답자 특성),,귀하의 실제 생년월은 언제입니까?,,
y2023,d2,age_group,Demographics (응답자 특성),,귀하의 실제 생년월은 언제입니까?,,
y2024,d2,age_group,Demographics (응답자 특성),,귀하의 실제 생년월은 언제입니까?,,
y2015,q5_2_1,belong_city,Ⅰ. Subjective Well-being & Empowerment (주관적 웰빙 및 역능성),귀하는 다음의 각 항목에 대하여 어떻게 생각하십니까?,(2-1) 나는 현재 살고 있는 지역(시·군·구)에 강한 소속감을 가지고 있다 ➀ ➁ ➂ ➃,1=전혀 그렇지 않다 (Strongly disagree); 2=별로 그렇지 않다 (Somewhat disagree); 3=약간 그렇다 (Somewhat agree); 4=매우 그렇다 (Strongly agree),
y2016,q5_2_1,belong_city,Ⅰ. Subjective Well-being & Empowerment (주관적 웰빙 및 역능성),귀하는 다음의 각 항목에 대하여 어떻게 생각하십니까?,(2-1) 나는 현재 살고 있는 지역(시·군·구)에 강한 소속감을 가지고 있다 ➀ ➁ ➂ ➃,1=전혀 그렇지 않다 (Strongly disagree); 2=별로 그렇지 않다 (Somewhat disagree); 3=약간 그렇다 (Somewhat agree); 4=매우 그렇다 (Strongly agree),
y2017,q5_2_1,belong_city,Ⅰ. Subjective Well-being & Empowerment (주관적 웰빙 및 역능성),귀하는 다음의 각 항목에 대하여 어떻게 생각하십니까?,(2-1) 나는 현재 살고 있는 지역(시·군·구)에 강한 소속감을 가지고 있다 ➀ ➁ ➂ ➃,1=전혀 그렇지 않다 (Strongly disagree); 2=별로 그렇지 않다 (Somewhat disagree); 3=약간 그렇다 (Somewhat agree); 4=매우 그렇다 (Strongly agree),
y2018,q5_2_1,belong_city,Ⅰ. Subjective Well-being & Empowerment (주관적 웰빙 및 역능성),귀하는 다음의 각 항목에 대하여 어떻게 생각하십니까?,(2-1) 나는 현재 살고 있는 지역(시·군·구)에 강한 소속감을 가지고 있다 ➀ ➁ ➂ ➃,1=전혀 그렇지 않다 (Strongly disagree); 2=별로 그렇지 않다 (Somewhat disagree); 3=약간 그렇다 (Somewhat agree); 4=매우 그렇다 (Strongly agree),
y2019,q5_2_1,belong_city,Ⅰ. Subjective Well-being & Empowerment (주관적 웰빙 및 역능성),귀하는 다음의 각 항목에 대하여 어떻게 생각하십니까?,,1=전혀 그렇지 않다 (Strongly disagree); 2=별로 그렇지 않다 (Somewhat disagree); 3=약간 그렇다 (Somewhat agree); 4=매우 그렇다 (Strongly agree),
y2020,q5_2_1,belong_city,Ⅰ. Subjective Well-being & Empowerment (주관적 웰빙 및 역능성),귀하는 다음의 각 항목에 대하여 어떻게 생각하십니까?,(2-1) 나는 현재 살고 있는 시·군·구에 강한 소속감을 가지고 있다,1=전혀 그렇지 않다 (Strongly disagree); 2=별로 그렇지 않다 (Somewhat disagree); 3=약간 그렇다 (Somewhat agree); 4=매우 그렇다 (Strongly agree),
y2021,q5_2_1,belong_city,Ⅰ. Subjective Well-being & Empowerment (주관적 웰빙 및 역능성),귀하는 다음의 각 항목에 대하여 어떻게 생각하십니까?,(2-1) 나는 현재 살고 있는 시·군·구에 강한 소속감을 가지고 있다,1=전혀 그렇지 않다 (Strongly disagree); 2=별로 그렇지 않다 (Somewhat disagree); 3=약간 그렇다 (Somewhat agree); 4=매우 그렇다 (Strongly agree),
y2022,q5_2_1,belong_city,Ⅰ. Subjective Well-being & Empowerment (주관적 웰빙 및 역능성),귀하는 다음의 각 항목에 대하여 어떻게 생각하십니까?,(2-1) 나는 현재 살고 있는 시·군·구에 강한 소속감을 가지고 있다,1=전혀 그렇지 않다 (Strongly disagree); 2=별로 그렇지 않다 (Somewhat disagree); 3=약간 그렇다 (Somewhat agree); 4=매우 그렇다 (Strongly agree),
y2023,q5_2_1,belong_city,Ⅰ. Subjective Well-being & Empowerment (주관적 웰빙 및 역능성),귀하는 다음의 각 항목에 대하여 어떻게 생각하십니까?,(2-1) 나는 현재 살고 있는 시·군·구에 강한 소속감을 가지고 있다,1=전혀 그렇지 않다 (Strongly disagree); 2=별로 그렇지 않다 (Somewhat disagree); 3=약간 그렇다 (Somewhat agree); 4=매우 그렇다 (Strongly agree),
y2024,q5_2_1,belong_city,Ⅰ. Subjective Well-being & Empowerment (주관적 웰빙 및 역능성),귀하는 다음의 각 항목에 대하여 어떻게 생각하십니까?,(2-1) 나는 현재 살고 있는 시·군·구에 강한 소속감을 가지고 있다,1=전혀 그렇지 않다 (Strongly disagree); 2=별로 그렇지 않다 (Somewhat disagree); 3=약간 그렇다 (Somewhat agree); 4=매우 그렇다 (Strongly agree),
y2013,q3_2,belong_province,,귀하는 다음의 각 항목에 대해서 어떻게 생각하십니까? 전혀 만족하지 않는다 보통 매우 만족한다           ,,1=전혀 그렇지 않다 (Strongly disagree); 2=별로 그렇지 않다 (Somewhat disagree); 3=약간 그렇다 (Somewhat agree); 4=매우 그렇다 (Strongly agree),
y2014,q3_2,belong_province,,귀하는 다음의 각 항목에 대해서 어떻게 생각하십니까? 전혀 만족하지 않는다 보통 매우 만족한다           ,,1=전혀 그렇지 않다 (Strongly disagree); 2=별로 그렇지 않다 (Somewhat disagree); 3=약간 그렇다 (Somewhat agree); 4=매우 그렇다 (Strongly agree),
y2015,q5_2,belong_province,Ⅰ. Subjective Well-being & Empowerment (주관적 웰빙 및 역능성),귀하는 다음의 각 항목에 대하여 어떻게 생각하십니까?,(2) 나는 현재 살고 있는 지역(시·도)에 강한 소속감을 가지고 있다 ➀ ➁ ➂ ➃,1=전혀 그렇지 않다 (Strongly disagree); 2=별로 그렇지 않다 (Somewhat disagree); 3=약간 그렇다 (Somewhat agree); 4=매우 그렇다 (Strongly agree),
y2016,q5_2,belong_province,Ⅰ. Subjective Well-being & Empowerment (주관적 웰빙 및 역능성),귀하는 다음의 각 항목에 대하여 어떻게 생각하십니까?,(2) 나는 현재 살고 있는 지역(시·도)에 강한 소속감을 가지고 있다 ➀ ➁ ➂ ➃,1=전혀 그렇지 않다 (Strongly disagree); 2=별로 그렇지 않다 (Somewhat disagree); 3=약간 그렇다 (Somewhat agree); 4=매우 그렇다 (Strongly agree),
y2017,q5_2,belong_province,Ⅰ. Subjective Well-being & Empowerment (주관적 웰빙 및 역능성),귀하는 다음의 각 항목에 대하여 어떻게 생각하십니까?,(2) 나는 현재 살고 있는 지역(시·도)에 강한 소속감을 가지고 있다 ➀ ➁ ➂ ➃,1=전혀 그렇지 않다 (Strongly disagree); 2=별로 그렇지 않다 (Somewhat disagree); 3=약간 그렇다 (Somewhat agree); 4=매우 그렇다 (Strongly agree),
y2018,q5_2,belong_province,Ⅰ. Subjective Well-being & Empowerment (주관적 웰빙 및 역능성),귀하는 다음의 각 항목에 대하여 어떻게 생각하십니까?,(2) 나는 현재 살고 있는 지역(시·도)에 강한 소속감을 가지고 있다 ➀ ➁ ➂ ➃,1=전혀 그렇지 않다 (Strongly disagree); 2=별로 그렇지 않다 (Somewhat disagree); 3=약간 그렇다 (Somewhat agree); 4=매우 그렇다 (Strongly agree),
y2019,q5_2,belong_province,Ⅰ. Subjective Well-being & Empowerment (주관적 웰빙 및 역능성),귀하는 다음의 각 항목에 대하여 어떻게 생각하십니까?,(2) 나는 현재 살고 있는 시·도에 강한 소속감을 가지고 있다 ➀ ➁ ➂ ➃ ܬĀ (2-1) 나는 현재 살고 있는 시·군·구에 강한 소속감을 가지고 있다 ➀ ➁ ➂ ➃ ܬĀ (2-2) 나는 현재 살고 있는 읍·면·동에 강한 소속감을 가지고 있다 ➀ ➁ ➂ ➃,1=전혀 그렇지 않다 (Strongly disagree); 2=별로 그렇지 않다 (Somewhat disagree); 3=약간 그렇다 (Somewhat agree); 4=매우 그렇다 (Strongly agree),
y2020,q5_2,belong_province,Ⅰ. Subjective Well-being & Empowerment (주관적 웰빙 및 역능성),귀하는 다음의 각 항목에 대하여 어떻게 생각하십니까?,(2) 나는 현재 살고 있는 시·도에 강한 소속감을 가지고 있다,1=전혀 그렇지 않다 (Strongly disagree); 2=별로 그렇지 않다 (Somewhat disagree); 3=약간 그렇다 (Somewhat agree); 4=매우 그렇다 (Strongly agree),
y2021,q5_2,belong_province,Ⅰ. Subjective Well-being & Empowerment (주관적 웰빙 및 역능성),귀하는 다음의 각 항목에 대하여 어떻게 생각하십니까?,(2) 나는 현재 살고 있는 시·도에 강한 소속감을 가지고 있다,1=전혀 그렇지 않다 (Strongly disagree); 2=별로 그렇지 않다 (Somewhat disagree); 3=약간 그렇다 (Somewhat agree); 4=매우 그렇다 (Strongly agree),
y2022,q5_2,belong_province,Ⅰ. Subjective Well-being & Empowerment (주관적 웰빙 및 역능성),귀하는 다음의 각 항목에 대하여 어떻게 생각하십니까?,(2) 나는 현재 살고 있는 시·도에 강한 소속감을 가지고 있다,1=전혀 그렇지 않다 (Strongly disagree); 2=별로 그렇지 않다 (Somewhat disagree); 3=약간 그렇다 (Somewhat agree); 4=매우 그렇다 (Strongly agree),
y2023,q5_2,belong_province,Ⅰ. Subjective Well-being & Empowerment (주관적 웰빙 및 역능성),귀하는 다음의 각 항목에 대하여 어떻게 생각하십니까?,(2) 나는 현재 살고 있는 시·도에 강한 소속감을 가지고 있다,1=전혀 그렇지 않다 (Strongly disagree); 2=별로 그렇지 않다 (Somewhat disagree); 3=약간 그렇다 (Somewhat agree); 4=매우 그렇다 (Strongly agree),
y2024,q5_2,belong_province,Ⅰ. Subjective Well-being & Empowerment (주관적 웰빙 및 역능성),귀하는 다음의 각 항목에 대하여 어떻게 생각하십니까?,(2) 나는 현재 살고 있는 시·도에 강한 소속감을 가지고 있다,1=전혀 그렇지 않다 (Strongly disagree); 2=별로 그렇지 않다 (Somewhat disagree); 3=약간 그렇다 (Somewhat agree); 4=매우 그렇다 (Strongly agree),
y2015,q5_2_2,belong_town,Ⅰ. Subjective Well-being & Empowerment (주관적 웰빙 및 역능성),귀하는 다음의 각 항목에 대하여 어떻게 생각하십니까?,(2-2) 나는 현재 살고 있는 지역(읍·면·동)에 강한 소속감을 가지고 있다 ➀ ➁ ➂ ➃,1=전혀 그렇지 않다 (Strongly disagree); 2=별로 그렇지 않다 (Somewhat disagree); 3=약간 그렇다 (Somewhat agree); 4=매우 그렇다 (Strongly agree),
y2016,q5_2_2,belong_town,Ⅰ. Subjective Well-being & Empowerment (주관적 웰빙 및 역능성),귀하는 다음의 각 항목에 대하여 어떻게 생각하십니까?,(2-2) 나는 현재 살고 있는 지역(읍·면·동)에 강한 소속감을 가지고 있다 ➀ ➁ ➂ ➃,1=전혀 그렇지 않다 (Strongly disagree); 2=별로 그렇지 않다 (Somewhat disagree); 3=약간 그렇다 (Somewhat agree); 4=매우 그렇다 (Strongly agree),
y2017,q5_2_2,belong_town,Ⅰ. Subjective Well-being & Empowerment (주관적 웰빙 및 역능성),귀하는 다음의 각 항목에 대하여 어떻게 생각하십니까?,(2-2) 나는 현재 살고 있는 지역(읍·면·동)에 강한 소속감을 가지고 있다 ➀ ➁ ➂ ➃,1=전혀 그렇지 않다 (Strongly disagree); 2=별로 그렇지 않다 (Somewhat disagree); 3=약간 그렇다 (Somewhat agree); 4=매우 그렇다 (Strongly agree),
y2018,q5_2_2,belong_town,Ⅰ. Subjective Well-being & Empowerment (주관적 웰빙 및 역능성),귀하는 다음의 각 항목에 대하여 어떻게 생각하십니까?,(2-2) 나는 현재 살고 있는 지역(읍·면·동)에 강한 소속감을 가지고 있다 ➀ ➁ ➂ ➃,1=전혀 그렇지 않다 (Strongly disagree); 2=별로 그렇지 않다 (Somewhat disagree); 3=약간 그렇다 (Somewhat agree); 4=매우 그렇다 (Strongly agree),
y2019,q5_2_2,belong_town,Ⅰ. Subjective Well-being & Empowerment (주관적 웰빙 및 역능성),귀하는 다음의 각 항목에 대하여 어떻게 생각하십니까?,,1=전혀 그렇지 않다 (Strongly disagree); 2=별로 그렇지 않다 (Somewhat disagree); 3=약간 그렇다 (Somewhat agree); 4=매우 그렇다 (Strongly agree),
y2020,q5_2_2,belong_town,Ⅰ. Subjective Well-being & Empowerment (주관적 웰빙 및 역능성),귀하는 다음의 각 항목에 대하여 어떻게 생각하십니까?,(2-2) 나는 현재 살고 있는 읍·면·동에 강한 소속감을 가지고 있다,1=전혀 그렇지 않다 (Strongly disagree); 2=별로 그렇지 않다 (Somewhat disagree); 3=약간 그렇다 (Somewhat agree); 4=매우 그렇다 (Strongly agree),
y2021,q5_2_2,belong_town,Ⅰ. Subjective Well-being & Empowerment (주관적 웰빙 및 역능성),귀하는 다음의 각 항목에 대하여 어떻게 생각하십니까?,(2-2) 나는 현재 살고 있는 읍·면·동에 강한 소속감을 가지고 있다,1=전혀 그렇지 않다 (Strongly disagree); 2=별로 그렇지 않다 (Somewhat disagree); 3=약간 그렇다 (Somewhat agree); 4=매우 그렇다 (Strongly agree),
y2022,q5_2_2,belong_town,Ⅰ. Subjective Well-being & Empowerment (주관적 웰빙 및 역능성),귀하는 다음의 각 항목에 대하여 어떻게 생각하십니까?,(2-2) 나는 현재 살고 있는 읍·면·동에 강한 소속감을 가지고 있다,1=전혀 그렇지 않다 (Strongly disagree); 2=별로 그렇지 않다 (Somewhat disagree); 3=약간 그렇다 (Somewhat agree); 4=매우 그렇다 (Strongly agree),
y2023,q5_2_2,belong_town,Ⅰ. Subjective Well-being & Empowerment (주관적 웰빙 및 역능성),귀하는 다음의 각 항목에 대하여 어떻게 생각하십니까?,(2-2) 나는 현재 살고 있는 읍·면·동에 강한 소속감을 가지고 있다,1=전혀 그렇지 않다 (Strongly disagree); 2=별로 그렇지 않다 (Somewhat disagree); 3=약간 그렇다 (Somewhat agree); 4=매우 그렇다 (Strongly agree),
y2024,q5_2_2,belong_town,Ⅰ. Subjective Well-being & Empowerment (주관적 웰빙 및 역능성),귀하는 다음의 각 항목에 대하여 어떻게 생각하십니까?,(2-2) 나는 현재 살고 있는 읍·면·동에 강한 소속감을 가지고 있다,1=전혀 그렇지 않다 (Strongly disagree); 2=별로 그렇지 않다 (Somewhat disagree); 3=약간 그렇다 (Somewhat agree); 4=매우 그렇다 (Strongly agree),
y2018,q9,dem_prospect,Demographics (응답자 특성),,년 월,0=매우 나빠질 것이다 (Will get much worse); 5=보통 (Average); 10=매우 좋아질 것이다 (Will get much better),
y2019,q9,dem_prospect,Ⅰ. Subjective Well-being & Empowerment (주관적 웰빙 및 역능성),,귀하는 5년 후 우리나라 민주주의 수준이 어떻게 변화할 것이라고 생각하십니까? 매우 나빠질 것이다,0=매우 나빠질 것이다 (Will get much worse); 5=보통 (Average); 10=매우 좋아질 것이다 (Will get much better),
y2020,q9,dem_prospect,Ⅰ. Subjective Well-being & Empowerment (주관적 웰빙 및 역능성),,귀하는 5년 후 우리나라 민주주의 수준이 어떻게 변화할 것이라고 생각하십니까?,0=매우 나빠질 것이다 (Will get much worse); 5=보통 (Average); 10=매우 좋아질 것이다 (Will get much better),
y2021,q9,dem_prospect,Ⅰ. Subjective Well-being & Empowerment (주관적 웰빙 및 역능성),,귀하는 5년 후 우리나라 민주주의 수준이 어떻게 변화할 것이라고 생각하십니까?,0=매우 나빠질 것이다 (Will get much worse); 5=보통 (Average); 10=매우 좋아질 것이다 (Will get much better),
y2022,q9,dem_prospect,Ⅰ. Subjective Well-being & Empowerment (주관적 웰빙 및 역능성),,귀하는 5년 후 우리나라 민주주의 수준이 어떻게 변화할 것이라고 생각하십니까?,0=매우 나빠질 것이다 (Will get much worse); 5=보통 (Average); 10=매우 좋아질 것이다 (Will get much better),
y2018,q8,dem_satisfaction,Ⅰ. Subjective Well-being & Empowerment (주관적 웰빙 및 역능성),,귀하는 현재 우리나라 민주주의 수준에 대하여 어느 정도 만족하고 있습니까?,0=전혀 만족하지 않는다 (Not at all satisfied); 5=보통 (Average); 10=매우 만족한다 (Very satisfied),
y2019,q8,dem_satisfaction,Ⅰ. Subjective Well-being & Empowerment (주관적 웰빙 및 역능성),,귀하는 현재 우리나라 민주주의 수준에 대하여 어느 정도 만족하고 있습니까? 전혀 만족하지 않는다,0=전혀 만족하지 않는다 (Not at all satisfied); 5=보통 (Average); 10=매우 만족한다 (Very satisfied),
y2020,q8,dem_satisfaction,Ⅰ. Subjective Well-being & Empowerment (주관적 웰빙 및 역능성),,귀하는 현재 우리나라 민주주의 수준에 대하여 어느 정도 만족하고 있습니까?,0=전혀 만족하지 않는다 (Not at all satisfied); 5=보통 (Average); 10=매우 만족한다 (Very satisfied),
y2021,q8,dem_satisfaction,Ⅰ. Subjective Well-being & Empowerment (주관적 웰빙 및 역능성),,귀하는 현재 우리나라 민주주의 수준에 대하여 어느 정도 만족하고 있습니까?,0=전혀 만족하지 않는다 (Not at all satisfied); 5=보통 (Average); 10=매우 만족한다 (Very satisfied),
y2022,q8,dem_satisfaction,Ⅰ. Subjective Well-being & Empowerment (주관적 웰빙 및 역능성),,귀하는 현재 우리나라 민주주의 수준에 대하여 어느 정도 만족하고 있습니까?,0=전혀 만족하지 않는다 (Not at all satisfied); 5=보통 (Average); 10=매우 만족한다 (Very satisfied),
y2013,q7,econ_nat_prospect,,,귀하는 5년 후 우리나라의 경제 상황이 어떻게 변화할 것이라고 생각하십니까? 1 북한은 우리의 적이다 2 북한은 우리의 절친한 친구이다 3 적도 친구도 아니다,0=매우 나빠질 것이다 (Will get much worse); 5=보통 (Average); 10=매우 좋아질 것이다 (Will get much better),
y2015,q9,econ_nat_prospect,Demographics (응답자 특성),,년 월 일,0=매우 나빠질 것이다 (Will get much worse); 5=보통 (Average); 10=매우 좋아질 것이다 (Will get much better),
y2016,q9,econ_nat_prospect,Demographics (응답자 특성),,년 월,0=매우 나빠질 것이다 (Will get much worse); 5=보통 (Average); 10=매우 좋아질 것이다 (Will get much better),
y2017,q9,econ_nat_prospect,Demographics (응답자 특성),,년 월,0=매우 나빠질 것이다 (Will get much worse); 5=보통 (Average); 10=매우 좋아질 것이다 (Will get much better),
y2018,q11,econ_nat_prospect,Ⅰ. Subjective Well-being & Empowerment (주관적 웰빙 및 역능성),,귀하는 5년 후 우리나라 경제 상황이 어떻게 변화할 것이라고 생각하십니까?,0=매우 나빠질 것이다 (Will get much worse); 5=보통 (Average); 10=매우 좋아질 것이다 (Will get much better),
y2019,q11,econ_nat_prospect,Ⅰ. Subjective Well-being & Empowerment (주관적 웰빙 및 역능성),,귀하는 5년 후 우리나라 경제 상황이 어떻게 변화할 것이라고 생각하십니까? 매우 나빠질 것이다,0=매우 나빠질 것이다 (Will get much worse); 5=보통 (Average); 10=매우 좋아질 것이다 (Will get much better),
y2020,q11,econ_nat_prospect,Ⅰ. Subjective Well-being & Empowerment (주관적 웰빙 및 역능성),,귀하는 5년 후 우리나라 경제 상황이 어떻게 변화할 것이라고 생각하십니까?,0=매우 나빠질 것이다 (Will get much worse); 5=보통 (Average); 10=매우 좋아질 것이다 (Will get much better),
y2021,q11,econ_nat_prospect,Ⅰ. Subjective Well-being & Empowerment (주관적 웰빙 및 역능성),,귀하는 5년 후 우리나라 경제 상황이 어떻게 변화할 것이라고 생각하십니까?,0=매우 나빠질 것이다 (Will get much worse); 5=보통 (Average); 10=매우 좋아질 것이다 (Will get much better),
y2022,q11,econ_nat_prospect,Ⅰ. Subjective Well-being & Empowerment (주관적 웰빙 및 역능성),,귀하는 5년 후 우리나라 경제 상황이 어떻게 변화할 것이라고 생각하십니까?,0=매우 나빠질 것이다 (Will get much worse); 5=보통 (Average); 10=매우 좋아질 것이다 (Will get much better),
y2023,q9,econ_nat_prospect,Ⅰ. Subjective Well-being & Empowerment (주관적 웰빙 및 역능성),,귀하는 5년 후 우리나라 경제 상황이 어떻게 변화할 것이라고 생각하십니까?,0=매우 나빠질 것이다 (Will get much worse); 5=보통 (Average); 10=매우 좋아질 것이다 (Will get much better),
y2024,q9,econ_nat_prospect,Ⅰ. Subjective Well-being & Empowerment (주관적 웰빙 및 역능성),,귀하는 5년 후 우리나라 경제 상황이 어떻게 변화할 것이라고 생각하십니까?,0=매우 나빠질 것이다 (Will get much worse); 5=보통 (Average); 10=매우 좋아질 것이다 (Will get much better),
y2013,q6,econ_nat_sat,,,귀하는 현재 우리나라 경제 상황에 대하여 어느 정도 만족하고 있습니까? 매우 나빠질 것이다 보통 매우 좋아질 것이다           ,0=전혀 만족하지 않는다 (Not at all satisfied); 5=보통 (Average); 10=매우 만족한다 (Very satisfied),
y2014,q6,econ_nat_sat,,,귀하는 현재 우리나라 경제 상황에 대하여 어느 정도 만족하고 있습니까? 매우 나빠질 것이다 보통 매우 좋아질 것이다           ,0=전혀 만족하지 않는다 (Not at all satisfied); 5=보통 (Average); 10=매우 만족한다 (Very satisfied),
y2015,q8,econ_nat_sat,Ⅰ. Subjective Well-being & Empowerment (주관적 웰빙 및 역능성),,귀하는 현재 우리나라 경제 상황에 대하여 어느 정도 만족하고 있습니까?,0=전혀 만족하지 않는다 (Not at all satisfied); 5=보통 (Average); 10=매우 만족한다 (Very satisfied),
y2016,q8,econ_nat_sat,Ⅰ. Subjective Well-being & Empowerment (주관적 웰빙 및 역능성),,귀하는 현재 우리나라 경제 상황에 대하여 어느 정도 만족하고 있습니까?,0=전혀 만족하지 않는다 (Not at all satisfied); 5=보통 (Average); 10=매우 만족한다 (Very satisfied),
y2017,q8,econ_nat_sat,Ⅰ. Subjective Well-being & Empowerment (주관적 웰빙 및 역능성),,귀하는 현재 우리나라 경제 상황에 대하여 어느 정도 만족하고 있습니까?,0=전혀 만족하지 않는다 (Not at all satisfied); 5=보통 (Average); 10=매우 만족한다 (Very satisfied),
y2018,q10,econ_nat_sat,Ⅰ. Subjective Well-being & Empowerment (주관적 웰빙 및 역능성),,귀하는 현재 우리나라 경제 상황에 대하여 어느 정도 만족하고 있습니까?,0=전혀 만족하지 않는다 (Not at all satisfied); 5=보통 (Average); 10=매우 만족한다 (Very satisfied),
y2019,q10,econ_nat_sat,Ⅰ. Subjective Well-being & Empowerment (주관적 웰빙 및 역능성),,귀하는 현재 우리나라 경제 상황에 대하여 어느 정도 만족하고 있습니까? 전혀 만족하지 않는다,0=전혀 만족하지 않는다 (Not at all satisfied); 5=보통 (Average); 10=매우 만족한다 (Very satisfied),
y2020,q10,econ_nat_sat,Ⅰ. Subjective Well-being & Empowerment (주관적 웰빙 및 역능성),,귀하는 현재 우리나라 경제 상황에 대하여 어느 정도 만족하고 있습니까?,0=전혀 만족하지 않는다 (Not at all satisfied); 5=보통 (Average); 10=매우 만족한다 (Very satisfied),
y2021,q10,econ_nat_sat,Ⅰ. Subjective Well-being & Empowerment (주관적 웰빙 및 역능성),,귀하는 현재 우리나라 경제 상황에 대하여 어느 정도 만족하고 있습니까?,0=전혀 만족하지 않는다 (Not at all satisfied); 5=보통 (Average); 10=매우 만족한다 (Very satisfied),
y2022,q10,econ_nat_sat,Ⅰ. Subjective Well-being & Empowerment (주관적 웰빙 및 역능성),,귀하는 현재 우리나라 경제 상황에 대하여 어느 정도 만족하고 있습니까?,0=전혀 만족하지 않는다 (Not at all satisfied); 5=보통 (Average); 10=매우 만족한다 (Very satisfied),
y2023,q8,econ_nat_sat,Ⅰ. Subjective Well-being & Empowerment (주관적 웰빙 및 역능성),,귀하는 현재 우리나라 경제 상황에 대하여 어느 정도 만족하고 있습니까?,0=전혀 만족하지 않는다 (Not at all satisfied); 5=보통 (Average); 10=매우 만족한다 (Very satisfied),
y2024,q8,econ_nat_sat,Ⅰ. Subjective Well-being & Empowerment (주관적 웰빙 및 역능성),,귀하는 현재 우리나라 경제 상황에 대하여 어느 정도 만족하고 있습니까?,0=전혀 만족하지 않는다 (Not at all satisfied); 5=보통 (Average); 10=매우 만족한다 (Very satisfied),
y2018,q52,econ_pers_prospect,Ⅷ. Social Inclusion (사회 포용성),,귀하의 5년 후 경제 상황은 어떻게 변화할 것이라고 생각하십니까?,0=매우 나빠질 것이다 (Will get much worse); 5=보통 (Average); 10=매우 좋아질 것이다 (Will get much better),
y2019,q53,econ_pers_prospect,Ⅷ. Social Inclusion (사회 포용성),,귀하의 5년 후 경제 상황은 어떻게 변화할 것이라고 생각하십니까? 매우 나빠질 것이다,0=매우 나빠질 것이다 (Will get much worse); 5=보통 (Average); 10=매우 좋아질 것이다 (Will get much better),
y2020,q52,econ_pers_prospect,Ⅷ. Social Inclusion (사회 포용성),,귀하의 5년 후 경제 상황은 어떻게 변화할 것이라고 생각하십니까?,0=매우 나빠질 것이다 (Will get much worse); 5=보통 (Average); 10=매우 좋아질 것이다 (Will get much better),
y2021,q55,econ_pers_prospect,Ⅷ. Social Inclusion (사회 포용성),,귀하의 5년 후 경제 상황은 어떻게 변화할 것이라고 생각하십니까?,0=매우 나빠질 것이다 (Will get much worse); 5=보통 (Average); 10=매우 좋아질 것이다 (Will get much better),
y2022,q56,econ_pers_prospect,Ⅷ. Social Inclusion (사회 포용성),,귀하의 5년 후 경제 상황은 어떻게 변화할 것이라고 생각하십니까?,0=매우 나빠질 것이다 (Will get much worse); 5=보통 (Average); 10=매우 좋아질 것이다 (Will get much better),
y2023,q52,econ_pers_prospect,Ⅷ. Social Inclusion (사회 포용성),,귀하의 5년 후 경제 상황은 어떻게 변화할 것이라고 생각하십니까?,0=매우 나빠질 것이다 (Will get much worse); 5=보통 (Average); 10=매우 좋아질 것이다 (Will get much better),
y2024,q53,econ_pers_prospect,Ⅷ. Social Inclusion (사회 포용성),,귀하의 5년 후 경제 상황은 어떻게 변화할 것이라고 생각하십니까?,0=매우 나빠질 것이다 (Will get much worse); 5=보통 (Average); 10=매우 좋아질 것이다 (Will get much better),
y2013,q42,econ_pers_stability,,,귀하의 현재 경제상황은 어느 정도 안정적이라고 생각하십니까?,0=전혀 안정적이지 않다 (Not stable at all); 5=보통 (Average); 10=매우 안정적이다 (Very stable),
y2014,q44,econ_pers_stability,,,귀하의 현재 경제 상황은 어느 정도 안정적이라고 생각하십니까?,0=전혀 안정적이지 않다 (Not stable at all); 5=보통 (Average); 10=매우 안정적이다 (Very stable),
y2015,q47,econ_pers_stability,Ⅷ. Social Inclusion (사회 포용성),,귀하의 현재 경제 상황은 어느 정도 안정적이라고 생각하십니까? 이지 않다,0=전혀 안정적이지 않다 (Not stable at all); 5=보통 (Average); 10=매우 안정적이다 (Very stable),
y2016,q49,econ_pers_stability,Ⅷ. Social Inclusion (사회 포용성),,귀하의 현재 경제 상황은 어느 정도 안정적이라고 생각하십니까? 이지 않다,0=전혀 안정적이지 않다 (Not stable at all); 5=보통 (Average); 10=매우 안정적이다 (Very stable),
y2017,q48,econ_pers_stability,Ⅷ. Social Inclusion (사회 포용성),,귀하의 현재 경제 상황은 어느 정도 안정적이라고 생각하십니까? 이지 않다,0=전혀 안정적이지 않다 (Not stable at all); 5=보통 (Average); 10=매우 안정적이다 (Very stable),
y2018,q51,econ_pers_stability,Ⅷ. Social Inclusion (사회 포용성),,귀하의 현재 경제 상황은 어느 정도 안정적이라고 생각하십니까? 이지 않다,0=전혀 안정적이지 않다 (Not stable at all); 5=보통 (Average); 10=매우 안정적이다 (Very stable),
y2019,q52,econ_pers_stability,Ⅷ. Social Inclusion (사회 포용성),,귀하의 현재 경제 상황은 어느 정도 안정적이라고 생각하십니까? 전혀 안정적이지 않다,0=전혀 안정적이지 않다 (Not stable at all); 5=보통 (Average); 10=매우 안정적이다 (Very stable),
y2020,q51,econ_pers_stability,Ⅷ. Social Inclusion (사회 포용성),,귀하의 현재 경제 상황은 어느 정도 안정적이라고 생각하십니까? 이지 않다,0=전혀 안정적이지 않다 (Not stable at all); 5=보통 (Average); 10=매우 안정적이다 (Very stable),
y2021,q54,econ_pers_stability,Ⅷ. Social Inclusion (사회 포용성),,귀하의 현재 경제 상황은 어느 정도 안정적이라고 생각하십니까? 이지 않다,0=전혀 안정적이지 않다 (Not stable at all); 5=보통 (Average); 10=매우 안정적이다 (Very stable),
y2022,q55,econ_pers_stability,Ⅷ. Social Inclusion (사회 포용성),,귀하의 현재 경제 상황은 어느 정도 안정적이라고 생각하십니까? 이지 않다,0=전혀 안정적이지 않다 (Not stable at all); 5=보통 (Average); 10=매우 안정적이다 (Very stable),
y2023,q51,econ_pers_stability,Ⅷ. Social Inclusion (사회 포용성),,귀하의 현재 경제 상황은 어느 정도 안정적이라고 생각하십니까? 이지 않다,0=전혀 안정적이지 않다 (Not stable at all); 5=보통 (Average); 10=매우 안정적이다 (Very stable),
y2024,q52,econ_pers_stability,Ⅷ. Social Inclusion (사회 포용성),,귀하의 현재 경제 상황은 어느 정도 안정적이라고 생각하십니까? 이지 않다,0=전혀 안정적이지 않다 (Not stable at all); 5=보통 (Average); 10=매우 안정적이다 (Very stable),
y2018,d5_1_1,education,Demographics (응답자 특성),귀하와 귀하의 부모님은 정규 교육을 어디까지 받았습니까? 본인 아버지 어머니 학교 졸업여부 학교 졸업여부 학교 졸업여부 음 초등학교 ➀ ׁĀ 졸업 ➁ ׁĀ 재학 ➂ ׁĀ 수료 ➃ ׁĀ 휴학 ➄ ׁĀ 중퇴 ➁ ҼĀ 중학교 ➂ ҼĀ 고등학교 ➃ ҼĀ 대학(교)(4년제 미만) ➄ ҼĀ 대학교(4년제 이상) ➅ ҼĀ 대학원 석사 과정 ➆ ҼĀ 대학원 박사 과정 ➇ ҼĀ 모름,,,
y2019,d5_1_1,education,Demographics (응답자 특성),귀하와 귀하의 부모님은 정규 교육을 어디까지 받았습니까? 학교 졸업여부 학교 졸업여부 학교 졸업여부 본인 번호기입 번호기입 아버지 번호기입 번호기입 어머니 번호기입 번호기입 학교 졸업여부 ➀ 초등학교 ➁ 중학교 ➂ 고등학교 ➃ 대학(교)(4년제 미만) ➄ 대학교(4년제 이상) ➅ 대학원 석사 과정 ➆ 대학원 박사 과정 ➀ 졸업 ➁ 재학 ➂ 수료 ➃ 휴학 ➄ 중퇴 ➇ 모름,,,
y2020,d5_1_1,education,Demographics (응답자 특성),귀하와 귀하의 부모님은 정규 교육을 어디까지 받았습니까? 본인 아버지 어머니 학교 졸업여부 학교 졸업여부 학교 졸업여부 음 교,,,
y2021,d5_1_1,education,Demographics (응답자 특성),귀하와 귀하의 부모님은 정규 교육을 어디까지 받았습니까? 본인 학교 졸업여부 아버지 학교 졸업여부 어머니 학교 졸업여부,,,
y2022,d5_1_1,education,Demographics (응답자 특성),귀하와 귀하의 부모님은 정규 교육을 어디까지 받았습니까? 본인 학교 졸업여부 아버지 학교 졸업여부 어머니 학교 졸업여부,,,
y2023,d5_1_1,education,Demographics (응답자 특성),귀하와 귀하의 부모님은 정규 교육을 어디까지 받았습니까? 본인 학교 졸업여부 아버지 학교 졸업여부 어머니 학교 졸업여부,,,
y2024,d5_1_1,education,Demographics (응답자 특성),귀하와 귀하의 부모님은 정규 교육을 어디까지 받았습니까? 본인 학교 졸업여부 아버지 학교 졸업여부 어머니 학교 졸업여부,,,
y2013,q15_7,grp_alumni,,귀하의 사회단체 활동 정도는 어떻습니까? 다음의 각 분야별로 말씀해 주십시오. III. 정치 참여 부문,,"1=소속된 적이 없다 (Never belonged); 2=과거에 소속, 현재는 아님 (Belonged in past); 3=소속, 활동 안 함 (Member, inactive); 4=소속, 비적극 활동 (Member, occasionally active); 5=소속, 적극 활동 (Active member)",
y2014,q15_7,grp_alumni,,귀하의 사회단체 활동 정도는 어떻습니까? 다음의 각 분야별로 말씀해 주십시오. III. 정치 참여 부문,,"1=소속된 적이 없다 (Never belonged); 2=과거에 소속, 현재는 아님 (Belonged in past); 3=소속, 활동 안 함 (Member, inactive); 4=소속, 비적극 활동 (Member, occasionally active); 5=소속, 적극 활동 (Active member)",
y2015,q17_7,grp_alumni,Ⅱ. Social Participation (사회 참여),귀하는 다음 사회단체에 대하여 활동 정도가 어떻게 되십니까?,"(7) 동창회, 향우회 ➀ ➁ ➂ ➃ ➄","1=소속된 적이 없다 (Never belonged); 2=과거에 소속, 현재는 아님 (Belonged in past); 3=소속, 활동 안 함 (Member, inactive); 4=소속, 비적극 활동 (Member, occasionally active); 5=소속, 적극 활동 (Active member)",
y2016,q17_7,grp_alumni,Ⅱ. Social Participation (사회 참여),귀하는 다음 사회단체에 대하여 활동 정도가 어떻게 되십니까?,"(7) 동창회, 향우회 ➀ ➁ ➂ ➃ ➄","1=소속된 적이 없다 (Never belonged); 2=과거에 소속, 현재는 아님 (Belonged in past); 3=소속, 활동 안 함 (Member, inactive); 4=소속, 비적극 활동 (Member, occasionally active); 5=소속, 적극 활동 (Active member)",
y2017,q17_7,grp_alumni,Ⅱ. Social Participation (사회 참여),귀하는 다음 사회단체에 대하여 활동 정도가 어떻게 되십니까?,"(7) 동창회, 향우회 ➀ ➁ ➂ ➃ ➄","1=소속된 적이 없다 (Never belonged); 2=과거에 소속, 현재는 아님 (Belonged in past); 3=소속, 활동 안 함 (Member, inactive); 4=소속, 비적극 활동 (Member, occasionally active); 5=소속, 적극 활동 (Active member)",
y2018,q19_7,grp_alumni,Ⅱ. Social Participation (사회 참여),귀하는 다음 사회단체에 대하여 활동 정도가 어떻게 되십니까?,"(7) 동창회, 향우회 ➀ ➁ ➂ ➃ ➄","1=소속된 적이 없다 (Never belonged); 2=과거에 소속, 현재는 아님 (Belonged in past); 3=소속, 활동 안 함 (Member, inactive); 4=소속, 비적극 활동 (Member, occasionally active); 5=소속, 적극 활동 (Active member)",
y2019,q19_7,grp_alumni,Ⅱ. Social Participation (사회 참여),귀하는 다음 사회단체에 대하여 활동 정도가 어떻게 되십니까?,"(7) ȸĀ 동창회, 향우회 ➀ ➁ ➂ ➃ ➄","1=소속된 적이 없다 (Never belonged); 2=과거에 소속, 현재는 아님 (Belonged in past); 3=소속, 활동 안 함 (Member, inactive); 4=소속, 비적극 활동 (Member, occasionally active); 5=소속, 적극 활동 (Active member)",
y2020,q17_7,grp_alumni,Ⅱ. Social Participation (사회 참여),귀하는 다음 사회단체에 대하여 활동 정도가 어떻게 되십니까?,"(7) 동창회, 향우회","1=소속된 적이 없다 (Never belonged); 2=과거에 소속, 현재는 아님 (Belonged in past); 3=소속, 활동 안 함 (Member, inactive); 4=소속, 비적극 활동 (Member, occasionally active); 5=소속, 적극 활동 (Active member)",
y2021,q17_7,grp_alumni,Ⅱ. Social Participation (사회 참여),귀하는 다음 사회단체에 대하여 활동 정도가 어떻게 되십니까?,"(7) 동창회, 향우회","1=소속된 적이 없다 (Never belonged); 2=과거에 소속, 현재는 아님 (Belonged in past); 3=소속, 활동 안 함 (Member, inactive); 4=소속, 비적극 활동 (Member, occasionally active); 5=소속, 적극 활동 (Active member)",
y2022,q17_7,grp_alumni,Ⅱ. Social Participation (사회 참여),귀하는 다음 사회단체에 대하여 활동 정도가 어떻게 되십니까?,"(7) 동창회, 향우회","1=소속된 적이 없다 (Never belonged); 2=과거에 소속, 현재는 아님 (Belonged in past); 3=소속, 활동 안 함 (Member, inactive); 4=소속, 비적극 활동 (Member, occasionally active); 5=소속, 적극 활동 (Active member)",
y2023,q14_7,grp_alumni,Ⅱ. Social Participation (사회 참여),귀하는 다음 사회단체에 대하여 활동 정도가 어떻게 되십니까?,"(7) 동창회, 향우회","1=소속된 적이 없다 (Never belonged); 2=과거에 소속, 현재는 아님 (Belonged in past); 3=소속, 활동 안 함 (Member, inactive); 4=소속, 비적극 활동 (Member, occasionally active); 5=소속, 적극 활동 (Active member)",
y2024,q14_7,grp_alumni,Ⅱ. Social Participation (사회 참여),귀하는 다음 사회단체에 대하여 활동 정도가 어떻게 되십니까?,"(7) 동창회, 향우회","1=소속된 적이 없다 (Never belonged); 2=과거에 소속, 현재는 아님 (Belonged in past); 3=소속, 활동 안 함 (Member, inactive); 4=소속, 비적극 활동 (Member, occasionally active); 5=소속, 적극 활동 (Active member)",
y2013,q15_5,grp_civic,,귀하의 사회단체 활동 정도는 어떻습니까? 다음의 각 분야별로 말씀해 주십시오. III. 정치 참여 부문,,"1=소속된 적이 없다 (Never belonged); 2=과거에 소속, 현재는 아님 (Belonged in past); 3=소속, 활동 안 함 (Member, inactive); 4=소속, 비적극 활동 (Member, occasionally active); 5=소속, 적극 활동 (Active member)",
y2014,q15_5,grp_civic,,귀하의 사회단체 활동 정도는 어떻습니까? 다음의 각 분야별로 말씀해 주십시오. III. 정치 참여 부문,,"1=소속된 적이 없다 (Never belonged); 2=과거에 소속, 현재는 아님 (Belonged in past); 3=소속, 활동 안 함 (Member, inactive); 4=소속, 비적극 활동 (Member, occasionally active); 5=소속, 적극 활동 (Active member)",
y2015,q17_5,grp_civic,Ⅱ. Social Participation (사회 참여),귀하는 다음 사회단체에 대하여 활동 정도가 어떻게 되십니까?,(5) 시민운동단체 ➀ ➁ ➂ ➃ ➄,"1=소속된 적이 없다 (Never belonged); 2=과거에 소속, 현재는 아님 (Belonged in past); 3=소속, 활동 안 함 (Member, inactive); 4=소속, 비적극 활동 (Member, occasionally active); 5=소속, 적극 활동 (Active member)",
y2016,q17_5,grp_civic,Ⅱ. Social Participation (사회 참여),귀하는 다음 사회단체에 대하여 활동 정도가 어떻게 되십니까?,(5) 시민운동단체 ➀ ➁ ➂ ➃ ➄,"1=소속된 적이 없다 (Never belonged); 2=과거에 소속, 현재는 아님 (Belonged in past); 3=소속, 활동 안 함 (Member, inactive); 4=소속, 비적극 활동 (Member, occasionally active); 5=소속, 적극 활동 (Active member)",
y2017,q17_5,grp_civic,Ⅱ. Social Participation (사회 참여),귀하는 다음 사회단체에 대하여 활동 정도가 어떻게 되십니까?,(5) 시민단체 ➀ ➁ ➂ ➃ ➄,"1=소속된 적이 없다 (Never belonged); 2=과거에 소속, 현재는 아님 (Belonged in past); 3=소속, 활동 안 함 (Member, inactive); 4=소속, 비적극 활동 (Member, occasionally active); 5=소속, 적극 활동 (Active member)",
y2018,q19_5,grp_civic,Ⅱ. Social Participation (사회 참여),귀하는 다음 사회단체에 대하여 활동 정도가 어떻게 되십니까?,(5) 시민단체 ➀ ➁ ➂ ➃ ➄,"1=소속된 적이 없다 (Never belonged); 2=과거에 소속, 현재는 아님 (Belonged in past); 3=소속, 활동 안 함 (Member, inactive); 4=소속, 비적극 활동 (Member, occasionally active); 5=소속, 적극 활동 (Active member)",
y2019,q19_5,grp_civic,Ⅱ. Social Participation (사회 참여),귀하는 다음 사회단체에 대하여 활동 정도가 어떻게 되십니까?,(5) ȸĀ 시민단체 ➀ ➁ ➂ ➃ ➄,"1=소속된 적이 없다 (Never belonged); 2=과거에 소속, 현재는 아님 (Belonged in past); 3=소속, 활동 안 함 (Member, inactive); 4=소속, 비적극 활동 (Member, occasionally active); 5=소속, 적극 활동 (Active member)",
y2020,q17_5,grp_civic,Ⅱ. Social Participation (사회 참여),귀하는 다음 사회단체에 대하여 활동 정도가 어떻게 되십니까?,(5) 시민단체,"1=소속된 적이 없다 (Never belonged); 2=과거에 소속, 현재는 아님 (Belonged in past); 3=소속, 활동 안 함 (Member, inactive); 4=소속, 비적극 활동 (Member, occasionally active); 5=소속, 적극 활동 (Active member)",
y2021,q17_5,grp_civic,Ⅱ. Social Participation (사회 참여),귀하는 다음 사회단체에 대하여 활동 정도가 어떻게 되십니까?,(5) 시민단체,"1=소속된 적이 없다 (Never belonged); 2=과거에 소속, 현재는 아님 (Belonged in past); 3=소속, 활동 안 함 (Member, inactive); 4=소속, 비적극 활동 (Member, occasionally active); 5=소속, 적극 활동 (Active member)",
y2022,q17_5,grp_civic,Ⅱ. Social Participation (사회 참여),귀하는 다음 사회단체에 대하여 활동 정도가 어떻게 되십니까?,(5) 시민단체,"1=소속된 적이 없다 (Never belonged); 2=과거에 소속, 현재는 아님 (Belonged in past); 3=소속, 활동 안 함 (Member, inactive); 4=소속, 비적극 활동 (Member, occasionally active); 5=소속, 적극 활동 (Active member)",
y2023,q14_5,grp_civic,Ⅱ. Social Participation (사회 참여),귀하는 다음 사회단체에 대하여 활동 정도가 어떻게 되십니까?,(5) 시민단체,"1=소속된 적이 없다 (Never belonged); 2=과거에 소속, 현재는 아님 (Belonged in past); 3=소속, 활동 안 함 (Member, inactive); 4=소속, 비적극 활동 (Member, occasionally active); 5=소속, 적극 활동 (Active member)",
y2024,q14_5,grp_civic,Ⅱ. Social Participation (사회 참여),귀하는 다음 사회단체에 대하여 활동 정도가 어떻게 되십니까?,(5) 시민단체,"1=소속된 적이 없다 (Never belonged); 2=과거에 소속, 현재는 아님 (Belonged in past); 3=소속, 활동 안 함 (Member, inactive); 4=소속, 비적극 활동 (Member, occasionally active); 5=소속, 적극 활동 (Active member)",
y2013,q15_6,grp_community,,귀하의 사회단체 활동 정도는 어떻습니까? 다음의 각 분야별로 말씀해 주십시오. III. 정치 참여 부문,,"1=소속된 적이 없다 (Never belonged); 2=과거에 소속, 현재는 아님 (Belonged in past); 3=소속, 활동 안 함 (Member, inactive); 4=소속, 비적극 활동 (Member, occasionally active); 5=소속, 적극 활동 (Active member)",
y2014,q15_6,grp_community,,귀하의 사회단체 활동 정도는 어떻습니까? 다음의 각 분야별로 말씀해 주십시오. III. 정치 참여 부문,,"1=소속된 적이 없다 (Never belonged); 2=과거에 소속, 현재는 아님 (Belonged in past); 3=소속, 활동 안 함 (Member, inactive); 4=소속, 비적극 활동 (Member, occasionally active); 5=소속, 적극 활동 (Active member)",
y2015,q17_6,grp_community,Ⅱ. Social Participation (사회 참여),귀하는 다음 사회단체에 대하여 활동 정도가 어떻게 되십니까?,"(6) 지역사회 공공모임(반상회, 주민조직) ➀ ➁ ➂ ➃ ➄","1=소속된 적이 없다 (Never belonged); 2=과거에 소속, 현재는 아님 (Belonged in past); 3=소속, 활동 안 함 (Member, inactive); 4=소속, 비적극 활동 (Member, occasionally active); 5=소속, 적극 활동 (Active member)",
y2016,q17_6,grp_community,Ⅱ. Social Participation (사회 참여),귀하는 다음 사회단체에 대하여 활동 정도가 어떻게 되십니까?,"(6) 지역사회 공공모임(반상회, 주민조직 등) ➀ ➁ ➂ ➃ ➄","1=소속된 적이 없다 (Never belonged); 2=과거에 소속, 현재는 아님 (Belonged in past); 3=소속, 활동 안 함 (Member, inactive); 4=소속, 비적극 활동 (Member, occasionally active); 5=소속, 적극 활동 (Active member)",
y2017,q17_6,grp_community,Ⅱ. Social Participation (사회 참여),귀하는 다음 사회단체에 대하여 활동 정도가 어떻게 되십니까?,"(6) 지역사회 공공모임(반상회, 주민조직 등) ➀ ➁ ➂ ➃ ➄","1=소속된 적이 없다 (Never belonged); 2=과거에 소속, 현재는 아님 (Belonged in past); 3=소속, 활동 안 함 (Member, inactive); 4=소속, 비적극 활동 (Member, occasionally active); 5=소속, 적극 활동 (Active member)",
y2018,q19_6,grp_community,Ⅱ. Social Participation (사회 참여),귀하는 다음 사회단체에 대하여 활동 정도가 어떻게 되십니까?,"(6) 지역사회 공공모임(반상회, 주민조직 등) ➀ ➁ ➂ ➃ ➄","1=소속된 적이 없다 (Never belonged); 2=과거에 소속, 현재는 아님 (Belonged in past); 3=소속, 활동 안 함 (Member, inactive); 4=소속, 비적극 활동 (Member, occasionally active); 5=소속, 적극 활동 (Active member)",
y2019,q19_6,grp_community,Ⅱ. Social Participation (사회 참여),귀하는 다음 사회단체에 대하여 활동 정도가 어떻게 되십니까?,"(6) ȸĀ 지역사회 공공모임(반상회, 주민조직 등) ➀ ➁ ➂ ➃ ➄","1=소속된 적이 없다 (Never belonged); 2=과거에 소속, 현재는 아님 (Belonged in past); 3=소속, 활동 안 함 (Member, inactive); 4=소속, 비적극 활동 (Member, occasionally active); 5=소속, 적극 활동 (Active member)",
y2020,q17_6,grp_community,Ⅱ. Social Participation (사회 참여),귀하는 다음 사회단체에 대하여 활동 정도가 어떻게 되십니까?,"(6) 지역사회 공공모임(반상회, 주민조직 등)","1=소속된 적이 없다 (Never belonged); 2=과거에 소속, 현재는 아님 (Belonged in past); 3=소속, 활동 안 함 (Member, inactive); 4=소속, 비적극 활동 (Member, occasionally active); 5=소속, 적극 활동 (Active member)",
y2021,q17_6,grp_community,Ⅱ. Social Participation (사회 참여),귀하는 다음 사회단체에 대하여 활동 정도가 어떻게 되십니까?,"(6) 지역사회 공공모임(반상회, 주민조직 등)","1=소속된 적이 없다 (Never belonged); 2=과거에 소속, 현재는 아님 (Belonged in past); 3=소속, 활동 안 함 (Member, inactive); 4=소속, 비적극 활동 (Member, occasionally active); 5=소속, 적극 활동 (Active member)",
y2022,q17_6,grp_community,Ⅱ. Social Participation (사회 참여),귀하는 다음 사회단체에 대하여 활동 정도가 어떻게 되십니까?,"(6) 지역사회 공공모임(반상회, 주민조직 등)","1=소속된 적이 없다 (Never belonged); 2=과거에 소속, 현재는 아님 (Belonged in past); 3=소속, 활동 안 함 (Member, inactive); 4=소속, 비적극 활동 (Member, occasionally active); 5=소속, 적극 활동 (Active member)",
y2023,q14_6,grp_community,Ⅱ. Social Participation (사회 참여),귀하는 다음 사회단체에 대하여 활동 정도가 어떻게 되십니까?,"(6) 지역사회 공공모임(반상회, 주민조직 등)","1=소속된 적이 없다 (Never belonged); 2=과거에 소속, 현재는 아님 (Belonged in past); 3=소속, 활동 안 함 (Member, inactive); 4=소속, 비적극 활동 (Member, occasionally active); 5=소속, 적극 활동 (Active member)",
y2024,q14_6,grp_community,Ⅱ. Social Participation (사회 참여),귀하는 다음 사회단체에 대하여 활동 정도가 어떻게 되십니까?,"(6) 지역사회 공공모임(반상회, 주민조직 등)","1=소속된 적이 없다 (Never belonged); 2=과거에 소속, 현재는 아님 (Belonged in past); 3=소속, 활동 안 함 (Member, inactive); 4=소속, 비적극 활동 (Member, occasionally active); 5=소속, 적극 활동 (Active member)",
y2013,q15_4,grp_hobby,,귀하의 사회단체 활동 정도는 어떻습니까? 다음의 각 분야별로 말씀해 주십시오. III. 정치 참여 부문,,"1=소속된 적이 없다 (Never belonged); 2=과거에 소속, 현재는 아님 (Belonged in past); 3=소속, 활동 안 함 (Member, inactive); 4=소속, 비적극 활동 (Member, occasionally active); 5=소속, 적극 활동 (Active member)",
y2014,q15_4,grp_hobby,,귀하의 사회단체 활동 정도는 어떻습니까? 다음의 각 분야별로 말씀해 주십시오. III. 정치 참여 부문,,"1=소속된 적이 없다 (Never belonged); 2=과거에 소속, 현재는 아님 (Belonged in past); 3=소속, 활동 안 함 (Member, inactive); 4=소속, 비적극 활동 (Member, occasionally active); 5=소속, 적극 활동 (Active member)",
y2015,q17_4,grp_hobby,Ⅱ. Social Participation (사회 참여),귀하는 다음 사회단체에 대하여 활동 정도가 어떻게 되십니까?,"(4) 동호회(스포츠, 여가, 문화 포함) ➀ ➁ ➂ ➃ ➄","1=소속된 적이 없다 (Never belonged); 2=과거에 소속, 현재는 아님 (Belonged in past); 3=소속, 활동 안 함 (Member, inactive); 4=소속, 비적극 활동 (Member, occasionally active); 5=소속, 적극 활동 (Active member)",
y2016,q17_4,grp_hobby,Ⅱ. Social Participation (사회 참여),귀하는 다음 사회단체에 대하여 활동 정도가 어떻게 되십니까?,"(4) 동호회(스포츠, 여가, 문화 등) ➀ ➁ ➂ ➃ ➄","1=소속된 적이 없다 (Never belonged); 2=과거에 소속, 현재는 아님 (Belonged in past); 3=소속, 활동 안 함 (Member, inactive); 4=소속, 비적극 활동 (Member, occasionally active); 5=소속, 적극 활동 (Active member)",
y2017,q17_4,grp_hobby,Ⅱ. Social Participation (사회 참여),귀하는 다음 사회단체에 대하여 활동 정도가 어떻게 되십니까?,"(4) 동호회(스포츠, 여가, 문화 등) ➀ ➁ ➂ ➃ ➄","1=소속된 적이 없다 (Never belonged); 2=과거에 소속, 현재는 아님 (Belonged in past); 3=소속, 활동 안 함 (Member, inactive); 4=소속, 비적극 활동 (Member, occasionally active); 5=소속, 적극 활동 (Active member)",
y2018,q19_4,grp_hobby,Ⅱ. Social Participation (사회 참여),귀하는 다음 사회단체에 대하여 활동 정도가 어떻게 되십니까?,"(4) 동호회(스포츠, 여가, 문화 등) ➀ ➁ ➂ ➃ ➄","1=소속된 적이 없다 (Never belonged); 2=과거에 소속, 현재는 아님 (Belonged in past); 3=소속, 활동 안 함 (Member, inactive); 4=소속, 비적극 활동 (Member, occasionally active); 5=소속, 적극 활동 (Active member)",
y2019,q19_4,grp_hobby,Ⅱ. Social Participation (사회 참여),귀하는 다음 사회단체에 대하여 활동 정도가 어떻게 되십니까?,"(4) ȸĀ 동호회(스포츠, 여가, 문화 등) ➀ ➁ ➂ ➃ ➄","1=소속된 적이 없다 (Never belonged); 2=과거에 소속, 현재는 아님 (Belonged in past); 3=소속, 활동 안 함 (Member, inactive); 4=소속, 비적극 활동 (Member, occasionally active); 5=소속, 적극 활동 (Active member)",
y2020,q17_4,grp_hobby,Ⅱ. Social Participation (사회 참여),귀하는 다음 사회단체에 대하여 활동 정도가 어떻게 되십니까?,"(4) 동호회(스포츠, 여가, 문화 등)","1=소속된 적이 없다 (Never belonged); 2=과거에 소속, 현재는 아님 (Belonged in past); 3=소속, 활동 안 함 (Member, inactive); 4=소속, 비적극 활동 (Member, occasionally active); 5=소속, 적극 활동 (Active member)",
y2021,q17_4,grp_hobby,Ⅱ. Social Participation (사회 참여),귀하는 다음 사회단체에 대하여 활동 정도가 어떻게 되십니까?,"(4) 동호회(스포츠, 여가, 문화 등)","1=소속된 적이 없다 (Never belonged); 2=과거에 소속, 현재는 아님 (Belonged in past); 3=소속, 활동 안 함 (Member, inactive); 4=소속, 비적극 활동 (Member, occasionally active); 5=소속, 적극 활동 (Active member)",
y2022,q17_4,grp_hobby,Ⅱ. Social Participation (사회 참여),귀하는 다음 사회단체에 대하여 활동 정도가 어떻게 되십니까?,"(4) 동호회(스포츠, 여가, 문화 등)","1=소속된 적이 없다 (Never belonged); 2=과거에 소속, 현재는 아님 (Belonged in past); 3=소속, 활동 안 함 (Member, inactive); 4=소속, 비적극 활동 (Member, occasionally active); 5=소속, 적극 활동 (Active member)",
y2023,q14_4,grp_hobby,Ⅱ. Social Participation (사회 참여),귀하는 다음 사회단체에 대하여 활동 정도가 어떻게 되십니까?,"(4) 동호회(스포츠, 여가, 문화 등)","1=소속된 적이 없다 (Never belonged); 2=과거에 소속, 현재는 아님 (Belonged in past); 3=소속, 활동 안 함 (Member, inactive); 4=소속, 비적극 활동 (Member, occasionally active); 5=소속, 적극 활동 (Active member)",
y2024,q14_4,grp_hobby,Ⅱ. Social Participation (사회 참여),귀하는 다음 사회단체에 대하여 활동 정도가 어떻게 되십니까?,"(4) 동호회(스포츠, 여가, 문화 등)","1=소속된 적이 없다 (Never belonged); 2=과거에 소속, 현재는 아님 (Belonged in past); 3=소속, 활동 안 함 (Member, inactive); 4=소속, 비적극 활동 (Member, occasionally active); 5=소속, 적극 활동 (Active member)",
y2013,q15_2,grp_labor,,귀하의 사회단체 활동 정도는 어떻습니까? 다음의 각 분야별로 말씀해 주십시오. III. 정치 참여 부문,,"1=소속된 적이 없다 (Never belonged); 2=과거에 소속, 현재는 아님 (Belonged in past); 3=소속, 활동 안 함 (Member, inactive); 4=소속, 비적극 활동 (Member, occasionally active); 5=소속, 적극 활동 (Active member)",
y2014,q15_2,grp_labor,,귀하의 사회단체 활동 정도는 어떻습니까? 다음의 각 분야별로 말씀해 주십시오. III. 정치 참여 부문,,"1=소속된 적이 없다 (Never belonged); 2=과거에 소속, 현재는 아님 (Belonged in past); 3=소속, 활동 안 함 (Member, inactive); 4=소속, 비적극 활동 (Member, occasionally active); 5=소속, 적극 활동 (Active member)",
y2015,q17_2,grp_labor,Ⅱ. Social Participation (사회 참여),귀하는 다음 사회단체에 대하여 활동 정도가 어떻게 되십니까?,"(2) 노동조합단체, 사업자단체 또는 직업조합 ➀ ➁ ➂ ➃ ➄","1=소속된 적이 없다 (Never belonged); 2=과거에 소속, 현재는 아님 (Belonged in past); 3=소속, 활동 안 함 (Member, inactive); 4=소속, 비적극 활동 (Member, occasionally active); 5=소속, 적극 활동 (Active member)",
y2016,q17_2,grp_labor,Ⅱ. Social Participation (사회 참여),귀하는 다음 사회단체에 대하여 활동 정도가 어떻게 되십니까?,"(2) 노동조합단체, 사업자단체 또는 직업조합 ➀ ➁ ➂ ➃ ➄","1=소속된 적이 없다 (Never belonged); 2=과거에 소속, 현재는 아님 (Belonged in past); 3=소속, 활동 안 함 (Member, inactive); 4=소속, 비적극 활동 (Member, occasionally active); 5=소속, 적극 활동 (Active member)",
y2017,q17_2,grp_labor,Ⅱ. Social Participation (사회 참여),귀하는 다음 사회단체에 대하여 활동 정도가 어떻게 되십니까?,"(2) 노동조합단체, 사업자단체 또는 직업조합 ➀ ➁ ➂ ➃ ➄","1=소속된 적이 없다 (Never belonged); 2=과거에 소속, 현재는 아님 (Belonged in past); 3=소속, 활동 안 함 (Member, inactive); 4=소속, 비적극 활동 (Member, occasionally active); 5=소속, 적극 활동 (Active member)",
y2018,q19_2,grp_labor,Ⅱ. Social Participation (사회 참여),귀하는 다음 사회단체에 대하여 활동 정도가 어떻게 되십니까?,"(2) 노동조합단체, 사업자단체 또는 직업조합 ➀ ➁ ➂ ➃ ➄","1=소속된 적이 없다 (Never belonged); 2=과거에 소속, 현재는 아님 (Belonged in past); 3=소속, 활동 안 함 (Member, inactive); 4=소속, 비적극 활동 (Member, occasionally active); 5=소속, 적극 활동 (Active member)",
y2019,q19_2,grp_labor,Ⅱ. Social Participation (사회 참여),귀하는 다음 사회단체에 대하여 활동 정도가 어떻게 되십니까?,"(2) ȸĀ 노동조합단체, 사업자단체 또는 직업조합 ➀ ➁ ➂ ➃ ➄","1=소속된 적이 없다 (Never belonged); 2=과거에 소속, 현재는 아님 (Belonged in past); 3=소속, 활동 안 함 (Member, inactive); 4=소속, 비적극 활동 (Member, occasionally active); 5=소속, 적극 활동 (Active member)",
y2020,q17_2,grp_labor,Ⅱ. Social Participation (사회 참여),귀하는 다음 사회단체에 대하여 활동 정도가 어떻게 되십니까?,"(2) 노동조합단체, 사업자단체 또는 직업조합","1=소속된 적이 없다 (Never belonged); 2=과거에 소속, 현재는 아님 (Belonged in past); 3=소속, 활동 안 함 (Member, inactive); 4=소속, 비적극 활동 (Member, occasionally active); 5=소속, 적극 활동 (Active member)",
y2021,q17_2,grp_labor,Ⅱ. Social Participation (사회 참여),귀하는 다음 사회단체에 대하여 활동 정도가 어떻게 되십니까?,"(2) 노동조합단체, 사업자단체 또는 직업조합","1=소속된 적이 없다 (Never belonged); 2=과거에 소속, 현재는 아님 (Belonged in past); 3=소속, 활동 안 함 (Member, inactive); 4=소속, 비적극 활동 (Member, occasionally active); 5=소속, 적극 활동 (Active member)",
y2022,q17_2,grp_labor,Ⅱ. Social Participation (사회 참여),귀하는 다음 사회단체에 대하여 활동 정도가 어떻게 되십니까?,"(2) 노동조합단체, 사업자단체 또는 직업조합","1=소속된 적이 없다 (Never belonged); 2=과거에 소속, 현재는 아님 (Belonged in past); 3=소속, 활동 안 함 (Member, inactive); 4=소속, 비적극 활동 (Member, occasionally active); 5=소속, 적극 활동 (Active member)",
y2023,q14_2,grp_labor,Ⅱ. Social Participation (사회 참여),귀하는 다음 사회단체에 대하여 활동 정도가 어떻게 되십니까?,"(2) 노동조합단체, 사업자단체 또는 직업조합","1=소속된 적이 없다 (Never belonged); 2=과거에 소속, 현재는 아님 (Belonged in past); 3=소속, 활동 안 함 (Member, inactive); 4=소속, 비적극 활동 (Member, occasionally active); 5=소속, 적극 활동 (Active member)",
y2024,q14_2,grp_labor,Ⅱ. Social Participation (사회 참여),귀하는 다음 사회단체에 대하여 활동 정도가 어떻게 되십니까?,"(2) 노동조합단체, 사업자단체 또는 직업조합","1=소속된 적이 없다 (Never belonged); 2=과거에 소속, 현재는 아님 (Belonged in past); 3=소속, 활동 안 함 (Member, inactive); 4=소속, 비적극 활동 (Member, occasionally active); 5=소속, 적극 활동 (Active member)",
y2013,q15_1,grp_party,,귀하의 사회단체 활동 정도는 어떻습니까? 다음의 각 분야별로 말씀해 주십시오. III. 정치 참여 부문,,"1=소속된 적이 없다 (Never belonged); 2=과거에 소속, 현재는 아님 (Belonged in past); 3=소속, 활동 안 함 (Member, inactive); 4=소속, 비적극 활동 (Member, occasionally active); 5=소속, 적극 활동 (Active member)",
y2014,q15_1,grp_party,,귀하의 사회단체 활동 정도는 어떻습니까? 다음의 각 분야별로 말씀해 주십시오. III. 정치 참여 부문,,"1=소속된 적이 없다 (Never belonged); 2=과거에 소속, 현재는 아님 (Belonged in past); 3=소속, 활동 안 함 (Member, inactive); 4=소속, 비적극 활동 (Member, occasionally active); 5=소속, 적극 활동 (Active member)",
y2015,q17_1,grp_party,Ⅱ. Social Participation (사회 참여),귀하는 다음 사회단체에 대하여 활동 정도가 어떻게 되십니까?,(1) 정당 ➀ ➁ ➂ ➃ ➄,"1=소속된 적이 없다 (Never belonged); 2=과거에 소속, 현재는 아님 (Belonged in past); 3=소속, 활동 안 함 (Member, inactive); 4=소속, 비적극 활동 (Member, occasionally active); 5=소속, 적극 활동 (Active member)",
y2016,q17_1,grp_party,Ⅱ. Social Participation (사회 참여),귀하는 다음 사회단체에 대하여 활동 정도가 어떻게 되십니까?,(1) 정당 ➀ ➁ ➂ ➃ ➄,"1=소속된 적이 없다 (Never belonged); 2=과거에 소속, 현재는 아님 (Belonged in past); 3=소속, 활동 안 함 (Member, inactive); 4=소속, 비적극 활동 (Member, occasionally active); 5=소속, 적극 활동 (Active member)",
y2017,q17_1,grp_party,Ⅱ. Social Participation (사회 참여),귀하는 다음 사회단체에 대하여 활동 정도가 어떻게 되십니까?,(1) 정당 ➀ ➁ ➂ ➃ ➄,"1=소속된 적이 없다 (Never belonged); 2=과거에 소속, 현재는 아님 (Belonged in past); 3=소속, 활동 안 함 (Member, inactive); 4=소속, 비적극 활동 (Member, occasionally active); 5=소속, 적극 활동 (Active member)",
y2018,q19_1,grp_party,Ⅱ. Social Participation (사회 참여),귀하는 다음 사회단체에 대하여 활동 정도가 어떻게 되십니까?,(1) 정당 ➀ ➁ ➂ ➃ ➄,"1=소속된 적이 없다 (Never belonged); 2=과거에 소속, 현재는 아님 (Belonged in past); 3=소속, 활동 안 함 (Member, inactive); 4=소속, 비적극 활동 (Member, occasionally active); 5=소속, 적극 활동 (Active member)",
y2019,q19_1,grp_party,Ⅱ. Social Participation (사회 참여),귀하는 다음 사회단체에 대하여 활동 정도가 어떻게 되십니까?,(1) ȸĀ 정당 ➀ ➁ ➂ ➃ ➄,"1=소속된 적이 없다 (Never belonged); 2=과거에 소속, 현재는 아님 (Belonged in past); 3=소속, 활동 안 함 (Member, inactive); 4=소속, 비적극 활동 (Member, occasionally active); 5=소속, 적극 활동 (Active member)",
y2020,q17_1,grp_party,Ⅱ. Social Participation (사회 참여),귀하는 다음 사회단체에 대하여 활동 정도가 어떻게 되십니까?,(1) 정당,"1=소속된 적이 없다 (Never belonged); 2=과거에 소속, 현재는 아님 (Belonged in past); 3=소속, 활동 안 함 (Member, inactive); 4=소속, 비적극 활동 (Member, occasionally active); 5=소속, 적극 활동 (Active member)",
y2021,q17_1,grp_party,Ⅱ. Social Participation (사회 참여),귀하는 다음 사회단체에 대하여 활동 정도가 어떻게 되십니까?,(1) 정당,"1=소속된 적이 없다 (Never belonged); 2=과거에 소속, 현재는 아님 (Belonged in past); 3=소속, 활동 안 함 (Member, inactive); 4=소속, 비적극 활동 (Member, occasionally active); 5=소속, 적극 활동 (Active member)",
y2022,q17_1,grp_party,Ⅱ. Social Participation (사회 참여),귀하는 다음 사회단체에 대하여 활동 정도가 어떻게 되십니까?,(1) 정당,"1=소속된 적이 없다 (Never belonged); 2=과거에 소속, 현재는 아님 (Belonged in past); 3=소속, 활동 안 함 (Member, inactive); 4=소속, 비적극 활동 (Member, occasionally active); 5=소속, 적극 활동 (Active member)",
y2023,q14_1,grp_party,Ⅱ. Social Participation (사회 참여),귀하는 다음 사회단체에 대하여 활동 정도가 어떻게 되십니까?,(1) 정당,"1=소속된 적이 없다 (Never belonged); 2=과거에 소속, 현재는 아님 (Belonged in past); 3=소속, 활동 안 함 (Member, inactive); 4=소속, 비적극 활동 (Member, occasionally active); 5=소속, 적극 활동 (Active member)",
y2024,q14_1,grp_party,Ⅱ. Social Participation (사회 참여),귀하는 다음 사회단체에 대하여 활동 정도가 어떻게 되십니까?,(1) 정당,"1=소속된 적이 없다 (Never belonged); 2=과거에 소속, 현재는 아님 (Belonged in past); 3=소속, 활동 안 함 (Member, inactive); 4=소속, 비적극 활동 (Member, occasionally active); 5=소속, 적극 활동 (Active member)",
y2013,q15_3,grp_religion,,귀하의 사회단체 활동 정도는 어떻습니까? 다음의 각 분야별로 말씀해 주십시오. III. 정치 참여 부문,,"1=소속된 적이 없다 (Never belonged); 2=과거에 소속, 현재는 아님 (Belonged in past); 3=소속, 활동 안 함 (Member, inactive); 4=소속, 비적극 활동 (Member, occasionally active); 5=소속, 적극 활동 (Active member)",
y2014,q15_3,grp_religion,,귀하의 사회단체 활동 정도는 어떻습니까? 다음의 각 분야별로 말씀해 주십시오. III. 정치 참여 부문,,"1=소속된 적이 없다 (Never belonged); 2=과거에 소속, 현재는 아님 (Belonged in past); 3=소속, 활동 안 함 (Member, inactive); 4=소속, 비적극 활동 (Member, occasionally active); 5=소속, 적극 활동 (Active member)",
y2015,q17_3,grp_religion,Ⅱ. Social Participation (사회 참여),귀하는 다음 사회단체에 대하여 활동 정도가 어떻게 되십니까?,(3) 종교단체 ➀ ➁ ➂ ➃ ➄,"1=소속된 적이 없다 (Never belonged); 2=과거에 소속, 현재는 아님 (Belonged in past); 3=소속, 활동 안 함 (Member, inactive); 4=소속, 비적극 활동 (Member, occasionally active); 5=소속, 적극 활동 (Active member)",
y2016,q17_3,grp_religion,Ⅱ. Social Participation (사회 참여),귀하는 다음 사회단체에 대하여 활동 정도가 어떻게 되십니까?,(3) 종교단체 ➀ ➁ ➂ ➃ ➄,"1=소속된 적이 없다 (Never belonged); 2=과거에 소속, 현재는 아님 (Belonged in past); 3=소속, 활동 안 함 (Member, inactive); 4=소속, 비적극 활동 (Member, occasionally active); 5=소속, 적극 활동 (Active member)",
y2017,q17_3,grp_religion,Ⅱ. Social Participation (사회 참여),귀하는 다음 사회단체에 대하여 활동 정도가 어떻게 되십니까?,(3) 종교단체 ➀ ➁ ➂ ➃ ➄,"1=소속된 적이 없다 (Never belonged); 2=과거에 소속, 현재는 아님 (Belonged in past); 3=소속, 활동 안 함 (Member, inactive); 4=소속, 비적극 활동 (Member, occasionally active); 5=소속, 적극 활동 (Active member)",
y2018,q19_3,grp_religion,Ⅱ. Social Participation (사회 참여),귀하는 다음 사회단체에 대하여 활동 정도가 어떻게 되십니까?,(3) 종교단체 ➀ ➁ ➂ ➃ ➄,"1=소속된 적이 없다 (Never belonged); 2=과거에 소속, 현재는 아님 (Belonged in past); 3=소속, 활동 안 함 (Member, inactive); 4=소속, 비적극 활동 (Member, occasionally active); 5=소속, 적극 활동 (Active member)",
y2019,q19_3,grp_religion,Ⅱ. Social Participation (사회 참여),귀하는 다음 사회단체에 대하여 활동 정도가 어떻게 되십니까?,(3) ȸĀ 종교단체 ➀ ➁ ➂ ➃ ➄,"1=소속된 적이 없다 (Never belonged); 2=과거에 소속, 현재는 아님 (Belonged in past); 3=소속, 활동 안 함 (Member, inactive); 4=소속, 비적극 활동 (Member, occasionally active); 5=소속, 적극 활동 (Active member)",
y2020,q17_3,grp_religion,Ⅱ. Social Participation (사회 참여),귀하는 다음 사회단체에 대하여 활동 정도가 어떻게 되십니까?,(3) 종교단체,"1=소속된 적이 없다 (Never belonged); 2=과거에 소속, 현재는 아님 (Belonged in past); 3=소속, 활동 안 함 (Member, inactive); 4=소속, 비적극 활동 (Member, occasionally active); 5=소속, 적극 활동 (Active member)",
y2021,q17_3,grp_religion,Ⅱ. Social Participation (사회 참여),귀하는 다음 사회단체에 대하여 활동 정도가 어떻게 되십니까?,(3) 종교단체,"1=소속된 적이 없다 (Never belonged); 2=과거에 소속, 현재는 아님 (Belonged in past); 3=소속, 활동 안 함 (Member, inactive); 4=소속, 비적극 활동 (Member, occasionally active); 5=소속, 적극 활동 (Active member)",
y2022,q17_3,grp_religion,Ⅱ. Social Participation (사회 참여),귀하는 다음 사회단체에 대하여 활동 정도가 어떻게 되십니까?,(3) 종교단체,"1=소속된 적이 없다 (Never belonged); 2=과거에 소속, 현재는 아님 (Belonged in past); 3=소속, 활동 안 함 (Member, inactive); 4=소속, 비적극 활동 (Member, occasionally active); 5=소속, 적극 활동 (Active member)",
y2023,q14_3,grp_religion,Ⅱ. Social Participation (사회 참여),귀하는 다음 사회단체에 대하여 활동 정도가 어떻게 되십니까?,(3) 종교단체,"1=소속된 적이 없다 (Never belonged); 2=과거에 소속, 현재는 아님 (Belonged in past); 3=소속, 활동 안 함 (Member, inactive); 4=소속, 비적극 활동 (Member, occasionally active); 5=소속, 적극 활동 (Active member)",
y2024,q14_3,grp_religion,Ⅱ. Social Participation (사회 참여),귀하는 다음 사회단체에 대하여 활동 정도가 어떻게 되십니까?,(3) 종교단체,"1=소속된 적이 없다 (Never belonged); 2=과거에 소속, 현재는 아님 (Belonged in past); 3=소속, 활동 안 함 (Member, inactive); 4=소속, 비적극 활동 (Member, occasionally active); 5=소속, 적극 활동 (Active member)",
y2015,q17_9,grp_social_econ,Ⅱ. Social Participation (사회 참여),귀하는 다음 사회단체에 대하여 활동 정도가 어떻게 되십니까?,"(9) 사회적 경제조직 σĀ (사회적 기업, 협동조합, 마을기업 등) ➀ ➁ ➂ ➃ ➄","1=소속된 적이 없다 (Never belonged); 2=과거에 소속, 현재는 아님 (Belonged in past); 3=소속, 활동 안 함 (Member, inactive); 4=소속, 비적극 활동 (Member, occasionally active); 5=소속, 적극 활동 (Active member)",
y2016,q17_9,grp_social_econ,Ⅱ. Social Participation (사회 참여),귀하는 다음 사회단체에 대하여 활동 정도가 어떻게 되십니까?,"(9) 사회적 경제조직 σĀ (사회적 기업, 협동조합, 마을기업 등) ➀ ➁ ➂ ➃ ➄","1=소속된 적이 없다 (Never belonged); 2=과거에 소속, 현재는 아님 (Belonged in past); 3=소속, 활동 안 함 (Member, inactive); 4=소속, 비적극 활동 (Member, occasionally active); 5=소속, 적극 활동 (Active member)",
y2017,q17_9,grp_social_econ,Ⅱ. Social Participation (사회 참여),귀하는 다음 사회단체에 대하여 활동 정도가 어떻게 되십니까?,"(9) 사회적 경제조직 σĀ (사회적 기업, 협동조합, 마을기업 등) ➀ ➁ ➂ ➃ ➄","1=소속된 적이 없다 (Never belonged); 2=과거에 소속, 현재는 아님 (Belonged in past); 3=소속, 활동 안 함 (Member, inactive); 4=소속, 비적극 활동 (Member, occasionally active); 5=소속, 적극 활동 (Active member)",
y2018,q19_9,grp_social_econ,Ⅱ. Social Participation (사회 참여),귀하는 다음 사회단체에 대하여 활동 정도가 어떻게 되십니까?,"(9) 사회적 경제조직 σĀ (사회적 기업, 협동조합, 마을기업 등) ➀ ➁ ➂ ➃ ➄","1=소속된 적이 없다 (Never belonged); 2=과거에 소속, 현재는 아님 (Belonged in past); 3=소속, 활동 안 함 (Member, inactive); 4=소속, 비적극 활동 (Member, occasionally active); 5=소속, 적극 활동 (Active member)",
y2019,q19_9,grp_social_econ,Ⅱ. Social Participation (사회 참여),귀하는 다음 사회단체에 대하여 활동 정도가 어떻게 되십니까?,"(9) ȸĀ 사회적 경제조직(사회적 기업, 협동조합, 마을기업 등) ➀ ➁ ➂ ➃ ➄","1=소속된 적이 없다 (Never belonged); 2=과거에 소속, 현재는 아님 (Belonged in past); 3=소속, 활동 안 함 (Member, inactive); 4=소속, 비적극 활동 (Member, occasionally active); 5=소속, 적극 활동 (Active member)",
y2020,q17_9,grp_social_econ,Ⅱ. Social Participation (사회 참여),귀하는 다음 사회단체에 대하여 활동 정도가 어떻게 되십니까?,"(9) 사회적 경제조직 (사회적 기업, 협동조합, 마을기업 등)","1=소속된 적이 없다 (Never belonged); 2=과거에 소속, 현재는 아님 (Belonged in past); 3=소속, 활동 안 함 (Member, inactive); 4=소속, 비적극 활동 (Member, occasionally active); 5=소속, 적극 활동 (Active member)",
y2021,q17_9,grp_social_econ,Ⅱ. Social Participation (사회 참여),귀하는 다음 사회단체에 대하여 활동 정도가 어떻게 되십니까?,"(9) 사회적 경제조직 (사회적 기업, 협동조합, 마을기업 등)","1=소속된 적이 없다 (Never belonged); 2=과거에 소속, 현재는 아님 (Belonged in past); 3=소속, 활동 안 함 (Member, inactive); 4=소속, 비적극 활동 (Member, occasionally active); 5=소속, 적극 활동 (Active member)",
y2022,q17_9,grp_social_econ,Ⅱ. Social Participation (사회 참여),귀하는 다음 사회단체에 대하여 활동 정도가 어떻게 되십니까?,"(9) 사회적 경제조직 (사회적 기업, 협동조합, 마을기업 등)","1=소속된 적이 없다 (Never belonged); 2=과거에 소속, 현재는 아님 (Belonged in past); 3=소속, 활동 안 함 (Member, inactive); 4=소속, 비적극 활동 (Member, occasionally active); 5=소속, 적극 활동 (Active member)",
y2023,q14_9,grp_social_econ,Ⅱ. Social Participation (사회 참여),귀하는 다음 사회단체에 대하여 활동 정도가 어떻게 되십니까?,"(9) 사회적 경제조직 (사회적 기업, 협동조합, 마을기업 등)","1=소속된 적이 없다 (Never belonged); 2=과거에 소속, 현재는 아님 (Belonged in past); 3=소속, 활동 안 함 (Member, inactive); 4=소속, 비적극 활동 (Member, occasionally active); 5=소속, 적극 활동 (Active member)",
y2024,q14_9,grp_social_econ,Ⅱ. Social Participation (사회 참여),귀하는 다음 사회단체에 대하여 활동 정도가 어떻게 되십니까?,"(9) 사회적 경제조직 (사회적 기업, 협동조합, 마을기업 등)","1=소속된 적이 없다 (Never belonged); 2=과거에 소속, 현재는 아님 (Belonged in past); 3=소속, 활동 안 함 (Member, inactive); 4=소속, 비적극 활동 (Member, occasionally active); 5=소속, 적극 활동 (Active member)",
y2015,q17_8,grp_volunteer,Ⅱ. Social Participation (사회 참여),귀하는 다음 사회단체에 대하여 활동 정도가 어떻게 되십니까?,(8) 자원봉사 또는 기부단체 ➀ ➁ ➂ ➃ ➄,"1=소속된 적이 없다 (Never belonged); 2=과거에 소속, 현재는 아님 (Belonged in past); 3=소속, 활동 안 함 (Member, inactive); 4=소속, 비적극 활동 (Member, occasionally active); 5=소속, 적극 활동 (Active member)",
y2016,q17_8,grp_volunteer,Ⅱ. Social Participation (사회 참여),귀하는 다음 사회단체에 대하여 활동 정도가 어떻게 되십니까?,(8) 자원봉사 또는 기부단체 ➀ ➁ ➂ ➃ ➄,"1=소속된 적이 없다 (Never belonged); 2=과거에 소속, 현재는 아님 (Belonged in past); 3=소속, 활동 안 함 (Member, inactive); 4=소속, 비적극 활동 (Member, occasionally active); 5=소속, 적극 활동 (Active member)",
y2017,q17_8,grp_volunteer,Ⅱ. Social Participation (사회 참여),귀하는 다음 사회단체에 대하여 활동 정도가 어떻게 되십니까?,(8) 자원봉사 또는 기부단체 ➀ ➁ ➂ ➃ ➄,"1=소속된 적이 없다 (Never belonged); 2=과거에 소속, 현재는 아님 (Belonged in past); 3=소속, 활동 안 함 (Member, inactive); 4=소속, 비적극 활동 (Member, occasionally active); 5=소속, 적극 활동 (Active member)",
y2018,q19_8,grp_volunteer,Ⅱ. Social Participation (사회 참여),귀하는 다음 사회단체에 대하여 활동 정도가 어떻게 되십니까?,(8) 자원봉사 또는 기부단체 ➀ ➁ ➂ ➃ ➄,"1=소속된 적이 없다 (Never belonged); 2=과거에 소속, 현재는 아님 (Belonged in past); 3=소속, 활동 안 함 (Member, inactive); 4=소속, 비적극 활동 (Member, occasionally active); 5=소속, 적극 활동 (Active member)",
y2019,q19_8,grp_volunteer,Ⅱ. Social Participation (사회 참여),귀하는 다음 사회단체에 대하여 활동 정도가 어떻게 되십니까?,(8) ȸĀ 자원봉사 또는 기부단체 ➀ ➁ ➂ ➃ ➄,"1=소속된 적이 없다 (Never belonged); 2=과거에 소속, 현재는 아님 (Belonged in past); 3=소속, 활동 안 함 (Member, inactive); 4=소속, 비적극 활동 (Member, occasionally active); 5=소속, 적극 활동 (Active member)",
y2020,q17_8,grp_volunteer,Ⅱ. Social Participation (사회 참여),귀하는 다음 사회단체에 대하여 활동 정도가 어떻게 되십니까?,(8) 자원봉사 또는 기부단체,"1=소속된 적이 없다 (Never belonged); 2=과거에 소속, 현재는 아님 (Belonged in past); 3=소속, 활동 안 함 (Member, inactive); 4=소속, 비적극 활동 (Member, occasionally active); 5=소속, 적극 활동 (Active member)",
y2021,q17_8,grp_volunteer,Ⅱ. Social Participation (사회 참여),귀하는 다음 사회단체에 대하여 활동 정도가 어떻게 되십니까?,(8) 자원봉사 또는 기부단체,"1=소속된 적이 없다 (Never belonged); 2=과거에 소속, 현재는 아님 (Belonged in past); 3=소속, 활동 안 함 (Member, inactive); 4=소속, 비적극 활동 (Member, occasionally active); 5=소속, 적극 활동 (Active member)",
y2022,q17_8,grp_volunteer,Ⅱ. Social Participation (사회 참여),귀하는 다음 사회단체에 대하여 활동 정도가 어떻게 되십니까?,(8) 자원봉사 또는 기부단체,"1=소속된 적이 없다 (Never belonged); 2=과거에 소속, 현재는 아님 (Belonged in past); 3=소속, 활동 안 함 (Member, inactive); 4=소속, 비적극 활동 (Member, occasionally active); 5=소속, 적극 활동 (Active member)",
y2023,q14_8,grp_volunteer,Ⅱ. Social Participation (사회 참여),귀하는 다음 사회단체에 대하여 활동 정도가 어떻게 되십니까?,(8) 자원봉사 또는 기부단체,"1=소속된 적이 없다 (Never belonged); 2=과거에 소속, 현재는 아님 (Belonged in past); 3=소속, 활동 안 함 (Member, inactive); 4=소속, 비적극 활동 (Member, occasionally active); 5=소속, 적극 활동 (Active member)",
y2024,q14_8,grp_volunteer,Ⅱ. Social Participation (사회 참여),귀하는 다음 사회단체에 대하여 활동 정도가 어떻게 되십니까?,(8) 자원봉사 또는 기부단체,"1=소속된 적이 없다 (Never belonged); 2=과거에 소속, 현재는 아님 (Belonged in past); 3=소속, 활동 안 함 (Member, inactive); 4=소속, 비적극 활동 (Member, occasionally active); 5=소속, 적극 활동 (Active member)",
y2013,q31_1,honesty_central_govt,,"귀하는 다음 기관들이 얼마나 청렴하다고 생각하십니까? 기 관 전혀 그렇지 않다 별로 그렇지 않다 약간 그렇다 매우 그렇다 1 행정기관(중앙정부 부처, 지방자치단체)은 모든 사람들에게 공정한 행정서비스를 제공한다",,1=전혀 청렴하지 않다 (Not at all); 2=별로 청렴하지 않다 (Not much); 3=약간 청렴하다 (Somewhat); 4=매우 청렴하다 (Very much),
y2014,q31_1,honesty_central_govt,,"귀하는 다음 기관들이 얼마나 청렴하다고 생각하십니까? VI. 공정성 부문 기 관 전혀 그렇지 않다 별로 그렇지 않다 약간 그렇다 매우 그렇다 1 행정기관(중앙정부 부처, 지방자치단체)은 모든 사람들에게 공정한 행정서비스를 제공한다",,1=전혀 청렴하지 않다 (Not at all); 2=별로 청렴하지 않다 (Not much); 3=약간 청렴하다 (Somewhat); 4=매우 청렴하다 (Very much),
y2015,q33_1,honesty_central_govt,Ⅴ. Social Trust (사회적 신뢰),귀하는 다음 기관들이 얼마나 청렴하다고 생각하십니까?,(1) 중앙정부 부처 ➀ ➁ ➂ ➃,1=전혀 청렴하지 않다 (Not at all); 2=별로 청렴하지 않다 (Not much); 3=약간 청렴하다 (Somewhat); 4=매우 청렴하다 (Very much),
y2016,q34_1,honesty_central_govt,Ⅴ. Social Trust (사회적 신뢰),귀하는 다음 기관들이 얼마나 청렴하다고 생각하십니까?,(1) 중앙정부 부처 ➀ ➁ ➂ ➃,1=전혀 청렴하지 않다 (Not at all); 2=별로 청렴하지 않다 (Not much); 3=약간 청렴하다 (Somewhat); 4=매우 청렴하다 (Very much),
y2017,q33_1,honesty_central_govt,Ⅴ. Social Trust (사회적 신뢰),귀하는 다음 기관들이 얼마나 청렴하다고 생각하십니까?,(1) 중앙정부 부처 ➀ ➁ ➂ ➃,1=전혀 청렴하지 않다 (Not at all); 2=별로 청렴하지 않다 (Not much); 3=약간 청렴하다 (Somewhat); 4=매우 청렴하다 (Very much),
y2018,q36_1,honesty_central_govt,Ⅴ. Social Trust (사회적 신뢰),귀하는 다음 기관들이 얼마나 청렴하다고 생각하십니까?,(1) 중앙정부 부처 ➀ ➁ ➂ ➃,1=전혀 청렴하지 않다 (Not at all); 2=별로 청렴하지 않다 (Not much); 3=약간 청렴하다 (Somewhat); 4=매우 청렴하다 (Very much),
y2019,q36_1,honesty_central_govt,Ⅴ. Social Trust (사회적 신뢰),귀하는 다음 기관들이 얼마나 청렴하다고 생각하십니까?,(1) ȸĀ 중앙정부 부처 ➀ ➁ ➂ ➃,1=전혀 청렴하지 않다 (Not at all); 2=별로 청렴하지 않다 (Not much); 3=약간 청렴하다 (Somewhat); 4=매우 청렴하다 (Very much),
y2020,q34_1,honesty_central_govt,Ⅴ. Social Trust (사회적 신뢰),귀하는 다음 기관들이 얼마나 청렴하다고 생각하십니까?,(1) 중앙정부 부처,1=전혀 청렴하지 않다 (Not at all); 2=별로 청렴하지 않다 (Not much); 3=약간 청렴하다 (Somewhat); 4=매우 청렴하다 (Very much),
y2021,q36_1,honesty_central_govt,Ⅴ. Social Trust (사회적 신뢰),귀하는 다음 기관들이 얼마나 청렴하다고 생각하십니까?,(1) 중앙정부 부처,1=전혀 청렴하지 않다 (Not at all); 2=별로 청렴하지 않다 (Not much); 3=약간 청렴하다 (Somewhat); 4=매우 청렴하다 (Very much),
y2022,q36_1,honesty_central_govt,Ⅴ. Social Trust (사회적 신뢰),귀하는 다음 기관들이 얼마나 청렴하다고 생각하십니까?,(1) 중앙정부 부처,1=전혀 청렴하지 않다 (Not at all); 2=별로 청렴하지 않다 (Not much); 3=약간 청렴하다 (Somewhat); 4=매우 청렴하다 (Very much),
y2023,q31_1,honesty_central_govt,Ⅳ. Social Communication (사회적 소통),귀하는 다음 기관들이 얼마나 청렴하다고 생각하십니까?,(1) 중앙정부 부처,1=전혀 청렴하지 않다 (Not at all); 2=별로 청렴하지 않다 (Not much); 3=약간 청렴하다 (Somewhat); 4=매우 청렴하다 (Very much),
y2024,q32_1,honesty_central_govt,Ⅳ. Social Communication (사회적 소통),귀하는 다음 기관들이 얼마나 청렴하다고 생각하십니까?,(1) 중앙정부 부처,1=전혀 청렴하지 않다 (Not at all); 2=별로 청렴하지 않다 (Not much); 3=약간 청렴하다 (Somewhat); 4=매우 청렴하다 (Very much),
y2013,q31_9,honesty_civic_orgs,,"귀하는 다음 기관들이 얼마나 청렴하다고 생각하십니까? 기 관 전혀 그렇지 않다 별로 그렇지 않다 약간 그렇다 매우 그렇다 1 행정기관(중앙정부 부처, 지방자치단체)은 모든 사람들에게 공정한 행정서비스를 제공한다",,1=전혀 청렴하지 않다 (Not at all); 2=별로 청렴하지 않다 (Not much); 3=약간 청렴하다 (Somewhat); 4=매우 청렴하다 (Very much),
y2014,q31_9,honesty_civic_orgs,,"귀하는 다음 기관들이 얼마나 청렴하다고 생각하십니까? VI. 공정성 부문 기 관 전혀 그렇지 않다 별로 그렇지 않다 약간 그렇다 매우 그렇다 1 행정기관(중앙정부 부처, 지방자치단체)은 모든 사람들에게 공정한 행정서비스를 제공한다",,1=전혀 청렴하지 않다 (Not at all); 2=별로 청렴하지 않다 (Not much); 3=약간 청렴하다 (Somewhat); 4=매우 청렴하다 (Very much),
y2015,q33_9,honesty_civic_orgs,Ⅴ. Social Trust (사회적 신뢰),귀하는 다음 기관들이 얼마나 청렴하다고 생각하십니까?,(9) 시민단체 ➀ ➁ ➂ ➃,1=전혀 청렴하지 않다 (Not at all); 2=별로 청렴하지 않다 (Not much); 3=약간 청렴하다 (Somewhat); 4=매우 청렴하다 (Very much),
y2016,q34_10,honesty_civic_orgs,Ⅴ. Social Trust (사회적 신뢰),귀하는 다음 기관들이 얼마나 청렴하다고 생각하십니까?,(10) 시민단체 ➀ ➁ ➂ ➃,1=전혀 청렴하지 않다 (Not at all); 2=별로 청렴하지 않다 (Not much); 3=약간 청렴하다 (Somewhat); 4=매우 청렴하다 (Very much),
y2017,q33_10,honesty_civic_orgs,Ⅴ. Social Trust (사회적 신뢰),귀하는 다음 기관들이 얼마나 청렴하다고 생각하십니까?,(10) 시민단체 ➀ ➁ ➂ ➃,1=전혀 청렴하지 않다 (Not at all); 2=별로 청렴하지 않다 (Not much); 3=약간 청렴하다 (Somewhat); 4=매우 청렴하다 (Very much),
y2018,q36_10,honesty_civic_orgs,Ⅴ. Social Trust (사회적 신뢰),귀하는 다음 기관들이 얼마나 청렴하다고 생각하십니까?,(10) 시민단체 ➀ ➁ ➂ ➃,1=전혀 청렴하지 않다 (Not at all); 2=별로 청렴하지 않다 (Not much); 3=약간 청렴하다 (Somewhat); 4=매우 청렴하다 (Very much),
y2019,q36_10,honesty_civic_orgs,Ⅴ. Social Trust (사회적 신뢰),귀하는 다음 기관들이 얼마나 청렴하다고 생각하십니까?,(10) 시민단체 ➀ ➁ ➂ ➃,1=전혀 청렴하지 않다 (Not at all); 2=별로 청렴하지 않다 (Not much); 3=약간 청렴하다 (Somewhat); 4=매우 청렴하다 (Very much),
y2020,q34_10,honesty_civic_orgs,Ⅴ. Social Trust (사회적 신뢰),귀하는 다음 기관들이 얼마나 청렴하다고 생각하십니까?,(10) 시민단체,1=전혀 청렴하지 않다 (Not at all); 2=별로 청렴하지 않다 (Not much); 3=약간 청렴하다 (Somewhat); 4=매우 청렴하다 (Very much),
y2021,q36_10,honesty_civic_orgs,Ⅴ. Social Trust (사회적 신뢰),귀하는 다음 기관들이 얼마나 청렴하다고 생각하십니까?,(10) 시민단체,1=전혀 청렴하지 않다 (Not at all); 2=별로 청렴하지 않다 (Not much); 3=약간 청렴하다 (Somewhat); 4=매우 청렴하다 (Very much),
y2022,q36_10,honesty_civic_orgs,Ⅴ. Social Trust (사회적 신뢰),귀하는 다음 기관들이 얼마나 청렴하다고 생각하십니까?,(10) 시민단체,1=전혀 청렴하지 않다 (Not at all); 2=별로 청렴하지 않다 (Not much); 3=약간 청렴하다 (Somewhat); 4=매우 청렴하다 (Very much),
y2023,q31_10,honesty_civic_orgs,Ⅳ. Social Communication (사회적 소통),귀하는 다음 기관들이 얼마나 청렴하다고 생각하십니까?,(10) 시민단체,1=전혀 청렴하지 않다 (Not at all); 2=별로 청렴하지 않다 (Not much); 3=약간 청렴하다 (Somewhat); 4=매우 청렴하다 (Very much),
y2024,q32_10,honesty_civic_orgs,Ⅳ. Social Communication (사회적 소통),귀하는 다음 기관들이 얼마나 청렴하다고 생각하십니까?,(10) 시민단체,1=전혀 청렴하지 않다 (Not at all); 2=별로 청렴하지 않다 (Not much); 3=약간 청렴하다 (Somewhat); 4=매우 청렴하다 (Very much),
y2013,q31_3,honesty_courts,,"귀하는 다음 기관들이 얼마나 청렴하다고 생각하십니까? 기 관 전혀 그렇지 않다 별로 그렇지 않다 약간 그렇다 매우 그렇다 1 행정기관(중앙정부 부처, 지방자치단체)은 모든 사람들에게 공정한 행정서비스를 제공한다",,1=전혀 청렴하지 않다 (Not at all); 2=별로 청렴하지 않다 (Not much); 3=약간 청렴하다 (Somewhat); 4=매우 청렴하다 (Very much),
y2014,q31_3,honesty_courts,,"귀하는 다음 기관들이 얼마나 청렴하다고 생각하십니까? VI. 공정성 부문 기 관 전혀 그렇지 않다 별로 그렇지 않다 약간 그렇다 매우 그렇다 1 행정기관(중앙정부 부처, 지방자치단체)은 모든 사람들에게 공정한 행정서비스를 제공한다",,1=전혀 청렴하지 않다 (Not at all); 2=별로 청렴하지 않다 (Not much); 3=약간 청렴하다 (Somewhat); 4=매우 청렴하다 (Very much),
y2015,q33_3,honesty_courts,Ⅴ. Social Trust (사회적 신뢰),귀하는 다음 기관들이 얼마나 청렴하다고 생각하십니까?,(3) 법원 ➀ ➁ ➂ ➃,1=전혀 청렴하지 않다 (Not at all); 2=별로 청렴하지 않다 (Not much); 3=약간 청렴하다 (Somewhat); 4=매우 청렴하다 (Very much),
y2016,q34_3,honesty_courts,Ⅴ. Social Trust (사회적 신뢰),귀하는 다음 기관들이 얼마나 청렴하다고 생각하십니까?,(3) 법원 ➀ ➁ ➂ ➃,1=전혀 청렴하지 않다 (Not at all); 2=별로 청렴하지 않다 (Not much); 3=약간 청렴하다 (Somewhat); 4=매우 청렴하다 (Very much),
y2017,q33_3,honesty_courts,Ⅴ. Social Trust (사회적 신뢰),귀하는 다음 기관들이 얼마나 청렴하다고 생각하십니까?,(3) 법원 ➀ ➁ ➂ ➃,1=전혀 청렴하지 않다 (Not at all); 2=별로 청렴하지 않다 (Not much); 3=약간 청렴하다 (Somewhat); 4=매우 청렴하다 (Very much),
y2018,q36_3,honesty_courts,Ⅴ. Social Trust (사회적 신뢰),귀하는 다음 기관들이 얼마나 청렴하다고 생각하십니까?,(3) 법원 ➀ ➁ ➂ ➃,1=전혀 청렴하지 않다 (Not at all); 2=별로 청렴하지 않다 (Not much); 3=약간 청렴하다 (Somewhat); 4=매우 청렴하다 (Very much),
y2019,q36_3,honesty_courts,Ⅴ. Social Trust (사회적 신뢰),귀하는 다음 기관들이 얼마나 청렴하다고 생각하십니까?,(3) ȸĀ 법원 ➀ ➁ ➂ ➃,1=전혀 청렴하지 않다 (Not at all); 2=별로 청렴하지 않다 (Not much); 3=약간 청렴하다 (Somewhat); 4=매우 청렴하다 (Very much),
y2020,q34_3,honesty_courts,Ⅴ. Social Trust (사회적 신뢰),귀하는 다음 기관들이 얼마나 청렴하다고 생각하십니까?,(3) 법원,1=전혀 청렴하지 않다 (Not at all); 2=별로 청렴하지 않다 (Not much); 3=약간 청렴하다 (Somewhat); 4=매우 청렴하다 (Very much),
y2021,q36_3,honesty_courts,Ⅴ. Social Trust (사회적 신뢰),귀하는 다음 기관들이 얼마나 청렴하다고 생각하십니까?,(3) 법원,1=전혀 청렴하지 않다 (Not at all); 2=별로 청렴하지 않다 (Not much); 3=약간 청렴하다 (Somewhat); 4=매우 청렴하다 (Very much),
y2022,q36_3,honesty_courts,Ⅴ. Social Trust (사회적 신뢰),귀하는 다음 기관들이 얼마나 청렴하다고 생각하십니까?,(3) 법원,1=전혀 청렴하지 않다 (Not at all); 2=별로 청렴하지 않다 (Not much); 3=약간 청렴하다 (Somewhat); 4=매우 청렴하다 (Very much),
y2023,q31_3,honesty_courts,Ⅳ. Social Communication (사회적 소통),귀하는 다음 기관들이 얼마나 청렴하다고 생각하십니까?,(3) 법원,1=전혀 청렴하지 않다 (Not at all); 2=별로 청렴하지 않다 (Not much); 3=약간 청렴하다 (Somewhat); 4=매우 청렴하다 (Very much),
y2024,q32_3,honesty_courts,Ⅳ. Social Communication (사회적 소통),귀하는 다음 기관들이 얼마나 청렴하다고 생각하십니까?,(3) 법원,1=전혀 청렴하지 않다 (Not at all); 2=별로 청렴하지 않다 (Not much); 3=약간 청렴하다 (Somewhat); 4=매우 청렴하다 (Very much),
y2013,q31_12,honesty_education,,"귀하는 다음 기관들이 얼마나 청렴하다고 생각하십니까? 기 관 전혀 그렇지 않다 별로 그렇지 않다 약간 그렇다 매우 그렇다 1 행정기관(중앙정부 부처, 지방자치단체)은 모든 사람들에게 공정한 행정서비스를 제공한다",,1=전혀 청렴하지 않다 (Not at all); 2=별로 청렴하지 않다 (Not much); 3=약간 청렴하다 (Somewhat); 4=매우 청렴하다 (Very much),
y2014,q31_12,honesty_education,,"귀하는 다음 기관들이 얼마나 청렴하다고 생각하십니까? VI. 공정성 부문 기 관 전혀 그렇지 않다 별로 그렇지 않다 약간 그렇다 매우 그렇다 1 행정기관(중앙정부 부처, 지방자치단체)은 모든 사람들에게 공정한 행정서비스를 제공한다",,1=전혀 청렴하지 않다 (Not at all); 2=별로 청렴하지 않다 (Not much); 3=약간 청렴하다 (Somewhat); 4=매우 청렴하다 (Very much),
y2015,q33_12,honesty_education,Ⅴ. Social Trust (사회적 신뢰),귀하는 다음 기관들이 얼마나 청렴하다고 생각하십니까?,(12) 교육계(대학 등) ➀ ➁ ➂ ➃,1=전혀 청렴하지 않다 (Not at all); 2=별로 청렴하지 않다 (Not much); 3=약간 청렴하다 (Somewhat); 4=매우 청렴하다 (Very much),
y2016,q34_13,honesty_education,Ⅴ. Social Trust (사회적 신뢰),귀하는 다음 기관들이 얼마나 청렴하다고 생각하십니까?,(13) 교육기관 ➀ ➁ ➂ ➃,1=전혀 청렴하지 않다 (Not at all); 2=별로 청렴하지 않다 (Not much); 3=약간 청렴하다 (Somewhat); 4=매우 청렴하다 (Very much),
y2017,q33_13,honesty_education,Ⅴ. Social Trust (사회적 신뢰),귀하는 다음 기관들이 얼마나 청렴하다고 생각하십니까?,(13) 교육기관 ➀ ➁ ➂ ➃,1=전혀 청렴하지 않다 (Not at all); 2=별로 청렴하지 않다 (Not much); 3=약간 청렴하다 (Somewhat); 4=매우 청렴하다 (Very much),
y2018,q36_13,honesty_education,Ⅴ. Social Trust (사회적 신뢰),귀하는 다음 기관들이 얼마나 청렴하다고 생각하십니까?,(13) 교육기관 ➀ ➁ ➂ ➃,1=전혀 청렴하지 않다 (Not at all); 2=별로 청렴하지 않다 (Not much); 3=약간 청렴하다 (Somewhat); 4=매우 청렴하다 (Very much),
y2019,q36_13,honesty_education,Ⅴ. Social Trust (사회적 신뢰),귀하는 다음 기관들이 얼마나 청렴하다고 생각하십니까?,(13) 교육기관 ➀ ➁ ➂ ➃,1=전혀 청렴하지 않다 (Not at all); 2=별로 청렴하지 않다 (Not much); 3=약간 청렴하다 (Somewhat); 4=매우 청렴하다 (Very much),
y2020,q34_13,honesty_education,Ⅴ. Social Trust (사회적 신뢰),귀하는 다음 기관들이 얼마나 청렴하다고 생각하십니까?,(13) 교육기관,1=전혀 청렴하지 않다 (Not at all); 2=별로 청렴하지 않다 (Not much); 3=약간 청렴하다 (Somewhat); 4=매우 청렴하다 (Very much),
y2021,q36_13,honesty_education,Ⅴ. Social Trust (사회적 신뢰),귀하는 다음 기관들이 얼마나 청렴하다고 생각하십니까?,(13) 교육기관,1=전혀 청렴하지 않다 (Not at all); 2=별로 청렴하지 않다 (Not much); 3=약간 청렴하다 (Somewhat); 4=매우 청렴하다 (Very much),
y2022,q36_13,honesty_education,Ⅴ. Social Trust (사회적 신뢰),귀하는 다음 기관들이 얼마나 청렴하다고 생각하십니까?,(13) 교육기관,1=전혀 청렴하지 않다 (Not at all); 2=별로 청렴하지 않다 (Not much); 3=약간 청렴하다 (Somewhat); 4=매우 청렴하다 (Very much),
y2023,q31_13,honesty_education,Ⅳ. Social Communication (사회적 소통),귀하는 다음 기관들이 얼마나 청렴하다고 생각하십니까?,(13) 교육기관,1=전혀 청렴하지 않다 (Not at all); 2=별로 청렴하지 않다 (Not much); 3=약간 청렴하다 (Somewhat); 4=매우 청렴하다 (Very much),
y2024,q32_13,honesty_education,Ⅳ. Social Communication (사회적 소통),귀하는 다음 기관들이 얼마나 청렴하다고 생각하십니까?,(13) 교육기관,1=전혀 청렴하지 않다 (Not at all); 2=별로 청렴하지 않다 (Not much); 3=약간 청렴하다 (Somewhat); 4=매우 청렴하다 (Very much),
y2013,q31_16,honesty_financial,,"귀하는 다음 기관들이 얼마나 청렴하다고 생각하십니까? 기 관 전혀 그렇지 않다 별로 그렇지 않다 약간 그렇다 매우 그렇다 1 행정기관(중앙정부 부처, 지방자치단체)은 모든 사람들에게 공정한 행정서비스를 제공한다",,1=전혀 청렴하지 않다 (Not at all); 2=별로 청렴하지 않다 (Not much); 3=약간 청렴하다 (Somewhat); 4=매우 청렴하다 (Very much),
y2014,q31_16,honesty_financial,,"귀하는 다음 기관들이 얼마나 청렴하다고 생각하십니까? VI. 공정성 부문 기 관 전혀 그렇지 않다 별로 그렇지 않다 약간 그렇다 매우 그렇다 1 행정기관(중앙정부 부처, 지방자치단체)은 모든 사람들에게 공정한 행정서비스를 제공한다",,1=전혀 청렴하지 않다 (Not at all); 2=별로 청렴하지 않다 (Not much); 3=약간 청렴하다 (Somewhat); 4=매우 청렴하다 (Very much),
y2015,q33_16,honesty_financial,Ⅴ. Social Trust (사회적 신뢰),귀하는 다음 기관들이 얼마나 청렴하다고 생각하십니까?,(16) 금융기관(은행 등) ➀ ➁ ➂ ➃,1=전혀 청렴하지 않다 (Not at all); 2=별로 청렴하지 않다 (Not much); 3=약간 청렴하다 (Somewhat); 4=매우 청렴하다 (Very much),
y2016,q34_17,honesty_financial,Ⅴ. Social Trust (사회적 신뢰),귀하는 다음 기관들이 얼마나 청렴하다고 생각하십니까?,(17) 금융기관 ➀ ➁ ➂ ➃,1=전혀 청렴하지 않다 (Not at all); 2=별로 청렴하지 않다 (Not much); 3=약간 청렴하다 (Somewhat); 4=매우 청렴하다 (Very much),
y2017,q33_17,honesty_financial,Ⅴ. Social Trust (사회적 신뢰),귀하는 다음 기관들이 얼마나 청렴하다고 생각하십니까?,(17) 금융기관 ➀ ➁ ➂ ➃,1=전혀 청렴하지 않다 (Not at all); 2=별로 청렴하지 않다 (Not much); 3=약간 청렴하다 (Somewhat); 4=매우 청렴하다 (Very much),
y2018,q36_17,honesty_financial,Ⅴ. Social Trust (사회적 신뢰),귀하는 다음 기관들이 얼마나 청렴하다고 생각하십니까?,(17) 금융기관 ➀ ➁ ➂ ➃,1=전혀 청렴하지 않다 (Not at all); 2=별로 청렴하지 않다 (Not much); 3=약간 청렴하다 (Somewhat); 4=매우 청렴하다 (Very much),
y2019,q36_17,honesty_financial,Ⅴ. Social Trust (사회적 신뢰),귀하는 다음 기관들이 얼마나 청렴하다고 생각하십니까?,(17) 금융기관 ➀ ➁ ➂ ➃,1=전혀 청렴하지 않다 (Not at all); 2=별로 청렴하지 않다 (Not much); 3=약간 청렴하다 (Somewhat); 4=매우 청렴하다 (Very much),
y2020,q34_17,honesty_financial,Ⅴ. Social Trust (사회적 신뢰),귀하는 다음 기관들이 얼마나 청렴하다고 생각하십니까?,(17) 금융기관,1=전혀 청렴하지 않다 (Not at all); 2=별로 청렴하지 않다 (Not much); 3=약간 청렴하다 (Somewhat); 4=매우 청렴하다 (Very much),
y2021,q36_17,honesty_financial,Ⅴ. Social Trust (사회적 신뢰),귀하는 다음 기관들이 얼마나 청렴하다고 생각하십니까?,(17) 금융기관,1=전혀 청렴하지 않다 (Not at all); 2=별로 청렴하지 않다 (Not much); 3=약간 청렴하다 (Somewhat); 4=매우 청렴하다 (Very much),
y2022,q36_17,honesty_financial,Ⅴ. Social Trust (사회적 신뢰),귀하는 다음 기관들이 얼마나 청렴하다고 생각하십니까?,(17) 금융기관,1=전혀 청렴하지 않다 (Not at all); 2=별로 청렴하지 않다 (Not much); 3=약간 청렴하다 (Somewhat); 4=매우 청렴하다 (Very much),
y2023,q31_17,honesty_financial,Ⅳ. Social Communication (사회적 소통),귀하는 다음 기관들이 얼마나 청렴하다고 생각하십니까?,(17) 금융기관,1=전혀 청렴하지 않다 (Not at all); 2=별로 청렴하지 않다 (Not much); 3=약간 청렴하다 (Somewhat); 4=매우 청렴하다 (Very much),
y2024,q32_17,honesty_financial,Ⅳ. Social Communication (사회적 소통),귀하는 다음 기관들이 얼마나 청렴하다고 생각하십니까?,(17) 금융기관,1=전혀 청렴하지 않다 (Not at all); 2=별로 청렴하지 않다 (Not much); 3=약간 청렴하다 (Somewhat); 4=매우 청렴하다 (Very much),
y2013,q31_8,honesty_labor_unions,,"귀하는 다음 기관들이 얼마나 청렴하다고 생각하십니까? 기 관 전혀 그렇지 않다 별로 그렇지 않다 약간 그렇다 매우 그렇다 1 행정기관(중앙정부 부처, 지방자치단체)은 모든 사람들에게 공정한 행정서비스를 제공한다",,1=전혀 청렴하지 않다 (Not at all); 2=별로 청렴하지 않다 (Not much); 3=약간 청렴하다 (Somewhat); 4=매우 청렴하다 (Very much),
y2014,q31_8,honesty_labor_unions,,"귀하는 다음 기관들이 얼마나 청렴하다고 생각하십니까? VI. 공정성 부문 기 관 전혀 그렇지 않다 별로 그렇지 않다 약간 그렇다 매우 그렇다 1 행정기관(중앙정부 부처, 지방자치단체)은 모든 사람들에게 공정한 행정서비스를 제공한다",,1=전혀 청렴하지 않다 (Not at all); 2=별로 청렴하지 않다 (Not much); 3=약간 청렴하다 (Somewhat); 4=매우 청렴하다 (Very much),
y2015,q33_8,honesty_labor_unions,Ⅴ. Social Trust (사회적 신뢰),귀하는 다음 기관들이 얼마나 청렴하다고 생각하십니까?,(8) 노동조합단체 ➀ ➁ ➂ ➃,1=전혀 청렴하지 않다 (Not at all); 2=별로 청렴하지 않다 (Not much); 3=약간 청렴하다 (Somewhat); 4=매우 청렴하다 (Very much),
y2016,q34_9,honesty_labor_unions,Ⅴ. Social Trust (사회적 신뢰),귀하는 다음 기관들이 얼마나 청렴하다고 생각하십니까?,(9) 노동조합단체 ➀ ➁ ➂ ➃,1=전혀 청렴하지 않다 (Not at all); 2=별로 청렴하지 않다 (Not much); 3=약간 청렴하다 (Somewhat); 4=매우 청렴하다 (Very much),
y2017,q33_9,honesty_labor_unions,Ⅴ. Social Trust (사회적 신뢰),귀하는 다음 기관들이 얼마나 청렴하다고 생각하십니까?,(9) 노동조합단체 ➀ ➁ ➂ ➃,1=전혀 청렴하지 않다 (Not at all); 2=별로 청렴하지 않다 (Not much); 3=약간 청렴하다 (Somewhat); 4=매우 청렴하다 (Very much),
y2018,q36_9,honesty_labor_unions,Ⅴ. Social Trust (사회적 신뢰),귀하는 다음 기관들이 얼마나 청렴하다고 생각하십니까?,(9) 노동조합단체 ➀ ➁ ➂ ➃,1=전혀 청렴하지 않다 (Not at all); 2=별로 청렴하지 않다 (Not much); 3=약간 청렴하다 (Somewhat); 4=매우 청렴하다 (Very much),
y2019,q36_9,honesty_labor_unions,Ⅴ. Social Trust (사회적 신뢰),귀하는 다음 기관들이 얼마나 청렴하다고 생각하십니까?,(9) ȸĀ 노동조합단체 ➀ ➁ ➂ ➃,1=전혀 청렴하지 않다 (Not at all); 2=별로 청렴하지 않다 (Not much); 3=약간 청렴하다 (Somewhat); 4=매우 청렴하다 (Very much),
y2020,q34_9,honesty_labor_unions,Ⅴ. Social Trust (사회적 신뢰),귀하는 다음 기관들이 얼마나 청렴하다고 생각하십니까?,(9) 노동조합단체,1=전혀 청렴하지 않다 (Not at all); 2=별로 청렴하지 않다 (Not much); 3=약간 청렴하다 (Somewhat); 4=매우 청렴하다 (Very much),
y2021,q36_9,honesty_labor_unions,Ⅴ. Social Trust (사회적 신뢰),귀하는 다음 기관들이 얼마나 청렴하다고 생각하십니까?,(9) 노동조합단체,1=전혀 청렴하지 않다 (Not at all); 2=별로 청렴하지 않다 (Not much); 3=약간 청렴하다 (Somewhat); 4=매우 청렴하다 (Very much),
y2022,q36_9,honesty_labor_unions,Ⅴ. Social Trust (사회적 신뢰),귀하는 다음 기관들이 얼마나 청렴하다고 생각하십니까?,(9) 노동조합단체,1=전혀 청렴하지 않다 (Not at all); 2=별로 청렴하지 않다 (Not much); 3=약간 청렴하다 (Somewhat); 4=매우 청렴하다 (Very much),
y2023,q31_9,honesty_labor_unions,Ⅳ. Social Communication (사회적 소통),귀하는 다음 기관들이 얼마나 청렴하다고 생각하십니까?,(9) 노동조합단체,1=전혀 청렴하지 않다 (Not at all); 2=별로 청렴하지 않다 (Not much); 3=약간 청렴하다 (Somewhat); 4=매우 청렴하다 (Very much),
y2024,q32_9,honesty_labor_unions,Ⅳ. Social Communication (사회적 소통),귀하는 다음 기관들이 얼마나 청렴하다고 생각하십니까?,(9) 노동조합단체,1=전혀 청렴하지 않다 (Not at all); 2=별로 청렴하지 않다 (Not much); 3=약간 청렴하다 (Somewhat); 4=매우 청렴하다 (Very much),
y2013,q31_14,honesty_large_corps,,"귀하는 다음 기관들이 얼마나 청렴하다고 생각하십니까? 기 관 전혀 그렇지 않다 별로 그렇지 않다 약간 그렇다 매우 그렇다 1 행정기관(중앙정부 부처, 지방자치단체)은 모든 사람들에게 공정한 행정서비스를 제공한다",,1=전혀 청렴하지 않다 (Not at all); 2=별로 청렴하지 않다 (Not much); 3=약간 청렴하다 (Somewhat); 4=매우 청렴하다 (Very much),
y2014,q31_14,honesty_large_corps,,"귀하는 다음 기관들이 얼마나 청렴하다고 생각하십니까? VI. 공정성 부문 기 관 전혀 그렇지 않다 별로 그렇지 않다 약간 그렇다 매우 그렇다 1 행정기관(중앙정부 부처, 지방자치단체)은 모든 사람들에게 공정한 행정서비스를 제공한다",,1=전혀 청렴하지 않다 (Not at all); 2=별로 청렴하지 않다 (Not much); 3=약간 청렴하다 (Somewhat); 4=매우 청렴하다 (Very much),
y2015,q33_14,honesty_large_corps,Ⅴ. Social Trust (사회적 신뢰),귀하는 다음 기관들이 얼마나 청렴하다고 생각하십니까?,(14) 대기업 ➀ ➁ ➂ ➃,1=전혀 청렴하지 않다 (Not at all); 2=별로 청렴하지 않다 (Not much); 3=약간 청렴하다 (Somewhat); 4=매우 청렴하다 (Very much),
y2016,q34_15,honesty_large_corps,Ⅴ. Social Trust (사회적 신뢰),귀하는 다음 기관들이 얼마나 청렴하다고 생각하십니까?,(15) 대기업 ➀ ➁ ➂ ➃,1=전혀 청렴하지 않다 (Not at all); 2=별로 청렴하지 않다 (Not much); 3=약간 청렴하다 (Somewhat); 4=매우 청렴하다 (Very much),
y2017,q33_15,honesty_large_corps,Ⅴ. Social Trust (사회적 신뢰),귀하는 다음 기관들이 얼마나 청렴하다고 생각하십니까?,(15) 대기업 ➀ ➁ ➂ ➃,1=전혀 청렴하지 않다 (Not at all); 2=별로 청렴하지 않다 (Not much); 3=약간 청렴하다 (Somewhat); 4=매우 청렴하다 (Very much),
y2018,q36_15,honesty_large_corps,Ⅴ. Social Trust (사회적 신뢰),귀하는 다음 기관들이 얼마나 청렴하다고 생각하십니까?,(15) 대기업 ➀ ➁ ➂ ➃,1=전혀 청렴하지 않다 (Not at all); 2=별로 청렴하지 않다 (Not much); 3=약간 청렴하다 (Somewhat); 4=매우 청렴하다 (Very much),
y2019,q36_15,honesty_large_corps,Ⅴ. Social Trust (사회적 신뢰),귀하는 다음 기관들이 얼마나 청렴하다고 생각하십니까?,(15) 대기업 ➀ ➁ ➂ ➃,1=전혀 청렴하지 않다 (Not at all); 2=별로 청렴하지 않다 (Not much); 3=약간 청렴하다 (Somewhat); 4=매우 청렴하다 (Very much),
y2020,q34_15,honesty_large_corps,Ⅴ. Social Trust (사회적 신뢰),귀하는 다음 기관들이 얼마나 청렴하다고 생각하십니까?,(15) 대기업,1=전혀 청렴하지 않다 (Not at all); 2=별로 청렴하지 않다 (Not much); 3=약간 청렴하다 (Somewhat); 4=매우 청렴하다 (Very much),
y2021,q36_15,honesty_large_corps,Ⅴ. Social Trust (사회적 신뢰),귀하는 다음 기관들이 얼마나 청렴하다고 생각하십니까?,(15) 대기업,1=전혀 청렴하지 않다 (Not at all); 2=별로 청렴하지 않다 (Not much); 3=약간 청렴하다 (Somewhat); 4=매우 청렴하다 (Very much),
y2022,q36_15,honesty_large_corps,Ⅴ. Social Trust (사회적 신뢰),귀하는 다음 기관들이 얼마나 청렴하다고 생각하십니까?,(15) 대기업,1=전혀 청렴하지 않다 (Not at all); 2=별로 청렴하지 않다 (Not much); 3=약간 청렴하다 (Somewhat); 4=매우 청렴하다 (Very much),
y2023,q31_15,honesty_large_corps,Ⅳ. Social Communication (사회적 소통),귀하는 다음 기관들이 얼마나 청렴하다고 생각하십니까?,(15) 대기업,1=전혀 청렴하지 않다 (Not at all); 2=별로 청렴하지 않다 (Not much); 3=약간 청렴하다 (Somewhat); 4=매우 청렴하다 (Very much),
y2024,q32_15,honesty_large_corps,Ⅳ. Social Communication (사회적 소통),귀하는 다음 기관들이 얼마나 청렴하다고 생각하십니까?,(15) 대기업,1=전혀 청렴하지 않다 (Not at all); 2=별로 청렴하지 않다 (Not much); 3=약간 청렴하다 (Somewhat); 4=매우 청렴하다 (Very much),
y2013,q31_6,honesty_local_govt,,"귀하는 다음 기관들이 얼마나 청렴하다고 생각하십니까? 기 관 전혀 그렇지 않다 별로 그렇지 않다 약간 그렇다 매우 그렇다 1 행정기관(중앙정부 부처, 지방자치단체)은 모든 사람들에게 공정한 행정서비스를 제공한다",,1=전혀 청렴하지 않다 (Not at all); 2=별로 청렴하지 않다 (Not much); 3=약간 청렴하다 (Somewhat); 4=매우 청렴하다 (Very much),
y2014,q31_6,honesty_local_govt,,"귀하는 다음 기관들이 얼마나 청렴하다고 생각하십니까? VI. 공정성 부문 기 관 전혀 그렇지 않다 별로 그렇지 않다 약간 그렇다 매우 그렇다 1 행정기관(중앙정부 부처, 지방자치단체)은 모든 사람들에게 공정한 행정서비스를 제공한다",,1=전혀 청렴하지 않다 (Not at all); 2=별로 청렴하지 않다 (Not much); 3=약간 청렴하다 (Somewhat); 4=매우 청렴하다 (Very much),
y2015,q33_6,honesty_local_govt,Ⅴ. Social Trust (사회적 신뢰),귀하는 다음 기관들이 얼마나 청렴하다고 생각하십니까?,(6) 지방자치단체(시/도/군/구청) ➀ ➁ ➂ ➃,1=전혀 청렴하지 않다 (Not at all); 2=별로 청렴하지 않다 (Not much); 3=약간 청렴하다 (Somewhat); 4=매우 청렴하다 (Very much),
y2016,q34_6,honesty_local_govt,Ⅴ. Social Trust (사회적 신뢰),귀하는 다음 기관들이 얼마나 청렴하다고 생각하십니까?,(6) 지방자치단체(시/도/군/구청) ➀ ➁ ➂ ➃,1=전혀 청렴하지 않다 (Not at all); 2=별로 청렴하지 않다 (Not much); 3=약간 청렴하다 (Somewhat); 4=매우 청렴하다 (Very much),
y2017,q33_6,honesty_local_govt,Ⅴ. Social Trust (사회적 신뢰),귀하는 다음 기관들이 얼마나 청렴하다고 생각하십니까?,(6) 지방자치단체(시/도/군/구청) ➀ ➁ ➂ ➃,1=전혀 청렴하지 않다 (Not at all); 2=별로 청렴하지 않다 (Not much); 3=약간 청렴하다 (Somewhat); 4=매우 청렴하다 (Very much),
y2018,q36_6,honesty_local_govt,Ⅴ. Social Trust (사회적 신뢰),귀하는 다음 기관들이 얼마나 청렴하다고 생각하십니까?,(6) 지방자치단체(시/도/군/구청) ➀ ➁ ➂ ➃,1=전혀 청렴하지 않다 (Not at all); 2=별로 청렴하지 않다 (Not much); 3=약간 청렴하다 (Somewhat); 4=매우 청렴하다 (Very much),
y2019,q36_6,honesty_local_govt,Ⅴ. Social Trust (사회적 신뢰),귀하는 다음 기관들이 얼마나 청렴하다고 생각하십니까?,(6) ȸĀ 지방자치단체(시/도/군/구청) ➀ ➁ ➂ ➃,1=전혀 청렴하지 않다 (Not at all); 2=별로 청렴하지 않다 (Not much); 3=약간 청렴하다 (Somewhat); 4=매우 청렴하다 (Very much),
y2020,q34_6,honesty_local_govt,Ⅴ. Social Trust (사회적 신뢰),귀하는 다음 기관들이 얼마나 청렴하다고 생각하십니까?,(6) 지방자치단체(시/도/군/구청),1=전혀 청렴하지 않다 (Not at all); 2=별로 청렴하지 않다 (Not much); 3=약간 청렴하다 (Somewhat); 4=매우 청렴하다 (Very much),
y2021,q36_6,honesty_local_govt,Ⅴ. Social Trust (사회적 신뢰),귀하는 다음 기관들이 얼마나 청렴하다고 생각하십니까?,(6) 지방자치단체(시/도/군/구청),1=전혀 청렴하지 않다 (Not at all); 2=별로 청렴하지 않다 (Not much); 3=약간 청렴하다 (Somewhat); 4=매우 청렴하다 (Very much),
y2022,q36_6,honesty_local_govt,Ⅴ. Social Trust (사회적 신뢰),귀하는 다음 기관들이 얼마나 청렴하다고 생각하십니까?,(6) 지방자치단체(시/도/군/구청),1=전혀 청렴하지 않다 (Not at all); 2=별로 청렴하지 않다 (Not much); 3=약간 청렴하다 (Somewhat); 4=매우 청렴하다 (Very much),
y2023,q31_6,honesty_local_govt,Ⅳ. Social Communication (사회적 소통),귀하는 다음 기관들이 얼마나 청렴하다고 생각하십니까?,(6) 지방자치단체(시/도/군/구청),1=전혀 청렴하지 않다 (Not at all); 2=별로 청렴하지 않다 (Not much); 3=약간 청렴하다 (Somewhat); 4=매우 청렴하다 (Very much),
y2024,q32_6,honesty_local_govt,Ⅳ. Social Communication (사회적 소통),귀하는 다음 기관들이 얼마나 청렴하다고 생각하십니까?,(6) 지방자치단체(시/도/군/구청),1=전혀 청렴하지 않다 (Not at all); 2=별로 청렴하지 않다 (Not much); 3=약간 청렴하다 (Somewhat); 4=매우 청렴하다 (Very much),
y2013,q31_13,honesty_medical,,"귀하는 다음 기관들이 얼마나 청렴하다고 생각하십니까? 기 관 전혀 그렇지 않다 별로 그렇지 않다 약간 그렇다 매우 그렇다 1 행정기관(중앙정부 부처, 지방자치단체)은 모든 사람들에게 공정한 행정서비스를 제공한다",,1=전혀 청렴하지 않다 (Not at all); 2=별로 청렴하지 않다 (Not much); 3=약간 청렴하다 (Somewhat); 4=매우 청렴하다 (Very much),
y2014,q31_13,honesty_medical,,"귀하는 다음 기관들이 얼마나 청렴하다고 생각하십니까? VI. 공정성 부문 기 관 전혀 그렇지 않다 별로 그렇지 않다 약간 그렇다 매우 그렇다 1 행정기관(중앙정부 부처, 지방자치단체)은 모든 사람들에게 공정한 행정서비스를 제공한다",,1=전혀 청렴하지 않다 (Not at all); 2=별로 청렴하지 않다 (Not much); 3=약간 청렴하다 (Somewhat); 4=매우 청렴하다 (Very much),
y2015,q33_13,honesty_medical,Ⅴ. Social Trust (사회적 신뢰),귀하는 다음 기관들이 얼마나 청렴하다고 생각하십니까?,(13) 의료계(병원 등) ➀ ➁ ➂ ➃,1=전혀 청렴하지 않다 (Not at all); 2=별로 청렴하지 않다 (Not much); 3=약간 청렴하다 (Somewhat); 4=매우 청렴하다 (Very much),
y2016,q34_14,honesty_medical,Ⅴ. Social Trust (사회적 신뢰),귀하는 다음 기관들이 얼마나 청렴하다고 생각하십니까?,(14) 의료기관 ➀ ➁ ➂ ➃,1=전혀 청렴하지 않다 (Not at all); 2=별로 청렴하지 않다 (Not much); 3=약간 청렴하다 (Somewhat); 4=매우 청렴하다 (Very much),
y2017,q33_14,honesty_medical,Ⅴ. Social Trust (사회적 신뢰),귀하는 다음 기관들이 얼마나 청렴하다고 생각하십니까?,(14) 의료기관 ➀ ➁ ➂ ➃,1=전혀 청렴하지 않다 (Not at all); 2=별로 청렴하지 않다 (Not much); 3=약간 청렴하다 (Somewhat); 4=매우 청렴하다 (Very much),
y2018,q36_14,honesty_medical,Ⅴ. Social Trust (사회적 신뢰),귀하는 다음 기관들이 얼마나 청렴하다고 생각하십니까?,(14) 의료기관 ➀ ➁ ➂ ➃,1=전혀 청렴하지 않다 (Not at all); 2=별로 청렴하지 않다 (Not much); 3=약간 청렴하다 (Somewhat); 4=매우 청렴하다 (Very much),
y2019,q36_14,honesty_medical,Ⅴ. Social Trust (사회적 신뢰),귀하는 다음 기관들이 얼마나 청렴하다고 생각하십니까?,(14) 의료기관 ➀ ➁ ➂ ➃,1=전혀 청렴하지 않다 (Not at all); 2=별로 청렴하지 않다 (Not much); 3=약간 청렴하다 (Somewhat); 4=매우 청렴하다 (Very much),
y2020,q34_14,honesty_medical,Ⅴ. Social Trust (사회적 신뢰),귀하는 다음 기관들이 얼마나 청렴하다고 생각하십니까?,(14) 의료기관,1=전혀 청렴하지 않다 (Not at all); 2=별로 청렴하지 않다 (Not much); 3=약간 청렴하다 (Somewhat); 4=매우 청렴하다 (Very much),
y2021,q36_14,honesty_medical,Ⅴ. Social Trust (사회적 신뢰),귀하는 다음 기관들이 얼마나 청렴하다고 생각하십니까?,(14) 의료기관,1=전혀 청렴하지 않다 (Not at all); 2=별로 청렴하지 않다 (Not much); 3=약간 청렴하다 (Somewhat); 4=매우 청렴하다 (Very much),
y2022,q36_14,honesty_medical,Ⅴ. Social Trust (사회적 신뢰),귀하는 다음 기관들이 얼마나 청렴하다고 생각하십니까?,(14) 의료기관,1=전혀 청렴하지 않다 (Not at all); 2=별로 청렴하지 않다 (Not much); 3=약간 청렴하다 (Somewhat); 4=매우 청렴하다 (Very much),
y2023,q31_14,honesty_medical,Ⅳ. Social Communication (사회적 소통),귀하는 다음 기관들이 얼마나 청렴하다고 생각하십니까?,(14) 의료기관,1=전혀 청렴하지 않다 (Not at all); 2=별로 청렴하지 않다 (Not much); 3=약간 청렴하다 (Somewhat); 4=매우 청렴하다 (Very much),
y2024,q32_14,honesty_medical,Ⅳ. Social Communication (사회적 소통),귀하는 다음 기관들이 얼마나 청렴하다고 생각하십니까?,(14) 의료기관,1=전혀 청렴하지 않다 (Not at all); 2=별로 청렴하지 않다 (Not much); 3=약간 청렴하다 (Somewhat); 4=매우 청렴하다 (Very much),
y2013,q31_7,honesty_military,,"귀하는 다음 기관들이 얼마나 청렴하다고 생각하십니까? 기 관 전혀 그렇지 않다 별로 그렇지 않다 약간 그렇다 매우 그렇다 1 행정기관(중앙정부 부처, 지방자치단체)은 모든 사람들에게 공정한 행정서비스를 제공한다",,1=전혀 청렴하지 않다 (Not at all); 2=별로 청렴하지 않다 (Not much); 3=약간 청렴하다 (Somewhat); 4=매우 청렴하다 (Very much),
y2014,q31_7,honesty_military,,"귀하는 다음 기관들이 얼마나 청렴하다고 생각하십니까? VI. 공정성 부문 기 관 전혀 그렇지 않다 별로 그렇지 않다 약간 그렇다 매우 그렇다 1 행정기관(중앙정부 부처, 지방자치단체)은 모든 사람들에게 공정한 행정서비스를 제공한다",,1=전혀 청렴하지 않다 (Not at all); 2=별로 청렴하지 않다 (Not much); 3=약간 청렴하다 (Somewhat); 4=매우 청렴하다 (Very much),
y2015,q33_7,honesty_military,Ⅴ. Social Trust (사회적 신뢰),귀하는 다음 기관들이 얼마나 청렴하다고 생각하십니까?,(7) 군대 ➀ ➁ ➂ ➃,1=전혀 청렴하지 않다 (Not at all); 2=별로 청렴하지 않다 (Not much); 3=약간 청렴하다 (Somewhat); 4=매우 청렴하다 (Very much),
y2016,q34_8,honesty_military,Ⅴ. Social Trust (사회적 신뢰),귀하는 다음 기관들이 얼마나 청렴하다고 생각하십니까?,(8) 군대 ➀ ➁ ➂ ➃,1=전혀 청렴하지 않다 (Not at all); 2=별로 청렴하지 않다 (Not much); 3=약간 청렴하다 (Somewhat); 4=매우 청렴하다 (Very much),
y2017,q33_8,honesty_military,Ⅴ. Social Trust (사회적 신뢰),귀하는 다음 기관들이 얼마나 청렴하다고 생각하십니까?,(8) 군대 ➀ ➁ ➂ ➃,1=전혀 청렴하지 않다 (Not at all); 2=별로 청렴하지 않다 (Not much); 3=약간 청렴하다 (Somewhat); 4=매우 청렴하다 (Very much),
y2018,q36_8,honesty_military,Ⅴ. Social Trust (사회적 신뢰),귀하는 다음 기관들이 얼마나 청렴하다고 생각하십니까?,(8) 군대 ➀ ➁ ➂ ➃,1=전혀 청렴하지 않다 (Not at all); 2=별로 청렴하지 않다 (Not much); 3=약간 청렴하다 (Somewhat); 4=매우 청렴하다 (Very much),
y2019,q36_8,honesty_military,Ⅴ. Social Trust (사회적 신뢰),귀하는 다음 기관들이 얼마나 청렴하다고 생각하십니까?,(8) ȸĀ 군대 ➀ ➁ ➂ ➃,1=전혀 청렴하지 않다 (Not at all); 2=별로 청렴하지 않다 (Not much); 3=약간 청렴하다 (Somewhat); 4=매우 청렴하다 (Very much),
y2020,q34_8,honesty_military,Ⅴ. Social Trust (사회적 신뢰),귀하는 다음 기관들이 얼마나 청렴하다고 생각하십니까?,(8) 군대,1=전혀 청렴하지 않다 (Not at all); 2=별로 청렴하지 않다 (Not much); 3=약간 청렴하다 (Somewhat); 4=매우 청렴하다 (Very much),
y2021,q36_8,honesty_military,Ⅴ. Social Trust (사회적 신뢰),귀하는 다음 기관들이 얼마나 청렴하다고 생각하십니까?,(8) 군대,1=전혀 청렴하지 않다 (Not at all); 2=별로 청렴하지 않다 (Not much); 3=약간 청렴하다 (Somewhat); 4=매우 청렴하다 (Very much),
y2022,q36_8,honesty_military,Ⅴ. Social Trust (사회적 신뢰),귀하는 다음 기관들이 얼마나 청렴하다고 생각하십니까?,(8) 군대,1=전혀 청렴하지 않다 (Not at all); 2=별로 청렴하지 않다 (Not much); 3=약간 청렴하다 (Somewhat); 4=매우 청렴하다 (Very much),
y2023,q31_8,honesty_military,Ⅳ. Social Communication (사회적 소통),귀하는 다음 기관들이 얼마나 청렴하다고 생각하십니까?,(8) 군대,1=전혀 청렴하지 않다 (Not at all); 2=별로 청렴하지 않다 (Not much); 3=약간 청렴하다 (Somewhat); 4=매우 청렴하다 (Very much),
y2024,q32_8,honesty_military,Ⅳ. Social Communication (사회적 소통),귀하는 다음 기관들이 얼마나 청렴하다고 생각하십니까?,(8) 군대,1=전혀 청렴하지 않다 (Not at all); 2=별로 청렴하지 않다 (Not much); 3=약간 청렴하다 (Somewhat); 4=매우 청렴하다 (Very much),
y2013,q31_2,honesty_national_assembly,,"귀하는 다음 기관들이 얼마나 청렴하다고 생각하십니까? 기 관 전혀 그렇지 않다 별로 그렇지 않다 약간 그렇다 매우 그렇다 1 행정기관(중앙정부 부처, 지방자치단체)은 모든 사람들에게 공정한 행정서비스를 제공한다",,1=전혀 청렴하지 않다 (Not at all); 2=별로 청렴하지 않다 (Not much); 3=약간 청렴하다 (Somewhat); 4=매우 청렴하다 (Very much),
y2014,q31_2,honesty_national_assembly,,"귀하는 다음 기관들이 얼마나 청렴하다고 생각하십니까? VI. 공정성 부문 기 관 전혀 그렇지 않다 별로 그렇지 않다 약간 그렇다 매우 그렇다 1 행정기관(중앙정부 부처, 지방자치단체)은 모든 사람들에게 공정한 행정서비스를 제공한다",,1=전혀 청렴하지 않다 (Not at all); 2=별로 청렴하지 않다 (Not much); 3=약간 청렴하다 (Somewhat); 4=매우 청렴하다 (Very much),
y2015,q33_2,honesty_national_assembly,Ⅴ. Social Trust (사회적 신뢰),귀하는 다음 기관들이 얼마나 청렴하다고 생각하십니까?,(2) 국회 ➀ ➁ ➂ ➃,1=전혀 청렴하지 않다 (Not at all); 2=별로 청렴하지 않다 (Not much); 3=약간 청렴하다 (Somewhat); 4=매우 청렴하다 (Very much),
y2016,q34_2,honesty_national_assembly,Ⅴ. Social Trust (사회적 신뢰),귀하는 다음 기관들이 얼마나 청렴하다고 생각하십니까?,(2) 국회 ➀ ➁ ➂ ➃,1=전혀 청렴하지 않다 (Not at all); 2=별로 청렴하지 않다 (Not much); 3=약간 청렴하다 (Somewhat); 4=매우 청렴하다 (Very much),
y2017,q33_2,honesty_national_assembly,Ⅴ. Social Trust (사회적 신뢰),귀하는 다음 기관들이 얼마나 청렴하다고 생각하십니까?,(2) 국회 ➀ ➁ ➂ ➃,1=전혀 청렴하지 않다 (Not at all); 2=별로 청렴하지 않다 (Not much); 3=약간 청렴하다 (Somewhat); 4=매우 청렴하다 (Very much),
y2018,q36_2,honesty_national_assembly,Ⅴ. Social Trust (사회적 신뢰),귀하는 다음 기관들이 얼마나 청렴하다고 생각하십니까?,(2) 국회 ➀ ➁ ➂ ➃,1=전혀 청렴하지 않다 (Not at all); 2=별로 청렴하지 않다 (Not much); 3=약간 청렴하다 (Somewhat); 4=매우 청렴하다 (Very much),
y2019,q36_2,honesty_national_assembly,Ⅴ. Social Trust (사회적 신뢰),귀하는 다음 기관들이 얼마나 청렴하다고 생각하십니까?,(2) ȸĀ 국회 ➀ ➁ ➂ ➃,1=전혀 청렴하지 않다 (Not at all); 2=별로 청렴하지 않다 (Not much); 3=약간 청렴하다 (Somewhat); 4=매우 청렴하다 (Very much),
y2020,q34_2,honesty_national_assembly,Ⅴ. Social Trust (사회적 신뢰),귀하는 다음 기관들이 얼마나 청렴하다고 생각하십니까?,(2) 국회,1=전혀 청렴하지 않다 (Not at all); 2=별로 청렴하지 않다 (Not much); 3=약간 청렴하다 (Somewhat); 4=매우 청렴하다 (Very much),
y2021,q36_2,honesty_national_assembly,Ⅴ. Social Trust (사회적 신뢰),귀하는 다음 기관들이 얼마나 청렴하다고 생각하십니까?,(2) 국회,1=전혀 청렴하지 않다 (Not at all); 2=별로 청렴하지 않다 (Not much); 3=약간 청렴하다 (Somewhat); 4=매우 청렴하다 (Very much),
y2022,q36_2,honesty_national_assembly,Ⅴ. Social Trust (사회적 신뢰),귀하는 다음 기관들이 얼마나 청렴하다고 생각하십니까?,(2) 국회,1=전혀 청렴하지 않다 (Not at all); 2=별로 청렴하지 않다 (Not much); 3=약간 청렴하다 (Somewhat); 4=매우 청렴하다 (Very much),
y2023,q31_2,honesty_national_assembly,Ⅳ. Social Communication (사회적 소통),귀하는 다음 기관들이 얼마나 청렴하다고 생각하십니까?,(2) 국회,1=전혀 청렴하지 않다 (Not at all); 2=별로 청렴하지 않다 (Not much); 3=약간 청렴하다 (Somewhat); 4=매우 청렴하다 (Very much),
y2024,q32_2,honesty_national_assembly,Ⅳ. Social Communication (사회적 소통),귀하는 다음 기관들이 얼마나 청렴하다고 생각하십니까?,(2) 국회,1=전혀 청렴하지 않다 (Not at all); 2=별로 청렴하지 않다 (Not much); 3=약간 청렴하다 (Somewhat); 4=매우 청렴하다 (Very much),
y2013,q31_11,honesty_newspapers,,"귀하는 다음 기관들이 얼마나 청렴하다고 생각하십니까? 기 관 전혀 그렇지 않다 별로 그렇지 않다 약간 그렇다 매우 그렇다 1 행정기관(중앙정부 부처, 지방자치단체)은 모든 사람들에게 공정한 행정서비스를 제공한다",,1=전혀 청렴하지 않다 (Not at all); 2=별로 청렴하지 않다 (Not much); 3=약간 청렴하다 (Somewhat); 4=매우 청렴하다 (Very much),
y2014,q31_11,honesty_newspapers,,"귀하는 다음 기관들이 얼마나 청렴하다고 생각하십니까? VI. 공정성 부문 기 관 전혀 그렇지 않다 별로 그렇지 않다 약간 그렇다 매우 그렇다 1 행정기관(중앙정부 부처, 지방자치단체)은 모든 사람들에게 공정한 행정서비스를 제공한다",,1=전혀 청렴하지 않다 (Not at all); 2=별로 청렴하지 않다 (Not much); 3=약간 청렴하다 (Somewhat); 4=매우 청렴하다 (Very much),
y2015,q33_11,honesty_newspapers,Ⅴ. Social Trust (사회적 신뢰),귀하는 다음 기관들이 얼마나 청렴하다고 생각하십니까?,(11) 신문사 ➀ ➁ ➂ ➃,1=전혀 청렴하지 않다 (Not at all); 2=별로 청렴하지 않다 (Not much); 3=약간 청렴하다 (Somewhat); 4=매우 청렴하다 (Very much),
y2016,q34_12,honesty_newspapers,Ⅴ. Social Trust (사회적 신뢰),귀하는 다음 기관들이 얼마나 청렴하다고 생각하십니까?,(12) 신문사 ➀ ➁ ➂ ➃,1=전혀 청렴하지 않다 (Not at all); 2=별로 청렴하지 않다 (Not much); 3=약간 청렴하다 (Somewhat); 4=매우 청렴하다 (Very much),
y2017,q33_12,honesty_newspapers,Ⅴ. Social Trust (사회적 신뢰),귀하는 다음 기관들이 얼마나 청렴하다고 생각하십니까?,(12) 신문사 ➀ ➁ ➂ ➃,1=전혀 청렴하지 않다 (Not at all); 2=별로 청렴하지 않다 (Not much); 3=약간 청렴하다 (Somewhat); 4=매우 청렴하다 (Very much),
y2018,q36_12,honesty_newspapers,Ⅴ. Social Trust (사회적 신뢰),귀하는 다음 기관들이 얼마나 청렴하다고 생각하십니까?,(12) 신문사 ➀ ➁ ➂ ➃,1=전혀 청렴하지 않다 (Not at all); 2=별로 청렴하지 않다 (Not much); 3=약간 청렴하다 (Somewhat); 4=매우 청렴하다 (Very much),
y2019,q36_12,honesty_newspapers,Ⅴ. Social Trust (사회적 신뢰),귀하는 다음 기관들이 얼마나 청렴하다고 생각하십니까?,(12) 신문사 ➀ ➁ ➂ ➃,1=전혀 청렴하지 않다 (Not at all); 2=별로 청렴하지 않다 (Not much); 3=약간 청렴하다 (Somewhat); 4=매우 청렴하다 (Very much),
y2020,q34_12,honesty_newspapers,Ⅴ. Social Trust (사회적 신뢰),귀하는 다음 기관들이 얼마나 청렴하다고 생각하십니까?,(12) 신문사,1=전혀 청렴하지 않다 (Not at all); 2=별로 청렴하지 않다 (Not much); 3=약간 청렴하다 (Somewhat); 4=매우 청렴하다 (Very much),
y2021,q36_12,honesty_newspapers,Ⅴ. Social Trust (사회적 신뢰),귀하는 다음 기관들이 얼마나 청렴하다고 생각하십니까?,(12) 신문사,1=전혀 청렴하지 않다 (Not at all); 2=별로 청렴하지 않다 (Not much); 3=약간 청렴하다 (Somewhat); 4=매우 청렴하다 (Very much),
y2022,q36_12,honesty_newspapers,Ⅴ. Social Trust (사회적 신뢰),귀하는 다음 기관들이 얼마나 청렴하다고 생각하십니까?,(12) 신문사,1=전혀 청렴하지 않다 (Not at all); 2=별로 청렴하지 않다 (Not much); 3=약간 청렴하다 (Somewhat); 4=매우 청렴하다 (Very much),
y2023,q31_12,honesty_newspapers,Ⅳ. Social Communication (사회적 소통),귀하는 다음 기관들이 얼마나 청렴하다고 생각하십니까?,(12) 신문사,1=전혀 청렴하지 않다 (Not at all); 2=별로 청렴하지 않다 (Not much); 3=약간 청렴하다 (Somewhat); 4=매우 청렴하다 (Very much),
y2024,q32_12,honesty_newspapers,Ⅳ. Social Communication (사회적 소통),귀하는 다음 기관들이 얼마나 청렴하다고 생각하십니까?,(12) 신문사,1=전혀 청렴하지 않다 (Not at all); 2=별로 청렴하지 않다 (Not much); 3=약간 청렴하다 (Somewhat); 4=매우 청렴하다 (Very much),
y2013,q31_5,honesty_police,,"귀하는 다음 기관들이 얼마나 청렴하다고 생각하십니까? 기 관 전혀 그렇지 않다 별로 그렇지 않다 약간 그렇다 매우 그렇다 1 행정기관(중앙정부 부처, 지방자치단체)은 모든 사람들에게 공정한 행정서비스를 제공한다",,1=전혀 청렴하지 않다 (Not at all); 2=별로 청렴하지 않다 (Not much); 3=약간 청렴하다 (Somewhat); 4=매우 청렴하다 (Very much),
y2014,q31_5,honesty_police,,"귀하는 다음 기관들이 얼마나 청렴하다고 생각하십니까? VI. 공정성 부문 기 관 전혀 그렇지 않다 별로 그렇지 않다 약간 그렇다 매우 그렇다 1 행정기관(중앙정부 부처, 지방자치단체)은 모든 사람들에게 공정한 행정서비스를 제공한다",,1=전혀 청렴하지 않다 (Not at all); 2=별로 청렴하지 않다 (Not much); 3=약간 청렴하다 (Somewhat); 4=매우 청렴하다 (Very much),
y2015,q33_5,honesty_police,Ⅴ. Social Trust (사회적 신뢰),귀하는 다음 기관들이 얼마나 청렴하다고 생각하십니까?,(5) 경찰 ➀ ➁ ➂ ➃,1=전혀 청렴하지 않다 (Not at all); 2=별로 청렴하지 않다 (Not much); 3=약간 청렴하다 (Somewhat); 4=매우 청렴하다 (Very much),
y2016,q34_5,honesty_police,Ⅴ. Social Trust (사회적 신뢰),귀하는 다음 기관들이 얼마나 청렴하다고 생각하십니까?,(5) 경찰 ➀ ➁ ➂ ➃,1=전혀 청렴하지 않다 (Not at all); 2=별로 청렴하지 않다 (Not much); 3=약간 청렴하다 (Somewhat); 4=매우 청렴하다 (Very much),
y2017,q33_5,honesty_police,Ⅴ. Social Trust (사회적 신뢰),귀하는 다음 기관들이 얼마나 청렴하다고 생각하십니까?,(5) 경찰 ➀ ➁ ➂ ➃,1=전혀 청렴하지 않다 (Not at all); 2=별로 청렴하지 않다 (Not much); 3=약간 청렴하다 (Somewhat); 4=매우 청렴하다 (Very much),
y2018,q36_5,honesty_police,Ⅴ. Social Trust (사회적 신뢰),귀하는 다음 기관들이 얼마나 청렴하다고 생각하십니까?,(5) 경찰 ➀ ➁ ➂ ➃,1=전혀 청렴하지 않다 (Not at all); 2=별로 청렴하지 않다 (Not much); 3=약간 청렴하다 (Somewhat); 4=매우 청렴하다 (Very much),
y2019,q36_5,honesty_police,Ⅴ. Social Trust (사회적 신뢰),귀하는 다음 기관들이 얼마나 청렴하다고 생각하십니까?,(5) ȸĀ 경찰 ➀ ➁ ➂ ➃,1=전혀 청렴하지 않다 (Not at all); 2=별로 청렴하지 않다 (Not much); 3=약간 청렴하다 (Somewhat); 4=매우 청렴하다 (Very much),
y2020,q34_5,honesty_police,Ⅴ. Social Trust (사회적 신뢰),귀하는 다음 기관들이 얼마나 청렴하다고 생각하십니까?,(5) 경찰,1=전혀 청렴하지 않다 (Not at all); 2=별로 청렴하지 않다 (Not much); 3=약간 청렴하다 (Somewhat); 4=매우 청렴하다 (Very much),
y2021,q36_5,honesty_police,Ⅴ. Social Trust (사회적 신뢰),귀하는 다음 기관들이 얼마나 청렴하다고 생각하십니까?,(5) 경찰,1=전혀 청렴하지 않다 (Not at all); 2=별로 청렴하지 않다 (Not much); 3=약간 청렴하다 (Somewhat); 4=매우 청렴하다 (Very much),
y2022,q36_5,honesty_police,Ⅴ. Social Trust (사회적 신뢰),귀하는 다음 기관들이 얼마나 청렴하다고 생각하십니까?,(5) 경찰,1=전혀 청렴하지 않다 (Not at all); 2=별로 청렴하지 않다 (Not much); 3=약간 청렴하다 (Somewhat); 4=매우 청렴하다 (Very much),
y2023,q31_5,honesty_police,Ⅳ. Social Communication (사회적 소통),귀하는 다음 기관들이 얼마나 청렴하다고 생각하십니까?,(5) 경찰,1=전혀 청렴하지 않다 (Not at all); 2=별로 청렴하지 않다 (Not much); 3=약간 청렴하다 (Somewhat); 4=매우 청렴하다 (Very much),
y2024,q32_5,honesty_police,Ⅳ. Social Communication (사회적 소통),귀하는 다음 기관들이 얼마나 청렴하다고 생각하십니까?,(5) 경찰,1=전혀 청렴하지 않다 (Not at all); 2=별로 청렴하지 않다 (Not much); 3=약간 청렴하다 (Somewhat); 4=매우 청렴하다 (Very much),
y2013,q31_4,honesty_prosecution,,"귀하는 다음 기관들이 얼마나 청렴하다고 생각하십니까? 기 관 전혀 그렇지 않다 별로 그렇지 않다 약간 그렇다 매우 그렇다 1 행정기관(중앙정부 부처, 지방자치단체)은 모든 사람들에게 공정한 행정서비스를 제공한다",,1=전혀 청렴하지 않다 (Not at all); 2=별로 청렴하지 않다 (Not much); 3=약간 청렴하다 (Somewhat); 4=매우 청렴하다 (Very much),
y2014,q31_4,honesty_prosecution,,"귀하는 다음 기관들이 얼마나 청렴하다고 생각하십니까? VI. 공정성 부문 기 관 전혀 그렇지 않다 별로 그렇지 않다 약간 그렇다 매우 그렇다 1 행정기관(중앙정부 부처, 지방자치단체)은 모든 사람들에게 공정한 행정서비스를 제공한다",,1=전혀 청렴하지 않다 (Not at all); 2=별로 청렴하지 않다 (Not much); 3=약간 청렴하다 (Somewhat); 4=매우 청렴하다 (Very much),
y2015,q33_4,honesty_prosecution,Ⅴ. Social Trust (사회적 신뢰),귀하는 다음 기관들이 얼마나 청렴하다고 생각하십니까?,(4) 검찰 ➀ ➁ ➂ ➃,1=전혀 청렴하지 않다 (Not at all); 2=별로 청렴하지 않다 (Not much); 3=약간 청렴하다 (Somewhat); 4=매우 청렴하다 (Very much),
y2016,q34_4,honesty_prosecution,Ⅴ. Social Trust (사회적 신뢰),귀하는 다음 기관들이 얼마나 청렴하다고 생각하십니까?,(4) 검찰 ➀ ➁ ➂ ➃,1=전혀 청렴하지 않다 (Not at all); 2=별로 청렴하지 않다 (Not much); 3=약간 청렴하다 (Somewhat); 4=매우 청렴하다 (Very much),
y2017,q33_4,honesty_prosecution,Ⅴ. Social Trust (사회적 신뢰),귀하는 다음 기관들이 얼마나 청렴하다고 생각하십니까?,(4) 검찰 ➀ ➁ ➂ ➃,1=전혀 청렴하지 않다 (Not at all); 2=별로 청렴하지 않다 (Not much); 3=약간 청렴하다 (Somewhat); 4=매우 청렴하다 (Very much),
y2018,q36_4,honesty_prosecution,Ⅴ. Social Trust (사회적 신뢰),귀하는 다음 기관들이 얼마나 청렴하다고 생각하십니까?,(4) 검찰 ➀ ➁ ➂ ➃,1=전혀 청렴하지 않다 (Not at all); 2=별로 청렴하지 않다 (Not much); 3=약간 청렴하다 (Somewhat); 4=매우 청렴하다 (Very much),
y2019,q36_4,honesty_prosecution,Ⅴ. Social Trust (사회적 신뢰),귀하는 다음 기관들이 얼마나 청렴하다고 생각하십니까?,(4) ȸĀ 검찰 ➀ ➁ ➂ ➃,1=전혀 청렴하지 않다 (Not at all); 2=별로 청렴하지 않다 (Not much); 3=약간 청렴하다 (Somewhat); 4=매우 청렴하다 (Very much),
y2020,q34_4,honesty_prosecution,Ⅴ. Social Trust (사회적 신뢰),귀하는 다음 기관들이 얼마나 청렴하다고 생각하십니까?,(4) 검찰,1=전혀 청렴하지 않다 (Not at all); 2=별로 청렴하지 않다 (Not much); 3=약간 청렴하다 (Somewhat); 4=매우 청렴하다 (Very much),
y2021,q36_4,honesty_prosecution,Ⅴ. Social Trust (사회적 신뢰),귀하는 다음 기관들이 얼마나 청렴하다고 생각하십니까?,(4) 검찰,1=전혀 청렴하지 않다 (Not at all); 2=별로 청렴하지 않다 (Not much); 3=약간 청렴하다 (Somewhat); 4=매우 청렴하다 (Very much),
y2022,q36_4,honesty_prosecution,Ⅴ. Social Trust (사회적 신뢰),귀하는 다음 기관들이 얼마나 청렴하다고 생각하십니까?,(4) 검찰,1=전혀 청렴하지 않다 (Not at all); 2=별로 청렴하지 않다 (Not much); 3=약간 청렴하다 (Somewhat); 4=매우 청렴하다 (Very much),
y2023,q31_4,honesty_prosecution,Ⅳ. Social Communication (사회적 소통),귀하는 다음 기관들이 얼마나 청렴하다고 생각하십니까?,(4) 검찰,1=전혀 청렴하지 않다 (Not at all); 2=별로 청렴하지 않다 (Not much); 3=약간 청렴하다 (Somewhat); 4=매우 청렴하다 (Very much),
y2024,q32_4,honesty_prosecution,Ⅳ. Social Communication (사회적 소통),귀하는 다음 기관들이 얼마나 청렴하다고 생각하십니까?,(4) 검찰,1=전혀 청렴하지 않다 (Not at all); 2=별로 청렴하지 않다 (Not much); 3=약간 청렴하다 (Somewhat); 4=매우 청렴하다 (Very much),
y2016,q34_7,honesty_public_enterprises,Ⅴ. Social Trust (사회적 신뢰),귀하는 다음 기관들이 얼마나 청렴하다고 생각하십니까?,(7) 공기업 ➀ ➁ ➂ ➃,1=전혀 청렴하지 않다 (Not at all); 2=별로 청렴하지 않다 (Not much); 3=약간 청렴하다 (Somewhat); 4=매우 청렴하다 (Very much),
y2017,q33_7,honesty_public_enterprises,Ⅴ. Social Trust (사회적 신뢰),귀하는 다음 기관들이 얼마나 청렴하다고 생각하십니까?,(7) 공기업 ➀ ➁ ➂ ➃,1=전혀 청렴하지 않다 (Not at all); 2=별로 청렴하지 않다 (Not much); 3=약간 청렴하다 (Somewhat); 4=매우 청렴하다 (Very much),
y2018,q36_7,honesty_public_enterprises,Ⅴ. Social Trust (사회적 신뢰),귀하는 다음 기관들이 얼마나 청렴하다고 생각하십니까?,(7) 공기업 ➀ ➁ ➂ ➃,1=전혀 청렴하지 않다 (Not at all); 2=별로 청렴하지 않다 (Not much); 3=약간 청렴하다 (Somewhat); 4=매우 청렴하다 (Very much),
y2019,q36_7,honesty_public_enterprises,Ⅴ. Social Trust (사회적 신뢰),귀하는 다음 기관들이 얼마나 청렴하다고 생각하십니까?,(7) ȸĀ 공기업 ➀ ➁ ➂ ➃,1=전혀 청렴하지 않다 (Not at all); 2=별로 청렴하지 않다 (Not much); 3=약간 청렴하다 (Somewhat); 4=매우 청렴하다 (Very much),
y2020,q34_7,honesty_public_enterprises,Ⅴ. Social Trust (사회적 신뢰),귀하는 다음 기관들이 얼마나 청렴하다고 생각하십니까?,(7) 공기업,1=전혀 청렴하지 않다 (Not at all); 2=별로 청렴하지 않다 (Not much); 3=약간 청렴하다 (Somewhat); 4=매우 청렴하다 (Very much),
y2021,q36_7,honesty_public_enterprises,Ⅴ. Social Trust (사회적 신뢰),귀하는 다음 기관들이 얼마나 청렴하다고 생각하십니까?,(7) 공기업,1=전혀 청렴하지 않다 (Not at all); 2=별로 청렴하지 않다 (Not much); 3=약간 청렴하다 (Somewhat); 4=매우 청렴하다 (Very much),
y2022,q36_7,honesty_public_enterprises,Ⅴ. Social Trust (사회적 신뢰),귀하는 다음 기관들이 얼마나 청렴하다고 생각하십니까?,(7) 공기업,1=전혀 청렴하지 않다 (Not at all); 2=별로 청렴하지 않다 (Not much); 3=약간 청렴하다 (Somewhat); 4=매우 청렴하다 (Very much),
y2023,q31_7,honesty_public_enterprises,Ⅳ. Social Communication (사회적 소통),귀하는 다음 기관들이 얼마나 청렴하다고 생각하십니까?,(7) 공기업,1=전혀 청렴하지 않다 (Not at all); 2=별로 청렴하지 않다 (Not much); 3=약간 청렴하다 (Somewhat); 4=매우 청렴하다 (Very much),
y2024,q32_7,honesty_public_enterprises,Ⅳ. Social Communication (사회적 소통),귀하는 다음 기관들이 얼마나 청렴하다고 생각하십니까?,(7) 공기업,1=전혀 청렴하지 않다 (Not at all); 2=별로 청렴하지 않다 (Not much); 3=약간 청렴하다 (Somewhat); 4=매우 청렴하다 (Very much),
y2013,q31_15,honesty_religious,,"귀하는 다음 기관들이 얼마나 청렴하다고 생각하십니까? 기 관 전혀 그렇지 않다 별로 그렇지 않다 약간 그렇다 매우 그렇다 1 행정기관(중앙정부 부처, 지방자치단체)은 모든 사람들에게 공정한 행정서비스를 제공한다",,1=전혀 청렴하지 않다 (Not at all); 2=별로 청렴하지 않다 (Not much); 3=약간 청렴하다 (Somewhat); 4=매우 청렴하다 (Very much),
y2014,q31_15,honesty_religious,,"귀하는 다음 기관들이 얼마나 청렴하다고 생각하십니까? VI. 공정성 부문 기 관 전혀 그렇지 않다 별로 그렇지 않다 약간 그렇다 매우 그렇다 1 행정기관(중앙정부 부처, 지방자치단체)은 모든 사람들에게 공정한 행정서비스를 제공한다",,1=전혀 청렴하지 않다 (Not at all); 2=별로 청렴하지 않다 (Not much); 3=약간 청렴하다 (Somewhat); 4=매우 청렴하다 (Very much),
y2015,q33_15,honesty_religious,Ⅴ. Social Trust (사회적 신뢰),귀하는 다음 기관들이 얼마나 청렴하다고 생각하십니까?,"(15) 종교계(교회, 성당, 사찰 등) ➀ ➁ ➂ ➃",1=전혀 청렴하지 않다 (Not at all); 2=별로 청렴하지 않다 (Not much); 3=약간 청렴하다 (Somewhat); 4=매우 청렴하다 (Very much),
y2016,q34_16,honesty_religious,Ⅴ. Social Trust (사회적 신뢰),귀하는 다음 기관들이 얼마나 청렴하다고 생각하십니까?,(16) 종교기관 ➀ ➁ ➂ ➃,1=전혀 청렴하지 않다 (Not at all); 2=별로 청렴하지 않다 (Not much); 3=약간 청렴하다 (Somewhat); 4=매우 청렴하다 (Very much),
y2017,q33_16,honesty_religious,Ⅴ. Social Trust (사회적 신뢰),귀하는 다음 기관들이 얼마나 청렴하다고 생각하십니까?,(16) 종교기관 ➀ ➁ ➂ ➃,1=전혀 청렴하지 않다 (Not at all); 2=별로 청렴하지 않다 (Not much); 3=약간 청렴하다 (Somewhat); 4=매우 청렴하다 (Very much),
y2018,q36_16,honesty_religious,Ⅴ. Social Trust (사회적 신뢰),귀하는 다음 기관들이 얼마나 청렴하다고 생각하십니까?,(16) 종교기관 ➀ ➁ ➂ ➃,1=전혀 청렴하지 않다 (Not at all); 2=별로 청렴하지 않다 (Not much); 3=약간 청렴하다 (Somewhat); 4=매우 청렴하다 (Very much),
y2019,q36_16,honesty_religious,Ⅴ. Social Trust (사회적 신뢰),귀하는 다음 기관들이 얼마나 청렴하다고 생각하십니까?,(16) 종교기관 ➀ ➁ ➂ ➃,1=전혀 청렴하지 않다 (Not at all); 2=별로 청렴하지 않다 (Not much); 3=약간 청렴하다 (Somewhat); 4=매우 청렴하다 (Very much),
y2020,q34_16,honesty_religious,Ⅴ. Social Trust (사회적 신뢰),귀하는 다음 기관들이 얼마나 청렴하다고 생각하십니까?,(16) 종교기관,1=전혀 청렴하지 않다 (Not at all); 2=별로 청렴하지 않다 (Not much); 3=약간 청렴하다 (Somewhat); 4=매우 청렴하다 (Very much),
y2021,q36_16,honesty_religious,Ⅴ. Social Trust (사회적 신뢰),귀하는 다음 기관들이 얼마나 청렴하다고 생각하십니까?,(16) 종교기관,1=전혀 청렴하지 않다 (Not at all); 2=별로 청렴하지 않다 (Not much); 3=약간 청렴하다 (Somewhat); 4=매우 청렴하다 (Very much),
y2022,q36_16,honesty_religious,Ⅴ. Social Trust (사회적 신뢰),귀하는 다음 기관들이 얼마나 청렴하다고 생각하십니까?,(16) 종교기관,1=전혀 청렴하지 않다 (Not at all); 2=별로 청렴하지 않다 (Not much); 3=약간 청렴하다 (Somewhat); 4=매우 청렴하다 (Very much),
y2023,q31_16,honesty_religious,Ⅳ. Social Communication (사회적 소통),귀하는 다음 기관들이 얼마나 청렴하다고 생각하십니까?,(16) 종교기관,1=전혀 청렴하지 않다 (Not at all); 2=별로 청렴하지 않다 (Not much); 3=약간 청렴하다 (Somewhat); 4=매우 청렴하다 (Very much),
y2024,q32_16,honesty_religious,Ⅳ. Social Communication (사회적 소통),귀하는 다음 기관들이 얼마나 청렴하다고 생각하십니까?,(16) 종교기관,1=전혀 청렴하지 않다 (Not at all); 2=별로 청렴하지 않다 (Not much); 3=약간 청렴하다 (Somewhat); 4=매우 청렴하다 (Very much),
y2013,q31_10,honesty_tv,,"귀하는 다음 기관들이 얼마나 청렴하다고 생각하십니까? 기 관 전혀 그렇지 않다 별로 그렇지 않다 약간 그렇다 매우 그렇다 1 행정기관(중앙정부 부처, 지방자치단체)은 모든 사람들에게 공정한 행정서비스를 제공한다",,1=전혀 청렴하지 않다 (Not at all); 2=별로 청렴하지 않다 (Not much); 3=약간 청렴하다 (Somewhat); 4=매우 청렴하다 (Very much),
y2014,q31_10,honesty_tv,,"귀하는 다음 기관들이 얼마나 청렴하다고 생각하십니까? VI. 공정성 부문 기 관 전혀 그렇지 않다 별로 그렇지 않다 약간 그렇다 매우 그렇다 1 행정기관(중앙정부 부처, 지방자치단체)은 모든 사람들에게 공정한 행정서비스를 제공한다",,1=전혀 청렴하지 않다 (Not at all); 2=별로 청렴하지 않다 (Not much); 3=약간 청렴하다 (Somewhat); 4=매우 청렴하다 (Very much),
y2015,q33_10,honesty_tv,Ⅴ. Social Trust (사회적 신뢰),귀하는 다음 기관들이 얼마나 청렴하다고 생각하십니까?,(10) TV방송사 ➀ ➁ ➂ ➃,1=전혀 청렴하지 않다 (Not at all); 2=별로 청렴하지 않다 (Not much); 3=약간 청렴하다 (Somewhat); 4=매우 청렴하다 (Very much),
y2016,q34_11,honesty_tv,Ⅴ. Social Trust (사회적 신뢰),귀하는 다음 기관들이 얼마나 청렴하다고 생각하십니까?,(11) TV방송사 ➀ ➁ ➂ ➃,1=전혀 청렴하지 않다 (Not at all); 2=별로 청렴하지 않다 (Not much); 3=약간 청렴하다 (Somewhat); 4=매우 청렴하다 (Very much),
y2017,q33_11,honesty_tv,Ⅴ. Social Trust (사회적 신뢰),귀하는 다음 기관들이 얼마나 청렴하다고 생각하십니까?,(11) TV방송사 ➀ ➁ ➂ ➃,1=전혀 청렴하지 않다 (Not at all); 2=별로 청렴하지 않다 (Not much); 3=약간 청렴하다 (Somewhat); 4=매우 청렴하다 (Very much),
y2018,q36_11,honesty_tv,Ⅴ. Social Trust (사회적 신뢰),귀하는 다음 기관들이 얼마나 청렴하다고 생각하십니까?,(11) TV방송사 ➀ ➁ ➂ ➃,1=전혀 청렴하지 않다 (Not at all); 2=별로 청렴하지 않다 (Not much); 3=약간 청렴하다 (Somewhat); 4=매우 청렴하다 (Very much),
y2019,q36_11,honesty_tv,Ⅴ. Social Trust (사회적 신뢰),귀하는 다음 기관들이 얼마나 청렴하다고 생각하십니까?,(11) TV방송사 ➀ ➁ ➂ ➃,1=전혀 청렴하지 않다 (Not at all); 2=별로 청렴하지 않다 (Not much); 3=약간 청렴하다 (Somewhat); 4=매우 청렴하다 (Very much),
y2020,q34_11,honesty_tv,Ⅴ. Social Trust (사회적 신뢰),귀하는 다음 기관들이 얼마나 청렴하다고 생각하십니까?,(11) TV방송사,1=전혀 청렴하지 않다 (Not at all); 2=별로 청렴하지 않다 (Not much); 3=약간 청렴하다 (Somewhat); 4=매우 청렴하다 (Very much),
y2021,q36_11,honesty_tv,Ⅴ. Social Trust (사회적 신뢰),귀하는 다음 기관들이 얼마나 청렴하다고 생각하십니까?,(11) TV방송사,1=전혀 청렴하지 않다 (Not at all); 2=별로 청렴하지 않다 (Not much); 3=약간 청렴하다 (Somewhat); 4=매우 청렴하다 (Very much),
y2022,q36_11,honesty_tv,Ⅴ. Social Trust (사회적 신뢰),귀하는 다음 기관들이 얼마나 청렴하다고 생각하십니까?,(11) TV방송사,1=전혀 청렴하지 않다 (Not at all); 2=별로 청렴하지 않다 (Not much); 3=약간 청렴하다 (Somewhat); 4=매우 청렴하다 (Very much),
y2023,q31_11,honesty_tv,Ⅳ. Social Communication (사회적 소통),귀하는 다음 기관들이 얼마나 청렴하다고 생각하십니까?,(11) TV방송사,1=전혀 청렴하지 않다 (Not at all); 2=별로 청렴하지 않다 (Not much); 3=약간 청렴하다 (Somewhat); 4=매우 청렴하다 (Very much),
y2024,q32_11,honesty_tv,Ⅳ. Social Communication (사회적 소통),귀하는 다음 기관들이 얼마나 청렴하다고 생각하십니까?,(11) TV방송사,1=전혀 청렴하지 않다 (Not at all); 2=별로 청렴하지 않다 (Not much); 3=약간 청렴하다 (Somewhat); 4=매우 청렴하다 (Very much),
y2013,q22,ideology,,,1 매우 보수적 2 다소 보수적 3 중도적 4 다소 진보적 5 매우 진보적 귀하의 이념적 성향은 어떻다고 생각하십니까? IV. 사회적 소통 부문,1=매우 보수적 (Very conservative); 3=중도적 (Centrist); 5=매우 진보적 (Very progressive),
y2014,q22,ideology,,,1 매우 보수적 2 다소 보수적 3 중도적 4 다소 진보적 5 매우 진보적 귀하의 이념적 성향은 어떻다고 생각하십니까? IV. 사회적 소통 부문,1=매우 보수적 (Very conservative); 3=중도적 (Centrist); 5=매우 진보적 (Very progressive),
y2015,q24,ideology,Ⅲ. Political Participation (정치 참여),,귀하의 이념적 성향은 어떻다고 생각하십니까? ➀ 있다 ➁ 없다 ➀ ҼĀ 매우 보수적 ➁ ҼĀ 다소 보수적 ➂ ҼĀ 중도적 ➃ ҼĀ 다소 진보적 ➄ ҼĀ 매우 진보적,1=매우 보수적 (Very conservative); 3=중도적 (Centrist); 5=매우 진보적 (Very progressive),
y2016,q25,ideology,Ⅲ. Political Participation (정치 참여),,귀하의 이념적 성향은 어떻다고 생각하십니까? ➀ 있다 ➁ 없다 ➀ ҼĀ 매우 보수적 ➁ ҼĀ 다소 보수적 ➂ ҼĀ 중도적 ➃ ҼĀ 다소 진보적 ➄ ҼĀ 매우 진보적,1=매우 보수적 (Very conservative); 3=중도적 (Centrist); 5=매우 진보적 (Very progressive),
y2017,q24,ideology,Ⅲ. Political Participation (정치 참여),,귀하의 이념적 성향은 어떻다고 생각하십니까? ➀ 있다 ➁ 없다 ➀ ҼĀ 매우 보수적 ➁ ҼĀ 다소 보수적 ➂ ҼĀ 중도적 ➃ ҼĀ 다소 진보적 ➄ ҼĀ 매우 진보적,1=매우 보수적 (Very conservative); 3=중도적 (Centrist); 5=매우 진보적 (Very progressive),
y2018,q27,ideology,Ⅲ. Political Participation (정치 참여),,귀하의 이념적 성향은 어떻다고 생각하십니까? ➀ 있다 ➁ 없다 ➀ ҼĀ 매우 보수적 ➁ ҼĀ 다소 보수적 ➂ ҼĀ 중도적 ➃ ҼĀ 다소 진보적 ➄ ҼĀ 매우 진보적,1=매우 보수적 (Very conservative); 3=중도적 (Centrist); 5=매우 진보적 (Very progressive),
y2019,q27,ideology,Ⅲ. Political Participation (정치 참여),,귀하의 이념적 성향은 어떻다고 생각하십니까? ➀ 매우 보수적 ➁ 다소 보수적 ➂ 중도적 ➃ 다소 진보적 ➄ 매우 진보적,1=매우 보수적 (Very conservative); 3=중도적 (Centrist); 5=매우 진보적 (Very progressive),
y2020,q25,ideology,Ⅲ. Political Participation (정치 참여),,귀하의 이념적 성향은 어떻다고 생각하십니까?,1=매우 보수적 (Very conservative); 3=중도적 (Centrist); 5=매우 진보적 (Very progressive),
y2021,q26,ideology,Ⅲ. Political Participation (정치 참여),,귀하의 이념적 성향은 어떻다고 생각하십니까?,1=매우 보수적 (Very conservative); 3=중도적 (Centrist); 5=매우 진보적 (Very progressive),
y2022,q26,ideology,Ⅲ. Political Participation (정치 참여),,귀하의 이념적 성향은 어떻다고 생각하십니까?,1=매우 보수적 (Very conservative); 3=중도적 (Centrist); 5=매우 진보적 (Very progressive),
y2023,q21,ideology,Ⅱ. Social Participation (사회 참여),,귀하의 이념적 성향은 어떻다고 생각하십니까?,1=매우 보수적 (Very conservative); 3=중도적 (Centrist); 5=매우 진보적 (Very progressive),
y2024,q21,ideology,Ⅱ. Social Participation (사회 참여),,귀하의 이념적 성향은 어떻다고 생각하십니까?,1=매우 보수적 (Very conservative); 3=중도적 (Centrist); 5=매우 진보적 (Very progressive),
y2018,d12_2,income_hh,Demographics (응답자 특성),"귀하는 지난 1년(2017. 9. 1. ~ 2018. 8. 31.) 동안 세금 납부(공제) 전의 월평균 개인소득 및 총 가구소득은 얼마입니까? (연간 총소득을 월평균으로 환산하여 개인소득란 및 가구소득란 모두 번호를 기재해 주십시오.) ※ 개인소득은 개인의 근로소득, 사업소득, 재산소득 및 이전소득 등의 합계입니다. 가구소득은 전 가구원의 근로소득, 사업소득, 재산소득 및 이전소득 등의 합계입니다. 개인소득 가구소득 ➀ 소득 없음 ΦĀ ྠĀ ྠĀ ྠĀ ྠĀ ➆ 500만원 이상 ~ 600만원 미만 ➁ 100만원 미만 ౢĀ ྠĀ ྠĀ ྠĀ ➇ 600만원 이상 ~ 700만원 미만 ➂ 100만원 이상 ~ 200만원 미만 ඲Ā ྠĀ ➈ 700만원 이상 ~ 800만원 미만 ➃ 200만원 이상 ~ 300만원 미만 ඲Ā ྠĀ 원 이상 ~ 900만원 미만 ➄ 300만원 이상 ~ 400만원 미만 ඲Ā ྠĀ 원 이상 ~ 1,000만원 미만 ➅ 400만원 이상 ~ 500만원 미만 ඲Ā ྠĀ 0만원 이상",,,
y2019,d12_2,income_hh,Demographics (응답자 특성),"귀하의 지난 1년(2018. 9. 1. ~ 2019. 8. 31.) 동안 세금 납부(공제) 전의 월평균 개인소득 및 총 가구소득은 얼마입니까? (연간 총소득을 월평균으로 환산하여 개인소득란 및 가구소득란 모두 번호를 기재해 주십시오.) ※ 개인소득은 개인의 근로소득, 사업소득, 재산소득 및 이전소득 등의 합계입니다. 가구소득은 전 가구원의 근로소득, 사업소득, 재산소득 및 이전소득 등의 합계입니다. 개인소득 번호기입 가구소득 번호기입 ➀ 소득 없음 ➁ 100만원 미만 ➂ 100만원 이상 ∼ 200만원 미만 ➃ 200만원 이상 ∼ 300만원 미만 ➄ 300만원 이상 ∼ 400만원 미만 ➅ 400만원 이상 ∼ 500만원 미만 ➆ 500만원 이상 ∼ 600만원 미만 ➇ 600만원 이상 ∼ 700만원 미만 ➈ 700만원 이상 ∼ 800만원 미만",,,
y2020,d12_2,income_hh,Demographics (응답자 특성),"귀하의 지난 1년(2019. 9. 1. ~ 2020. 8. 31.) 동안 세금 납부(공제) 전의 월평균 개인소득 및 총 가구소득은 얼마입니까? (연간 총소득을 월평균으로 환산하여 개인소득란 및 가구소득란 모두 번호를 기재해 주십시오.) ※ 개인소득은 개인의 근로소득, 사업소득, 재산소득 및 이전소득 등의 합계입니다. 가구소득은 전 가구원의 근로소득, 사업소득, 재산소득 및 이전소득 등의 합계입니다. 개인소득 가구소득",,,
y2021,d12_2,income_hh,Demographics (응답자 특성),"귀하의 지난 1년(2020. 9. 1. ~ 2021. 8. 31.) 동안 세금 납부(공제) 전의 월평균 개인소득 및 총 가구소득은 얼마입니까? 연간 총소득을 월평균으로 환산하여 개인소득란 및 가구소득란 모두 번호를 기재해 주십시오. ※ 개인소득은 개인의 근로소득, 사업소득, 재산소득 및 이전소득 등의 합계입니다. 가구소득은 전 가구원의 근로소득, 사업소득, 재산소득 및 이전소득 등의 합계입니다. 개인소득 가구소득",,,
y2022,d12_2,income_hh,Demographics (응답자 특성),"귀하의 지난 1년(2021. 9. 1. ~ 2022. 8. 31.) 동안 세금 납부(공제) 전의 월평균 개인소득 및 총 가구소득은 얼마입니까? 연간 총소득을 월평균으로 환산하여 개인소득란 및 가구소득란 모두 번호를 기재해 주십시오. ※ 개인소득은 개인의 근로소득, 사업소득, 재산소득 및 이전소득 등의 합계입니다. 가구소득은 전 가구원의 근로소득, 사업소득, 재산소득 및 이전소득 등의 합계입니다. 개인소득 가구소득",,,
y2023,d11_2,income_hh,Demographics (응답자 특성),"귀하의 지난 1년(2022. 9. 1. ~ 2023. 8. 31.) 동안 세금 납부(공제) 전의 월평균 개인소득 및 총 가구소득은 얼마입니까? 연간 총소득을 월평균으로 환산하여 개인소득란 및 가구소득란 모두 번호를 기재해 주십시오. ※ 개인소득은 개인의 근로소득, 사업소득, 재산소득 및 이전소득 등의 합계입니다. 가구소득은 전 가구원의 근로소득, 사업소득, 재산소득 및 이전소득 등의 합계입니다. 개인소득 가구소득",,,
y2024,d11_2,income_hh,Demographics (응답자 특성),"귀하의 지난 1년(2023. 8. 1. ~ 2024. 7. 31.) 동안 세금 납부(공제) 전의 월평균 개인소득 및 총 가구소득은 얼마입니까? 연간 총소득을 월평균으로 환산하여 개인소득란 및 가구소득란 모두 번호를 기재해 주십시오. ※ 개인소득은 개인의 근로소득, 사업소득, 재산소득 및 이전소득 등의 합계입니다. 가구소득은 전 가구원의 근로소득, 사업소득, 재산소득 및 이전소득 등의 합계입니다. 개인소득 가구소득",,,
y2013,q3_4,mobility_children,,귀하는 다음의 각 항목에 대해서 어떻게 생각하십니까? 전혀 만족하지 않는다 보통 매우 만족한다           ,,1=전혀 그렇지 않다 (Strongly disagree); 2=별로 그렇지 않다 (Somewhat disagree); 3=약간 그렇다 (Somewhat agree); 4=매우 그렇다 (Strongly agree),
y2014,q3_4,mobility_children,,귀하는 다음의 각 항목에 대해서 어떻게 생각하십니까? 전혀 만족하지 않는다 보통 매우 만족한다           ,,1=전혀 그렇지 않다 (Strongly disagree); 2=별로 그렇지 않다 (Somewhat disagree); 3=약간 그렇다 (Somewhat agree); 4=매우 그렇다 (Strongly agree),
y2015,q5_4,mobility_children,Ⅰ. Subjective Well-being & Empowerment (주관적 웰빙 및 역능성),귀하는 다음의 각 항목에 대하여 어떻게 생각하십니까?,(4) ǗĀ 나는 내 자녀가 대한민국에서 열심히 노력하면 사회적·경제적 دĀ 지위를 높일 수 있다고 생각한다 ➀ ➁ ➂ ➃,1=전혀 그렇지 않다 (Strongly disagree); 2=별로 그렇지 않다 (Somewhat disagree); 3=약간 그렇다 (Somewhat agree); 4=매우 그렇다 (Strongly agree),
y2016,q5_4,mobility_children,Ⅰ. Subjective Well-being & Empowerment (주관적 웰빙 및 역능성),귀하는 다음의 각 항목에 대하여 어떻게 생각하십니까?,(4) ǗĀ 나는 내 자녀가 대한민국에서 열심히 노력하면 사회적·경제적 دĀ 지위를 높일 수 있다고 생각한다 ➀ ➁ ➂ ➃,1=전혀 그렇지 않다 (Strongly disagree); 2=별로 그렇지 않다 (Somewhat disagree); 3=약간 그렇다 (Somewhat agree); 4=매우 그렇다 (Strongly agree),
y2017,q5_4,mobility_children,Ⅰ. Subjective Well-being & Empowerment (주관적 웰빙 및 역능성),귀하는 다음의 각 항목에 대하여 어떻게 생각하십니까?,(4) ǗĀ 나는 내 자녀가 대한민국에서 열심히 노력하면 사회적·경제적 دĀ 지위를 높일 수 있다고 생각한다 ➀ ➁ ➂ ➃,1=전혀 그렇지 않다 (Strongly disagree); 2=별로 그렇지 않다 (Somewhat disagree); 3=약간 그렇다 (Somewhat agree); 4=매우 그렇다 (Strongly agree),
y2018,q5_4,mobility_children,Ⅰ. Subjective Well-being & Empowerment (주관적 웰빙 및 역능성),귀하는 다음의 각 항목에 대하여 어떻게 생각하십니까?,(4) ǗĀ 나는 내 자녀가 대한민국에서 열심히 노력하면 사회적·경제적 دĀ 지위를 높일 수 있다고 생각한다 ➀ ➁ ➂ ➃,1=전혀 그렇지 않다 (Strongly disagree); 2=별로 그렇지 않다 (Somewhat disagree); 3=약간 그렇다 (Somewhat agree); 4=매우 그렇다 (Strongly agree),
y2019,q5_4,mobility_children,Ⅰ. Subjective Well-being & Empowerment (주관적 웰빙 및 역능성),귀하는 다음의 각 항목에 대하여 어떻게 생각하십니까?,(4) ȸĀ 나는 내 자녀가 대한민국에서 열심히 노력하면 사회적·경제적 지위를 높일 수 있다고 생각한다 ➀ ➁ ➂ ➃,1=전혀 그렇지 않다 (Strongly disagree); 2=별로 그렇지 않다 (Somewhat disagree); 3=약간 그렇다 (Somewhat agree); 4=매우 그렇다 (Strongly agree),
y2020,q5_4,mobility_children,Ⅰ. Subjective Well-being & Empowerment (주관적 웰빙 및 역능성),귀하는 다음의 각 항목에 대하여 어떻게 생각하십니까?,(4) 나는 내 자녀가 대한민국에서 열심히 노력하면 사회적·경제적 지위를 높일 수 있다고 생각한다,1=전혀 그렇지 않다 (Strongly disagree); 2=별로 그렇지 않다 (Somewhat disagree); 3=약간 그렇다 (Somewhat agree); 4=매우 그렇다 (Strongly agree),
y2021,q5_4,mobility_children,Ⅰ. Subjective Well-being & Empowerment (주관적 웰빙 및 역능성),귀하는 다음의 각 항목에 대하여 어떻게 생각하십니까?,(4) 나는 내 자녀가 대한민국에서 열심히 노력하면 사회적·경제적 지위를 높일 수 있다고 생각한다,1=전혀 그렇지 않다 (Strongly disagree); 2=별로 그렇지 않다 (Somewhat disagree); 3=약간 그렇다 (Somewhat agree); 4=매우 그렇다 (Strongly agree),
y2022,q5_4,mobility_children,Ⅰ. Subjective Well-being & Empowerment (주관적 웰빙 및 역능성),귀하는 다음의 각 항목에 대하여 어떻게 생각하십니까?,(4) 나는 내 자녀가 대한민국에서 열심히 노력하면 사회적·경제적 지위를 높일 수 있다고 생각한다,1=전혀 그렇지 않다 (Strongly disagree); 2=별로 그렇지 않다 (Somewhat disagree); 3=약간 그렇다 (Somewhat agree); 4=매우 그렇다 (Strongly agree),
y2023,q5_4,mobility_children,Ⅰ. Subjective Well-being & Empowerment (주관적 웰빙 및 역능성),귀하는 다음의 각 항목에 대하여 어떻게 생각하십니까?,(4) 나는 내 자녀가 대한민국에서 열심히 노력하면 사회적·경제적 지위를 높일 수 있다고 생각한다,1=전혀 그렇지 않다 (Strongly disagree); 2=별로 그렇지 않다 (Somewhat disagree); 3=약간 그렇다 (Somewhat agree); 4=매우 그렇다 (Strongly agree),
y2024,q5_4,mobility_children,Ⅰ. Subjective Well-being & Empowerment (주관적 웰빙 및 역능성),귀하는 다음의 각 항목에 대하여 어떻게 생각하십니까?,(4) 나는 내 자녀가 대한민국에서 열심히 노력하면 사회적·경제적 지위를 높일 수 있다고 생각한다,1=전혀 그렇지 않다 (Strongly disagree); 2=별로 그렇지 않다 (Somewhat disagree); 3=약간 그렇다 (Somewhat agree); 4=매우 그렇다 (Strongly agree),
y2013,q3_3,mobility_self,,귀하는 다음의 각 항목에 대해서 어떻게 생각하십니까? 전혀 만족하지 않는다 보통 매우 만족한다           ,,1=전혀 그렇지 않다 (Strongly disagree); 2=별로 그렇지 않다 (Somewhat disagree); 3=약간 그렇다 (Somewhat agree); 4=매우 그렇다 (Strongly agree),
y2014,q3_3,mobility_self,,귀하는 다음의 각 항목에 대해서 어떻게 생각하십니까? 전혀 만족하지 않는다 보통 매우 만족한다           ,,1=전혀 그렇지 않다 (Strongly disagree); 2=별로 그렇지 않다 (Somewhat disagree); 3=약간 그렇다 (Somewhat agree); 4=매우 그렇다 (Strongly agree),
y2015,q5_3,mobility_self,Ⅰ. Subjective Well-being & Empowerment (주관적 웰빙 및 역능성),귀하는 다음의 각 항목에 대하여 어떻게 생각하십니까?,(3) ǗĀ 나는 내가 대한민국에서 열심히 노력하면 사회적·경제적 지위를 دĀ 높일 수 있다고 생각한다 ➀ ➁ ➂ ➃,1=전혀 그렇지 않다 (Strongly disagree); 2=별로 그렇지 않다 (Somewhat disagree); 3=약간 그렇다 (Somewhat agree); 4=매우 그렇다 (Strongly agree),
y2016,q5_3,mobility_self,Ⅰ. Subjective Well-being & Empowerment (주관적 웰빙 및 역능성),귀하는 다음의 각 항목에 대하여 어떻게 생각하십니까?,(3) ǗĀ 나는 내가 대한민국에서 열심히 노력하면 사회적·경제적 지위를 دĀ 높일 수 있다고 생각한다 ➀ ➁ ➂ ➃,1=전혀 그렇지 않다 (Strongly disagree); 2=별로 그렇지 않다 (Somewhat disagree); 3=약간 그렇다 (Somewhat agree); 4=매우 그렇다 (Strongly agree),
y2017,q5_3,mobility_self,Ⅰ. Subjective Well-being & Empowerment (주관적 웰빙 및 역능성),귀하는 다음의 각 항목에 대하여 어떻게 생각하십니까?,(3) ǗĀ 나는 내가 대한민국에서 열심히 노력하면 사회적·경제적 지위를 دĀ 높일 수 있다고 생각한다 ➀ ➁ ➂ ➃,1=전혀 그렇지 않다 (Strongly disagree); 2=별로 그렇지 않다 (Somewhat disagree); 3=약간 그렇다 (Somewhat agree); 4=매우 그렇다 (Strongly agree),
y2018,q5_3,mobility_self,Ⅰ. Subjective Well-being & Empowerment (주관적 웰빙 및 역능성),귀하는 다음의 각 항목에 대하여 어떻게 생각하십니까?,(3) ǗĀ 나는 내가 대한민국에서 열심히 노력하면 사회적·경제적 지위를 دĀ 높일 수 있다고 생각한다 ➀ ➁ ➂ ➃,1=전혀 그렇지 않다 (Strongly disagree); 2=별로 그렇지 않다 (Somewhat disagree); 3=약간 그렇다 (Somewhat agree); 4=매우 그렇다 (Strongly agree),
y2019,q5_3,mobility_self,Ⅰ. Subjective Well-being & Empowerment (주관적 웰빙 및 역능성),귀하는 다음의 각 항목에 대하여 어떻게 생각하십니까?,(3) ȸĀ 나는 내가 대한민국에서 열심히 노력하면 사회적·경제적 지위를 높일 수 있다고 생각한다 ➀ ➁ ➂ ➃,1=전혀 그렇지 않다 (Strongly disagree); 2=별로 그렇지 않다 (Somewhat disagree); 3=약간 그렇다 (Somewhat agree); 4=매우 그렇다 (Strongly agree),
y2020,q5_3,mobility_self,Ⅰ. Subjective Well-being & Empowerment (주관적 웰빙 및 역능성),귀하는 다음의 각 항목에 대하여 어떻게 생각하십니까?,(3) 나는 내가 대한민국에서 열심히 노력하면 사회적·경제적 지위를 높일 수 있다고 생각한다,1=전혀 그렇지 않다 (Strongly disagree); 2=별로 그렇지 않다 (Somewhat disagree); 3=약간 그렇다 (Somewhat agree); 4=매우 그렇다 (Strongly agree),
y2021,q5_3,mobility_self,Ⅰ. Subjective Well-being & Empowerment (주관적 웰빙 및 역능성),귀하는 다음의 각 항목에 대하여 어떻게 생각하십니까?,(3) 나는 내가 대한민국에서 열심히 노력하면 사회적·경제적 지위를 높일 수 있다고 생각한다,1=전혀 그렇지 않다 (Strongly disagree); 2=별로 그렇지 않다 (Somewhat disagree); 3=약간 그렇다 (Somewhat agree); 4=매우 그렇다 (Strongly agree),
y2022,q5_3,mobility_self,Ⅰ. Subjective Well-being & Empowerment (주관적 웰빙 및 역능성),귀하는 다음의 각 항목에 대하여 어떻게 생각하십니까?,(3) 나는 내가 대한민국에서 열심히 노력하면 사회적·경제적 지위를 높일 수 있다고 생각한다,1=전혀 그렇지 않다 (Strongly disagree); 2=별로 그렇지 않다 (Somewhat disagree); 3=약간 그렇다 (Somewhat agree); 4=매우 그렇다 (Strongly agree),
y2023,q5_3,mobility_self,Ⅰ. Subjective Well-being & Empowerment (주관적 웰빙 및 역능성),귀하는 다음의 각 항목에 대하여 어떻게 생각하십니까?,(3) 나는 내가 대한민국에서 열심히 노력하면 사회적·경제적 지위를 높일 수 있다고 생각한다,1=전혀 그렇지 않다 (Strongly disagree); 2=별로 그렇지 않다 (Somewhat disagree); 3=약간 그렇다 (Somewhat agree); 4=매우 그렇다 (Strongly agree),
y2024,q5_3,mobility_self,Ⅰ. Subjective Well-being & Empowerment (주관적 웰빙 및 역능성),귀하는 다음의 각 항목에 대하여 어떻게 생각하십니까?,(3) 나는 내가 대한민국에서 열심히 노력하면 사회적·경제적 지위를 높일 수 있다고 생각한다,1=전혀 그렇지 않다 (Strongly disagree); 2=별로 그렇지 않다 (Somewhat disagree); 3=약간 그렇다 (Somewhat agree); 4=매우 그렇다 (Strongly agree),
y2013,q3_1,national_pride,,귀하는 다음의 각 항목에 대해서 어떻게 생각하십니까? 전혀 만족하지 않는다 보통 매우 만족한다           ,,1=전혀 그렇지 않다 (Strongly disagree); 2=별로 그렇지 않다 (Somewhat disagree); 3=약간 그렇다 (Somewhat agree); 4=매우 그렇다 (Strongly agree),
y2014,q3_1,national_pride,,귀하는 다음의 각 항목에 대해서 어떻게 생각하십니까? 전혀 만족하지 않는다 보통 매우 만족한다           ,,1=전혀 그렇지 않다 (Strongly disagree); 2=별로 그렇지 않다 (Somewhat disagree); 3=약간 그렇다 (Somewhat agree); 4=매우 그렇다 (Strongly agree),
y2015,q5_1,national_pride,Ⅰ. Subjective Well-being & Empowerment (주관적 웰빙 및 역능성),귀하는 다음의 각 항목에 대하여 어떻게 생각하십니까?,(1) 나는 대한민국 국민이라는 것이 자랑스럽다 ➀ ➁ ➂ ➃,1=전혀 그렇지 않다 (Strongly disagree); 2=별로 그렇지 않다 (Somewhat disagree); 3=약간 그렇다 (Somewhat agree); 4=매우 그렇다 (Strongly agree),
y2016,q5_1,national_pride,Ⅰ. Subjective Well-being & Empowerment (주관적 웰빙 및 역능성),귀하는 다음의 각 항목에 대하여 어떻게 생각하십니까?,(1) 나는 대한민국 국민이라는 것이 자랑스럽다 ➀ ➁ ➂ ➃,1=전혀 그렇지 않다 (Strongly disagree); 2=별로 그렇지 않다 (Somewhat disagree); 3=약간 그렇다 (Somewhat agree); 4=매우 그렇다 (Strongly agree),
y2017,q5_1,national_pride,Ⅰ. Subjective Well-being & Empowerment (주관적 웰빙 및 역능성),귀하는 다음의 각 항목에 대하여 어떻게 생각하십니까?,(1) 나는 대한민국 국민이라는 것이 자랑스럽다 ➀ ➁ ➂ ➃,1=전혀 그렇지 않다 (Strongly disagree); 2=별로 그렇지 않다 (Somewhat disagree); 3=약간 그렇다 (Somewhat agree); 4=매우 그렇다 (Strongly agree),
y2018,q5_1,national_pride,Ⅰ. Subjective Well-being & Empowerment (주관적 웰빙 및 역능성),귀하는 다음의 각 항목에 대하여 어떻게 생각하십니까?,(1) 나는 대한민국 국민이라는 것이 자랑스럽다 ➀ ➁ ➂ ➃,1=전혀 그렇지 않다 (Strongly disagree); 2=별로 그렇지 않다 (Somewhat disagree); 3=약간 그렇다 (Somewhat agree); 4=매우 그렇다 (Strongly agree),
y2019,q5_1,national_pride,Ⅰ. Subjective Well-being & Empowerment (주관적 웰빙 및 역능성),귀하는 다음의 각 항목에 대하여 어떻게 생각하십니까?,(1) ȸĀ 나는 대한민국 국민이라는 것이 자랑스럽다 ➀ ➁ ➂ ➃,1=전혀 그렇지 않다 (Strongly disagree); 2=별로 그렇지 않다 (Somewhat disagree); 3=약간 그렇다 (Somewhat agree); 4=매우 그렇다 (Strongly agree),
y2020,q5_1,national_pride,Ⅰ. Subjective Well-being & Empowerment (주관적 웰빙 및 역능성),귀하는 다음의 각 항목에 대하여 어떻게 생각하십니까?,(1) 나는 대한민국 국민이라는 것이 자랑스럽다,1=전혀 그렇지 않다 (Strongly disagree); 2=별로 그렇지 않다 (Somewhat disagree); 3=약간 그렇다 (Somewhat agree); 4=매우 그렇다 (Strongly agree),
y2021,q5_1,national_pride,Ⅰ. Subjective Well-being & Empowerment (주관적 웰빙 및 역능성),귀하는 다음의 각 항목에 대하여 어떻게 생각하십니까?,(1) 나는 대한민국 국민이라는 것이 자랑스럽다,1=전혀 그렇지 않다 (Strongly disagree); 2=별로 그렇지 않다 (Somewhat disagree); 3=약간 그렇다 (Somewhat agree); 4=매우 그렇다 (Strongly agree),
y2022,q5_1,national_pride,Ⅰ. Subjective Well-being & Empowerment (주관적 웰빙 및 역능성),귀하는 다음의 각 항목에 대하여 어떻게 생각하십니까?,(1) 나는 대한민국 국민이라는 것이 자랑스럽다,1=전혀 그렇지 않다 (Strongly disagree); 2=별로 그렇지 않다 (Somewhat disagree); 3=약간 그렇다 (Somewhat agree); 4=매우 그렇다 (Strongly agree),
y2023,q5_1,national_pride,Ⅰ. Subjective Well-being & Empowerment (주관적 웰빙 및 역능성),귀하는 다음의 각 항목에 대하여 어떻게 생각하십니까?,(1) 나는 대한민국 국민이라는 것이 자랑스럽다,1=전혀 그렇지 않다 (Strongly disagree); 2=별로 그렇지 않다 (Somewhat disagree); 3=약간 그렇다 (Somewhat agree); 4=매우 그렇다 (Strongly agree),
y2024,q5_1,national_pride,Ⅰ. Subjective Well-being & Empowerment (주관적 웰빙 및 역능성),귀하는 다음의 각 항목에 대하여 어떻게 생각하십니까?,(1) 나는 대한민국 국민이라는 것이 자랑스럽다,1=전혀 그렇지 않다 (Strongly disagree); 2=별로 그렇지 않다 (Somewhat disagree); 3=약간 그렇다 (Somewhat agree); 4=매우 그렇다 (Strongly agree),
y2018,q21_1,pol_efficacy,Ⅲ. Political Participation (정치 참여),귀하는 다음의 각 항목에 대하여 어떻게 생각하십니까?,(1) ŁĀ 나와 같은 사람들은 정부가 하는 일에 어떠한 ֙Ā 영향도 미칠 수 없다 ➀ ➁ ➂ ➃ ➄,1=전혀 동의하지 않는다; 2=별로 동의하지 않는다; 3=약간 동의한다; 4=매우 동의한다,
y2019,q21_1,pol_efficacy,Ⅲ. Political Participation (정치 참여),귀하는 다음의 각 항목에 대하여 어떻게 생각하십니까?,(1) ȸĀ 나와 같은 사람들은 정부가 하는 일에 어떠한 영향도 미칠 수 없다 ➀ ➁ ➂ ➃ ➄,1=전혀 동의하지 않는다; 2=별로 동의하지 않는다; 3=약간 동의한다; 4=매우 동의한다,
y2020,q19_1,pol_efficacy,Ⅲ. Political Participation (정치 참여),귀하는 다음의 각 항목에 대하여 어떻게 생각하십니까?,(1) 나와 같은 사람들은 정부가 하는 일에 어떠한 영향도 미칠 수 없다,1=전혀 동의하지 않는다; 2=별로 동의하지 않는다; 3=동의도 반대도 하지 않는다; 4=약간 동의한다; 5=매우 동의한다,
y2021,q20_1,pol_efficacy,Ⅲ. Political Participation (정치 참여),귀하는 다음의 각 항목에 대하여 어떻게 생각하십니까?,(1) 나와 같은 사람들은 정부가 하는 일에 어떠한 영향도 미칠 수 없다,1=전혀 동의하지 않는다; 2=별로 동의하지 않는다; 3=동의도 반대도 하지 않는다; 4=약간 동의한다; 5=매우 동의한다,
y2022,q20_1,pol_efficacy,Ⅲ. Political Participation (정치 참여),귀하는 다음의 각 항목에 대하여 어떻게 생각하십니까?,(1) 나와 같은 사람들은 정부가 하는 일에 어떠한 영향도 미칠 수 없다,1=전혀 동의하지 않는다; 2=별로 동의하지 않는다; 3=동의도 반대도 하지 않는다; 4=약간 동의한다; 5=매우 동의한다,
y2023,q17_1,pol_efficacy,Ⅱ. Social Participation (사회 참여),귀하는 다음의 각 항목에 대하여 어떻게 생각하십니까?,(1) 나와 같은 사람들은 정부가 하는 일에 어떠한 영향도 미칠 수 없다,1=전혀 동의하지 않는다; 2=별로 동의하지 않는다; 3=동의도 반대도 하지 않는다; 4=약간 동의한다; 5=매우 동의한다,
y2024,q17_1,pol_efficacy,Ⅱ. Social Participation (사회 참여),귀하는 다음의 각 항목에 대하여 어떻게 생각하십니까?,(1) 나와 같은 사람들은 정부가 하는 일에 어떠한 영향도 미칠 수 없다,1=전혀 동의하지 않는다; 2=별로 동의하지 않는다; 3=동의도 반대도 하지 않는다; 4=약간 동의한다; 5=매우 동의한다,
y2021,q19,pol_interest,Ⅲ. Political Participation (정치 참여),,귀하는 평소 정치에 얼마나 관심이 있습니까?,1=전혀 관심이 없다 (Not at all interested); 2=별로 관심이 없다 (Not very interested); 3=약간 관심이 있다 (Somewhat interested); 4=매우 관심이 있다 (Very interested),
y2022,q19,pol_interest,Ⅲ. Political Participation (정치 참여),,귀하는 평소 정치에 얼마나 관심이 있습니까?,1=전혀 관심이 없다 (Not at all interested); 2=별로 관심이 없다 (Not very interested); 3=약간 관심이 있다 (Somewhat interested); 4=매우 관심이 있다 (Very interested),
y2023,q16,pol_interest,Ⅱ. Social Participation (사회 참여),,귀하는 평소 정치에 얼마나 관심이 있습니까?,1=전혀 관심이 없다 (Not at all interested); 2=별로 관심이 없다 (Not very interested); 3=약간 관심이 있다 (Somewhat interested); 4=매우 관심이 있다 (Very interested),
y2024,q16,pol_interest,Ⅱ. Social Participation (사회 참여),,귀하는 평소 정치에 얼마나 관심이 있습니까?,1=전혀 관심이 없다 (Not at all interested); 2=별로 관심이 없다 (Not very interested); 3=약간 관심이 있다 (Somewhat interested); 4=매우 관심이 있다 (Very interested),
y2013,q5,pol_prospect,,,귀하는 5년 후 우리나라의 정치 상황이 어떻게 변화할 것이라고 생각하십니까? 전혀 만족하지 않는다 보통 매우 만족한다           ,0=매우 나빠질 것이다 (Will get much worse); 5=보통 (Average); 10=매우 좋아질 것이다 (Will get much better),
y2015,q7,pol_prospect,Ⅰ. Subjective Well-being & Empowerment (주관적 웰빙 및 역능성),,귀하는 5년 후 우리나라의 정치 상황이 어떻게 변화할 것이라고 생각하십니까?,0=매우 나빠질 것이다 (Will get much worse); 5=보통 (Average); 10=매우 좋아질 것이다 (Will get much better),
y2016,q7,pol_prospect,Ⅰ. Subjective Well-being & Empowerment (주관적 웰빙 및 역능성),,귀하는 5년 후 우리나라 정치 상황이 어떻게 변화할 것이라고 생각하십니까?,0=매우 나빠질 것이다 (Will get much worse); 5=보통 (Average); 10=매우 좋아질 것이다 (Will get much better),
y2017,q7,pol_prospect,Ⅰ. Subjective Well-being & Empowerment (주관적 웰빙 및 역능성),,귀하는 5년 후 우리나라 정치 상황이 어떻게 변화할 것이라고 생각하십니까?,0=매우 나빠질 것이다 (Will get much worse); 5=보통 (Average); 10=매우 좋아질 것이다 (Will get much better),
y2018,q7,pol_prospect,Ⅰ. Subjective Well-being & Empowerment (주관적 웰빙 및 역능성),,귀하는 5년 후 우리나라 정치 상황이 어떻게 변화할 것이라고 생각하십니까?,0=매우 나빠질 것이다 (Will get much worse); 5=보통 (Average); 10=매우 좋아질 것이다 (Will get much better),
y2019,q7,pol_prospect,Ⅰ. Subjective Well-being & Empowerment (주관적 웰빙 및 역능성),,귀하는 5년 후 우리나라 정치 상황이 어떻게 변화할 것이라고 생각하십니까? 매우 나빠질 것이다,0=매우 나빠질 것이다 (Will get much worse); 5=보통 (Average); 10=매우 좋아질 것이다 (Will get much better),
y2020,q7,pol_prospect,Ⅰ. Subjective Well-being & Empowerment (주관적 웰빙 및 역능성),,귀하는 5년 후 우리나라 정치 상황이 어떻게 변화할 것이라고 생각하십니까?,0=매우 나빠질 것이다 (Will get much worse); 5=보통 (Average); 10=매우 좋아질 것이다 (Will get much better),
y2021,q7,pol_prospect,Ⅰ. Subjective Well-being & Empowerment (주관적 웰빙 및 역능성),,귀하는 5년 후 우리나라 정치 상황이 어떻게 변화할 것이라고 생각하십니까?,0=매우 나빠질 것이다 (Will get much worse); 5=보통 (Average); 10=매우 좋아질 것이다 (Will get much better),
y2022,q7,pol_prospect,Ⅰ. Subjective Well-being & Empowerment (주관적 웰빙 및 역능성),,귀하는 5년 후 우리나라 정치 상황이 어떻게 변화할 것이라고 생각하십니까?,0=매우 나빠질 것이다 (Will get much worse); 5=보통 (Average); 10=매우 좋아질 것이다 (Will get much better),
y2023,q7,pol_prospect,Ⅰ. Subjective Well-being & Empowerment (주관적 웰빙 및 역능성),,귀하는 5년 후 우리나라 정치 상황이 어떻게 변화할 것이라고 생각하십니까?,0=매우 나빠질 것이다 (Will get much worse); 5=보통 (Average); 10=매우 좋아질 것이다 (Will get much better),
y2024,q7,pol_prospect,Ⅰ. Subjective Well-being & Empowerment (주관적 웰빙 및 역능성),,귀하는 5년 후 우리나라 정치 상황이 어떻게 변화할 것이라고 생각하십니까?,0=매우 나빠질 것이다 (Will get much worse); 5=보통 (Average); 10=매우 좋아질 것이다 (Will get much better),
y2013,q4,pol_satisfaction,,,귀하는 현재 우리나라 정치 상황에 대하여 어느 정도 만족하고 있습니까? 매우 나빠질 것이다 보통 매우 좋아질 것이다           ,0=전혀 만족하지 않는다 (Not at all satisfied); 5=보통 (Average); 10=매우 만족한다 (Very satisfied),
y2014,q4,pol_satisfaction,,,귀하는 현재 우리나라 정치 상황에 대하여 어느 정도 만족하고 있습니까? 매우 나빠질 것이다 보통 매우 좋아질 것이다           ,0=전혀 만족하지 않는다 (Not at all satisfied); 5=보통 (Average); 10=매우 만족한다 (Very satisfied),
y2015,q6,pol_satisfaction,Ⅰ. Subjective Well-being & Empowerment (주관적 웰빙 및 역능성),,귀하는 현재 우리나라 정치 상황에 대하여 어느 정도 만족하고 있습니까?,0=전혀 만족하지 않는다 (Not at all satisfied); 5=보통 (Average); 10=매우 만족한다 (Very satisfied),
y2016,q6,pol_satisfaction,Ⅰ. Subjective Well-being & Empowerment (주관적 웰빙 및 역능성),,귀하는 현재 우리나라 정치 상황에 대하여 어느 정도 만족하고 있습니까?,0=전혀 만족하지 않는다 (Not at all satisfied); 5=보통 (Average); 10=매우 만족한다 (Very satisfied),
y2017,q6,pol_satisfaction,Ⅰ. Subjective Well-being & Empowerment (주관적 웰빙 및 역능성),,귀하는 현재 우리나라 정치 상황에 대하여 어느 정도 만족하고 있습니까?,0=전혀 만족하지 않는다 (Not at all satisfied); 5=보통 (Average); 10=매우 만족한다 (Very satisfied),
y2018,q6,pol_satisfaction,Ⅰ. Subjective Well-being & Empowerment (주관적 웰빙 및 역능성),,귀하는 현재 우리나라 정치 상황에 대하여 어느 정도 만족하고 있습니까?,0=전혀 만족하지 않는다 (Not at all satisfied); 5=보통 (Average); 10=매우 만족한다 (Very satisfied),
y2019,q6,pol_satisfaction,Ⅰ. Subjective Well-being & Empowerment (주관적 웰빙 및 역능성),,귀하는 현재 우리나라 정치 상황에 대하여 어느 정도 만족하고 있습니까? 전혀 만족하지 않는다,0=전혀 만족하지 않는다 (Not at all satisfied); 5=보통 (Average); 10=매우 만족한다 (Very satisfied),
y2020,q6,pol_satisfaction,Ⅰ. Subjective Well-being & Empowerment (주관적 웰빙 및 역능성),,귀하는 현재 우리나라 정치 상황에 대하여 어느 정도 만족하고 있습니까?,0=전혀 만족하지 않는다 (Not at all satisfied); 5=보통 (Average); 10=매우 만족한다 (Very satisfied),
y2021,q6,pol_satisfaction,Ⅰ. Subjective Well-being & Empowerment (주관적 웰빙 및 역능성),,귀하는 현재 우리나라 정치 상황에 대하여 어느 정도 만족하고 있습니까?,0=전혀 만족하지 않는다 (Not at all satisfied); 5=보통 (Average); 10=매우 만족한다 (Very satisfied),
y2022,q6,pol_satisfaction,Ⅰ. Subjective Well-being & Empowerment (주관적 웰빙 및 역능성),,귀하는 현재 우리나라 정치 상황에 대하여 어느 정도 만족하고 있습니까?,0=전혀 만족하지 않는다 (Not at all satisfied); 5=보통 (Average); 10=매우 만족한다 (Very satisfied),
y2023,q6,pol_satisfaction,Ⅰ. Subjective Well-being & Empowerment (주관적 웰빙 및 역능성),,귀하는 현재 우리나라 정치 상황에 대하여 어느 정도 만족하고 있습니까?,0=전혀 만족하지 않는다 (Not at all satisfied); 5=보통 (Average); 10=매우 만족한다 (Very satisfied),
y2024,q6,pol_satisfaction,Ⅰ. Subjective Well-being & Empowerment (주관적 웰빙 및 역능성),,귀하는 현재 우리나라 정치 상황에 대하여 어느 정도 만족하고 있습니까?,0=전혀 만족하지 않는다 (Not at all satisfied); 5=보통 (Average); 10=매우 만족한다 (Very satisfied),
y2011,region_1,region,Administrative / Sampling,,,1=서울; 2=부산; 3=대구; 4=인천; 5=광주; 6=대전; 7=울산; 8=경기; 9=강원; 10=충북; 11=충남; 12=전북; 13=전남; 14=경북; 15=경남; 16=제주,"Administrative variable (region_1), not a survey question"
y2013,ara,region,Administrative / Sampling,,,11=서울; 21=부산; 22=대구; 23=인천; 24=광주; 25=대전; 26=울산; 31=경기; 32=강원; 33=충북; 34=충남; 35=전북; 36=전남; 37=경북; 38=경남; 39=제주,"Administrative variable (ara), not a survey question"
y2014,ara,region,Administrative / Sampling,,,11=서울; 21=부산; 22=대구; 23=인천; 24=광주; 25=대전; 26=울산; 31=경기; 32=강원; 33=충북; 34=충남; 35=전북; 36=전남; 37=경북; 38=경남; 39=제주,"Administrative variable (ara), not a survey question"
y2015,ara,region,Administrative / Sampling,,,11=서울; 21=부산; 22=대구; 23=인천; 24=광주; 25=대전; 26=울산; 29=세종; 31=경기; 32=강원; 33=충북; 34=충남; 35=전북; 36=전남; 37=경북; 38=경남; 39=제주,"Administrative variable (ara), not a survey question"
y2016,ara,region,Administrative / Sampling,,,11=서울; 21=부산; 22=대구; 23=인천; 24=광주; 25=대전; 26=울산; 29=세종; 31=경기; 32=강원; 33=충북; 34=충남; 35=전북; 36=전남; 37=경북; 38=경남; 39=제주,"Administrative variable (ara), not a survey question"
y2017,ara,region,Administrative / Sampling,,,11=서울; 21=부산; 22=대구; 23=인천; 24=광주; 25=대전; 26=울산; 29=세종; 31=경기; 32=강원; 33=충북; 34=충남; 35=전북; 36=전남; 37=경북; 38=경남; 39=제주,"Administrative variable (ara), not a survey question"
y2018,ara,region,Administrative / Sampling,,,11=서울; 21=부산; 22=대구; 23=인천; 24=광주; 25=대전; 26=울산; 29=세종; 31=경기; 32=강원; 33=충북; 34=충남; 35=전북; 36=전남; 37=경북; 38=경남; 39=제주,"Administrative variable (ara), not a survey question"
y2019,ara,region,Administrative / Sampling,,,11=서울; 21=부산; 22=대구; 23=인천; 24=광주; 25=대전; 26=울산; 29=세종; 31=경기; 32=강원; 33=충북; 34=충남; 35=전북; 36=전남; 37=경북; 38=경남; 39=제주,"Administrative variable (ara), not a survey question"
y2020,ara,region,Administrative / Sampling,,,11=서울; 21=부산; 22=대구; 23=인천; 24=광주; 25=대전; 26=울산; 29=세종; 31=경기; 32=강원; 33=충북; 34=충남; 35=전북; 36=전남; 37=경북; 38=경남; 39=제주,"Administrative variable (ara), not a survey question"
y2021,ara,region,Administrative / Sampling,,,11=서울; 21=부산; 22=대구; 23=인천; 24=광주; 25=대전; 26=울산; 29=세종; 31=경기; 32=강원; 33=충북; 34=충남; 35=전북; 36=전남; 37=경북; 38=경남; 39=제주,"Administrative variable (ara), not a survey question"
y2022,ara,region,Administrative / Sampling,,,11=서울; 21=부산; 22=대구; 23=인천; 24=광주; 25=대전; 26=울산; 29=세종; 31=경기; 32=강원; 33=충북; 34=충남; 35=전북; 36=전남; 37=경북; 38=경남; 39=제주,"Administrative variable (ara), not a survey question"
y2023,ara,region,Administrative / Sampling,,,11=서울; 21=부산; 22=대구; 23=인천; 24=광주; 25=대전; 26=울산; 29=세종; 31=경기; 32=강원; 33=충북; 34=충남; 35=전북; 36=전남; 37=경북; 38=경남; 39=제주,"Administrative variable (ara), not a survey question"
y2024,ara,region,Administrative / Sampling,,,11=서울; 21=부산; 22=대구; 23=인천; 24=광주; 25=대전; 26=울산; 29=세종; 31=경기; 32=강원; 33=충북; 34=충남; 35=전북; 36=전남; 37=경북; 38=경남; 39=제주,"Administrative variable (ara), not a survey question"
y2011,sex,sex,Administrative / Sampling,,,1=남성; 2=여성,"Administrative variable (sex), not a survey question"
y2013,d1,sex,Demographics (응답자 특성),,귀하의 성별은 무엇입니까? 1 남성 2 여성,,
y2014,d1,sex,Demographics (응답자 특성),,귀하의 성별은 무엇입니까? 1 남성 2 여성,,
y2015,d1,sex,Demographics (응답자 특성),,귀하의 성별은 무엇입니까?,,
y2016,d1,sex,Demographics (응답자 특성),,귀하의 성별은 무엇입니까?,,
y2017,d1,sex,Demographics (응답자 특성),,귀하의 성별은 무엇입니까?,,
y2018,d1,sex,Demographics (응답자 특성),,귀하의 성별은 무엇입니까?,,
y2019,d1,sex,Demographics (응답자 특성),,귀하의 성별은 무엇입니까? ➀ 남성 ➁ 여성,,
y2020,d1,sex,Demographics (응답자 특성),,귀하의 성별은 무엇입니까?,,
y2021,d1,sex,Demographics (응답자 특성),,귀하의 성별은 무엇입니까?,,
y2022,d1,sex,Demographics (응답자 특성),,귀하의 성별은 무엇입니까?,,
y2023,d1,sex,Demographics (응답자 특성),,귀하의 성별은 무엇입니까?,,
y2024,d1,sex,Demographics (응답자 특성),,귀하의 성별은 무엇입니까?,,
y2013,q29_3,trust_acquaintances,,귀하는 다음 집단들에 대하여 얼마나 신뢰하고 있습니까? 기 관 전혀 믿지 않는다 별로 믿지 않는다 약간 믿는다 매우 믿는다 1 중앙정부 부처,,1=전혀 신뢰하지 않는다 (Not at all); 2=별로 신뢰하지 않는다 (Not much); 3=약간 신뢰한다 (Somewhat); 4=매우 신뢰한다 (A great deal),
y2014,q29_3,trust_acquaintances,,귀하는 다음 집단들에 대하여 얼마나 신뢰하고 있습니까? 기 관 전혀 믿지 않는다 별로 믿지 않는다 약간 믿는다 매우 믿는다 1 중앙정부 부처,,1=전혀 신뢰하지 않는다 (Not at all); 2=별로 신뢰하지 않는다 (Not much); 3=약간 신뢰한다 (Somewhat); 4=매우 신뢰한다 (A great deal),
y2015,q31_3,trust_acquaintances,Ⅴ. Social Trust (사회적 신뢰),귀하는 다음 집단들에 대하여 얼마나 신뢰하고 있습니까?,"(3) 개인적으로 친분이 있는 사람(친구, 직장동료 등) ➀ ➁ ➂ ➃",1=전혀 신뢰하지 않는다 (Not at all); 2=별로 신뢰하지 않는다 (Not much); 3=약간 신뢰한다 (Somewhat); 4=매우 신뢰한다 (A great deal),
y2016,q32_3,trust_acquaintances,Ⅴ. Social Trust (사회적 신뢰),귀하는 다음 집단들에 대하여 얼마나 신뢰하고 있습니까?,"(3) 개인적으로 친분이 있는 사람(친구, 직장동료 등) ➀ ➁ ➂ ➃",1=전혀 신뢰하지 않는다 (Not at all); 2=별로 신뢰하지 않는다 (Not much); 3=약간 신뢰한다 (Somewhat); 4=매우 신뢰한다 (A great deal),
y2017,q31_3,trust_acquaintances,Ⅴ. Social Trust (사회적 신뢰),귀하는 다음 집단들에 대하여 얼마나 신뢰하고 있습니까?,"(3) 개인적으로 친분이 있는 사람(친구, 직장동료 등) ➀ ➁ ➂ ➃",1=전혀 신뢰하지 않는다 (Not at all); 2=별로 신뢰하지 않는다 (Not much); 3=약간 신뢰한다 (Somewhat); 4=매우 신뢰한다 (A great deal),
y2018,q34_3,trust_acquaintances,Ⅴ. Social Trust (사회적 신뢰),귀하는 다음 집단들에 대하여 얼마나 신뢰하고 있습니까?,"(3) 개인적으로 친분이 있는 사람(친구, 직장동료 등) ➀ ➁ ➂ ➃",1=전혀 신뢰하지 않는다 (Not at all); 2=별로 신뢰하지 않는다 (Not much); 3=약간 신뢰한다 (Somewhat); 4=매우 신뢰한다 (A great deal),
y2019,q34_3,trust_acquaintances,Ⅴ. Social Trust (사회적 신뢰),귀하는 다음 집단들에 대하여 얼마나 신뢰하고 있습니까?,"(3) ȸĀ 개인적으로 친분이 있는 사람(친구, 직장동료 등) ➀ ➁ ➂ ➃",1=전혀 신뢰하지 않는다 (Not at all); 2=별로 신뢰하지 않는다 (Not much); 3=약간 신뢰한다 (Somewhat); 4=매우 신뢰한다 (A great deal),
y2020,q32_3,trust_acquaintances,Ⅴ. Social Trust (사회적 신뢰),귀하는 다음 집단들에 대하여 얼마나 신뢰하고 있습니까?,"(3) 개인적으로 친분이 있는 사람(친구, 직장동료 등)",1=전혀 신뢰하지 않는다 (Not at all); 2=별로 신뢰하지 않는다 (Not much); 3=약간 신뢰한다 (Somewhat); 4=매우 신뢰한다 (A great deal),
y2021,q34_3,trust_acquaintances,Ⅴ. Social Trust (사회적 신뢰),귀하는 다음 집단들에 대하여 얼마나 신뢰하고 있습니까?,"(3) 개인적으로 친분이 있는 사람(친구, 직장동료 등)",1=전혀 신뢰하지 않는다 (Not at all); 2=별로 신뢰하지 않는다 (Not much); 3=약간 신뢰한다 (Somewhat); 4=매우 신뢰한다 (A great deal),
y2022,q34_3,trust_acquaintances,Ⅴ. Social Trust (사회적 신뢰),귀하는 다음 집단들에 대하여 얼마나 신뢰하고 있습니까?,"(3) 개인적으로 친분이 있는 사람(친구, 직장동료 등)",1=전혀 신뢰하지 않는다 (Not at all); 2=별로 신뢰하지 않는다 (Not much); 3=약간 신뢰한다 (Somewhat); 4=매우 신뢰한다 (A great deal),
y2023,q29_3,trust_acquaintances,Ⅳ. Social Communication (사회적 소통),귀하는 다음 집단들에 대하여 얼마나 신뢰하고 있습니까?,"(3) 개인적으로 친분이 있는 사람(친구, 직장동료 등)",1=전혀 신뢰하지 않는다 (Not at all); 2=별로 신뢰하지 않는다 (Not much); 3=약간 신뢰한다 (Somewhat); 4=매우 신뢰한다 (A great deal),
y2024,q29_3,trust_acquaintances,Ⅳ. Social Communication (사회적 소통),귀하는 다음 집단들에 대하여 얼마나 신뢰하고 있습니까?,"(3) 개인적으로 친분이 있는 사람(친구, 직장동료 등)",1=전혀 신뢰하지 않는다 (Not at all); 2=별로 신뢰하지 않는다 (Not much); 3=약간 신뢰한다 (Somewhat); 4=매우 신뢰한다 (A great deal),
y2011,T13_13,trust_blue_house,,,,1=전혀 신뢰하지 않는다 (Not at all); 2=별로 신뢰하지 않는다 (Not much); 3=약간 신뢰한다 (Somewhat); 4=매우 신뢰한다 (A great deal),No questionnaire file available for this year
y2011,T13_10,trust_central_govt,,,,1=전혀 신뢰하지 않는다 (Not at all); 2=별로 신뢰하지 않는다 (Not much); 3=약간 신뢰한다 (Somewhat); 4=매우 신뢰한다 (A great deal),No questionnaire file available for this year
y2013,q30_1,trust_central_govt,,귀하는 다음 기관들이 맡은 일을 얼마나 잘 수행하고 있다고 믿습니까? 기 관 전혀 청렴하지 않다 별로 청렴하지 않다 약간 청렴하다 매우 청렴하다 1 중앙정부 부처,,1=전혀 신뢰하지 않는다 (Not at all); 2=별로 신뢰하지 않는다 (Not much); 3=약간 신뢰한다 (Somewhat); 4=매우 신뢰한다 (A great deal),
y2014,q30_1,trust_central_govt,,귀하는 다음 기관들이 맡은 일을 얼마나 잘 수행하고 있다고 믿습니까? 기 관 전혀 청렴하지 않다 별로 청렴하지 않다 약간 청렴하다 매우 청렴하다 1 중앙정부 부처,,1=전혀 신뢰하지 않는다 (Not at all); 2=별로 신뢰하지 않는다 (Not much); 3=약간 신뢰한다 (Somewhat); 4=매우 신뢰한다 (A great deal),
y2015,q32_1,trust_central_govt,Ⅴ. Social Trust (사회적 신뢰),귀하는 다음 기관들이 맡은 일을 얼마나 잘 수행하고 있다고 믿습니까?,(1) 중앙정부 부처 ➀ ➁ ➂ ➃,1=전혀 신뢰하지 않는다 (Not at all); 2=별로 신뢰하지 않는다 (Not much); 3=약간 신뢰한다 (Somewhat); 4=매우 신뢰한다 (A great deal),
y2016,q33_1,trust_central_govt,Ⅴ. Social Trust (사회적 신뢰),귀하는 다음 기관들이 맡은 일을 얼마나 잘 수행하고 있다고 믿습니까?,(1) 중앙정부 부처 ➀ ➁ ➂ ➃,1=전혀 신뢰하지 않는다 (Not at all); 2=별로 신뢰하지 않는다 (Not much); 3=약간 신뢰한다 (Somewhat); 4=매우 신뢰한다 (A great deal),
y2017,q32_1,trust_central_govt,Ⅴ. Social Trust (사회적 신뢰),귀하는 다음 기관들이 맡은 일을 얼마나 잘 수행하고 있다고 믿습니까?,(1) 중앙정부 부처 ➀ ➁ ➂ ➃,1=전혀 신뢰하지 않는다 (Not at all); 2=별로 신뢰하지 않는다 (Not much); 3=약간 신뢰한다 (Somewhat); 4=매우 신뢰한다 (A great deal),
y2018,q35_1,trust_central_govt,Ⅴ. Social Trust (사회적 신뢰),귀하는 다음 기관들이 맡은 일을 얼마나 잘 수행하고 있다고 믿습니까?,(1) 중앙정부 부처 ➀ ➁ ➂ ➃,1=전혀 신뢰하지 않는다 (Not at all); 2=별로 신뢰하지 않는다 (Not much); 3=약간 신뢰한다 (Somewhat); 4=매우 신뢰한다 (A great deal),
y2019,q35_1,trust_central_govt,Ⅴ. Social Trust (사회적 신뢰),귀하는 다음 기관들이 맡은 일을 얼마나 잘 수행하고 있다고 믿습니까?,(1) ȸĀ 중앙정부 부처 ➀ ➁ ➂ ➃,1=전혀 신뢰하지 않는다 (Not at all); 2=별로 신뢰하지 않는다 (Not much); 3=약간 신뢰한다 (Somewhat); 4=매우 신뢰한다 (A great deal),
y2020,q33_1,trust_central_govt,Ⅴ. Social Trust (사회적 신뢰),귀하는 다음 기관들이 맡은 일을 얼마나 잘 수행하고 있다고 믿습니까?,(1) 중앙정부 부처,1=전혀 신뢰하지 않는다 (Not at all); 2=별로 신뢰하지 않는다 (Not much); 3=약간 신뢰한다 (Somewhat); 4=매우 신뢰한다 (A great deal),
y2021,q35_1,trust_central_govt,Ⅴ. Social Trust (사회적 신뢰),귀하는 다음 기관들이 맡은 일을 얼마나 잘 수행하고 있다고 믿습니까?,(1) 중앙정부 부처,1=전혀 신뢰하지 않는다 (Not at all); 2=별로 신뢰하지 않는다 (Not much); 3=약간 신뢰한다 (Somewhat); 4=매우 신뢰한다 (A great deal),
y2022,q35_1,trust_central_govt,Ⅴ. Social Trust (사회적 신뢰),귀하는 다음 기관들이 맡은 일을 얼마나 잘 수행하고 있다고 믿습니까?,(1) 중앙정부 부처,1=전혀 신뢰하지 않는다 (Not at all); 2=별로 신뢰하지 않는다 (Not much); 3=약간 신뢰한다 (Somewhat); 4=매우 신뢰한다 (A great deal),
y2023,q30_1,trust_central_govt,Ⅳ. Social Communication (사회적 소통),귀하는 다음 기관들이 맡은 일을 얼마나 잘 수행하고 있다고 믿습니까?,(1) 중앙정부 부처,1=전혀 신뢰하지 않는다 (Not at all); 2=별로 신뢰하지 않는다 (Not much); 3=약간 신뢰한다 (Somewhat); 4=매우 신뢰한다 (A great deal),
y2024,q31_1,trust_central_govt,Ⅳ. Social Communication (사회적 소통),귀하는 다음 기관들이 맡은 일을 얼마나 잘 수행하고 있다고 믿습니까?,(1) 중앙정부 부처,1=전혀 신뢰하지 않는다 (Not at all); 2=별로 신뢰하지 않는다 (Not much); 3=약간 신뢰한다 (Somewhat); 4=매우 신뢰한다 (A great deal),
y2011,T13_4,trust_civic_orgs,,,,1=전혀 신뢰하지 않는다 (Not at all); 2=별로 신뢰하지 않는다 (Not much); 3=약간 신뢰한다 (Somewhat); 4=매우 신뢰한다 (A great deal),No questionnaire file available for this year
y2013,q30_9,trust_civic_orgs,,귀하는 다음 기관들이 맡은 일을 얼마나 잘 수행하고 있다고 믿습니까? 기 관 전혀 청렴하지 않다 별로 청렴하지 않다 약간 청렴하다 매우 청렴하다 1 중앙정부 부처,,1=전혀 신뢰하지 않는다 (Not at all); 2=별로 신뢰하지 않는다 (Not much); 3=약간 신뢰한다 (Somewhat); 4=매우 신뢰한다 (A great deal),
y2014,q30_9,trust_civic_orgs,,귀하는 다음 기관들이 맡은 일을 얼마나 잘 수행하고 있다고 믿습니까? 기 관 전혀 청렴하지 않다 별로 청렴하지 않다 약간 청렴하다 매우 청렴하다 1 중앙정부 부처,,1=전혀 신뢰하지 않는다 (Not at all); 2=별로 신뢰하지 않는다 (Not much); 3=약간 신뢰한다 (Somewhat); 4=매우 신뢰한다 (A great deal),
y2015,q32_9,trust_civic_orgs,Ⅴ. Social Trust (사회적 신뢰),귀하는 다음 기관들이 맡은 일을 얼마나 잘 수행하고 있다고 믿습니까?,(9) 시민단체 ➀ ➁ ➂ ➃,1=전혀 신뢰하지 않는다 (Not at all); 2=별로 신뢰하지 않는다 (Not much); 3=약간 신뢰한다 (Somewhat); 4=매우 신뢰한다 (A great deal),
y2016,q33_10,trust_civic_orgs,Ⅴ. Social Trust (사회적 신뢰),귀하는 다음 기관들이 맡은 일을 얼마나 잘 수행하고 있다고 믿습니까?,(10) 시민단체 ➀ ➁ ➂ ➃,1=전혀 신뢰하지 않는다 (Not at all); 2=별로 신뢰하지 않는다 (Not much); 3=약간 신뢰한다 (Somewhat); 4=매우 신뢰한다 (A great deal),
y2017,q32_10,trust_civic_orgs,Ⅴ. Social Trust (사회적 신뢰),귀하는 다음 기관들이 맡은 일을 얼마나 잘 수행하고 있다고 믿습니까?,(10) 시민단체 ➀ ➁ ➂ ➃,1=전혀 신뢰하지 않는다 (Not at all); 2=별로 신뢰하지 않는다 (Not much); 3=약간 신뢰한다 (Somewhat); 4=매우 신뢰한다 (A great deal),
y2018,q35_10,trust_civic_orgs,Ⅴ. Social Trust (사회적 신뢰),귀하는 다음 기관들이 맡은 일을 얼마나 잘 수행하고 있다고 믿습니까?,(10) 시민단체 ➀ ➁ ➂ ➃,1=전혀 신뢰하지 않는다 (Not at all); 2=별로 신뢰하지 않는다 (Not much); 3=약간 신뢰한다 (Somewhat); 4=매우 신뢰한다 (A great deal),
y2019,q35_10,trust_civic_orgs,Ⅴ. Social Trust (사회적 신뢰),귀하는 다음 기관들이 맡은 일을 얼마나 잘 수행하고 있다고 믿습니까?,(10) 시민단체 ➀ ➁ ➂ ➃,1=전혀 신뢰하지 않는다 (Not at all); 2=별로 신뢰하지 않는다 (Not much); 3=약간 신뢰한다 (Somewhat); 4=매우 신뢰한다 (A great deal),
y2020,q33_10,trust_civic_orgs,Ⅴ. Social Trust (사회적 신뢰),귀하는 다음 기관들이 맡은 일을 얼마나 잘 수행하고 있다고 믿습니까?,(10) 시민단체,1=전혀 신뢰하지 않는다 (Not at all); 2=별로 신뢰하지 않는다 (Not much); 3=약간 신뢰한다 (Somewhat); 4=매우 신뢰한다 (A great deal),
y2021,q35_10,trust_civic_orgs,Ⅴ. Social Trust (사회적 신뢰),귀하는 다음 기관들이 맡은 일을 얼마나 잘 수행하고 있다고 믿습니까?,(10) 시민단체,1=전혀 신뢰하지 않는다 (Not at all); 2=별로 신뢰하지 않는다 (Not much); 3=약간 신뢰한다 (Somewhat); 4=매우 신뢰한다 (A great deal),
y2022,q35_10,trust_civic_orgs,Ⅴ. Social Trust (사회적 신뢰),귀하는 다음 기관들이 맡은 일을 얼마나 잘 수행하고 있다고 믿습니까?,(10) 시민단체,1=전혀 신뢰하지 않는다 (Not at all); 2=별로 신뢰하지 않는다 (Not much); 3=약간 신뢰한다 (Somewhat); 4=매우 신뢰한다 (A great deal),
y2023,q30_10,trust_civic_orgs,Ⅳ. Social Communication (사회적 소통),귀하는 다음 기관들이 맡은 일을 얼마나 잘 수행하고 있다고 믿습니까?,(10) 시민단체,1=전혀 신뢰하지 않는다 (Not at all); 2=별로 신뢰하지 않는다 (Not much); 3=약간 신뢰한다 (Somewhat); 4=매우 신뢰한다 (A great deal),
y2024,q31_10,trust_civic_orgs,Ⅳ. Social Communication (사회적 소통),귀하는 다음 기관들이 맡은 일을 얼마나 잘 수행하고 있다고 믿습니까?,(10) 시민단체,1=전혀 신뢰하지 않는다 (Not at all); 2=별로 신뢰하지 않는다 (Not much); 3=약간 신뢰한다 (Somewhat); 4=매우 신뢰한다 (A great deal),
y2011,T13_1,trust_corporations,,,,1=전혀 신뢰하지 않는다 (Not at all); 2=별로 신뢰하지 않는다 (Not much); 3=약간 신뢰한다 (Somewhat); 4=매우 신뢰한다 (A great deal),No questionnaire file available for this year
y2013,q30_14,trust_corporations,,귀하는 다음 기관들이 맡은 일을 얼마나 잘 수행하고 있다고 믿습니까? 기 관 전혀 청렴하지 않다 별로 청렴하지 않다 약간 청렴하다 매우 청렴하다 1 중앙정부 부처,,1=전혀 신뢰하지 않는다 (Not at all); 2=별로 신뢰하지 않는다 (Not much); 3=약간 신뢰한다 (Somewhat); 4=매우 신뢰한다 (A great deal),
y2014,q30_14,trust_corporations,,귀하는 다음 기관들이 맡은 일을 얼마나 잘 수행하고 있다고 믿습니까? 기 관 전혀 청렴하지 않다 별로 청렴하지 않다 약간 청렴하다 매우 청렴하다 1 중앙정부 부처,,1=전혀 신뢰하지 않는다 (Not at all); 2=별로 신뢰하지 않는다 (Not much); 3=약간 신뢰한다 (Somewhat); 4=매우 신뢰한다 (A great deal),
y2015,q32_14,trust_corporations,Ⅴ. Social Trust (사회적 신뢰),귀하는 다음 기관들이 맡은 일을 얼마나 잘 수행하고 있다고 믿습니까?,(14) 대기업 ➀ ➁ ➂ ➃,1=전혀 신뢰하지 않는다 (Not at all); 2=별로 신뢰하지 않는다 (Not much); 3=약간 신뢰한다 (Somewhat); 4=매우 신뢰한다 (A great deal),
y2016,q33_7,trust_corporations,Ⅴ. Social Trust (사회적 신뢰),귀하는 다음 기관들이 맡은 일을 얼마나 잘 수행하고 있다고 믿습니까?,(7) 공기업 ➀ ➁ ➂ ➃,1=전혀 신뢰하지 않는다 (Not at all); 2=별로 신뢰하지 않는다 (Not much); 3=약간 신뢰한다 (Somewhat); 4=매우 신뢰한다 (A great deal),
y2017,q32_7,trust_corporations,Ⅴ. Social Trust (사회적 신뢰),귀하는 다음 기관들이 맡은 일을 얼마나 잘 수행하고 있다고 믿습니까?,(7) 공기업 ➀ ➁ ➂ ➃,1=전혀 신뢰하지 않는다 (Not at all); 2=별로 신뢰하지 않는다 (Not much); 3=약간 신뢰한다 (Somewhat); 4=매우 신뢰한다 (A great deal),
y2018,q35_7,trust_corporations,Ⅴ. Social Trust (사회적 신뢰),귀하는 다음 기관들이 맡은 일을 얼마나 잘 수행하고 있다고 믿습니까?,(7) 공기업 ➀ ➁ ➂ ➃,1=전혀 신뢰하지 않는다 (Not at all); 2=별로 신뢰하지 않는다 (Not much); 3=약간 신뢰한다 (Somewhat); 4=매우 신뢰한다 (A great deal),
y2019,q35_7,trust_corporations,Ⅴ. Social Trust (사회적 신뢰),귀하는 다음 기관들이 맡은 일을 얼마나 잘 수행하고 있다고 믿습니까?,(7) ȸĀ 공기업 ➀ ➁ ➂ ➃,1=전혀 신뢰하지 않는다 (Not at all); 2=별로 신뢰하지 않는다 (Not much); 3=약간 신뢰한다 (Somewhat); 4=매우 신뢰한다 (A great deal),
y2020,q33_7,trust_corporations,Ⅴ. Social Trust (사회적 신뢰),귀하는 다음 기관들이 맡은 일을 얼마나 잘 수행하고 있다고 믿습니까?,(7) 공기업,1=전혀 신뢰하지 않는다 (Not at all); 2=별로 신뢰하지 않는다 (Not much); 3=약간 신뢰한다 (Somewhat); 4=매우 신뢰한다 (A great deal),
y2021,q35_7,trust_corporations,Ⅴ. Social Trust (사회적 신뢰),귀하는 다음 기관들이 맡은 일을 얼마나 잘 수행하고 있다고 믿습니까?,(7) 공기업,1=전혀 신뢰하지 않는다 (Not at all); 2=별로 신뢰하지 않는다 (Not much); 3=약간 신뢰한다 (Somewhat); 4=매우 신뢰한다 (A great deal),
y2022,q35_7,trust_corporations,Ⅴ. Social Trust (사회적 신뢰),귀하는 다음 기관들이 맡은 일을 얼마나 잘 수행하고 있다고 믿습니까?,(7) 공기업,1=전혀 신뢰하지 않는다 (Not at all); 2=별로 신뢰하지 않는다 (Not much); 3=약간 신뢰한다 (Somewhat); 4=매우 신뢰한다 (A great deal),
y2023,q30_7,trust_corporations,Ⅳ. Social Communication (사회적 소통),귀하는 다음 기관들이 맡은 일을 얼마나 잘 수행하고 있다고 믿습니까?,(7) 공기업,1=전혀 신뢰하지 않는다 (Not at all); 2=별로 신뢰하지 않는다 (Not much); 3=약간 신뢰한다 (Somewhat); 4=매우 신뢰한다 (A great deal),
y2024,q31_7,trust_corporations,Ⅳ. Social Communication (사회적 소통),귀하는 다음 기관들이 맡은 일을 얼마나 잘 수행하고 있다고 믿습니까?,(7) 공기업,1=전혀 신뢰하지 않는다 (Not at all); 2=별로 신뢰하지 않는다 (Not much); 3=약간 신뢰한다 (Somewhat); 4=매우 신뢰한다 (A great deal),
y2011,T13_14,trust_courts,,,,1=전혀 신뢰하지 않는다 (Not at all); 2=별로 신뢰하지 않는다 (Not much); 3=약간 신뢰한다 (Somewhat); 4=매우 신뢰한다 (A great deal),No questionnaire file available for this year
y2013,q30_3,trust_courts,,귀하는 다음 기관들이 맡은 일을 얼마나 잘 수행하고 있다고 믿습니까? 기 관 전혀 청렴하지 않다 별로 청렴하지 않다 약간 청렴하다 매우 청렴하다 1 중앙정부 부처,,1=전혀 신뢰하지 않는다 (Not at all); 2=별로 신뢰하지 않는다 (Not much); 3=약간 신뢰한다 (Somewhat); 4=매우 신뢰한다 (A great deal),"ERRATA: English SPSS label incorrectly translates 사법부/법원 (judiciary/courts) as ""legislature"" in some years"
y2014,q30_3,trust_courts,,귀하는 다음 기관들이 맡은 일을 얼마나 잘 수행하고 있다고 믿습니까? 기 관 전혀 청렴하지 않다 별로 청렴하지 않다 약간 청렴하다 매우 청렴하다 1 중앙정부 부처,,1=전혀 신뢰하지 않는다 (Not at all); 2=별로 신뢰하지 않는다 (Not much); 3=약간 신뢰한다 (Somewhat); 4=매우 신뢰한다 (A great deal),"ERRATA: English SPSS label incorrectly translates 사법부/법원 (judiciary/courts) as ""legislature"" in some years"
y2015,q32_3,trust_courts,Ⅴ. Social Trust (사회적 신뢰),귀하는 다음 기관들이 맡은 일을 얼마나 잘 수행하고 있다고 믿습니까?,(3) 법원 ➀ ➁ ➂ ➃,1=전혀 신뢰하지 않는다 (Not at all); 2=별로 신뢰하지 않는다 (Not much); 3=약간 신뢰한다 (Somewhat); 4=매우 신뢰한다 (A great deal),"ERRATA: English SPSS label incorrectly translates 사법부/법원 (judiciary/courts) as ""legislature"" in some years"
y2016,q33_3,trust_courts,Ⅴ. Social Trust (사회적 신뢰),귀하는 다음 기관들이 맡은 일을 얼마나 잘 수행하고 있다고 믿습니까?,(3) 법원 ➀ ➁ ➂ ➃,1=전혀 신뢰하지 않는다 (Not at all); 2=별로 신뢰하지 않는다 (Not much); 3=약간 신뢰한다 (Somewhat); 4=매우 신뢰한다 (A great deal),"ERRATA: English SPSS label incorrectly translates 사법부/법원 (judiciary/courts) as ""legislature"" in some years"
y2017,q32_3,trust_courts,Ⅴ. Social Trust (사회적 신뢰),귀하는 다음 기관들이 맡은 일을 얼마나 잘 수행하고 있다고 믿습니까?,(3) 법원 ➀ ➁ ➂ ➃,1=전혀 신뢰하지 않는다 (Not at all); 2=별로 신뢰하지 않는다 (Not much); 3=약간 신뢰한다 (Somewhat); 4=매우 신뢰한다 (A great deal),"ERRATA: English SPSS label incorrectly translates 사법부/법원 (judiciary/courts) as ""legislature"" in some years"
y2018,q35_3,trust_courts,Ⅴ. Social Trust (사회적 신뢰),귀하는 다음 기관들이 맡은 일을 얼마나 잘 수행하고 있다고 믿습니까?,(3) 법원 ➀ ➁ ➂ ➃,1=전혀 신뢰하지 않는다 (Not at all); 2=별로 신뢰하지 않는다 (Not much); 3=약간 신뢰한다 (Somewhat); 4=매우 신뢰한다 (A great deal),"ERRATA: English SPSS label incorrectly translates 사법부/법원 (judiciary/courts) as ""legislature"" in some years"
y2019,q35_3,trust_courts,Ⅴ. Social Trust (사회적 신뢰),귀하는 다음 기관들이 맡은 일을 얼마나 잘 수행하고 있다고 믿습니까?,(3) ȸĀ 법원 ➀ ➁ ➂ ➃,1=전혀 신뢰하지 않는다 (Not at all); 2=별로 신뢰하지 않는다 (Not much); 3=약간 신뢰한다 (Somewhat); 4=매우 신뢰한다 (A great deal),"ERRATA: English SPSS label incorrectly translates 사법부/법원 (judiciary/courts) as ""legislature"" in some years"
y2020,q33_3,trust_courts,Ⅴ. Social Trust (사회적 신뢰),귀하는 다음 기관들이 맡은 일을 얼마나 잘 수행하고 있다고 믿습니까?,(3) 법원,1=전혀 신뢰하지 않는다 (Not at all); 2=별로 신뢰하지 않는다 (Not much); 3=약간 신뢰한다 (Somewhat); 4=매우 신뢰한다 (A great deal),"ERRATA: English SPSS label incorrectly translates 사법부/법원 (judiciary/courts) as ""legislature"" in some years"
y2021,q35_3,trust_courts,Ⅴ. Social Trust (사회적 신뢰),귀하는 다음 기관들이 맡은 일을 얼마나 잘 수행하고 있다고 믿습니까?,(3) 법원,1=전혀 신뢰하지 않는다 (Not at all); 2=별로 신뢰하지 않는다 (Not much); 3=약간 신뢰한다 (Somewhat); 4=매우 신뢰한다 (A great deal),"ERRATA: English SPSS label incorrectly translates 사법부/법원 (judiciary/courts) as ""legislature"" in some years"
y2022,q35_3,trust_courts,Ⅴ. Social Trust (사회적 신뢰),귀하는 다음 기관들이 맡은 일을 얼마나 잘 수행하고 있다고 믿습니까?,(3) 법원,1=전혀 신뢰하지 않는다 (Not at all); 2=별로 신뢰하지 않는다 (Not much); 3=약간 신뢰한다 (Somewhat); 4=매우 신뢰한다 (A great deal),"ERRATA: English SPSS label incorrectly translates 사법부/법원 (judiciary/courts) as ""legislature"" in some years"
y2023,q30_3,trust_courts,Ⅳ. Social Communication (사회적 소통),귀하는 다음 기관들이 맡은 일을 얼마나 잘 수행하고 있다고 믿습니까?,(3) 법원,1=전혀 신뢰하지 않는다 (Not at all); 2=별로 신뢰하지 않는다 (Not much); 3=약간 신뢰한다 (Somewhat); 4=매우 신뢰한다 (A great deal),"ERRATA: English SPSS label incorrectly translates 사법부/법원 (judiciary/courts) as ""legislature"" in some years"
y2024,q31_3,trust_courts,Ⅳ. Social Communication (사회적 소통),귀하는 다음 기관들이 맡은 일을 얼마나 잘 수행하고 있다고 믿습니까?,(3) 법원,1=전혀 신뢰하지 않는다 (Not at all); 2=별로 신뢰하지 않는다 (Not much); 3=약간 신뢰한다 (Somewhat); 4=매우 신뢰한다 (A great deal),"ERRATA: English SPSS label incorrectly translates 사법부/법원 (judiciary/courts) as ""legislature"" in some years"
y2011,T13_7,trust_education,,,,1=전혀 신뢰하지 않는다 (Not at all); 2=별로 신뢰하지 않는다 (Not much); 3=약간 신뢰한다 (Somewhat); 4=매우 신뢰한다 (A great deal),No questionnaire file available for this year
y2013,q30_12,trust_education,,귀하는 다음 기관들이 맡은 일을 얼마나 잘 수행하고 있다고 믿습니까? 기 관 전혀 청렴하지 않다 별로 청렴하지 않다 약간 청렴하다 매우 청렴하다 1 중앙정부 부처,,1=전혀 신뢰하지 않는다 (Not at all); 2=별로 신뢰하지 않는다 (Not much); 3=약간 신뢰한다 (Somewhat); 4=매우 신뢰한다 (A great deal),
y2014,q30_12,trust_education,,귀하는 다음 기관들이 맡은 일을 얼마나 잘 수행하고 있다고 믿습니까? 기 관 전혀 청렴하지 않다 별로 청렴하지 않다 약간 청렴하다 매우 청렴하다 1 중앙정부 부처,,1=전혀 신뢰하지 않는다 (Not at all); 2=별로 신뢰하지 않는다 (Not much); 3=약간 신뢰한다 (Somewhat); 4=매우 신뢰한다 (A great deal),
y2015,q32_12,trust_education,Ⅴ. Social Trust (사회적 신뢰),귀하는 다음 기관들이 맡은 일을 얼마나 잘 수행하고 있다고 믿습니까?,(12) 교육계(대학 등) ➀ ➁ ➂ ➃,1=전혀 신뢰하지 않는다 (Not at all); 2=별로 신뢰하지 않는다 (Not much); 3=약간 신뢰한다 (Somewhat); 4=매우 신뢰한다 (A great deal),
y2016,q33_13,trust_education,Ⅴ. Social Trust (사회적 신뢰),귀하는 다음 기관들이 맡은 일을 얼마나 잘 수행하고 있다고 믿습니까?,(13) 교육기관 ➀ ➁ ➂ ➃,1=전혀 신뢰하지 않는다 (Not at all); 2=별로 신뢰하지 않는다 (Not much); 3=약간 신뢰한다 (Somewhat); 4=매우 신뢰한다 (A great deal),
y2017,q32_13,trust_education,Ⅴ. Social Trust (사회적 신뢰),귀하는 다음 기관들이 맡은 일을 얼마나 잘 수행하고 있다고 믿습니까?,(13) 교육기관 ➀ ➁ ➂ ➃,1=전혀 신뢰하지 않는다 (Not at all); 2=별로 신뢰하지 않는다 (Not much); 3=약간 신뢰한다 (Somewhat); 4=매우 신뢰한다 (A great deal),
y2018,q35_13,trust_education,Ⅴ. Social Trust (사회적 신뢰),귀하는 다음 기관들이 맡은 일을 얼마나 잘 수행하고 있다고 믿습니까?,(13) 교육기관 ➀ ➁ ➂ ➃,1=전혀 신뢰하지 않는다 (Not at all); 2=별로 신뢰하지 않는다 (Not much); 3=약간 신뢰한다 (Somewhat); 4=매우 신뢰한다 (A great deal),
y2019,q35_13,trust_education,Ⅴ. Social Trust (사회적 신뢰),귀하는 다음 기관들이 맡은 일을 얼마나 잘 수행하고 있다고 믿습니까?,(13) 교육기관 ➀ ➁ ➂ ➃,1=전혀 신뢰하지 않는다 (Not at all); 2=별로 신뢰하지 않는다 (Not much); 3=약간 신뢰한다 (Somewhat); 4=매우 신뢰한다 (A great deal),
y2020,q33_13,trust_education,Ⅴ. Social Trust (사회적 신뢰),귀하는 다음 기관들이 맡은 일을 얼마나 잘 수행하고 있다고 믿습니까?,(13) 교육기관,1=전혀 신뢰하지 않는다 (Not at all); 2=별로 신뢰하지 않는다 (Not much); 3=약간 신뢰한다 (Somewhat); 4=매우 신뢰한다 (A great deal),
y2021,q35_13,trust_education,Ⅴ. Social Trust (사회적 신뢰),귀하는 다음 기관들이 맡은 일을 얼마나 잘 수행하고 있다고 믿습니까?,(13) 교육기관,1=전혀 신뢰하지 않는다 (Not at all); 2=별로 신뢰하지 않는다 (Not much); 3=약간 신뢰한다 (Somewhat); 4=매우 신뢰한다 (A great deal),
y2022,q35_13,trust_education,Ⅴ. Social Trust (사회적 신뢰),귀하는 다음 기관들이 맡은 일을 얼마나 잘 수행하고 있다고 믿습니까?,(13) 교육기관,1=전혀 신뢰하지 않는다 (Not at all); 2=별로 신뢰하지 않는다 (Not much); 3=약간 신뢰한다 (Somewhat); 4=매우 신뢰한다 (A great deal),
y2023,q30_13,trust_education,Ⅳ. Social Communication (사회적 소통),귀하는 다음 기관들이 맡은 일을 얼마나 잘 수행하고 있다고 믿습니까?,(13) 교육기관,1=전혀 신뢰하지 않는다 (Not at all); 2=별로 신뢰하지 않는다 (Not much); 3=약간 신뢰한다 (Somewhat); 4=매우 신뢰한다 (A great deal),
y2024,q31_13,trust_education,Ⅳ. Social Communication (사회적 소통),귀하는 다음 기관들이 맡은 일을 얼마나 잘 수행하고 있다고 믿습니까?,(13) 교육기관,1=전혀 신뢰하지 않는다 (Not at all); 2=별로 신뢰하지 않는다 (Not much); 3=약간 신뢰한다 (Somewhat); 4=매우 신뢰한다 (A great deal),
y2011,F5_1,trust_family,,,,1=전혀 신뢰하지 않는다 (Not at all); 2=별로 신뢰하지 않는다 (Not much); 3=약간 신뢰한다 (Somewhat); 4=매우 신뢰한다 (A great deal),No questionnaire file available for this year
y2013,q23_1,trust_family,,귀하는 우리사회에서 다음 집단 간에 소통이 얼마나 잘 이루어지고 있다고 생각합니까?,,1=전혀 신뢰하지 않는다 (Not at all); 2=별로 신뢰하지 않는다 (Not much); 3=약간 신뢰한다 (Somewhat); 4=매우 신뢰한다 (A great deal),
y2014,q23_1,trust_family,,귀하는 우리 사회에서 다음 집단 간에 소통이 얼마나 잘 이루어지고 있다고 생각합니까?,,1=전혀 신뢰하지 않는다 (Not at all); 2=별로 신뢰하지 않는다 (Not much); 3=약간 신뢰한다 (Somewhat); 4=매우 신뢰한다 (A great deal),
y2015,q25_1,trust_family,Ⅳ. Social Communication (사회적 소통),귀하는 우리 사회에서 다음 집단 간에 소통이 얼마나 잘 이루어지고 있다고 생각하십니까?,(1) 가족 간 소통 ➀ ➁ ➂ ➃,1=전혀 신뢰하지 않는다 (Not at all); 2=별로 신뢰하지 않는다 (Not much); 3=약간 신뢰한다 (Somewhat); 4=매우 신뢰한다 (A great deal),
y2016,q26_1,trust_family,Ⅳ. Social Communication (사회적 소통),귀하는 우리 사회에서 다음 집단 간에 소통이 얼마나 잘 이루어지고 있다고 생각하십니까?,(1) 가족 간 소통 ➀ ➁ ➂ ➃,1=전혀 신뢰하지 않는다 (Not at all); 2=별로 신뢰하지 않는다 (Not much); 3=약간 신뢰한다 (Somewhat); 4=매우 신뢰한다 (A great deal),
y2017,q25_1,trust_family,Ⅳ. Social Communication (사회적 소통),귀하는 우리 사회에서 다음 집단 간에 소통이 얼마나 잘 이루어지고 있다고 생각하십니까?,(1) 가족 간 소통 ➀ ➁ ➂ ➃,1=전혀 신뢰하지 않는다 (Not at all); 2=별로 신뢰하지 않는다 (Not much); 3=약간 신뢰한다 (Somewhat); 4=매우 신뢰한다 (A great deal),
y2018,q28_1,trust_family,Ⅳ. Social Communication (사회적 소통),귀하는 우리 사회에서 다음 집단 간에 소통이 얼마나 잘 이루어지고 있다고 생각하십니까?,(1) 가족 간 소통 ➀ ➁ ➂ ➃,1=전혀 신뢰하지 않는다 (Not at all); 2=별로 신뢰하지 않는다 (Not much); 3=약간 신뢰한다 (Somewhat); 4=매우 신뢰한다 (A great deal),
y2019,q28_1,trust_family,Ⅳ. Social Communication (사회적 소통),귀하는 우리 사회에서 다음 집단 간에 소통이 얼마나 잘 이루어지고 있다고 생각하십니까?,(1) ȸĀ 가족 간 소통 ➀ ➁ ➂ ➃,1=전혀 신뢰하지 않는다 (Not at all); 2=별로 신뢰하지 않는다 (Not much); 3=약간 신뢰한다 (Somewhat); 4=매우 신뢰한다 (A great deal),
y2020,q26_1,trust_family,Ⅳ. Social Communication (사회적 소통),귀하는 우리 사회에서 다음 집단 간에 소통이 얼마나 잘 이루어지고 있다고 생각하십니까?,(1) 가족 간 소통,1=전혀 신뢰하지 않는다 (Not at all); 2=별로 신뢰하지 않는다 (Not much); 3=약간 신뢰한다 (Somewhat); 4=매우 신뢰한다 (A great deal),
y2021,q28_1,trust_family,Ⅳ. Social Communication (사회적 소통),귀하는 우리 사회에서 다음 집단 간에 소통이 얼마나 잘 이루어지고 있다고 생각하십니까?,(1) 가족 간 소통,1=전혀 신뢰하지 않는다 (Not at all); 2=별로 신뢰하지 않는다 (Not much); 3=약간 신뢰한다 (Somewhat); 4=매우 신뢰한다 (A great deal),
y2022,q28_1,trust_family,Ⅳ. Social Communication (사회적 소통),귀하는 우리 사회에서 다음 집단 간에 소통이 얼마나 잘 이루어지고 있다고 생각하십니까?,(1) 가족 간 소통,1=전혀 신뢰하지 않는다 (Not at all); 2=별로 신뢰하지 않는다 (Not much); 3=약간 신뢰한다 (Somewhat); 4=매우 신뢰한다 (A great deal),
y2023,q23_1,trust_family,Ⅲ. Political Participation (정치 참여),귀하는 우리 사회에서 다음 집단 간에 소통이 얼마나 잘 이루어지고 있다고 생각하십니까?,(1) 가족 간 소통,1=전혀 신뢰하지 않는다 (Not at all); 2=별로 신뢰하지 않는다 (Not much); 3=약간 신뢰한다 (Somewhat); 4=매우 신뢰한다 (A great deal),
y2024,q23_1,trust_family,Ⅲ. Political Participation (정치 참여),귀하는 우리 사회에서 다음 집단 간에 소통이 얼마나 잘 이루어지고 있다고 생각하십니까?,(1) 가족 간 소통,1=전혀 신뢰하지 않는다 (Not at all); 2=별로 신뢰하지 않는다 (Not much); 3=약간 신뢰한다 (Somewhat); 4=매우 신뢰한다 (A great deal),
y2011,T13_2,trust_financial,,,,1=전혀 신뢰하지 않는다 (Not at all); 2=별로 신뢰하지 않는다 (Not much); 3=약간 신뢰한다 (Somewhat); 4=매우 신뢰한다 (A great deal),No questionnaire file available for this year
y2013,q30_16,trust_financial,,귀하는 다음 기관들이 맡은 일을 얼마나 잘 수행하고 있다고 믿습니까? 기 관 전혀 청렴하지 않다 별로 청렴하지 않다 약간 청렴하다 매우 청렴하다 1 중앙정부 부처,,1=전혀 신뢰하지 않는다 (Not at all); 2=별로 신뢰하지 않는다 (Not much); 3=약간 신뢰한다 (Somewhat); 4=매우 신뢰한다 (A great deal),
y2014,q30_16,trust_financial,,귀하는 다음 기관들이 맡은 일을 얼마나 잘 수행하고 있다고 믿습니까? 기 관 전혀 청렴하지 않다 별로 청렴하지 않다 약간 청렴하다 매우 청렴하다 1 중앙정부 부처,,1=전혀 신뢰하지 않는다 (Not at all); 2=별로 신뢰하지 않는다 (Not much); 3=약간 신뢰한다 (Somewhat); 4=매우 신뢰한다 (A great deal),
y2015,q32_16,trust_financial,Ⅴ. Social Trust (사회적 신뢰),귀하는 다음 기관들이 맡은 일을 얼마나 잘 수행하고 있다고 믿습니까?,(16) 금융기관(은행 등) ➀ ➁ ➂ ➃,1=전혀 신뢰하지 않는다 (Not at all); 2=별로 신뢰하지 않는다 (Not much); 3=약간 신뢰한다 (Somewhat); 4=매우 신뢰한다 (A great deal),
y2016,q33_17,trust_financial,Ⅴ. Social Trust (사회적 신뢰),귀하는 다음 기관들이 맡은 일을 얼마나 잘 수행하고 있다고 믿습니까?,(17) 금융기관 ➀ ➁ ➂ ➃,1=전혀 신뢰하지 않는다 (Not at all); 2=별로 신뢰하지 않는다 (Not much); 3=약간 신뢰한다 (Somewhat); 4=매우 신뢰한다 (A great deal),
y2017,q32_17,trust_financial,Ⅴ. Social Trust (사회적 신뢰),귀하는 다음 기관들이 맡은 일을 얼마나 잘 수행하고 있다고 믿습니까?,(17) 금융기관 ➀ ➁ ➂ ➃,1=전혀 신뢰하지 않는다 (Not at all); 2=별로 신뢰하지 않는다 (Not much); 3=약간 신뢰한다 (Somewhat); 4=매우 신뢰한다 (A great deal),
y2018,q35_17,trust_financial,Ⅴ. Social Trust (사회적 신뢰),귀하는 다음 기관들이 맡은 일을 얼마나 잘 수행하고 있다고 믿습니까?,(17) 금융기관 ➀ ➁ ➂ ➃,1=전혀 신뢰하지 않는다 (Not at all); 2=별로 신뢰하지 않는다 (Not much); 3=약간 신뢰한다 (Somewhat); 4=매우 신뢰한다 (A great deal),
y2019,q35_17,trust_financial,Ⅴ. Social Trust (사회적 신뢰),귀하는 다음 기관들이 맡은 일을 얼마나 잘 수행하고 있다고 믿습니까?,(17) 금융기관 ➀ ➁ ➂ ➃,1=전혀 신뢰하지 않는다 (Not at all); 2=별로 신뢰하지 않는다 (Not much); 3=약간 신뢰한다 (Somewhat); 4=매우 신뢰한다 (A great deal),
y2020,q33_17,trust_financial,Ⅴ. Social Trust (사회적 신뢰),귀하는 다음 기관들이 맡은 일을 얼마나 잘 수행하고 있다고 믿습니까?,(17) 금융기관,1=전혀 신뢰하지 않는다 (Not at all); 2=별로 신뢰하지 않는다 (Not much); 3=약간 신뢰한다 (Somewhat); 4=매우 신뢰한다 (A great deal),
y2021,q35_17,trust_financial,Ⅴ. Social Trust (사회적 신뢰),귀하는 다음 기관들이 맡은 일을 얼마나 잘 수행하고 있다고 믿습니까?,(17) 금융기관,1=전혀 신뢰하지 않는다 (Not at all); 2=별로 신뢰하지 않는다 (Not much); 3=약간 신뢰한다 (Somewhat); 4=매우 신뢰한다 (A great deal),
y2022,q35_17,trust_financial,Ⅴ. Social Trust (사회적 신뢰),귀하는 다음 기관들이 맡은 일을 얼마나 잘 수행하고 있다고 믿습니까?,(17) 금융기관,1=전혀 신뢰하지 않는다 (Not at all); 2=별로 신뢰하지 않는다 (Not much); 3=약간 신뢰한다 (Somewhat); 4=매우 신뢰한다 (A great deal),
y2023,q30_17,trust_financial,Ⅳ. Social Communication (사회적 소통),귀하는 다음 기관들이 맡은 일을 얼마나 잘 수행하고 있다고 믿습니까?,(17) 금융기관,1=전혀 신뢰하지 않는다 (Not at all); 2=별로 신뢰하지 않는다 (Not much); 3=약간 신뢰한다 (Somewhat); 4=매우 신뢰한다 (A great deal),
y2024,q31_17,trust_financial,Ⅳ. Social Communication (사회적 소통),귀하는 다음 기관들이 맡은 일을 얼마나 잘 수행하고 있다고 믿습니까?,(17) 금융기관,1=전혀 신뢰하지 않는다 (Not at all); 2=별로 신뢰하지 않는다 (Not much); 3=약간 신뢰한다 (Somewhat); 4=매우 신뢰한다 (A great deal),
y2011,C5_14,trust_foreigners,,,,1=전혀 신뢰하지 않는다 (Not at all); 2=별로 신뢰하지 않는다 (Not much); 3=약간 신뢰한다 (Somewhat); 4=매우 신뢰한다 (A great deal),No questionnaire file available for this year
y2013,q29_5,trust_foreigners,,귀하는 다음 집단들에 대하여 얼마나 신뢰하고 있습니까? 기 관 전혀 믿지 않는다 별로 믿지 않는다 약간 믿는다 매우 믿는다 1 중앙정부 부처,,1=전혀 신뢰하지 않는다 (Not at all); 2=별로 신뢰하지 않는다 (Not much); 3=약간 신뢰한다 (Somewhat); 4=매우 신뢰한다 (A great deal),
y2014,q29_5,trust_foreigners,,귀하는 다음 집단들에 대하여 얼마나 신뢰하고 있습니까? 기 관 전혀 믿지 않는다 별로 믿지 않는다 약간 믿는다 매우 믿는다 1 중앙정부 부처,,1=전혀 신뢰하지 않는다 (Not at all); 2=별로 신뢰하지 않는다 (Not much); 3=약간 신뢰한다 (Somewhat); 4=매우 신뢰한다 (A great deal),
y2015,q31_5,trust_foreigners,Ⅴ. Social Trust (사회적 신뢰),귀하는 다음 집단들에 대하여 얼마나 신뢰하고 있습니까?,(5) 국내 거주 외국인 ➀ ➁ ➂ ➃,1=전혀 신뢰하지 않는다 (Not at all); 2=별로 신뢰하지 않는다 (Not much); 3=약간 신뢰한다 (Somewhat); 4=매우 신뢰한다 (A great deal),
y2016,q32_5,trust_foreigners,Ⅴ. Social Trust (사회적 신뢰),귀하는 다음 집단들에 대하여 얼마나 신뢰하고 있습니까?,(5) 국내 거주 외국인 ➀ ➁ ➂ ➃,1=전혀 신뢰하지 않는다 (Not at all); 2=별로 신뢰하지 않는다 (Not much); 3=약간 신뢰한다 (Somewhat); 4=매우 신뢰한다 (A great deal),
y2017,q31_5,trust_foreigners,Ⅴ. Social Trust (사회적 신뢰),귀하는 다음 집단들에 대하여 얼마나 신뢰하고 있습니까?,(5) 국내 거주 외국인 ➀ ➁ ➂ ➃,1=전혀 신뢰하지 않는다 (Not at all); 2=별로 신뢰하지 않는다 (Not much); 3=약간 신뢰한다 (Somewhat); 4=매우 신뢰한다 (A great deal),
y2018,q34_5,trust_foreigners,Ⅴ. Social Trust (사회적 신뢰),귀하는 다음 집단들에 대하여 얼마나 신뢰하고 있습니까?,(5) 국내 거주 외국인 ➀ ➁ ➂ ➃,1=전혀 신뢰하지 않는다 (Not at all); 2=별로 신뢰하지 않는다 (Not much); 3=약간 신뢰한다 (Somewhat); 4=매우 신뢰한다 (A great deal),
y2019,q34_5,trust_foreigners,Ⅴ. Social Trust (사회적 신뢰),귀하는 다음 집단들에 대하여 얼마나 신뢰하고 있습니까?,(5) ȸĀ 국내 거주 외국인 ➀ ➁ ➂ ➃,1=전혀 신뢰하지 않는다 (Not at all); 2=별로 신뢰하지 않는다 (Not much); 3=약간 신뢰한다 (Somewhat); 4=매우 신뢰한다 (A great deal),
y2020,q32_5,trust_foreigners,Ⅴ. Social Trust (사회적 신뢰),귀하는 다음 집단들에 대하여 얼마나 신뢰하고 있습니까?,(5) 국내 거주 외국인,1=전혀 신뢰하지 않는다 (Not at all); 2=별로 신뢰하지 않는다 (Not much); 3=약간 신뢰한다 (Somewhat); 4=매우 신뢰한다 (A great deal),
y2021,q34_5,trust_foreigners,Ⅴ. Social Trust (사회적 신뢰),귀하는 다음 집단들에 대하여 얼마나 신뢰하고 있습니까?,(5) 국내 거주 외국인,1=전혀 신뢰하지 않는다 (Not at all); 2=별로 신뢰하지 않는다 (Not much); 3=약간 신뢰한다 (Somewhat); 4=매우 신뢰한다 (A great deal),
y2022,q34_5,trust_foreigners,Ⅴ. Social Trust (사회적 신뢰),귀하는 다음 집단들에 대하여 얼마나 신뢰하고 있습니까?,(5) 국내 거주 외국인,1=전혀 신뢰하지 않는다 (Not at all); 2=별로 신뢰하지 않는다 (Not much); 3=약간 신뢰한다 (Somewhat); 4=매우 신뢰한다 (A great deal),
y2023,q29_5,trust_foreigners,Ⅳ. Social Communication (사회적 소통),귀하는 다음 집단들에 대하여 얼마나 신뢰하고 있습니까?,(5) 국내 거주 외국인,1=전혀 신뢰하지 않는다 (Not at all); 2=별로 신뢰하지 않는다 (Not much); 3=약간 신뢰한다 (Somewhat); 4=매우 신뢰한다 (A great deal),
y2024,q29_5,trust_foreigners,Ⅳ. Social Communication (사회적 소통),귀하는 다음 집단들에 대하여 얼마나 신뢰하고 있습니까?,(5) 국내 거주 외국인,1=전혀 신뢰하지 않는다 (Not at all); 2=별로 신뢰하지 않는다 (Not much); 3=약간 신뢰한다 (Somewhat); 4=매우 신뢰한다 (A great deal),
y2011,T12_1,trust_generalized,,,,0=전혀 신뢰하지 않는다 (Not at all); 5=보통 (Average); 10=매우 신뢰한다 (Completely),No questionnaire file available for this year
y2013,q28,trust_generalized,,,귀하는 일반적으로 인간관계에서 사람들을 어느 정도 믿을 수 있다고 생각하십니까? 집 단 전혀 신뢰하지 않는다 별로 신뢰하지 않는다 약간 신뢰한다 매우 신뢰한다 1 가족(친척 포함),0=전혀 신뢰하지 않는다 (Not at all); 5=보통 (Average); 10=매우 신뢰한다 (Completely),
y2014,q28,trust_generalized,,,귀하는 일반적으로 인간관계에서 사람들을 어느 정도 믿을 수 있다고 생각하십니까? 집 단 전혀 신뢰하지 않는다 별로 신뢰하지 않는다 약간 신뢰한다 매우 신뢰한다 1 가족(친척 포함),0=전혀 신뢰하지 않는다 (Not at all); 5=보통 (Average); 10=매우 신뢰한다 (Completely),
y2015,q30,trust_generalized,Ⅴ. Social Trust (사회적 신뢰),,귀하는 일반적으로 인간관계에서 사람들을 어느 정도 믿을 수 있다고 생각하십니까? ➀ 전혀 믿을 수 없다 ➁ 별로 믿을 수 없다 ➂ 약간 믿을 수 있다 ➃ 매우 믿을 수 있다,0=전혀 신뢰하지 않는다 (Not at all); 5=보통 (Average); 10=매우 신뢰한다 (Completely),
y2016,q31,trust_generalized,Ⅴ. Social Trust (사회적 신뢰),,귀하는 일반적으로 인간관계에서 사람들을 어느 정도 믿을 수 있다고 생각하십니까? ➀ 전혀 믿을 수 없다 ➁ 별로 믿을 수 없다 ➂ 약간 믿을 수 있다 ➃ 매우 믿을 수 있다,0=전혀 신뢰하지 않는다 (Not at all); 5=보통 (Average); 10=매우 신뢰한다 (Completely),
y2017,q30,trust_generalized,Ⅴ. Social Trust (사회적 신뢰),,귀하는 일반적으로 사람들을 어느 정도 믿을 수 있다고 생각하십니까? ➀ 전혀 믿을 수 없다 ➁ 별로 믿을 수 없다 ➂ 약간 믿을 수 있다 ➃ 매우 믿을 수 있다,0=전혀 신뢰하지 않는다 (Not at all); 5=보통 (Average); 10=매우 신뢰한다 (Completely),
y2018,q33,trust_generalized,Ⅴ. Social Trust (사회적 신뢰),,귀하는 일반적으로 사람들을 어느 정도 믿을 수 있다고 생각하십니까? ➀ 전혀 믿을 수 없다 ➁ 별로 믿을 수 없다 ➂ 약간 믿을 수 있다 ➃ 매우 믿을 수 있다,0=전혀 신뢰하지 않는다 (Not at all); 5=보통 (Average); 10=매우 신뢰한다 (Completely),
y2019,q33,trust_generalized,Ⅴ. Social Trust (사회적 신뢰),,귀하는 일반적으로 사람들을 어느 정도 믿을 수 있다고 생각하십니까? ➀ 전혀 믿을 수 없다 ➁ 별로 믿을 수 없다 ➂ 약간 믿을 수 있다 ➃ 매우 믿을 수 있다,0=전혀 신뢰하지 않는다 (Not at all); 5=보통 (Average); 10=매우 신뢰한다 (Completely),
y2020,q31,trust_generalized,Ⅴ. Social Trust (사회적 신뢰),,귀하는 일반적으로 사람들을 어느 정도 믿을 수 있다고 생각하십니까?,0=전혀 신뢰하지 않는다 (Not at all); 5=보통 (Average); 10=매우 신뢰한다 (Completely),
y2021,q33,trust_generalized,Ⅴ. Social Trust (사회적 신뢰),,귀하는 일반적으로 사람들을 어느 정도 믿을 수 있다고 생각하십니까?,0=전혀 신뢰하지 않는다 (Not at all); 5=보통 (Average); 10=매우 신뢰한다 (Completely),
y2022,q33,trust_generalized,Ⅴ. Social Trust (사회적 신뢰),,귀하는 일반적으로 사람들을 어느 정도 믿을 수 있다고 생각하십니까?,0=전혀 신뢰하지 않는다 (Not at all); 5=보통 (Average); 10=매우 신뢰한다 (Completely),
y2023,q28,trust_generalized,Ⅳ. Social Communication (사회적 소통),,귀하는 일반적으로 사람들을 어느 정도 믿을 수 있다고 생각하십니까?,0=전혀 신뢰하지 않는다 (Not at all); 5=보통 (Average); 10=매우 신뢰한다 (Completely),
y2024,q28,trust_generalized,Ⅳ. Social Communication (사회적 소통),,귀하는 일반적으로 사람들을 어느 정도 믿을 수 있다고 생각하십니까?,0=전혀 신뢰하지 않는다 (Not at all); 5=보통 (Average); 10=매우 신뢰한다 (Completely),
y2011,T13_5,trust_labor_unions,,,,1=전혀 신뢰하지 않는다 (Not at all); 2=별로 신뢰하지 않는다 (Not much); 3=약간 신뢰한다 (Somewhat); 4=매우 신뢰한다 (A great deal),No questionnaire file available for this year
y2013,q30_8,trust_labor_unions,,귀하는 다음 기관들이 맡은 일을 얼마나 잘 수행하고 있다고 믿습니까? 기 관 전혀 청렴하지 않다 별로 청렴하지 않다 약간 청렴하다 매우 청렴하다 1 중앙정부 부처,,1=전혀 신뢰하지 않는다 (Not at all); 2=별로 신뢰하지 않는다 (Not much); 3=약간 신뢰한다 (Somewhat); 4=매우 신뢰한다 (A great deal),
y2014,q30_8,trust_labor_unions,,귀하는 다음 기관들이 맡은 일을 얼마나 잘 수행하고 있다고 믿습니까? 기 관 전혀 청렴하지 않다 별로 청렴하지 않다 약간 청렴하다 매우 청렴하다 1 중앙정부 부처,,1=전혀 신뢰하지 않는다 (Not at all); 2=별로 신뢰하지 않는다 (Not much); 3=약간 신뢰한다 (Somewhat); 4=매우 신뢰한다 (A great deal),
y2015,q32_8,trust_labor_unions,Ⅴ. Social Trust (사회적 신뢰),귀하는 다음 기관들이 맡은 일을 얼마나 잘 수행하고 있다고 믿습니까?,(8) 노동조합단체 ➀ ➁ ➂ ➃,1=전혀 신뢰하지 않는다 (Not at all); 2=별로 신뢰하지 않는다 (Not much); 3=약간 신뢰한다 (Somewhat); 4=매우 신뢰한다 (A great deal),
y2016,q33_9,trust_labor_unions,Ⅴ. Social Trust (사회적 신뢰),귀하는 다음 기관들이 맡은 일을 얼마나 잘 수행하고 있다고 믿습니까?,(9) 노동조합단체 ➀ ➁ ➂ ➃,1=전혀 신뢰하지 않는다 (Not at all); 2=별로 신뢰하지 않는다 (Not much); 3=약간 신뢰한다 (Somewhat); 4=매우 신뢰한다 (A great deal),
y2017,q32_9,trust_labor_unions,Ⅴ. Social Trust (사회적 신뢰),귀하는 다음 기관들이 맡은 일을 얼마나 잘 수행하고 있다고 믿습니까?,(9) 노동조합단체 ➀ ➁ ➂ ➃,1=전혀 신뢰하지 않는다 (Not at all); 2=별로 신뢰하지 않는다 (Not much); 3=약간 신뢰한다 (Somewhat); 4=매우 신뢰한다 (A great deal),
y2018,q35_9,trust_labor_unions,Ⅴ. Social Trust (사회적 신뢰),귀하는 다음 기관들이 맡은 일을 얼마나 잘 수행하고 있다고 믿습니까?,(9) 노동조합단체 ➀ ➁ ➂ ➃,1=전혀 신뢰하지 않는다 (Not at all); 2=별로 신뢰하지 않는다 (Not much); 3=약간 신뢰한다 (Somewhat); 4=매우 신뢰한다 (A great deal),
y2019,q35_9,trust_labor_unions,Ⅴ. Social Trust (사회적 신뢰),귀하는 다음 기관들이 맡은 일을 얼마나 잘 수행하고 있다고 믿습니까?,(9) ȸĀ 노동조합단체 ➀ ➁ ➂ ➃,1=전혀 신뢰하지 않는다 (Not at all); 2=별로 신뢰하지 않는다 (Not much); 3=약간 신뢰한다 (Somewhat); 4=매우 신뢰한다 (A great deal),
y2020,q33_9,trust_labor_unions,Ⅴ. Social Trust (사회적 신뢰),귀하는 다음 기관들이 맡은 일을 얼마나 잘 수행하고 있다고 믿습니까?,(9) 노동조합단체,1=전혀 신뢰하지 않는다 (Not at all); 2=별로 신뢰하지 않는다 (Not much); 3=약간 신뢰한다 (Somewhat); 4=매우 신뢰한다 (A great deal),
y2021,q35_9,trust_labor_unions,Ⅴ. Social Trust (사회적 신뢰),귀하는 다음 기관들이 맡은 일을 얼마나 잘 수행하고 있다고 믿습니까?,(9) 노동조합단체,1=전혀 신뢰하지 않는다 (Not at all); 2=별로 신뢰하지 않는다 (Not much); 3=약간 신뢰한다 (Somewhat); 4=매우 신뢰한다 (A great deal),
y2022,q35_9,trust_labor_unions,Ⅴ. Social Trust (사회적 신뢰),귀하는 다음 기관들이 맡은 일을 얼마나 잘 수행하고 있다고 믿습니까?,(9) 노동조합단체,1=전혀 신뢰하지 않는다 (Not at all); 2=별로 신뢰하지 않는다 (Not much); 3=약간 신뢰한다 (Somewhat); 4=매우 신뢰한다 (A great deal),
y2023,q30_9,trust_labor_unions,Ⅳ. Social Communication (사회적 소통),귀하는 다음 기관들이 맡은 일을 얼마나 잘 수행하고 있다고 믿습니까?,(9) 노동조합단체,1=전혀 신뢰하지 않는다 (Not at all); 2=별로 신뢰하지 않는다 (Not much); 3=약간 신뢰한다 (Somewhat); 4=매우 신뢰한다 (A great deal),
y2024,q31_9,trust_labor_unions,Ⅳ. Social Communication (사회적 소통),귀하는 다음 기관들이 맡은 일을 얼마나 잘 수행하고 있다고 믿습니까?,(9) 노동조합단체,1=전혀 신뢰하지 않는다 (Not at all); 2=별로 신뢰하지 않는다 (Not much); 3=약간 신뢰한다 (Somewhat); 4=매우 신뢰한다 (A great deal),
y2013,q30_14,trust_large_corps,,귀하는 다음 기관들이 맡은 일을 얼마나 잘 수행하고 있다고 믿습니까? 기 관 전혀 청렴하지 않다 별로 청렴하지 않다 약간 청렴하다 매우 청렴하다 1 중앙정부 부처,,1=전혀 신뢰하지 않는다 (Not at all); 2=별로 신뢰하지 않는다 (Not much); 3=약간 신뢰한다 (Somewhat); 4=매우 신뢰한다 (A great deal),
y2014,q30_14,trust_large_corps,,귀하는 다음 기관들이 맡은 일을 얼마나 잘 수행하고 있다고 믿습니까? 기 관 전혀 청렴하지 않다 별로 청렴하지 않다 약간 청렴하다 매우 청렴하다 1 중앙정부 부처,,1=전혀 신뢰하지 않는다 (Not at all); 2=별로 신뢰하지 않는다 (Not much); 3=약간 신뢰한다 (Somewhat); 4=매우 신뢰한다 (A great deal),
y2015,q32_14,trust_large_corps,Ⅴ. Social Trust (사회적 신뢰),귀하는 다음 기관들이 맡은 일을 얼마나 잘 수행하고 있다고 믿습니까?,(14) 대기업 ➀ ➁ ➂ ➃,1=전혀 신뢰하지 않는다 (Not at all); 2=별로 신뢰하지 않는다 (Not much); 3=약간 신뢰한다 (Somewhat); 4=매우 신뢰한다 (A great deal),
y2016,q33_15,trust_large_corps,Ⅴ. Social Trust (사회적 신뢰),귀하는 다음 기관들이 맡은 일을 얼마나 잘 수행하고 있다고 믿습니까?,(15) 대기업 ➀ ➁ ➂ ➃,1=전혀 신뢰하지 않는다 (Not at all); 2=별로 신뢰하지 않는다 (Not much); 3=약간 신뢰한다 (Somewhat); 4=매우 신뢰한다 (A great deal),
y2017,q32_15,trust_large_corps,Ⅴ. Social Trust (사회적 신뢰),귀하는 다음 기관들이 맡은 일을 얼마나 잘 수행하고 있다고 믿습니까?,(15) 대기업 ➀ ➁ ➂ ➃,1=전혀 신뢰하지 않는다 (Not at all); 2=별로 신뢰하지 않는다 (Not much); 3=약간 신뢰한다 (Somewhat); 4=매우 신뢰한다 (A great deal),
y2018,q35_15,trust_large_corps,Ⅴ. Social Trust (사회적 신뢰),귀하는 다음 기관들이 맡은 일을 얼마나 잘 수행하고 있다고 믿습니까?,(15) 대기업 ➀ ➁ ➂ ➃,1=전혀 신뢰하지 않는다 (Not at all); 2=별로 신뢰하지 않는다 (Not much); 3=약간 신뢰한다 (Somewhat); 4=매우 신뢰한다 (A great deal),
y2019,q35_15,trust_large_corps,Ⅴ. Social Trust (사회적 신뢰),귀하는 다음 기관들이 맡은 일을 얼마나 잘 수행하고 있다고 믿습니까?,(15) 대기업 ➀ ➁ ➂ ➃,1=전혀 신뢰하지 않는다 (Not at all); 2=별로 신뢰하지 않는다 (Not much); 3=약간 신뢰한다 (Somewhat); 4=매우 신뢰한다 (A great deal),
y2020,q33_15,trust_large_corps,Ⅴ. Social Trust (사회적 신뢰),귀하는 다음 기관들이 맡은 일을 얼마나 잘 수행하고 있다고 믿습니까?,(15) 대기업,1=전혀 신뢰하지 않는다 (Not at all); 2=별로 신뢰하지 않는다 (Not much); 3=약간 신뢰한다 (Somewhat); 4=매우 신뢰한다 (A great deal),
y2021,q35_15,trust_large_corps,Ⅴ. Social Trust (사회적 신뢰),귀하는 다음 기관들이 맡은 일을 얼마나 잘 수행하고 있다고 믿습니까?,(15) 대기업,1=전혀 신뢰하지 않는다 (Not at all); 2=별로 신뢰하지 않는다 (Not much); 3=약간 신뢰한다 (Somewhat); 4=매우 신뢰한다 (A great deal),
y2022,q35_15,trust_large_corps,Ⅴ. Social Trust (사회적 신뢰),귀하는 다음 기관들이 맡은 일을 얼마나 잘 수행하고 있다고 믿습니까?,(15) 대기업,1=전혀 신뢰하지 않는다 (Not at all); 2=별로 신뢰하지 않는다 (Not much); 3=약간 신뢰한다 (Somewhat); 4=매우 신뢰한다 (A great deal),
y2023,q30_15,trust_large_corps,Ⅳ. Social Communication (사회적 소통),귀하는 다음 기관들이 맡은 일을 얼마나 잘 수행하고 있다고 믿습니까?,(15) 대기업,1=전혀 신뢰하지 않는다 (Not at all); 2=별로 신뢰하지 않는다 (Not much); 3=약간 신뢰한다 (Somewhat); 4=매우 신뢰한다 (A great deal),
y2024,q31_15,trust_large_corps,Ⅳ. Social Communication (사회적 소통),귀하는 다음 기관들이 맡은 일을 얼마나 잘 수행하고 있다고 믿습니까?,(15) 대기업,1=전혀 신뢰하지 않는다 (Not at all); 2=별로 신뢰하지 않는다 (Not much); 3=약간 신뢰한다 (Somewhat); 4=매우 신뢰한다 (A great deal),
y2011,T13_11,trust_local_govt,,,,1=전혀 신뢰하지 않는다 (Not at all); 2=별로 신뢰하지 않는다 (Not much); 3=약간 신뢰한다 (Somewhat); 4=매우 신뢰한다 (A great deal),No questionnaire file available for this year
y2013,q30_6,trust_local_govt,,귀하는 다음 기관들이 맡은 일을 얼마나 잘 수행하고 있다고 믿습니까? 기 관 전혀 청렴하지 않다 별로 청렴하지 않다 약간 청렴하다 매우 청렴하다 1 중앙정부 부처,,1=전혀 신뢰하지 않는다 (Not at all); 2=별로 신뢰하지 않는다 (Not much); 3=약간 신뢰한다 (Somewhat); 4=매우 신뢰한다 (A great deal),
y2014,q30_6,trust_local_govt,,귀하는 다음 기관들이 맡은 일을 얼마나 잘 수행하고 있다고 믿습니까? 기 관 전혀 청렴하지 않다 별로 청렴하지 않다 약간 청렴하다 매우 청렴하다 1 중앙정부 부처,,1=전혀 신뢰하지 않는다 (Not at all); 2=별로 신뢰하지 않는다 (Not much); 3=약간 신뢰한다 (Somewhat); 4=매우 신뢰한다 (A great deal),
y2015,q32_6,trust_local_govt,Ⅴ. Social Trust (사회적 신뢰),귀하는 다음 기관들이 맡은 일을 얼마나 잘 수행하고 있다고 믿습니까?,(6) 지방자치단체(시/도/군/구청) ➀ ➁ ➂ ➃,1=전혀 신뢰하지 않는다 (Not at all); 2=별로 신뢰하지 않는다 (Not much); 3=약간 신뢰한다 (Somewhat); 4=매우 신뢰한다 (A great deal),
y2016,q33_6,trust_local_govt,Ⅴ. Social Trust (사회적 신뢰),귀하는 다음 기관들이 맡은 일을 얼마나 잘 수행하고 있다고 믿습니까?,(6) 지방자치단체(시/도/군/구청) ➀ ➁ ➂ ➃,1=전혀 신뢰하지 않는다 (Not at all); 2=별로 신뢰하지 않는다 (Not much); 3=약간 신뢰한다 (Somewhat); 4=매우 신뢰한다 (A great deal),
y2017,q32_6,trust_local_govt,Ⅴ. Social Trust (사회적 신뢰),귀하는 다음 기관들이 맡은 일을 얼마나 잘 수행하고 있다고 믿습니까?,(6) 지방자치단체(시/도/군/구청) ➀ ➁ ➂ ➃,1=전혀 신뢰하지 않는다 (Not at all); 2=별로 신뢰하지 않는다 (Not much); 3=약간 신뢰한다 (Somewhat); 4=매우 신뢰한다 (A great deal),
y2018,q35_6,trust_local_govt,Ⅴ. Social Trust (사회적 신뢰),귀하는 다음 기관들이 맡은 일을 얼마나 잘 수행하고 있다고 믿습니까?,(6) 지방자치단체(시/도/군/구청) ➀ ➁ ➂ ➃,1=전혀 신뢰하지 않는다 (Not at all); 2=별로 신뢰하지 않는다 (Not much); 3=약간 신뢰한다 (Somewhat); 4=매우 신뢰한다 (A great deal),
y2019,q35_6,trust_local_govt,Ⅴ. Social Trust (사회적 신뢰),귀하는 다음 기관들이 맡은 일을 얼마나 잘 수행하고 있다고 믿습니까?,(6) ȸĀ 지방자치단체(시/도/군/구청) ➀ ➁ ➂ ➃,1=전혀 신뢰하지 않는다 (Not at all); 2=별로 신뢰하지 않는다 (Not much); 3=약간 신뢰한다 (Somewhat); 4=매우 신뢰한다 (A great deal),
y2020,q33_6,trust_local_govt,Ⅴ. Social Trust (사회적 신뢰),귀하는 다음 기관들이 맡은 일을 얼마나 잘 수행하고 있다고 믿습니까?,(6) 지방자치단체(시/도/군/구청),1=전혀 신뢰하지 않는다 (Not at all); 2=별로 신뢰하지 않는다 (Not much); 3=약간 신뢰한다 (Somewhat); 4=매우 신뢰한다 (A great deal),
y2021,q35_6,trust_local_govt,Ⅴ. Social Trust (사회적 신뢰),귀하는 다음 기관들이 맡은 일을 얼마나 잘 수행하고 있다고 믿습니까?,(6) 지방자치단체(시/도/군/구청),1=전혀 신뢰하지 않는다 (Not at all); 2=별로 신뢰하지 않는다 (Not much); 3=약간 신뢰한다 (Somewhat); 4=매우 신뢰한다 (A great deal),
y2022,q35_6,trust_local_govt,Ⅴ. Social Trust (사회적 신뢰),귀하는 다음 기관들이 맡은 일을 얼마나 잘 수행하고 있다고 믿습니까?,(6) 지방자치단체(시/도/군/구청),1=전혀 신뢰하지 않는다 (Not at all); 2=별로 신뢰하지 않는다 (Not much); 3=약간 신뢰한다 (Somewhat); 4=매우 신뢰한다 (A great deal),
y2023,q30_6,trust_local_govt,Ⅳ. Social Communication (사회적 소통),귀하는 다음 기관들이 맡은 일을 얼마나 잘 수행하고 있다고 믿습니까?,(6) 지방자치단체(시/도/군/구청),1=전혀 신뢰하지 않는다 (Not at all); 2=별로 신뢰하지 않는다 (Not much); 3=약간 신뢰한다 (Somewhat); 4=매우 신뢰한다 (A great deal),
y2024,q31_6,trust_local_govt,Ⅳ. Social Communication (사회적 소통),귀하는 다음 기관들이 맡은 일을 얼마나 잘 수행하고 있다고 믿습니까?,(6) 지방자치단체(시/도/군/구청),1=전혀 신뢰하지 않는다 (Not at all); 2=별로 신뢰하지 않는다 (Not much); 3=약간 신뢰한다 (Somewhat); 4=매우 신뢰한다 (A great deal),
y2011,T13_6,trust_media,,,,1=전혀 신뢰하지 않는다 (Not at all); 2=별로 신뢰하지 않는다 (Not much); 3=약간 신뢰한다 (Somewhat); 4=매우 신뢰한다 (A great deal),No questionnaire file available for this year
y2011,T13_8,trust_medical,,,,1=전혀 신뢰하지 않는다 (Not at all); 2=별로 신뢰하지 않는다 (Not much); 3=약간 신뢰한다 (Somewhat); 4=매우 신뢰한다 (A great deal),No questionnaire file available for this year
y2013,q30_13,trust_medical,,귀하는 다음 기관들이 맡은 일을 얼마나 잘 수행하고 있다고 믿습니까? 기 관 전혀 청렴하지 않다 별로 청렴하지 않다 약간 청렴하다 매우 청렴하다 1 중앙정부 부처,,1=전혀 신뢰하지 않는다 (Not at all); 2=별로 신뢰하지 않는다 (Not much); 3=약간 신뢰한다 (Somewhat); 4=매우 신뢰한다 (A great deal),
y2014,q30_13,trust_medical,,귀하는 다음 기관들이 맡은 일을 얼마나 잘 수행하고 있다고 믿습니까? 기 관 전혀 청렴하지 않다 별로 청렴하지 않다 약간 청렴하다 매우 청렴하다 1 중앙정부 부처,,1=전혀 신뢰하지 않는다 (Not at all); 2=별로 신뢰하지 않는다 (Not much); 3=약간 신뢰한다 (Somewhat); 4=매우 신뢰한다 (A great deal),
y2015,q32_13,trust_medical,Ⅴ. Social Trust (사회적 신뢰),귀하는 다음 기관들이 맡은 일을 얼마나 잘 수행하고 있다고 믿습니까?,(13) 의료계(병원 등) ➀ ➁ ➂ ➃,1=전혀 신뢰하지 않는다 (Not at all); 2=별로 신뢰하지 않는다 (Not much); 3=약간 신뢰한다 (Somewhat); 4=매우 신뢰한다 (A great deal),
y2016,q33_14,trust_medical,Ⅴ. Social Trust (사회적 신뢰),귀하는 다음 기관들이 맡은 일을 얼마나 잘 수행하고 있다고 믿습니까?,(14) 의료기관 ➀ ➁ ➂ ➃,1=전혀 신뢰하지 않는다 (Not at all); 2=별로 신뢰하지 않는다 (Not much); 3=약간 신뢰한다 (Somewhat); 4=매우 신뢰한다 (A great deal),
y2017,q32_14,trust_medical,Ⅴ. Social Trust (사회적 신뢰),귀하는 다음 기관들이 맡은 일을 얼마나 잘 수행하고 있다고 믿습니까?,(14) 의료기관 ➀ ➁ ➂ ➃,1=전혀 신뢰하지 않는다 (Not at all); 2=별로 신뢰하지 않는다 (Not much); 3=약간 신뢰한다 (Somewhat); 4=매우 신뢰한다 (A great deal),
y2018,q35_14,trust_medical,Ⅴ. Social Trust (사회적 신뢰),귀하는 다음 기관들이 맡은 일을 얼마나 잘 수행하고 있다고 믿습니까?,(14) 의료기관 ➀ ➁ ➂ ➃,1=전혀 신뢰하지 않는다 (Not at all); 2=별로 신뢰하지 않는다 (Not much); 3=약간 신뢰한다 (Somewhat); 4=매우 신뢰한다 (A great deal),
y2019,q35_14,trust_medical,Ⅴ. Social Trust (사회적 신뢰),귀하는 다음 기관들이 맡은 일을 얼마나 잘 수행하고 있다고 믿습니까?,(14) 의료기관 ➀ ➁ ➂ ➃,1=전혀 신뢰하지 않는다 (Not at all); 2=별로 신뢰하지 않는다 (Not much); 3=약간 신뢰한다 (Somewhat); 4=매우 신뢰한다 (A great deal),
y2020,q33_14,trust_medical,Ⅴ. Social Trust (사회적 신뢰),귀하는 다음 기관들이 맡은 일을 얼마나 잘 수행하고 있다고 믿습니까?,(14) 의료기관,1=전혀 신뢰하지 않는다 (Not at all); 2=별로 신뢰하지 않는다 (Not much); 3=약간 신뢰한다 (Somewhat); 4=매우 신뢰한다 (A great deal),
y2021,q35_14,trust_medical,Ⅴ. Social Trust (사회적 신뢰),귀하는 다음 기관들이 맡은 일을 얼마나 잘 수행하고 있다고 믿습니까?,(14) 의료기관,1=전혀 신뢰하지 않는다 (Not at all); 2=별로 신뢰하지 않는다 (Not much); 3=약간 신뢰한다 (Somewhat); 4=매우 신뢰한다 (A great deal),
y2022,q35_14,trust_medical,Ⅴ. Social Trust (사회적 신뢰),귀하는 다음 기관들이 맡은 일을 얼마나 잘 수행하고 있다고 믿습니까?,(14) 의료기관,1=전혀 신뢰하지 않는다 (Not at all); 2=별로 신뢰하지 않는다 (Not much); 3=약간 신뢰한다 (Somewhat); 4=매우 신뢰한다 (A great deal),
y2023,q30_14,trust_medical,Ⅳ. Social Communication (사회적 소통),귀하는 다음 기관들이 맡은 일을 얼마나 잘 수행하고 있다고 믿습니까?,(14) 의료기관,1=전혀 신뢰하지 않는다 (Not at all); 2=별로 신뢰하지 않는다 (Not much); 3=약간 신뢰한다 (Somewhat); 4=매우 신뢰한다 (A great deal),
y2024,q31_14,trust_medical,Ⅳ. Social Communication (사회적 소통),귀하는 다음 기관들이 맡은 일을 얼마나 잘 수행하고 있다고 믿습니까?,(14) 의료기관,1=전혀 신뢰하지 않는다 (Not at all); 2=별로 신뢰하지 않는다 (Not much); 3=약간 신뢰한다 (Somewhat); 4=매우 신뢰한다 (A great deal),
y2011,T13_15,trust_military,,,,1=전혀 신뢰하지 않는다 (Not at all); 2=별로 신뢰하지 않는다 (Not much); 3=약간 신뢰한다 (Somewhat); 4=매우 신뢰한다 (A great deal),No questionnaire file available for this year
y2013,q30_7,trust_military,,귀하는 다음 기관들이 맡은 일을 얼마나 잘 수행하고 있다고 믿습니까? 기 관 전혀 청렴하지 않다 별로 청렴하지 않다 약간 청렴하다 매우 청렴하다 1 중앙정부 부처,,1=전혀 신뢰하지 않는다 (Not at all); 2=별로 신뢰하지 않는다 (Not much); 3=약간 신뢰한다 (Somewhat); 4=매우 신뢰한다 (A great deal),
y2014,q30_7,trust_military,,귀하는 다음 기관들이 맡은 일을 얼마나 잘 수행하고 있다고 믿습니까? 기 관 전혀 청렴하지 않다 별로 청렴하지 않다 약간 청렴하다 매우 청렴하다 1 중앙정부 부처,,1=전혀 신뢰하지 않는다 (Not at all); 2=별로 신뢰하지 않는다 (Not much); 3=약간 신뢰한다 (Somewhat); 4=매우 신뢰한다 (A great deal),
y2015,q32_7,trust_military,Ⅴ. Social Trust (사회적 신뢰),귀하는 다음 기관들이 맡은 일을 얼마나 잘 수행하고 있다고 믿습니까?,(7) 군대 ➀ ➁ ➂ ➃,1=전혀 신뢰하지 않는다 (Not at all); 2=별로 신뢰하지 않는다 (Not much); 3=약간 신뢰한다 (Somewhat); 4=매우 신뢰한다 (A great deal),
y2016,q33_8,trust_military,Ⅴ. Social Trust (사회적 신뢰),귀하는 다음 기관들이 맡은 일을 얼마나 잘 수행하고 있다고 믿습니까?,(8) 군대 ➀ ➁ ➂ ➃,1=전혀 신뢰하지 않는다 (Not at all); 2=별로 신뢰하지 않는다 (Not much); 3=약간 신뢰한다 (Somewhat); 4=매우 신뢰한다 (A great deal),
y2017,q32_8,trust_military,Ⅴ. Social Trust (사회적 신뢰),귀하는 다음 기관들이 맡은 일을 얼마나 잘 수행하고 있다고 믿습니까?,(8) 군대 ➀ ➁ ➂ ➃,1=전혀 신뢰하지 않는다 (Not at all); 2=별로 신뢰하지 않는다 (Not much); 3=약간 신뢰한다 (Somewhat); 4=매우 신뢰한다 (A great deal),
y2018,q35_8,trust_military,Ⅴ. Social Trust (사회적 신뢰),귀하는 다음 기관들이 맡은 일을 얼마나 잘 수행하고 있다고 믿습니까?,(8) 군대 ➀ ➁ ➂ ➃,1=전혀 신뢰하지 않는다 (Not at all); 2=별로 신뢰하지 않는다 (Not much); 3=약간 신뢰한다 (Somewhat); 4=매우 신뢰한다 (A great deal),
y2019,q35_8,trust_military,Ⅴ. Social Trust (사회적 신뢰),귀하는 다음 기관들이 맡은 일을 얼마나 잘 수행하고 있다고 믿습니까?,(8) ȸĀ 군대 ➀ ➁ ➂ ➃,1=전혀 신뢰하지 않는다 (Not at all); 2=별로 신뢰하지 않는다 (Not much); 3=약간 신뢰한다 (Somewhat); 4=매우 신뢰한다 (A great deal),
y2020,q33_8,trust_military,Ⅴ. Social Trust (사회적 신뢰),귀하는 다음 기관들이 맡은 일을 얼마나 잘 수행하고 있다고 믿습니까?,(8) 군대,1=전혀 신뢰하지 않는다 (Not at all); 2=별로 신뢰하지 않는다 (Not much); 3=약간 신뢰한다 (Somewhat); 4=매우 신뢰한다 (A great deal),
y2021,q35_8,trust_military,Ⅴ. Social Trust (사회적 신뢰),귀하는 다음 기관들이 맡은 일을 얼마나 잘 수행하고 있다고 믿습니까?,(8) 군대,1=전혀 신뢰하지 않는다 (Not at all); 2=별로 신뢰하지 않는다 (Not much); 3=약간 신뢰한다 (Somewhat); 4=매우 신뢰한다 (A great deal),
y2022,q35_8,trust_military,Ⅴ. Social Trust (사회적 신뢰),귀하는 다음 기관들이 맡은 일을 얼마나 잘 수행하고 있다고 믿습니까?,(8) 군대,1=전혀 신뢰하지 않는다 (Not at all); 2=별로 신뢰하지 않는다 (Not much); 3=약간 신뢰한다 (Somewhat); 4=매우 신뢰한다 (A great deal),
y2023,q30_8,trust_military,Ⅳ. Social Communication (사회적 소통),귀하는 다음 기관들이 맡은 일을 얼마나 잘 수행하고 있다고 믿습니까?,(8) 군대,1=전혀 신뢰하지 않는다 (Not at all); 2=별로 신뢰하지 않는다 (Not much); 3=약간 신뢰한다 (Somewhat); 4=매우 신뢰한다 (A great deal),
y2024,q31_8,trust_military,Ⅳ. Social Communication (사회적 소통),귀하는 다음 기관들이 맡은 일을 얼마나 잘 수행하고 있다고 믿습니까?,(8) 군대,1=전혀 신뢰하지 않는다 (Not at all); 2=별로 신뢰하지 않는다 (Not much); 3=약간 신뢰한다 (Somewhat); 4=매우 신뢰한다 (A great deal),
y2011,T13_12,trust_national_assembly,,,,1=전혀 신뢰하지 않는다 (Not at all); 2=별로 신뢰하지 않는다 (Not much); 3=약간 신뢰한다 (Somewhat); 4=매우 신뢰한다 (A great deal),No questionnaire file available for this year
y2013,q30_2,trust_national_assembly,,귀하는 다음 기관들이 맡은 일을 얼마나 잘 수행하고 있다고 믿습니까? 기 관 전혀 청렴하지 않다 별로 청렴하지 않다 약간 청렴하다 매우 청렴하다 1 중앙정부 부처,,1=전혀 신뢰하지 않는다 (Not at all); 2=별로 신뢰하지 않는다 (Not much); 3=약간 신뢰한다 (Somewhat); 4=매우 신뢰한다 (A great deal),
y2014,q30_2,trust_national_assembly,,귀하는 다음 기관들이 맡은 일을 얼마나 잘 수행하고 있다고 믿습니까? 기 관 전혀 청렴하지 않다 별로 청렴하지 않다 약간 청렴하다 매우 청렴하다 1 중앙정부 부처,,1=전혀 신뢰하지 않는다 (Not at all); 2=별로 신뢰하지 않는다 (Not much); 3=약간 신뢰한다 (Somewhat); 4=매우 신뢰한다 (A great deal),
y2015,q32_2,trust_national_assembly,Ⅴ. Social Trust (사회적 신뢰),귀하는 다음 기관들이 맡은 일을 얼마나 잘 수행하고 있다고 믿습니까?,(2) 국회 ➀ ➁ ➂ ➃,1=전혀 신뢰하지 않는다 (Not at all); 2=별로 신뢰하지 않는다 (Not much); 3=약간 신뢰한다 (Somewhat); 4=매우 신뢰한다 (A great deal),
y2016,q33_2,trust_national_assembly,Ⅴ. Social Trust (사회적 신뢰),귀하는 다음 기관들이 맡은 일을 얼마나 잘 수행하고 있다고 믿습니까?,(2) 국회 ➀ ➁ ➂ ➃,1=전혀 신뢰하지 않는다 (Not at all); 2=별로 신뢰하지 않는다 (Not much); 3=약간 신뢰한다 (Somewhat); 4=매우 신뢰한다 (A great deal),
y2017,q32_2,trust_national_assembly,Ⅴ. Social Trust (사회적 신뢰),귀하는 다음 기관들이 맡은 일을 얼마나 잘 수행하고 있다고 믿습니까?,(2) 국회 ➀ ➁ ➂ ➃,1=전혀 신뢰하지 않는다 (Not at all); 2=별로 신뢰하지 않는다 (Not much); 3=약간 신뢰한다 (Somewhat); 4=매우 신뢰한다 (A great deal),
y2018,q35_2,trust_national_assembly,Ⅴ. Social Trust (사회적 신뢰),귀하는 다음 기관들이 맡은 일을 얼마나 잘 수행하고 있다고 믿습니까?,(2) 국회 ➀ ➁ ➂ ➃,1=전혀 신뢰하지 않는다 (Not at all); 2=별로 신뢰하지 않는다 (Not much); 3=약간 신뢰한다 (Somewhat); 4=매우 신뢰한다 (A great deal),
y2019,q35_2,trust_national_assembly,Ⅴ. Social Trust (사회적 신뢰),귀하는 다음 기관들이 맡은 일을 얼마나 잘 수행하고 있다고 믿습니까?,(2) ȸĀ 국회 ➀ ➁ ➂ ➃,1=전혀 신뢰하지 않는다 (Not at all); 2=별로 신뢰하지 않는다 (Not much); 3=약간 신뢰한다 (Somewhat); 4=매우 신뢰한다 (A great deal),
y2020,q33_2,trust_national_assembly,Ⅴ. Social Trust (사회적 신뢰),귀하는 다음 기관들이 맡은 일을 얼마나 잘 수행하고 있다고 믿습니까?,(2) 국회,1=전혀 신뢰하지 않는다 (Not at all); 2=별로 신뢰하지 않는다 (Not much); 3=약간 신뢰한다 (Somewhat); 4=매우 신뢰한다 (A great deal),
y2021,q35_2,trust_national_assembly,Ⅴ. Social Trust (사회적 신뢰),귀하는 다음 기관들이 맡은 일을 얼마나 잘 수행하고 있다고 믿습니까?,(2) 국회,1=전혀 신뢰하지 않는다 (Not at all); 2=별로 신뢰하지 않는다 (Not much); 3=약간 신뢰한다 (Somewhat); 4=매우 신뢰한다 (A great deal),
y2022,q35_2,trust_national_assembly,Ⅴ. Social Trust (사회적 신뢰),귀하는 다음 기관들이 맡은 일을 얼마나 잘 수행하고 있다고 믿습니까?,(2) 국회,1=전혀 신뢰하지 않는다 (Not at all); 2=별로 신뢰하지 않는다 (Not much); 3=약간 신뢰한다 (Somewhat); 4=매우 신뢰한다 (A great deal),
y2023,q30_2,trust_national_assembly,Ⅳ. Social Communication (사회적 소통),귀하는 다음 기관들이 맡은 일을 얼마나 잘 수행하고 있다고 믿습니까?,(2) 국회,1=전혀 신뢰하지 않는다 (Not at all); 2=별로 신뢰하지 않는다 (Not much); 3=약간 신뢰한다 (Somewhat); 4=매우 신뢰한다 (A great deal),
y2024,q31_2,trust_national_assembly,Ⅳ. Social Communication (사회적 소통),귀하는 다음 기관들이 맡은 일을 얼마나 잘 수행하고 있다고 믿습니까?,(2) 국회,1=전혀 신뢰하지 않는다 (Not at all); 2=별로 신뢰하지 않는다 (Not much); 3=약간 신뢰한다 (Somewhat); 4=매우 신뢰한다 (A great deal),
y2011,T9_1,trust_neighbors,,,,1=전혀 신뢰하지 않는다 (Not at all); 2=별로 신뢰하지 않는다 (Not much); 3=약간 신뢰한다 (Somewhat); 4=매우 신뢰한다 (A great deal),No questionnaire file available for this year
y2013,q23_3,trust_neighbors,,귀하는 우리사회에서 다음 집단 간에 소통이 얼마나 잘 이루어지고 있다고 생각합니까?,,1=전혀 신뢰하지 않는다 (Not at all); 2=별로 신뢰하지 않는다 (Not much); 3=약간 신뢰한다 (Somewhat); 4=매우 신뢰한다 (A great deal),
y2014,q23_3,trust_neighbors,,귀하는 우리 사회에서 다음 집단 간에 소통이 얼마나 잘 이루어지고 있다고 생각합니까?,,1=전혀 신뢰하지 않는다 (Not at all); 2=별로 신뢰하지 않는다 (Not much); 3=약간 신뢰한다 (Somewhat); 4=매우 신뢰한다 (A great deal),
y2015,q25_3,trust_neighbors,Ⅳ. Social Communication (사회적 소통),귀하는 우리 사회에서 다음 집단 간에 소통이 얼마나 잘 이루어지고 있다고 생각하십니까?,(3) 이웃 간 소통 ➀ ➁ ➂ ➃,1=전혀 신뢰하지 않는다 (Not at all); 2=별로 신뢰하지 않는다 (Not much); 3=약간 신뢰한다 (Somewhat); 4=매우 신뢰한다 (A great deal),
y2016,q26_3,trust_neighbors,Ⅳ. Social Communication (사회적 소통),귀하는 우리 사회에서 다음 집단 간에 소통이 얼마나 잘 이루어지고 있다고 생각하십니까?,(3) 이웃 간 소통 ➀ ➁ ➂ ➃,1=전혀 신뢰하지 않는다 (Not at all); 2=별로 신뢰하지 않는다 (Not much); 3=약간 신뢰한다 (Somewhat); 4=매우 신뢰한다 (A great deal),
y2017,q25_3,trust_neighbors,Ⅳ. Social Communication (사회적 소통),귀하는 우리 사회에서 다음 집단 간에 소통이 얼마나 잘 이루어지고 있다고 생각하십니까?,(3) 이웃 간 소통 ➀ ➁ ➂ ➃,1=전혀 신뢰하지 않는다 (Not at all); 2=별로 신뢰하지 않는다 (Not much); 3=약간 신뢰한다 (Somewhat); 4=매우 신뢰한다 (A great deal),
y2018,q28_3,trust_neighbors,Ⅳ. Social Communication (사회적 소통),귀하는 우리 사회에서 다음 집단 간에 소통이 얼마나 잘 이루어지고 있다고 생각하십니까?,(3) 이웃 간 소통 ➀ ➁ ➂ ➃,1=전혀 신뢰하지 않는다 (Not at all); 2=별로 신뢰하지 않는다 (Not much); 3=약간 신뢰한다 (Somewhat); 4=매우 신뢰한다 (A great deal),
y2019,q28_3,trust_neighbors,Ⅳ. Social Communication (사회적 소통),귀하는 우리 사회에서 다음 집단 간에 소통이 얼마나 잘 이루어지고 있다고 생각하십니까?,(3) ȸĀ 이웃 간 소통 ➀ ➁ ➂ ➃,1=전혀 신뢰하지 않는다 (Not at all); 2=별로 신뢰하지 않는다 (Not much); 3=약간 신뢰한다 (Somewhat); 4=매우 신뢰한다 (A great deal),
y2020,q26_3,trust_neighbors,Ⅳ. Social Communication (사회적 소통),귀하는 우리 사회에서 다음 집단 간에 소통이 얼마나 잘 이루어지고 있다고 생각하십니까?,(3) 이웃 간 소통,1=전혀 신뢰하지 않는다 (Not at all); 2=별로 신뢰하지 않는다 (Not much); 3=약간 신뢰한다 (Somewhat); 4=매우 신뢰한다 (A great deal),
y2021,q28_3,trust_neighbors,Ⅳ. Social Communication (사회적 소통),귀하는 우리 사회에서 다음 집단 간에 소통이 얼마나 잘 이루어지고 있다고 생각하십니까?,(3) 이웃 간 소통,1=전혀 신뢰하지 않는다 (Not at all); 2=별로 신뢰하지 않는다 (Not much); 3=약간 신뢰한다 (Somewhat); 4=매우 신뢰한다 (A great deal),
y2022,q28_3,trust_neighbors,Ⅳ. Social Communication (사회적 소통),귀하는 우리 사회에서 다음 집단 간에 소통이 얼마나 잘 이루어지고 있다고 생각하십니까?,(3) 이웃 간 소통,1=전혀 신뢰하지 않는다 (Not at all); 2=별로 신뢰하지 않는다 (Not much); 3=약간 신뢰한다 (Somewhat); 4=매우 신뢰한다 (A great deal),
y2023,q23_3,trust_neighbors,Ⅲ. Political Participation (정치 참여),귀하는 우리 사회에서 다음 집단 간에 소통이 얼마나 잘 이루어지고 있다고 생각하십니까?,(3) 이웃 간 소통,1=전혀 신뢰하지 않는다 (Not at all); 2=별로 신뢰하지 않는다 (Not much); 3=약간 신뢰한다 (Somewhat); 4=매우 신뢰한다 (A great deal),
y2024,q23_3,trust_neighbors,Ⅲ. Political Participation (정치 참여),귀하는 우리 사회에서 다음 집단 간에 소통이 얼마나 잘 이루어지고 있다고 생각하십니까?,(3) 이웃 간 소통,1=전혀 신뢰하지 않는다 (Not at all); 2=별로 신뢰하지 않는다 (Not much); 3=약간 신뢰한다 (Somewhat); 4=매우 신뢰한다 (A great deal),
y2013,q30_11,trust_newspapers,,귀하는 다음 기관들이 맡은 일을 얼마나 잘 수행하고 있다고 믿습니까? 기 관 전혀 청렴하지 않다 별로 청렴하지 않다 약간 청렴하다 매우 청렴하다 1 중앙정부 부처,,1=전혀 신뢰하지 않는다 (Not at all); 2=별로 신뢰하지 않는다 (Not much); 3=약간 신뢰한다 (Somewhat); 4=매우 신뢰한다 (A great deal),
y2014,q30_11,trust_newspapers,,귀하는 다음 기관들이 맡은 일을 얼마나 잘 수행하고 있다고 믿습니까? 기 관 전혀 청렴하지 않다 별로 청렴하지 않다 약간 청렴하다 매우 청렴하다 1 중앙정부 부처,,1=전혀 신뢰하지 않는다 (Not at all); 2=별로 신뢰하지 않는다 (Not much); 3=약간 신뢰한다 (Somewhat); 4=매우 신뢰한다 (A great deal),
y2015,q32_11,trust_newspapers,Ⅴ. Social Trust (사회적 신뢰),귀하는 다음 기관들이 맡은 일을 얼마나 잘 수행하고 있다고 믿습니까?,(11) 신문사 ➀ ➁ ➂ ➃,1=전혀 신뢰하지 않는다 (Not at all); 2=별로 신뢰하지 않는다 (Not much); 3=약간 신뢰한다 (Somewhat); 4=매우 신뢰한다 (A great deal),
y2016,q33_12,trust_newspapers,Ⅴ. Social Trust (사회적 신뢰),귀하는 다음 기관들이 맡은 일을 얼마나 잘 수행하고 있다고 믿습니까?,(12) 신문사 ➀ ➁ ➂ ➃,1=전혀 신뢰하지 않는다 (Not at all); 2=별로 신뢰하지 않는다 (Not much); 3=약간 신뢰한다 (Somewhat); 4=매우 신뢰한다 (A great deal),
y2017,q32_12,trust_newspapers,Ⅴ. Social Trust (사회적 신뢰),귀하는 다음 기관들이 맡은 일을 얼마나 잘 수행하고 있다고 믿습니까?,(12) 신문사 ➀ ➁ ➂ ➃,1=전혀 신뢰하지 않는다 (Not at all); 2=별로 신뢰하지 않는다 (Not much); 3=약간 신뢰한다 (Somewhat); 4=매우 신뢰한다 (A great deal),
y2018,q35_12,trust_newspapers,Ⅴ. Social Trust (사회적 신뢰),귀하는 다음 기관들이 맡은 일을 얼마나 잘 수행하고 있다고 믿습니까?,(12) 신문사 ➀ ➁ ➂ ➃,1=전혀 신뢰하지 않는다 (Not at all); 2=별로 신뢰하지 않는다 (Not much); 3=약간 신뢰한다 (Somewhat); 4=매우 신뢰한다 (A great deal),
y2019,q35_12,trust_newspapers,Ⅴ. Social Trust (사회적 신뢰),귀하는 다음 기관들이 맡은 일을 얼마나 잘 수행하고 있다고 믿습니까?,(12) 신문사 ➀ ➁ ➂ ➃,1=전혀 신뢰하지 않는다 (Not at all); 2=별로 신뢰하지 않는다 (Not much); 3=약간 신뢰한다 (Somewhat); 4=매우 신뢰한다 (A great deal),
y2020,q33_12,trust_newspapers,Ⅴ. Social Trust (사회적 신뢰),귀하는 다음 기관들이 맡은 일을 얼마나 잘 수행하고 있다고 믿습니까?,(12) 신문사,1=전혀 신뢰하지 않는다 (Not at all); 2=별로 신뢰하지 않는다 (Not much); 3=약간 신뢰한다 (Somewhat); 4=매우 신뢰한다 (A great deal),
y2021,q35_12,trust_newspapers,Ⅴ. Social Trust (사회적 신뢰),귀하는 다음 기관들이 맡은 일을 얼마나 잘 수행하고 있다고 믿습니까?,(12) 신문사,1=전혀 신뢰하지 않는다 (Not at all); 2=별로 신뢰하지 않는다 (Not much); 3=약간 신뢰한다 (Somewhat); 4=매우 신뢰한다 (A great deal),
y2022,q35_12,trust_newspapers,Ⅴ. Social Trust (사회적 신뢰),귀하는 다음 기관들이 맡은 일을 얼마나 잘 수행하고 있다고 믿습니까?,(12) 신문사,1=전혀 신뢰하지 않는다 (Not at all); 2=별로 신뢰하지 않는다 (Not much); 3=약간 신뢰한다 (Somewhat); 4=매우 신뢰한다 (A great deal),
y2023,q30_12,trust_newspapers,Ⅳ. Social Communication (사회적 소통),귀하는 다음 기관들이 맡은 일을 얼마나 잘 수행하고 있다고 믿습니까?,(12) 신문사,1=전혀 신뢰하지 않는다 (Not at all); 2=별로 신뢰하지 않는다 (Not much); 3=약간 신뢰한다 (Somewhat); 4=매우 신뢰한다 (A great deal),
y2024,q31_12,trust_newspapers,Ⅳ. Social Communication (사회적 소통),귀하는 다음 기관들이 맡은 일을 얼마나 잘 수행하고 있다고 믿습니까?,(12) 신문사,1=전혀 신뢰하지 않는다 (Not at all); 2=별로 신뢰하지 않는다 (Not much); 3=약간 신뢰한다 (Somewhat); 4=매우 신뢰한다 (A great deal),
y2013,q30_5,trust_police,,귀하는 다음 기관들이 맡은 일을 얼마나 잘 수행하고 있다고 믿습니까? 기 관 전혀 청렴하지 않다 별로 청렴하지 않다 약간 청렴하다 매우 청렴하다 1 중앙정부 부처,,1=전혀 신뢰하지 않는다 (Not at all); 2=별로 신뢰하지 않는다 (Not much); 3=약간 신뢰한다 (Somewhat); 4=매우 신뢰한다 (A great deal),
y2014,q30_5,trust_police,,귀하는 다음 기관들이 맡은 일을 얼마나 잘 수행하고 있다고 믿습니까? 기 관 전혀 청렴하지 않다 별로 청렴하지 않다 약간 청렴하다 매우 청렴하다 1 중앙정부 부처,,1=전혀 신뢰하지 않는다 (Not at all); 2=별로 신뢰하지 않는다 (Not much); 3=약간 신뢰한다 (Somewhat); 4=매우 신뢰한다 (A great deal),
y2015,q32_5,trust_police,Ⅴ. Social Trust (사회적 신뢰),귀하는 다음 기관들이 맡은 일을 얼마나 잘 수행하고 있다고 믿습니까?,(5) 경찰 ➀ ➁ ➂ ➃,1=전혀 신뢰하지 않는다 (Not at all); 2=별로 신뢰하지 않는다 (Not much); 3=약간 신뢰한다 (Somewhat); 4=매우 신뢰한다 (A great deal),
y2016,q33_5,trust_police,Ⅴ. Social Trust (사회적 신뢰),귀하는 다음 기관들이 맡은 일을 얼마나 잘 수행하고 있다고 믿습니까?,(5) 경찰 ➀ ➁ ➂ ➃,1=전혀 신뢰하지 않는다 (Not at all); 2=별로 신뢰하지 않는다 (Not much); 3=약간 신뢰한다 (Somewhat); 4=매우 신뢰한다 (A great deal),
y2017,q32_5,trust_police,Ⅴ. Social Trust (사회적 신뢰),귀하는 다음 기관들이 맡은 일을 얼마나 잘 수행하고 있다고 믿습니까?,(5) 경찰 ➀ ➁ ➂ ➃,1=전혀 신뢰하지 않는다 (Not at all); 2=별로 신뢰하지 않는다 (Not much); 3=약간 신뢰한다 (Somewhat); 4=매우 신뢰한다 (A great deal),
y2018,q35_5,trust_police,Ⅴ. Social Trust (사회적 신뢰),귀하는 다음 기관들이 맡은 일을 얼마나 잘 수행하고 있다고 믿습니까?,(5) 경찰 ➀ ➁ ➂ ➃,1=전혀 신뢰하지 않는다 (Not at all); 2=별로 신뢰하지 않는다 (Not much); 3=약간 신뢰한다 (Somewhat); 4=매우 신뢰한다 (A great deal),
y2019,q35_5,trust_police,Ⅴ. Social Trust (사회적 신뢰),귀하는 다음 기관들이 맡은 일을 얼마나 잘 수행하고 있다고 믿습니까?,(5) ȸĀ 경찰 ➀ ➁ ➂ ➃,1=전혀 신뢰하지 않는다 (Not at all); 2=별로 신뢰하지 않는다 (Not much); 3=약간 신뢰한다 (Somewhat); 4=매우 신뢰한다 (A great deal),
y2020,q33_5,trust_police,Ⅴ. Social Trust (사회적 신뢰),귀하는 다음 기관들이 맡은 일을 얼마나 잘 수행하고 있다고 믿습니까?,(5) 경찰,1=전혀 신뢰하지 않는다 (Not at all); 2=별로 신뢰하지 않는다 (Not much); 3=약간 신뢰한다 (Somewhat); 4=매우 신뢰한다 (A great deal),
y2021,q35_5,trust_police,Ⅴ. Social Trust (사회적 신뢰),귀하는 다음 기관들이 맡은 일을 얼마나 잘 수행하고 있다고 믿습니까?,(5) 경찰,1=전혀 신뢰하지 않는다 (Not at all); 2=별로 신뢰하지 않는다 (Not much); 3=약간 신뢰한다 (Somewhat); 4=매우 신뢰한다 (A great deal),
y2022,q35_5,trust_police,Ⅴ. Social Trust (사회적 신뢰),귀하는 다음 기관들이 맡은 일을 얼마나 잘 수행하고 있다고 믿습니까?,(5) 경찰,1=전혀 신뢰하지 않는다 (Not at all); 2=별로 신뢰하지 않는다 (Not much); 3=약간 신뢰한다 (Somewhat); 4=매우 신뢰한다 (A great deal),
y2023,q30_5,trust_police,Ⅳ. Social Communication (사회적 소통),귀하는 다음 기관들이 맡은 일을 얼마나 잘 수행하고 있다고 믿습니까?,(5) 경찰,1=전혀 신뢰하지 않는다 (Not at all); 2=별로 신뢰하지 않는다 (Not much); 3=약간 신뢰한다 (Somewhat); 4=매우 신뢰한다 (A great deal),
y2024,q31_5,trust_police,Ⅳ. Social Communication (사회적 소통),귀하는 다음 기관들이 맡은 일을 얼마나 잘 수행하고 있다고 믿습니까?,(5) 경찰,1=전혀 신뢰하지 않는다 (Not at all); 2=별로 신뢰하지 않는다 (Not much); 3=약간 신뢰한다 (Somewhat); 4=매우 신뢰한다 (A great deal),
y2011,T13_9,trust_political_parties,,,,1=전혀 신뢰하지 않는다 (Not at all); 2=별로 신뢰하지 않는다 (Not much); 3=약간 신뢰한다 (Somewhat); 4=매우 신뢰한다 (A great deal),No questionnaire file available for this year
y2013,q30_4,trust_prosecution,,귀하는 다음 기관들이 맡은 일을 얼마나 잘 수행하고 있다고 믿습니까? 기 관 전혀 청렴하지 않다 별로 청렴하지 않다 약간 청렴하다 매우 청렴하다 1 중앙정부 부처,,1=전혀 신뢰하지 않는다 (Not at all); 2=별로 신뢰하지 않는다 (Not much); 3=약간 신뢰한다 (Somewhat); 4=매우 신뢰한다 (A great deal),
y2014,q30_4,trust_prosecution,,귀하는 다음 기관들이 맡은 일을 얼마나 잘 수행하고 있다고 믿습니까? 기 관 전혀 청렴하지 않다 별로 청렴하지 않다 약간 청렴하다 매우 청렴하다 1 중앙정부 부처,,1=전혀 신뢰하지 않는다 (Not at all); 2=별로 신뢰하지 않는다 (Not much); 3=약간 신뢰한다 (Somewhat); 4=매우 신뢰한다 (A great deal),
y2015,q32_4,trust_prosecution,Ⅴ. Social Trust (사회적 신뢰),귀하는 다음 기관들이 맡은 일을 얼마나 잘 수행하고 있다고 믿습니까?,(4) 검찰 ➀ ➁ ➂ ➃,1=전혀 신뢰하지 않는다 (Not at all); 2=별로 신뢰하지 않는다 (Not much); 3=약간 신뢰한다 (Somewhat); 4=매우 신뢰한다 (A great deal),
y2016,q33_4,trust_prosecution,Ⅴ. Social Trust (사회적 신뢰),귀하는 다음 기관들이 맡은 일을 얼마나 잘 수행하고 있다고 믿습니까?,(4) 검찰 ➀ ➁ ➂ ➃,1=전혀 신뢰하지 않는다 (Not at all); 2=별로 신뢰하지 않는다 (Not much); 3=약간 신뢰한다 (Somewhat); 4=매우 신뢰한다 (A great deal),
y2017,q32_4,trust_prosecution,Ⅴ. Social Trust (사회적 신뢰),귀하는 다음 기관들이 맡은 일을 얼마나 잘 수행하고 있다고 믿습니까?,(4) 검찰 ➀ ➁ ➂ ➃,1=전혀 신뢰하지 않는다 (Not at all); 2=별로 신뢰하지 않는다 (Not much); 3=약간 신뢰한다 (Somewhat); 4=매우 신뢰한다 (A great deal),
y2018,q35_4,trust_prosecution,Ⅴ. Social Trust (사회적 신뢰),귀하는 다음 기관들이 맡은 일을 얼마나 잘 수행하고 있다고 믿습니까?,(4) 검찰 ➀ ➁ ➂ ➃,1=전혀 신뢰하지 않는다 (Not at all); 2=별로 신뢰하지 않는다 (Not much); 3=약간 신뢰한다 (Somewhat); 4=매우 신뢰한다 (A great deal),
y2019,q35_4,trust_prosecution,Ⅴ. Social Trust (사회적 신뢰),귀하는 다음 기관들이 맡은 일을 얼마나 잘 수행하고 있다고 믿습니까?,(4) ȸĀ 검찰 ➀ ➁ ➂ ➃,1=전혀 신뢰하지 않는다 (Not at all); 2=별로 신뢰하지 않는다 (Not much); 3=약간 신뢰한다 (Somewhat); 4=매우 신뢰한다 (A great deal),
y2020,q33_4,trust_prosecution,Ⅴ. Social Trust (사회적 신뢰),귀하는 다음 기관들이 맡은 일을 얼마나 잘 수행하고 있다고 믿습니까?,(4) 검찰,1=전혀 신뢰하지 않는다 (Not at all); 2=별로 신뢰하지 않는다 (Not much); 3=약간 신뢰한다 (Somewhat); 4=매우 신뢰한다 (A great deal),
y2021,q35_4,trust_prosecution,Ⅴ. Social Trust (사회적 신뢰),귀하는 다음 기관들이 맡은 일을 얼마나 잘 수행하고 있다고 믿습니까?,(4) 검찰,1=전혀 신뢰하지 않는다 (Not at all); 2=별로 신뢰하지 않는다 (Not much); 3=약간 신뢰한다 (Somewhat); 4=매우 신뢰한다 (A great deal),
y2022,q35_4,trust_prosecution,Ⅴ. Social Trust (사회적 신뢰),귀하는 다음 기관들이 맡은 일을 얼마나 잘 수행하고 있다고 믿습니까?,(4) 검찰,1=전혀 신뢰하지 않는다 (Not at all); 2=별로 신뢰하지 않는다 (Not much); 3=약간 신뢰한다 (Somewhat); 4=매우 신뢰한다 (A great deal),
y2023,q30_4,trust_prosecution,Ⅳ. Social Communication (사회적 소통),귀하는 다음 기관들이 맡은 일을 얼마나 잘 수행하고 있다고 믿습니까?,(4) 검찰,1=전혀 신뢰하지 않는다 (Not at all); 2=별로 신뢰하지 않는다 (Not much); 3=약간 신뢰한다 (Somewhat); 4=매우 신뢰한다 (A great deal),
y2024,q31_4,trust_prosecution,Ⅳ. Social Communication (사회적 소통),귀하는 다음 기관들이 맡은 일을 얼마나 잘 수행하고 있다고 믿습니까?,(4) 검찰,1=전혀 신뢰하지 않는다 (Not at all); 2=별로 신뢰하지 않는다 (Not much); 3=약간 신뢰한다 (Somewhat); 4=매우 신뢰한다 (A great deal),
y2016,q33_7,trust_public_enterprises,Ⅴ. Social Trust (사회적 신뢰),귀하는 다음 기관들이 맡은 일을 얼마나 잘 수행하고 있다고 믿습니까?,(7) 공기업 ➀ ➁ ➂ ➃,1=전혀 신뢰하지 않는다 (Not at all); 2=별로 신뢰하지 않는다 (Not much); 3=약간 신뢰한다 (Somewhat); 4=매우 신뢰한다 (A great deal),
y2017,q32_7,trust_public_enterprises,Ⅴ. Social Trust (사회적 신뢰),귀하는 다음 기관들이 맡은 일을 얼마나 잘 수행하고 있다고 믿습니까?,(7) 공기업 ➀ ➁ ➂ ➃,1=전혀 신뢰하지 않는다 (Not at all); 2=별로 신뢰하지 않는다 (Not much); 3=약간 신뢰한다 (Somewhat); 4=매우 신뢰한다 (A great deal),
y2018,q35_7,trust_public_enterprises,Ⅴ. Social Trust (사회적 신뢰),귀하는 다음 기관들이 맡은 일을 얼마나 잘 수행하고 있다고 믿습니까?,(7) 공기업 ➀ ➁ ➂ ➃,1=전혀 신뢰하지 않는다 (Not at all); 2=별로 신뢰하지 않는다 (Not much); 3=약간 신뢰한다 (Somewhat); 4=매우 신뢰한다 (A great deal),
y2019,q35_7,trust_public_enterprises,Ⅴ. Social Trust (사회적 신뢰),귀하는 다음 기관들이 맡은 일을 얼마나 잘 수행하고 있다고 믿습니까?,(7) ȸĀ 공기업 ➀ ➁ ➂ ➃,1=전혀 신뢰하지 않는다 (Not at all); 2=별로 신뢰하지 않는다 (Not much); 3=약간 신뢰한다 (Somewhat); 4=매우 신뢰한다 (A great deal),
y2020,q33_7,trust_public_enterprises,Ⅴ. Social Trust (사회적 신뢰),귀하는 다음 기관들이 맡은 일을 얼마나 잘 수행하고 있다고 믿습니까?,(7) 공기업,1=전혀 신뢰하지 않는다 (Not at all); 2=별로 신뢰하지 않는다 (Not much); 3=약간 신뢰한다 (Somewhat); 4=매우 신뢰한다 (A great deal),
y2021,q35_7,trust_public_enterprises,Ⅴ. Social Trust (사회적 신뢰),귀하는 다음 기관들이 맡은 일을 얼마나 잘 수행하고 있다고 믿습니까?,(7) 공기업,1=전혀 신뢰하지 않는다 (Not at all); 2=별로 신뢰하지 않는다 (Not much); 3=약간 신뢰한다 (Somewhat); 4=매우 신뢰한다 (A great deal),
y2022,q35_7,trust_public_enterprises,Ⅴ. Social Trust (사회적 신뢰),귀하는 다음 기관들이 맡은 일을 얼마나 잘 수행하고 있다고 믿습니까?,(7) 공기업,1=전혀 신뢰하지 않는다 (Not at all); 2=별로 신뢰하지 않는다 (Not much); 3=약간 신뢰한다 (Somewhat); 4=매우 신뢰한다 (A great deal),
y2023,q30_7,trust_public_enterprises,Ⅳ. Social Communication (사회적 소통),귀하는 다음 기관들이 맡은 일을 얼마나 잘 수행하고 있다고 믿습니까?,(7) 공기업,1=전혀 신뢰하지 않는다 (Not at all); 2=별로 신뢰하지 않는다 (Not much); 3=약간 신뢰한다 (Somewhat); 4=매우 신뢰한다 (A great deal),
y2024,q31_7,trust_public_enterprises,Ⅳ. Social Communication (사회적 소통),귀하는 다음 기관들이 맡은 일을 얼마나 잘 수행하고 있다고 믿습니까?,(7) 공기업,1=전혀 신뢰하지 않는다 (Not at all); 2=별로 신뢰하지 않는다 (Not much); 3=약간 신뢰한다 (Somewhat); 4=매우 신뢰한다 (A great deal),
y2011,T13_3,trust_religious,,,,1=전혀 신뢰하지 않는다 (Not at all); 2=별로 신뢰하지 않는다 (Not much); 3=약간 신뢰한다 (Somewhat); 4=매우 신뢰한다 (A great deal),No questionnaire file available for this year
y2013,q30_15,trust_religious,,귀하는 다음 기관들이 맡은 일을 얼마나 잘 수행하고 있다고 믿습니까? 기 관 전혀 청렴하지 않다 별로 청렴하지 않다 약간 청렴하다 매우 청렴하다 1 중앙정부 부처,,1=전혀 신뢰하지 않는다 (Not at all); 2=별로 신뢰하지 않는다 (Not much); 3=약간 신뢰한다 (Somewhat); 4=매우 신뢰한다 (A great deal),
y2014,q30_15,trust_religious,,귀하는 다음 기관들이 맡은 일을 얼마나 잘 수행하고 있다고 믿습니까? 기 관 전혀 청렴하지 않다 별로 청렴하지 않다 약간 청렴하다 매우 청렴하다 1 중앙정부 부처,,1=전혀 신뢰하지 않는다 (Not at all); 2=별로 신뢰하지 않는다 (Not much); 3=약간 신뢰한다 (Somewhat); 4=매우 신뢰한다 (A great deal),
y2015,q32_15,trust_religious,Ⅴ. Social Trust (사회적 신뢰),귀하는 다음 기관들이 맡은 일을 얼마나 잘 수행하고 있다고 믿습니까?,"(15) 종교계(교회, 성당, 사찰 등) ➀ ➁ ➂ ➃",1=전혀 신뢰하지 않는다 (Not at all); 2=별로 신뢰하지 않는다 (Not much); 3=약간 신뢰한다 (Somewhat); 4=매우 신뢰한다 (A great deal),
y2016,q33_16,trust_religious,Ⅴ. Social Trust (사회적 신뢰),귀하는 다음 기관들이 맡은 일을 얼마나 잘 수행하고 있다고 믿습니까?,(16) 종교기관 ➀ ➁ ➂ ➃,1=전혀 신뢰하지 않는다 (Not at all); 2=별로 신뢰하지 않는다 (Not much); 3=약간 신뢰한다 (Somewhat); 4=매우 신뢰한다 (A great deal),
y2017,q32_16,trust_religious,Ⅴ. Social Trust (사회적 신뢰),귀하는 다음 기관들이 맡은 일을 얼마나 잘 수행하고 있다고 믿습니까?,(16) 종교기관 ➀ ➁ ➂ ➃,1=전혀 신뢰하지 않는다 (Not at all); 2=별로 신뢰하지 않는다 (Not much); 3=약간 신뢰한다 (Somewhat); 4=매우 신뢰한다 (A great deal),
y2018,q35_16,trust_religious,Ⅴ. Social Trust (사회적 신뢰),귀하는 다음 기관들이 맡은 일을 얼마나 잘 수행하고 있다고 믿습니까?,(16) 종교기관 ➀ ➁ ➂ ➃,1=전혀 신뢰하지 않는다 (Not at all); 2=별로 신뢰하지 않는다 (Not much); 3=약간 신뢰한다 (Somewhat); 4=매우 신뢰한다 (A great deal),
y2019,q35_16,trust_religious,Ⅴ. Social Trust (사회적 신뢰),귀하는 다음 기관들이 맡은 일을 얼마나 잘 수행하고 있다고 믿습니까?,(16) 종교기관 ➀ ➁ ➂ ➃,1=전혀 신뢰하지 않는다 (Not at all); 2=별로 신뢰하지 않는다 (Not much); 3=약간 신뢰한다 (Somewhat); 4=매우 신뢰한다 (A great deal),
y2020,q33_16,trust_religious,Ⅴ. Social Trust (사회적 신뢰),귀하는 다음 기관들이 맡은 일을 얼마나 잘 수행하고 있다고 믿습니까?,(16) 종교기관,1=전혀 신뢰하지 않는다 (Not at all); 2=별로 신뢰하지 않는다 (Not much); 3=약간 신뢰한다 (Somewhat); 4=매우 신뢰한다 (A great deal),
y2021,q35_16,trust_religious,Ⅴ. Social Trust (사회적 신뢰),귀하는 다음 기관들이 맡은 일을 얼마나 잘 수행하고 있다고 믿습니까?,(16) 종교기관,1=전혀 신뢰하지 않는다 (Not at all); 2=별로 신뢰하지 않는다 (Not much); 3=약간 신뢰한다 (Somewhat); 4=매우 신뢰한다 (A great deal),
y2022,q35_16,trust_religious,Ⅴ. Social Trust (사회적 신뢰),귀하는 다음 기관들이 맡은 일을 얼마나 잘 수행하고 있다고 믿습니까?,(16) 종교기관,1=전혀 신뢰하지 않는다 (Not at all); 2=별로 신뢰하지 않는다 (Not much); 3=약간 신뢰한다 (Somewhat); 4=매우 신뢰한다 (A great deal),
y2023,q30_16,trust_religious,Ⅳ. Social Communication (사회적 소통),귀하는 다음 기관들이 맡은 일을 얼마나 잘 수행하고 있다고 믿습니까?,(16) 종교기관,1=전혀 신뢰하지 않는다 (Not at all); 2=별로 신뢰하지 않는다 (Not much); 3=약간 신뢰한다 (Somewhat); 4=매우 신뢰한다 (A great deal),
y2024,q31_16,trust_religious,Ⅳ. Social Communication (사회적 소통),귀하는 다음 기관들이 맡은 일을 얼마나 잘 수행하고 있다고 믿습니까?,(16) 종교기관,1=전혀 신뢰하지 않는다 (Not at all); 2=별로 신뢰하지 않는다 (Not much); 3=약간 신뢰한다 (Somewhat); 4=매우 신뢰한다 (A great deal),
y2013,q29_4,trust_strangers,,귀하는 다음 집단들에 대하여 얼마나 신뢰하고 있습니까? 기 관 전혀 믿지 않는다 별로 믿지 않는다 약간 믿는다 매우 믿는다 1 중앙정부 부처,,1=전혀 신뢰하지 않는다 (Not at all); 2=별로 신뢰하지 않는다 (Not much); 3=약간 신뢰한다 (Somewhat); 4=매우 신뢰한다 (A great deal),
y2014,q29_4,trust_strangers,,귀하는 다음 집단들에 대하여 얼마나 신뢰하고 있습니까? 기 관 전혀 믿지 않는다 별로 믿지 않는다 약간 믿는다 매우 믿는다 1 중앙정부 부처,,1=전혀 신뢰하지 않는다 (Not at all); 2=별로 신뢰하지 않는다 (Not much); 3=약간 신뢰한다 (Somewhat); 4=매우 신뢰한다 (A great deal),
y2015,q31_4,trust_strangers,Ⅴ. Social Trust (사회적 신뢰),귀하는 다음 집단들에 대하여 얼마나 신뢰하고 있습니까?,(4) 처음 만난 낯선 사람 ➀ ➁ ➂ ➃,1=전혀 신뢰하지 않는다 (Not at all); 2=별로 신뢰하지 않는다 (Not much); 3=약간 신뢰한다 (Somewhat); 4=매우 신뢰한다 (A great deal),
y2016,q32_4,trust_strangers,Ⅴ. Social Trust (사회적 신뢰),귀하는 다음 집단들에 대하여 얼마나 신뢰하고 있습니까?,(4) 처음 만난 낯선 사람 ➀ ➁ ➂ ➃,1=전혀 신뢰하지 않는다 (Not at all); 2=별로 신뢰하지 않는다 (Not much); 3=약간 신뢰한다 (Somewhat); 4=매우 신뢰한다 (A great deal),
y2017,q31_4,trust_strangers,Ⅴ. Social Trust (사회적 신뢰),귀하는 다음 집단들에 대하여 얼마나 신뢰하고 있습니까?,(4) 처음 만난 낯선 사람 ➀ ➁ ➂ ➃,1=전혀 신뢰하지 않는다 (Not at all); 2=별로 신뢰하지 않는다 (Not much); 3=약간 신뢰한다 (Somewhat); 4=매우 신뢰한다 (A great deal),
y2018,q34_4,trust_strangers,Ⅴ. Social Trust (사회적 신뢰),귀하는 다음 집단들에 대하여 얼마나 신뢰하고 있습니까?,(4) 처음 만난 낯선 사람 ➀ ➁ ➂ ➃,1=전혀 신뢰하지 않는다 (Not at all); 2=별로 신뢰하지 않는다 (Not much); 3=약간 신뢰한다 (Somewhat); 4=매우 신뢰한다 (A great deal),
y2019,q34_4,trust_strangers,Ⅴ. Social Trust (사회적 신뢰),귀하는 다음 집단들에 대하여 얼마나 신뢰하고 있습니까?,(4) ȸĀ 처음 만난 낯선 사람 ➀ ➁ ➂ ➃,1=전혀 신뢰하지 않는다 (Not at all); 2=별로 신뢰하지 않는다 (Not much); 3=약간 신뢰한다 (Somewhat); 4=매우 신뢰한다 (A great deal),
y2020,q32_4,trust_strangers,Ⅴ. Social Trust (사회적 신뢰),귀하는 다음 집단들에 대하여 얼마나 신뢰하고 있습니까?,(4) 처음 만난 낯선 사람,1=전혀 신뢰하지 않는다 (Not at all); 2=별로 신뢰하지 않는다 (Not much); 3=약간 신뢰한다 (Somewhat); 4=매우 신뢰한다 (A great deal),
y2021,q34_4,trust_strangers,Ⅴ. Social Trust (사회적 신뢰),귀하는 다음 집단들에 대하여 얼마나 신뢰하고 있습니까?,(4) 처음 만난 낯선 사람,1=전혀 신뢰하지 않는다 (Not at all); 2=별로 신뢰하지 않는다 (Not much); 3=약간 신뢰한다 (Somewhat); 4=매우 신뢰한다 (A great deal),
y2022,q34_4,trust_strangers,Ⅴ. Social Trust (사회적 신뢰),귀하는 다음 집단들에 대하여 얼마나 신뢰하고 있습니까?,(4) 처음 만난 낯선 사람,1=전혀 신뢰하지 않는다 (Not at all); 2=별로 신뢰하지 않는다 (Not much); 3=약간 신뢰한다 (Somewhat); 4=매우 신뢰한다 (A great deal),
y2023,q29_4,trust_strangers,Ⅳ. Social Communication (사회적 소통),귀하는 다음 집단들에 대하여 얼마나 신뢰하고 있습니까?,(4) 처음 만난 낯선 사람,1=전혀 신뢰하지 않는다 (Not at all); 2=별로 신뢰하지 않는다 (Not much); 3=약간 신뢰한다 (Somewhat); 4=매우 신뢰한다 (A great deal),
y2024,q29_4,trust_strangers,Ⅳ. Social Communication (사회적 소통),귀하는 다음 집단들에 대하여 얼마나 신뢰하고 있습니까?,(4) 처음 만난 낯선 사람,1=전혀 신뢰하지 않는다 (Not at all); 2=별로 신뢰하지 않는다 (Not much); 3=약간 신뢰한다 (Somewhat); 4=매우 신뢰한다 (A great deal),
y2013,q30_10,trust_tv,,귀하는 다음 기관들이 맡은 일을 얼마나 잘 수행하고 있다고 믿습니까? 기 관 전혀 청렴하지 않다 별로 청렴하지 않다 약간 청렴하다 매우 청렴하다 1 중앙정부 부처,,1=전혀 신뢰하지 않는다 (Not at all); 2=별로 신뢰하지 않는다 (Not much); 3=약간 신뢰한다 (Somewhat); 4=매우 신뢰한다 (A great deal),
y2014,q30_10,trust_tv,,귀하는 다음 기관들이 맡은 일을 얼마나 잘 수행하고 있다고 믿습니까? 기 관 전혀 청렴하지 않다 별로 청렴하지 않다 약간 청렴하다 매우 청렴하다 1 중앙정부 부처,,1=전혀 신뢰하지 않는다 (Not at all); 2=별로 신뢰하지 않는다 (Not much); 3=약간 신뢰한다 (Somewhat); 4=매우 신뢰한다 (A great deal),
y2015,q32_10,trust_tv,Ⅴ. Social Trust (사회적 신뢰),귀하는 다음 기관들이 맡은 일을 얼마나 잘 수행하고 있다고 믿습니까?,(10) TV방송사 ➀ ➁ ➂ ➃,1=전혀 신뢰하지 않는다 (Not at all); 2=별로 신뢰하지 않는다 (Not much); 3=약간 신뢰한다 (Somewhat); 4=매우 신뢰한다 (A great deal),
y2016,q33_11,trust_tv,Ⅴ. Social Trust (사회적 신뢰),귀하는 다음 기관들이 맡은 일을 얼마나 잘 수행하고 있다고 믿습니까?,(11) TV방송사 ➀ ➁ ➂ ➃,1=전혀 신뢰하지 않는다 (Not at all); 2=별로 신뢰하지 않는다 (Not much); 3=약간 신뢰한다 (Somewhat); 4=매우 신뢰한다 (A great deal),
y2017,q32_11,trust_tv,Ⅴ. Social Trust (사회적 신뢰),귀하는 다음 기관들이 맡은 일을 얼마나 잘 수행하고 있다고 믿습니까?,(11) TV방송사 ➀ ➁ ➂ ➃,1=전혀 신뢰하지 않는다 (Not at all); 2=별로 신뢰하지 않는다 (Not much); 3=약간 신뢰한다 (Somewhat); 4=매우 신뢰한다 (A great deal),
y2018,q35_11,trust_tv,Ⅴ. Social Trust (사회적 신뢰),귀하는 다음 기관들이 맡은 일을 얼마나 잘 수행하고 있다고 믿습니까?,(11) TV방송사 ➀ ➁ ➂ ➃,1=전혀 신뢰하지 않는다 (Not at all); 2=별로 신뢰하지 않는다 (Not much); 3=약간 신뢰한다 (Somewhat); 4=매우 신뢰한다 (A great deal),
y2019,q35_11,trust_tv,Ⅴ. Social Trust (사회적 신뢰),귀하는 다음 기관들이 맡은 일을 얼마나 잘 수행하고 있다고 믿습니까?,(11) TV방송사 ➀ ➁ ➂ ➃,1=전혀 신뢰하지 않는다 (Not at all); 2=별로 신뢰하지 않는다 (Not much); 3=약간 신뢰한다 (Somewhat); 4=매우 신뢰한다 (A great deal),
y2020,q33_11,trust_tv,Ⅴ. Social Trust (사회적 신뢰),귀하는 다음 기관들이 맡은 일을 얼마나 잘 수행하고 있다고 믿습니까?,(11) TV방송사,1=전혀 신뢰하지 않는다 (Not at all); 2=별로 신뢰하지 않는다 (Not much); 3=약간 신뢰한다 (Somewhat); 4=매우 신뢰한다 (A great deal),
y2021,q35_11,trust_tv,Ⅴ. Social Trust (사회적 신뢰),귀하는 다음 기관들이 맡은 일을 얼마나 잘 수행하고 있다고 믿습니까?,(11) TV방송사,1=전혀 신뢰하지 않는다 (Not at all); 2=별로 신뢰하지 않는다 (Not much); 3=약간 신뢰한다 (Somewhat); 4=매우 신뢰한다 (A great deal),
y2022,q35_11,trust_tv,Ⅴ. Social Trust (사회적 신뢰),귀하는 다음 기관들이 맡은 일을 얼마나 잘 수행하고 있다고 믿습니까?,(11) TV방송사,1=전혀 신뢰하지 않는다 (Not at all); 2=별로 신뢰하지 않는다 (Not much); 3=약간 신뢰한다 (Somewhat); 4=매우 신뢰한다 (A great deal),
y2023,q30_11,trust_tv,Ⅳ. Social Communication (사회적 소통),귀하는 다음 기관들이 맡은 일을 얼마나 잘 수행하고 있다고 믿습니까?,(11) TV방송사,1=전혀 신뢰하지 않는다 (Not at all); 2=별로 신뢰하지 않는다 (Not much); 3=약간 신뢰한다 (Somewhat); 4=매우 신뢰한다 (A great deal),
y2024,q31_11,trust_tv,Ⅳ. Social Communication (사회적 소통),귀하는 다음 기관들이 맡은 일을 얼마나 잘 수행하고 있다고 믿습니까?,(11) TV방송사,1=전혀 신뢰하지 않는다 (Not at all); 2=별로 신뢰하지 않는다 (Not much); 3=약간 신뢰한다 (Somewhat); 4=매우 신뢰한다 (A great deal),
y2013,q16_1,vote_importance,,귀하는 다음의 각 항목이 어느 정도 중요하다고 생각하십니까?,,1=전혀 중요하지 않다 (Not at all important); 4=보통 (Average); 7=매우 중요하다 (Very important),
y2014,q16_1,vote_importance,,귀하는 다음의 각 항목이 어느 정도 중요하다고 생각하십니까?,,1=전혀 중요하지 않다 (Not at all important); 4=보통 (Average); 7=매우 중요하다 (Very important),
y2015,q18_1,vote_importance,Ⅲ. Political Participation (정치 참여),귀하는 다음의 각 항목이 어느 정도 중요하다고 생각하십니까?,(1) 선거 시 반드시 투표에 참여한다 ➀ ➁ ➂ ➃ ➄ ➅ ➆,1=전혀 중요하지 않다 (Not at all important); 4=보통 (Average); 7=매우 중요하다 (Very important),
y2016,q18_1,vote_importance,Ⅲ. Political Participation (정치 참여),귀하는 다음의 각 항목이 어느 정도 중요하다고 생각하십니까?,(1) 선거 시 반드시 투표에 참여한다 ➀ ➁ ➂ ➃ ➄ ➅ ➆,1=전혀 중요하지 않다 (Not at all important); 4=보통 (Average); 7=매우 중요하다 (Very important),
y2017,q18_1,vote_importance,Ⅲ. Political Participation (정치 참여),귀하는 다음의 각 항목이 어느 정도 중요하다고 생각하십니까?,(1) 선거 시 반드시 투표에 참여한다 ➀ ➁ ➂ ➃ ➄ ➅ ➆,1=전혀 중요하지 않다 (Not at all important); 4=보통 (Average); 7=매우 중요하다 (Very important),
y2018,q20_1,vote_importance,Ⅲ. Political Participation (정치 참여),귀하는 다음의 각 항목이 어느 정도 중요하다고 생각하십니까?,(1) 선거 시 반드시 투표에 참여한다 ➀ ➁ ➂ ➃ ➄ ➅ ➆,1=전혀 중요하지 않다 (Not at all important); 4=보통 (Average); 7=매우 중요하다 (Very important),
y2019,q20_1,vote_importance,Ⅲ. Political Participation (정치 참여),귀하는 다음의 각 항목이 어느 정도 중요하다고 생각하십니까?,(1) ȸĀ 선거 시 반드시 투표에 참여한다 ➀ ➁ ➂ ➃ ➄ ➅ ➆,1=전혀 중요하지 않다 (Not at all important); 4=보통 (Average); 7=매우 중요하다 (Very important),
y2020,q18_1,vote_importance,Ⅲ. Political Participation (정치 참여),귀하는 다음의 각 항목이 어느 정도 중요하다고 생각하십니까?,(1) 선거 시 반드시 투표에 참여한다,1=전혀 중요하지 않다 (Not at all important); 4=보통 (Average); 7=매우 중요하다 (Very important),
y2021,q18_1,vote_importance,Ⅲ. Political Participation (정치 참여),귀하는 다음의 각 항목이 어느 정도 중요하다고 생각하십니까?,(1) 선거 시 반드시 투표에 참여한다,1=전혀 중요하지 않다 (Not at all important); 4=보통 (Average); 7=매우 중요하다 (Very important),
y2022,q18_1,vote_importance,Ⅲ. Political Participation (정치 참여),귀하는 다음의 각 항목이 어느 정도 중요하다고 생각하십니까?,(1) 선거 시 반드시 투표에 참여한다,1=전혀 중요하지 않다 (Not at all important); 4=보통 (Average); 7=매우 중요하다 (Very important),
y2023,q15_1,vote_importance,Ⅱ. Social Participation (사회 참여),귀하는 다음의 각 항목이 어느 정도 중요하다고 생각하십니까?,(1) 선거 시 반드시 투표에 참여한다,1=전혀 중요하지 않다 (Not at all important); 4=보통 (Average); 7=매우 중요하다 (Very important),
y2024,q15_1,vote_importance,Ⅱ. Social Participation (사회 참여),귀하는 다음의 각 항목이 어느 정도 중요하다고 생각하십니까?,(1) 선거 시 반드시 투표에 참여한다,1=전혀 중요하지 않다 (Not at all important); 4=보통 (Average); 7=매우 중요하다 (Very important),
y2013,q20,voted_assembly,,,귀하는 지난 2012년 4월에 있었던 제19대 국회의원 선거에서 투표에 참여하셨습니까? 1 참여했다 ͪĀ ׿Ā 2 참여하지 않았다,1=참여했다 (Voted); 2=참여하지 않았다 (Did not vote); 3=비해당/투표권 없었음 (Ineligible),
y2016,q23,voted_assembly,Ⅲ. Political Participation (정치 참여),,귀하는 지난 2016년 4월에 있었던 제20대 국회의원 선거에서 투표에 참여하셨습니까? ➀ ҼĀ 참여했다 ➁ 참여하지 않았다,1=참여했다 (Voted); 2=참여하지 않았다 (Did not vote); 3=비해당/투표권 없었음 (Ineligible),
y2017,q22,voted_assembly,Ⅲ. Political Participation (정치 참여),,귀하는 지난 2016년 4월에 있었던 제20대 국회의원 선거에서 투표에 참여하셨습니까? ➀ ҼĀ 참여했다 ➁ 참여하지 않았다,1=참여했다 (Voted); 2=참여하지 않았다 (Did not vote); 3=비해당/투표권 없었음 (Ineligible),
y2018,q25,voted_assembly,Ⅲ. Political Participation (정치 참여),,귀하는 지난 2016년 4월에 있었던 제20대 국회의원 선거에서 투표에 참여하셨습니까? ➀ ҼĀ 참여했다 ➁ 참여하지 않았다,1=참여했다 (Voted); 2=참여하지 않았다 (Did not vote); 3=비해당/투표권 없었음 (Ineligible),
y2019,q25,voted_assembly,Ⅲ. Political Participation (정치 참여),,귀하는 지난 2016년 4월에 있었던 제20대 국회의원 선거에서 투표에 참여하셨습니까? ➀ 참여했다 ➁ 참여하지 않았다,1=참여했다 (Voted); 2=참여하지 않았다 (Did not vote); 3=비해당/투표권 없었음 (Ineligible),
y2020,q21,voted_assembly,Ⅲ. Political Participation (정치 참여),,귀하는 올해 2020년 4월에 있었던 제21대 국회의원 선거에서 투표에 참여하셨습니까?,1=참여했다 (Voted); 2=참여하지 않았다 (Did not vote); 3=비해당/투표권 없었음 (Ineligible),
y2021,q22,voted_assembly,Ⅲ. Political Participation (정치 참여),,귀하는 지난 2020년 4월에 있었던 제21대 국회의원 선거에서 투표에 참여하셨습니까?,1=참여했다 (Voted); 2=참여하지 않았다 (Did not vote); 3=비해당/투표권 없었음 (Ineligible),
y2022,q24,voted_assembly,Ⅲ. Political Participation (정치 참여),,귀하는 지난 2020년 4월에 있었던 제21대 국회의원 선거에서 투표에 참여하셨습니까?,1=참여했다 (Voted); 2=참여하지 않았다 (Did not vote); 3=비해당/투표권 없었음 (Ineligible),
y2023,q19_3,voted_assembly,Ⅱ. Social Participation (사회 참여),귀하는 다음 선거에서 투표에 참여하셨습니까?,(3) 2020년 4월 제21대 국회의원 선거,1=참여했다 (Voted); 2=참여하지 않았다 (Did not vote); 3=비해당/투표권 없었음 (Ineligible),
y2024,q19_1,voted_assembly,Ⅱ. Social Participation (사회 참여),귀하는 다음 선거에서 투표에 참여하셨습니까?,(1) 2024년 4월 제22대 국회의원 선거,1=참여했다 (Voted); 2=참여하지 않았다 (Did not vote); 3=비해당/투표권 없었음 (Ineligible),
y2014,q20,voted_local,,,"귀하는 지난 2014년 6월에 있었던 제6회 전국동시지방선거(지방자치단체장, 지방의회의원, 교육감 선출)에서 투표에 참여하셨습니까?",1=참여했다 (Voted); 2=참여하지 않았다 (Did not vote); 3=비해당/투표권 없었음 (Ineligible),
y2015,q22,voted_local,Ⅲ. Political Participation (정치 참여),,"귀하는 지난 2014년 6월에 있었던 제6회 전국동시지방선거(지방자치단체장, 지방의회의원, 교육감 선출)에서 투표에 참여하셨습니까? ➀ ҼĀ 참여했다 ➁ 참여하지 않았다",1=참여했다 (Voted); 2=참여하지 않았다 (Did not vote); 3=비해당/투표권 없었음 (Ineligible),
y2016,q22,voted_local,Ⅲ. Political Participation (정치 참여),,"귀하는 지난 2014년 6월에 있었던 제6회 전국동시지방선거(지방자치단체장, 지방의회의원, 교육감 선출)에서 투표에 참여하셨습니까? ➀ ҼĀ 참여했다 ➁ 참여하지 않았다",1=참여했다 (Voted); 2=참여하지 않았다 (Did not vote); 3=비해당/투표권 없었음 (Ineligible),
y2018,q23,voted_local,Ⅲ. Political Participation (정치 참여),,귀하는 올해 2018년 6월에 있었던 제7회 전국동시지방 선거에서 투표에 참여하셨습니까? ➀ ҼĀ 참여했다 ➁ 참여하지 않았다,1=참여했다 (Voted); 2=참여하지 않았다 (Did not vote); 3=비해당/투표권 없었음 (Ineligible),
y2019,q23,voted_local,Ⅲ. Political Participation (정치 참여),,귀하는 지난 2018년 6월에 있었던 제7회 전국동시지방 선거에서 투표에 참여하셨습니까? ➀ 참여했다 ➁ 참여하지 않았다,1=참여했다 (Voted); 2=참여하지 않았다 (Did not vote); 3=비해당/투표권 없었음 (Ineligible),
y2020,q22,voted_local,Ⅲ. Political Participation (정치 참여),,귀하는 지난 2018년 6월에 있었던 제7회 전국동시지방 선거에서 투표에 참여하셨습니까?,1=참여했다 (Voted); 2=참여하지 않았다 (Did not vote); 3=비해당/투표권 없었음 (Ineligible),
y2021,q23,voted_local,Ⅲ. Political Participation (정치 참여),,귀하는 지난 2018년 6월에 있었던 제7회 전국동시지방 선거에서 투표에 참여하셨습니까?,1=참여했다 (Voted); 2=참여하지 않았다 (Did not vote); 3=비해당/투표권 없었음 (Ineligible),
y2022,q22,voted_local,Ⅲ. Political Participation (정치 참여),,귀하는 올해 2022년 6월에 있었던 제8회 전국동시지방 선거에서 투표에 참여하셨습니까?,1=참여했다 (Voted); 2=참여하지 않았다 (Did not vote); 3=비해당/투표권 없었음 (Ineligible),
y2023,q19_1,voted_local,Ⅱ. Social Participation (사회 참여),귀하는 다음 선거에서 투표에 참여하셨습니까?,(1) 2022년 6월 제8회 전국동시지방 선거,1=참여했다 (Voted); 2=참여하지 않았다 (Did not vote); 3=비해당/투표권 없었음 (Ineligible),
y2024,q19_2,voted_local,Ⅱ. Social Participation (사회 참여),귀하는 다음 선거에서 투표에 참여하셨습니까?,(2) 2022년 6월 제8회 전국동시지방 선거,1=참여했다 (Voted); 2=참여하지 않았다 (Did not vote); 3=비해당/투표권 없었음 (Ineligible),
y2013,q19,voted_presidential,,,귀하는 지난 2012년 12월에 있었던 제18대 대통령 선거에서 투표에 참여하셨습니까? 1 참여했다 ͶĀ ׿Ā 2 참여하지 않았다,1=참여했다 (Voted); 2=참여하지 않았다 (Did not vote); 3=비해당/투표권 없었음 (Ineligible),
y2014,q19,voted_presidential,,,귀하는 지난 2012년 12월에 있었던 제18대 대통령 선거에서 투표에 참여하셨습니까? 1 참여했다 2 참여하지 않았다,1=참여했다 (Voted); 2=참여하지 않았다 (Did not vote); 3=비해당/투표권 없었음 (Ineligible),
y2015,q21,voted_presidential,Ⅲ. Political Participation (정치 참여),,귀하는 지난 2012년 12월에 있었던 제18대 대통령 선거에서 투표에 참여하셨습니까? ➀ ҼĀ 참여했다 ➁ 참여하지 않았다,1=참여했다 (Voted); 2=참여하지 않았다 (Did not vote); 3=비해당/투표권 없었음 (Ineligible),
y2016,q21,voted_presidential,Ⅲ. Political Participation (정치 참여),,귀하는 지난 2012년 12월에 있었던 제18대 대통령 선거에서 투표에 참여하셨습니까? ➀ ҼĀ 참여했다 ➁ 참여하지 않았다,1=참여했다 (Voted); 2=참여하지 않았다 (Did not vote); 3=비해당/투표권 없었음 (Ineligible),
y2017,q21,voted_presidential,Ⅲ. Political Participation (정치 참여),,귀하는 올해 2017년 5월에 있었던 제19대 대통령 선거에서 투표에 참여하셨습니까? ➀ ҼĀ 참여했다 ➁ 참여하지 않았다,1=참여했다 (Voted); 2=참여하지 않았다 (Did not vote); 3=비해당/투표권 없었음 (Ineligible),
y2018,q24,voted_presidential,Ⅲ. Political Participation (정치 참여),,귀하는 지난 2017년 5월에 있었던 제19대 대통령 선거에서 투표에 참여하셨습니까? ➀ ҼĀ 참여했다 ➁ 참여하지 않았다,1=참여했다 (Voted); 2=참여하지 않았다 (Did not vote); 3=비해당/투표권 없었음 (Ineligible),
y2019,q24,voted_presidential,Ⅲ. Political Participation (정치 참여),,귀하는 지난 2017년 5월에 있었던 제19대 대통령 선거에서 투표에 참여하셨습니까? ➀ 참여했다 ➁ 참여하지 않았다,1=참여했다 (Voted); 2=참여하지 않았다 (Did not vote); 3=비해당/투표권 없었음 (Ineligible),
y2020,q23,voted_presidential,Ⅲ. Political Participation (정치 참여),,귀하는 지난 2017년 5월에 있었던 제19대 대통령 선거에서 투표에 참여하셨습니까?,1=참여했다 (Voted); 2=참여하지 않았다 (Did not vote); 3=비해당/투표권 없었음 (Ineligible),
y2021,q24,voted_presidential,Ⅲ. Political Participation (정치 참여),,귀하는 지난 2017년 5월에 있었던 제19대 대통령 선거에서 투표에 참여하셨습니까?,1=참여했다 (Voted); 2=참여하지 않았다 (Did not vote); 3=비해당/투표권 없었음 (Ineligible),
y2022,q23,voted_presidential,Ⅲ. Political Participation (정치 참여),,귀하는 올해 2022년 3월에 있었던 제20대 대통령 선거에서 투표에 참여하셨습니까?,1=참여했다 (Voted); 2=참여하지 않았다 (Did not vote); 3=비해당/투표권 없었음 (Ineligible),
y2023,q19_2,voted_presidential,Ⅱ. Social Participation (사회 참여),귀하는 다음 선거에서 투표에 참여하셨습니까?,(2) 2022년 3월 제20대 대통령 선거,1=참여했다 (Voted); 2=참여하지 않았다 (Did not vote); 3=비해당/투표권 없었음 (Ineligible),
y2024,q19_3,voted_presidential,Ⅱ. Social Participation (사회 참여),귀하는 다음 선거에서 투표에 참여하셨습니까?,(3) 2022년 3월 제20대 대통령 선거,1=참여했다 (Voted); 2=참여하지 않았다 (Did not vote); 3=비해당/투표권 없었음 (Ineligible),
y2018,wt2,weight,Administrative / Sampling,,,,"Administrative variable (wt2), not a survey question"
y2019,wt2,weight,Administrative / Sampling,,,,"Administrative variable (wt2), not a survey question"
y2020,wt2,weight,Administrative / Sampling,,,,"Administrative variable (wt2), not a survey question"
y2021,wt2,weight,Administrative / Sampling,,,,"Administrative variable (wt2), not a survey question"
y2022,wt2,weight,Administrative / Sampling,,,,"Administrative variable (wt2), not a survey question"
y2023,wt2,weight,Administrative / Sampling,,,,"Administrative variable (wt2), not a survey question"
y2024,wt2,weight,Administrative / Sampling,,,,"Administrative variable (wt2), not a survey question"
