wave,question_id,harmonized_name,section,stem_text,item_text,response_scale,notes
w1,,access_childcare,,,,"1=Very difficult, 2=Difficult, 3=Easy, 4=Very easy",Not included in this wave
w2,,access_childcare,,,,"1=Very difficult, 2=Difficult, 3=Easy, 4=Very easy",Not included in this wave
w3,,access_childcare,,,,"1=Very difficult, 2=Difficult, 3=Easy, 4=Very easy",Not included in this wave
w4,,access_childcare,,,,"1=Very difficult, 2=Difficult, 3=Easy, 4=Very easy",Not included in this wave
w5,,access_childcare,,,,"1=Very difficult, 2=Difficult, 3=Easy, 4=Very easy",Not included in this wave
w6,q45,access_childcare,E. ACCESS TO PUBLIC SERVICE,"As far as you know, how easy or difficult is it to obtain the following services? Very Not d the Can’t Decline Very Easy Easy Difficult Difficult applicable question choose to answer",Childcare,"1=Very difficult, 2=Difficult, 3=Easy, 4=Very easy",
w1,,access_healthcare,,,,"1=Very difficult, 2=Difficult, 3=Easy, 4=Very easy",Not included in this wave
w2,q46,access_healthcare,F.	ACCESS TO PUBLIC SERVICE,"Based on your experience, how easy or difficult is it to obtain the following services? Or have you never tried to get these services from government? Very Never Can’t Decline Very Easy Easy Difficult Difficult Tried choose to answer",Medical treatment at a nearby clinic,"1=Very difficult, 2=Difficult, 3=Easy, 4=Very easy",
w3,q40,access_healthcare,E.  ACCESS TO PUBLIC SERVICE,"Based on your experience, how easy or difficult is it to obtain the following services? Or have you never tried to get these services from government? Very Easy Easy Difficult Very",Medical treatment at a nearby clinic,"1=Very difficult, 2=Difficult, 3=Easy, 4=Very easy",
w4,q41,access_healthcare,E. ACCESS TO PUBLIC SERVICE,"Based on your experience, how easy or difficult is it to obtain the following services? Or have you never tried to get these services from government? Very Never Can’t Decline Very Easy Easy Difficult Difficult Tried choose to answer",Medical treatment at a nearby clinic,"1=Very difficult, 2=Difficult, 3=Easy, 4=Very easy",
w5,q42,access_healthcare,E. ACCESS TO PUBLIC SERVICE,"As far as you know, how easy or difficult is it to obtain the following services? Very Not d the Can’t Decline Very Easy Easy Difficult Difficult applicable question choose to answer",Healthcare,"1=Very difficult, 2=Difficult, 3=Easy, 4=Very easy",
w6,q42,access_healthcare,E. ACCESS TO PUBLIC SERVICE,"As far as you know, how easy or difficult is it to obtain the following services? Very Not d the Can’t Decline Very Easy Easy Difficult Difficult applicable question choose to answer",Healthcare [GBS],"1=Very difficult, 2=Difficult, 3=Easy, 4=Very easy",
w1,,access_identity_document,,,,"1=Very difficult, 2=Difficult, 3=Easy, 4=Very easy",Not included in this wave
w2,,access_identity_document,,,,"1=Very difficult, 2=Difficult, 3=Easy, 4=Very easy",Not included in this wave
w3,,access_identity_document,,,,"1=Very difficult, 2=Difficult, 3=Easy, 4=Very easy",Not included in this wave
w4,q39,access_identity_document,E. ACCESS TO PUBLIC SERVICE,"Based on your experience, how easy or difficult is it to obtain the following services? Or have you never tried to get these services from government? Very Never Can’t Decline Very Easy Easy Difficult Difficult Tried choose to answer",An identity document (such as a birth certificate or passport【) GBS】,"1=Very difficult, 2=Difficult, 3=Easy, 4=Very easy",
w5,,access_identity_document,,,,"1=Very difficult, 2=Difficult, 3=Easy, 4=Very easy",Not included in this wave
w6,,access_identity_document,,,,"1=Very difficult, 2=Difficult, 3=Easy, 4=Very easy",Not included in this wave
w1,,access_internet,,,,"1=Very difficult, 2=Difficult, 3=Easy, 4=Very easy",Not included in this wave
w2,,access_internet,,,,"1=Very difficult, 2=Difficult, 3=Easy, 4=Very easy",Not included in this wave
w3,,access_internet,,,,"1=Very difficult, 2=Difficult, 3=Easy, 4=Very easy",Not included in this wave
w4,,access_internet,,,,"1=Very difficult, 2=Difficult, 3=Easy, 4=Very easy",Not included in this wave
w5,q44,access_internet,E. ACCESS TO PUBLIC SERVICE,"As far as you know, how easy or difficult is it to obtain the following services? Very Not d the Can’t Decline Very Easy Easy Difficult Difficult applicable question choose to answer",Access to the Internet,"1=Very difficult, 2=Difficult, 3=Easy, 4=Very easy",
w6,q44,access_internet,E. ACCESS TO PUBLIC SERVICE,"As far as you know, how easy or difficult is it to obtain the following services? Very Not d the Can’t Decline Very Easy Easy Difficult Difficult applicable question choose to answer",The Internet [GBS],"1=Very difficult, 2=Difficult, 3=Easy, 4=Very easy",
w1,,access_police,,,,"1=Very difficult, 2=Difficult, 3=Easy, 4=Very easy",Not included in this wave
w2,q47,access_police,F.	ACCESS TO PUBLIC SERVICE,"Based on your experience, how easy or difficult is it to obtain the following services? Or have you never tried to get these services from government? Very Never Can’t Decline Very Easy Easy Difficult Difficult Tried choose to answer",Help from the police when you need it,"1=Very difficult, 2=Difficult, 3=Easy, 4=Very easy",
w3,q41,access_police,E.  ACCESS TO PUBLIC SERVICE,"Based on your experience, how easy or difficult is it to obtain the following services? Or have you never tried to get these services from government? Very Easy Easy Difficult Very",Help from the police when you need it,"1=Very difficult, 2=Difficult, 3=Easy, 4=Very easy",
w4,q42,access_police,E. ACCESS TO PUBLIC SERVICE,"Based on your experience, how easy or difficult is it to obtain the following services? Or have you never tried to get these services from government? Very Never Can’t Decline Very Easy Easy Difficult Difficult Tried choose to answer",Help from the police when you need it,"1=Very difficult, 2=Difficult, 3=Easy, 4=Very easy",
w5,q43,access_police,E. ACCESS TO PUBLIC SERVICE,"As far as you know, how easy or difficult is it to obtain the following services? Very Not d the Can’t Decline Very Easy Easy Difficult Difficult applicable question choose to answer",Help from the police when you need it,"1=Very difficult, 2=Difficult, 3=Easy, 4=Very easy",
w6,q43,access_police,E. ACCESS TO PUBLIC SERVICE,"As far as you know, how easy or difficult is it to obtain the following services? Very Not d the Can’t Decline Very Easy Easy Difficult Difficult applicable question choose to answer",Help from the police when you need it [GBS],"1=Very difficult, 2=Difficult, 3=Easy, 4=Very easy",
w1,,access_public_school,,,,"1=Very difficult, 2=Difficult, 3=Easy, 4=Very easy",Not included in this wave
w2,,access_public_school,,,,"1=Very difficult, 2=Difficult, 3=Easy, 4=Very easy",Not included in this wave
w3,,access_public_school,,,,"1=Very difficult, 2=Difficult, 3=Easy, 4=Very easy",Not included in this wave
w4,q40,access_public_school,E. ACCESS TO PUBLIC SERVICE,"Based on your experience, how easy or difficult is it to obtain the following services? Or have you never tried to get these services from government? Very Never Can’t Decline Very Easy Easy Difficult Difficult Tried choose to answer",A place in a public primary school for a child,"1=Very difficult, 2=Difficult, 3=Easy, 4=Very easy",
w5,,access_public_school,,,,"1=Very difficult, 2=Difficult, 3=Easy, 4=Very easy",Not included in this wave
w6,,access_public_school,,,,"1=Very difficult, 2=Difficult, 3=Easy, 4=Very easy",Not included in this wave
w1,,access_roads,,,,"1=Very difficult, 2=Difficult, 3=Easy, 4=Very easy",Not included in this wave
w2,,access_roads,,,,"1=Very difficult, 2=Difficult, 3=Easy, 4=Very easy",Not included in this wave
w3,,access_roads,,,,"1=Very difficult, 2=Difficult, 3=Easy, 4=Very easy",Not included in this wave
w4,,access_roads,,,,"1=Very difficult, 2=Difficult, 3=Easy, 4=Very easy",Not included in this wave
w5,q39,access_roads,E. ACCESS TO PUBLIC SERVICE,"As far as you know, how easy or difficult is it to obtain the following services? Very Not d the Can’t Decline Very Easy Easy Difficult Difficult applicable question choose to answer",Roads in good condition,"1=Very difficult, 2=Difficult, 3=Easy, 4=Very easy",
w6,q39,access_roads,E. ACCESS TO PUBLIC SERVICE,"As far as you know, how easy or difficult is it to obtain the following services? Very Not d the Can’t Decline Very Easy Easy Difficult Difficult applicable question choose to answer",Roads in good condition,"1=Very difficult, 2=Difficult, 3=Easy, 4=Very easy",
w1,,access_transport,,,,"1=Very difficult, 2=Difficult, 3=Easy, 4=Very easy",Not included in this wave
w2,,access_transport,,,,"1=Very difficult, 2=Difficult, 3=Easy, 4=Very easy",Not included in this wave
w3,,access_transport,,,,"1=Very difficult, 2=Difficult, 3=Easy, 4=Very easy",Not included in this wave
w4,,access_transport,,,,"1=Very difficult, 2=Difficult, 3=Easy, 4=Very easy",Not included in this wave
w5,q41,access_transport,E. ACCESS TO PUBLIC SERVICE,"As far as you know, how easy or difficult is it to obtain the following services? Very Not d the Can’t Decline Very Easy Easy Difficult Difficult applicable question choose to answer",Public transportation,"1=Very difficult, 2=Difficult, 3=Easy, 4=Very easy",
w6,q41,access_transport,E. ACCESS TO PUBLIC SERVICE,"As far as you know, how easy or difficult is it to obtain the following services? Very Not d the Can’t Decline Very Easy Easy Difficult Difficult applicable question choose to answer",Public transportation,"1=Very difficult, 2=Difficult, 3=Easy, 4=Very easy",
w1,,access_water,,,,"1=Very difficult, 2=Difficult, 3=Easy, 4=Very easy",Not included in this wave
w2,,access_water,,,,"1=Very difficult, 2=Difficult, 3=Easy, 4=Very easy",Not included in this wave
w3,,access_water,,,,"1=Very difficult, 2=Difficult, 3=Easy, 4=Very easy",Not included in this wave
w4,,access_water,,,,"1=Very difficult, 2=Difficult, 3=Easy, 4=Very easy",Not included in this wave
w5,q40,access_water,E. ACCESS TO PUBLIC SERVICE,"As far as you know, how easy or difficult is it to obtain the following services? Very Not d the Can’t Decline Very Easy Easy Difficult Difficult applicable question choose to answer",Running water,"1=Very difficult, 2=Difficult, 3=Easy, 4=Very easy",
w6,q40,access_water,E. ACCESS TO PUBLIC SERVICE,"As far as you know, how easy or difficult is it to obtain the following services? Very Not d the Can’t Decline Very Easy Easy Difficult Difficult applicable question choose to answer",Running water,"1=Very difficult, 2=Difficult, 3=Easy, 4=Very easy",
w1,q073,action_contact_civil_servant,J.	POLITICAL PARTICIPATION,"In the past three (3) years, have you never, once, or more than once done the following because of personal, family, or neighborhood problems, or problems with government officials and policies? Once More than once Never Done",Contacted government (administrative) official.,"1=Would never do, 2=Have not done, but might, 3=Have done once, 4=Have done 2-3 times, 5=Have done >3 times",
w2,q79,action_contact_civil_servant,L.	POLITICAL PARTICIPATION,"In the past three (3) years, have you never, once, or more than once done the following because of personal, family, or neighborhood problems, or problems with government officials and policies? Once More than once Never Done",Contacted government (administrative) official.,"1=Would never do, 2=Have not done, but might, 3=Have done once, 4=Have done 2-3 times, 5=Have done >3 times",
w3,q65,action_contact_civil_servant,I.  POLITICAL PARTICIPATION,"In the past three (3) years, have you never, once, or more than once done the following because of personal, family, or neighborhood problems, or problems with government officials and policies? Once More than once Never Done",Contacted officials at higher level.,"1=Would never do, 2=Have not done, but might, 3=Have done once, 4=Have done 2-3 times, 5=Have done >3 times",
w4,q70,action_contact_civil_servant,J. POLITICAL PARTICIPATION,"In the past three (3) years, have you never, once, or more than once done the following because of personal, family, or neighborhood problems, or problems with government officials and policies?","Contacted officials at I have done this more than once .......................... …………………………………………………………1 higher level. I have done this once ............................................ …………………………………………………………2 I have not done this, but I might do it if something important happens in the future……………………3 I have not done this and I would not do it regardless of the situation…………………………………….4","1=Would never do, 2=Have not done, but might, 3=Have done once, 4=Have done 2-3 times, 5=Have done >3 times",
w5,q71,action_contact_civil_servant,J. POLITICAL PARTICIPATION,"In the past three (3) years, have you done the following because of personal, family, or neighborhood problems, or problems with government officials and policies?","Contacted civil servants or officials I have done this more than three times ................ ……………………………………….1 I have done this once ........................................... ……………………………………….3 I have not done this, but I might do it if something important happens in the future….4 I have not done this and I would not do it regardless of the situation…………………..5","1=Would never do, 2=Have not done, but might, 3=Have done once, 4=Have done 2-3 times, 5=Have done >3 times",
w6,q69,action_contact_civil_servant,J. POLITICAL PARTICIPATION,"In the past three (3) years, have you done the following because of personal, family, or neighborhood problems, or problems with government officials and policies?","Contacted civil servants or officials I have done this more than three times ................ ……………………………………….1 I have done this once ........................................... ……………………………………….3 I have not done this, but I might do it if something important happens in the future….4 I have not done this and I would not do it regardless of the situation…………………..5","1=Would never do, 2=Have not done, but might, 3=Have done once, 4=Have done 2-3 times, 5=Have done >3 times",
w1,q075,action_contact_elected,J.	POLITICAL PARTICIPATION,"In the past three (3) years, have you never, once, or more than once done the following because of personal, family, or neighborhood problems, or problems with government officials and policies? Once More than once Never Done",Contacted elected legislative representatives at any level.,"1=Would never do, 2=Have not done, but might, 3=Have done once, 4=Have done 2-3 times, 5=Have done >3 times",
w2,q81,action_contact_elected,L.	POLITICAL PARTICIPATION,"In the past three (3) years, have you never, once, or more than once done the following because of personal, family, or neighborhood problems, or problems with government officials and policies? Once More than once Never Done",Contacted elected officials or legislative representatives at any level.,"1=Would never do, 2=Have not done, but might, 3=Have done once, 4=Have done 2-3 times, 5=Have done >3 times",
w3,q64,action_contact_elected,I.  POLITICAL PARTICIPATION,"In the past three (3) years, have you never, once, or more than once done the following because of personal, family, or neighborhood problems, or problems with government officials and policies? Once More than once Never Done",Contacted elected officials or legislative representatives at any level.,"1=Would never do, 2=Have not done, but might, 3=Have done once, 4=Have done 2-3 times, 5=Have done >3 times",
w4,q69,action_contact_elected,J. POLITICAL PARTICIPATION,"In the past three (3) years, have you never, once, or more than once done the following because of personal, family, or neighborhood problems, or problems with government officials and policies?","Contacted elected I have done this more than once .......................... …………………………………………………………1 officials or legislative I have done this once ............................................ …………………………………………………………2 representatives at any I have not done this, but I might do it if something important happens in the future……………………3 level. I have not done this and I would not do it regardless of the situation…………………………………….4","1=Would never do, 2=Have not done, but might, 3=Have done once, 4=Have done 2-3 times, 5=Have done >3 times",
w5,q70,action_contact_elected,J. POLITICAL PARTICIPATION,"In the past three (3) years, have you done the following because of personal, family, or neighborhood problems, or problems with government officials and policies?","Contacted elected officials or legislative I have done this more than three times ................ ……………………………………….1 representatives at any level. I have done this two or three times....................... ……………………………………….2 I have not done this, but I might do it if something important happens in the future….4 I have not done this and I would not do it regardless of the situation…………………..5","1=Would never do, 2=Have not done, but might, 3=Have done once, 4=Have done 2-3 times, 5=Have done >3 times",
w6,q68,action_contact_elected,J. POLITICAL PARTICIPATION,"In the past three (3) years, have you done the following because of personal, family, or neighborhood problems, or problems with government officials and policies?","Contacted elected officials or I have done this more than three times ................ ……………………………………….1 representatives at any level. I have done this two or three times ....................... ……………………………………….2 I have not done this, but I might do it if something important happens in the future….4 I have not done this and I would not do it regardless of the situation…………………..5","1=Would never do, 2=Have not done, but might, 3=Have done once, 4=Have done 2-3 times, 5=Have done >3 times",
w1,,action_contact_elected_w4,,,,"1=Never, 2=Once, 3=Twice, 4=Several times",Not included in this wave
w2,,action_contact_elected_w4,,,,"1=Never, 2=Once, 3=Twice, 4=Several times",Not included in this wave
w3,,action_contact_elected_w4,,,,"1=Never, 2=Once, 3=Twice, 4=Several times",Not included in this wave
w4,q69a,action_contact_elected_w4,,,"In the past three years, have you contacted elected officials or legislative representatives?","1=Never, 2=Once, 3=Twice, 4=Several times",Sub-item/derived variable (not a standalone question)
w5,,action_contact_elected_w4,,,,"1=Never, 2=Once, 3=Twice, 4=Several times",Not included in this wave
w6,,action_contact_elected_w4,,,,"1=Never, 2=Once, 3=Twice, 4=Several times",Not included in this wave
w1,q074,action_contact_higher_w1,J.	POLITICAL PARTICIPATION,,Contacted officials at higher level.,"1=Once, 2=More than once, 9=Never done",
w2,,action_contact_higher_w1,,,,"1=Once, 2=More than once, 9=Never done",Not included in this wave
w3,,action_contact_higher_w1,,,,"1=Once, 2=More than once, 9=Never done",Not included in this wave
w4,,action_contact_higher_w1,,,,"1=Once, 2=More than once, 9=Never done",Not included in this wave
w5,,action_contact_higher_w1,,,,"1=Once, 2=More than once, 9=Never done",Not included in this wave
w6,,action_contact_higher_w1,,,,"1=Once, 2=More than once, 9=Never done",Not included in this wave
w1,,action_contact_higher_w4,,,,"1=Never, 2=Once, 3=Twice, 4=Several times",Not included in this wave
w2,,action_contact_higher_w4,,,,"1=Never, 2=Once, 3=Twice, 4=Several times",Not included in this wave
w3,,action_contact_higher_w4,,,,"1=Never, 2=Once, 3=Twice, 4=Several times",Not included in this wave
w4,q70a,action_contact_higher_w4,,,"In the past three years, have you contacted officials at higher levels?","1=Never, 2=Once, 3=Twice, 4=Several times",Sub-item/derived variable (not a standalone question)
w5,,action_contact_higher_w4,,,,"1=Never, 2=Once, 3=Twice, 4=Several times",Not included in this wave
w6,,action_contact_higher_w4,,,,"1=Never, 2=Once, 3=Twice, 4=Several times",Not included in this wave
w1,,action_contact_influential,,,,"1=Would never do, 2=Have not done, but might, 3=Have done once, 4=Have done 2-3 times, 5=Have done >3 times",Not included in this wave
w2,q84,action_contact_influential,L.	POLITICAL PARTICIPATION,"In the past three (3) years, have you never, once, or more than once done the following because of personal, family, or neighborhood problems, or problems with government officials and policies? Once More than once Never Done",Contacted traditional leaders/community leaders.,"1=Would never do, 2=Have not done, but might, 3=Have done once, 4=Have done 2-3 times, 5=Have done >3 times",
w3,q66,action_contact_influential,I.  POLITICAL PARTICIPATION,"In the past three (3) years, have you never, once, or more than once done the following because of personal, family, or neighborhood problems, or problems with government officials and policies? Once More than once Never Done",Contacted traditional leaders/community leaders.,"1=Would never do, 2=Have not done, but might, 3=Have done once, 4=Have done 2-3 times, 5=Have done >3 times",
w4,q71,action_contact_influential,J. POLITICAL PARTICIPATION,"In the past three (3) years, have you never, once, or more than once done the following because of personal, family, or neighborhood problems, or problems with government officials and policies?","Contacted traditional I have done this more than once .......................... …………………………………………………………1 leaders/community I have done this once ............................................ …………………………………………………………2 leaders. I have not done this, but I might do it if something important happens in the future……………………3 I have not done this and I would not do it regardless of the situation…………………………………….4","1=Would never do, 2=Have not done, but might, 3=Have done once, 4=Have done 2-3 times, 5=Have done >3 times",
w5,q72,action_contact_influential,J. POLITICAL PARTICIPATION,"In the past three (3) years, have you done the following because of personal, family, or neighborhood problems, or problems with government officials and policies?","Contacted other influential people outside I have done this more than three times ................ ……………………………………….1 leaders/community leaders. I have done this once ........................................... ……………………………………….3 (SHOWCARD I have not done this, but I might do it if something important happens in the future….4 I have not done this and I would not do it regardless of the situation…………………..5","1=Would never do, 2=Have not done, but might, 3=Have done once, 4=Have done 2-3 times, 5=Have done >3 times",
w6,q70,action_contact_influential,J. POLITICAL PARTICIPATION,"In the past three (3) years, have you done the following because of personal, family, or neighborhood problems, or problems with government officials and policies?","Contacted other influential people I have done this more than three times ................ ……………………………………….1 outside the government, such as I have done this two or three times ....................... ……………………………………….2 traditional leaders/community leaders. I have done this once ........................................... ……………………………………….3 (SHOWCARD I have not done this, but I might do it if something important happens in the future….4 I have not done this and I would not do it regardless of the situation…………………..5","1=Would never do, 2=Have not done, but might, 3=Have done once, 4=Have done 2-3 times, 5=Have done >3 times",
w1,,action_contact_influential_3cat,,,,"1=Never, 2=Once, 3=More than once",Not included in this wave
w2,,action_contact_influential_3cat,,,,"1=Never, 2=Once, 3=More than once",Not included in this wave
w3,,action_contact_influential_3cat,,,,"1=Never, 2=Once, 3=More than once",Not included in this wave
w4,q72,action_contact_influential_3cat,J. POLITICAL PARTICIPATION,"In the past three (3) years, have you never, once, or more than once done the following because of personal, family, or neighborhood problems, or problems with government officials and policies?",Contacted other I have done this more than once .......................... …………………………………………………………1 influential people outside I have done this once ............................................ …………………………………………………………2 I have not done this and I would not do it regardless of the situation…………………………………….4,"1=Never, 2=Once, 3=More than once",
w5,,action_contact_influential_3cat,,,,"1=Never, 2=Once, 3=More than once",Not included in this wave
w6,,action_contact_influential_3cat,,,,"1=Never, 2=Once, 3=More than once",Not included in this wave
w1,,action_contact_influential_w4,,,,"1=Never, 2=Once, 3=Twice, 4=Several times",Not included in this wave
w2,,action_contact_influential_w4,,,,"1=Never, 2=Once, 3=Twice, 4=Several times",Not included in this wave
w3,,action_contact_influential_w4,,,,"1=Never, 2=Once, 3=Twice, 4=Several times",Not included in this wave
w4,q72a,action_contact_influential_w4,,,"In the past three years, have you contacted other influential people outside the government?","1=Never, 2=Once, 3=Twice, 4=Several times",Sub-item/derived variable (not a standalone question)
w5,,action_contact_influential_w4,,,,"1=Never, 2=Once, 3=Twice, 4=Several times",Not included in this wave
w6,,action_contact_influential_w4,,,,"1=Never, 2=Once, 3=Twice, 4=Several times",Not included in this wave
w1,,action_contact_media,,,,"1=Would never do, 2=Have not done, but might, 3=Have done once, 4=Have done 2-3 times, 5=Have done >3 times",Not included in this wave
w2,,action_contact_media,,,,"1=Would never do, 2=Have not done, but might, 3=Have done once, 4=Have done 2-3 times, 5=Have done >3 times",Not included in this wave
w3,q68,action_contact_media,I.  POLITICAL PARTICIPATION,"In the past three (3) years, have you never, once, or more than once done the following because of personal, family, or neighborhood problems, or problems with government officials and policies? Once More than once Never Done",Contacted news media.,"1=Would never do, 2=Have not done, but might, 3=Have done once, 4=Have done 2-3 times, 5=Have done >3 times",
w4,q73,action_contact_media,J. POLITICAL PARTICIPATION,"In the past three (3) years, have you never, once, or more than once done the following because of personal, family, or neighborhood problems, or problems with government officials and policies?",Contacted news media. I have done this more than once .......................... …………………………………………………………1 I have done this once ............................................ …………………………………………………………2 I have not done this and I would not do it regardless of the situation…………………………………….4,"1=Would never do, 2=Have not done, but might, 3=Have done once, 4=Have done 2-3 times, 5=Have done >3 times",
w5,q73,action_contact_media,J. POLITICAL PARTICIPATION,"In the past three (3) years, have you done the following because of personal, family, or neighborhood problems, or problems with government officials and policies?","Contacted news media. I have done this more than three times ................ ……………………………………….1 I have done this two or three times....................... ……………………………………….2 I have done this once ........................................... ……………………………………….3 I have not done this, but I might do it if something important happens in the future….4 I have not done this and I would not do it regardless of the situation…………………..5","1=Would never do, 2=Have not done, but might, 3=Have done once, 4=Have done 2-3 times, 5=Have done >3 times",
w6,q71,action_contact_media,J. POLITICAL PARTICIPATION,"In the past three (3) years, have you done the following because of personal, family, or neighborhood problems, or problems with government officials and policies?","Contacted news media. I have done this more than three times ................ ……………………………………….1 I have done this once ........................................... ……………………………………….3 I have not done this, but I might do it if something important happens in the future….4 I have not done this and I would not do it regardless of the situation…………………..5","1=Would never do, 2=Have not done, but might, 3=Have done once, 4=Have done 2-3 times, 5=Have done >3 times",
w1,q078,action_contact_media_w1,J.	POLITICAL PARTICIPATION,,"Contacted media (letter to newspapers, call-in to radio, TV, etc.)","1=Once, 2=More than once, 9=Never done",
w2,,action_contact_media_w1,,,,"1=Once, 2=More than once, 9=Never done",Not included in this wave
w3,,action_contact_media_w1,,,,"1=Once, 2=More than once, 9=Never done",Not included in this wave
w4,,action_contact_media_w1,,,,"1=Once, 2=More than once, 9=Never done",Not included in this wave
w5,,action_contact_media_w1,,,,"1=Once, 2=More than once, 9=Never done",Not included in this wave
w6,,action_contact_media_w1,,,,"1=Once, 2=More than once, 9=Never done",Not included in this wave
w1,,action_contact_media_w4,,,,"1=Never, 2=Once, 3=Twice, 4=Several times",Not included in this wave
w2,,action_contact_media_w4,,,,"1=Never, 2=Once, 3=Twice, 4=Several times",Not included in this wave
w3,,action_contact_media_w4,,,,"1=Never, 2=Once, 3=Twice, 4=Several times",Not included in this wave
w4,q73a,action_contact_media_w4,,,"In the past three years, have you contacted news media?","1=Never, 2=Once, 3=Twice, 4=Several times",Sub-item/derived variable (not a standalone question)
w5,,action_contact_media_w4,,,,"1=Never, 2=Once, 3=Twice, 4=Several times",Not included in this wave
w6,,action_contact_media_w4,,,,"1=Never, 2=Once, 3=Twice, 4=Several times",Not included in this wave
w1,q077,action_contact_ngo_w1,J.	POLITICAL PARTICIPATION,,"Contacted non-government/civil society organizations (farmers’ associations, trade unions, religious groups, human rights groups, interests groups).","1=Once, 2=More than once, 9=Never done",
w2,,action_contact_ngo_w1,,,,"1=Once, 2=More than once, 9=Never done",Not included in this wave
w3,,action_contact_ngo_w1,,,,"1=Once, 2=More than once, 9=Never done",Not included in this wave
w4,,action_contact_ngo_w1,,,,"1=Once, 2=More than once, 9=Never done",Not included in this wave
w5,,action_contact_ngo_w1,,,,"1=Once, 2=More than once, 9=Never done",Not included in this wave
w6,,action_contact_ngo_w1,,,,"1=Once, 2=More than once, 9=Never done",Not included in this wave
w1,q080,action_contact_other_w1,J.	POLITICAL PARTICIPATION,,"Aside from those mentioned above, are there other people you have contacted? ____________________________________","1=Once, 2=More than once, 9=Never done",
w2,,action_contact_other_w1,,,,"1=Once, 2=More than once, 9=Never done",Not included in this wave
w3,,action_contact_other_w1,,,,"1=Once, 2=More than once, 9=Never done",Not included in this wave
w4,,action_contact_other_w1,,,,"1=Once, 2=More than once, 9=Never done",Not included in this wave
w5,,action_contact_other_w1,,,,"1=Once, 2=More than once, 9=Never done",Not included in this wave
w6,,action_contact_other_w1,,,,"1=Once, 2=More than once, 9=Never done",Not included in this wave
w1,q076,action_contact_party_w1,J.	POLITICAL PARTICIPATION,,Contacted political parties or other political organizations.,"1=Once, 2=More than once, 9=Never done",
w2,,action_contact_party_w1,,,,"1=Once, 2=More than once, 9=Never done",Not included in this wave
w3,,action_contact_party_w1,,,,"1=Once, 2=More than once, 9=Never done",Not included in this wave
w4,,action_contact_party_w1,,,,"1=Once, 2=More than once, 9=Never done",Not included in this wave
w5,,action_contact_party_w1,,,,"1=Once, 2=More than once, 9=Never done",Not included in this wave
w6,,action_contact_party_w1,,,,"1=Once, 2=More than once, 9=Never done",Not included in this wave
w1,,action_contact_traditional_w4,,,,"1=Never, 2=Once, 3=Twice, 4=Several times",Not included in this wave
w2,,action_contact_traditional_w4,,,,"1=Never, 2=Once, 3=Twice, 4=Several times",Not included in this wave
w3,,action_contact_traditional_w4,,,,"1=Never, 2=Once, 3=Twice, 4=Several times",Not included in this wave
w4,q71a,action_contact_traditional_w4,,,"In the past three years, have you contacted traditional leaders/community leaders?","1=Never, 2=Once, 3=Twice, 4=Several times",Sub-item/derived variable (not a standalone question)
w5,,action_contact_traditional_w4,,,,"1=Never, 2=Once, 3=Twice, 4=Several times",Not included in this wave
w6,,action_contact_traditional_w4,,,,"1=Never, 2=Once, 3=Twice, 4=Several times",Not included in this wave
w1,,action_demonstration,,,,"1=Would never do, 2=Have not done, but might, 3=Have done once, 4=Have done 2-3 times, 5=Have done >3 times",Not included in this wave
w2,q88,action_demonstration,L.	POLITICAL PARTICIPATION,"Here is a list of actions that people sometimes take as citizens. For each of these, please tell me whether you, personally, have never, once, or more than once done any of these things during the past three years. Once More than once Never Done",Attended a demonstration or protest march,"1=Would never do, 2=Have not done, but might, 3=Have done once, 4=Have done 2-3 times, 5=Have done >3 times",
w3,q71,action_demonstration,I.  POLITICAL PARTICIPATION,"Here is a list of actions that people sometimes take as citizens. For each of these, please tell me whether you, personally, have never, once, or more than once done any of these things during the past three years. Once More than once Never Done",Attended a demonstration or protest march,"1=Would never do, 2=Have not done, but might, 3=Have done once, 4=Have done 2-3 times, 5=Have done >3 times",
w4,q76,action_demonstration,J. POLITICAL PARTICIPATION,"Here is a list of actions that people sometimes take as citizens. For each of these, please tell me whether you, personally, have never, once, or more than once done any of these things during the past three years.","Attended a demonstration I have done this more than once .......................... …………………………………………………………1 or protest march I have done this once ............................................ …………………………………………………………2 I have not done this, but I might do it if something important happens in the future……………………3","1=Would never do, 2=Have not done, but might, 3=Have done once, 4=Have done 2-3 times, 5=Have done >3 times",
w5,q79,action_demonstration,J. POLITICAL PARTICIPATION,"Here is a list of actions that people sometimes take as citizens. For each of these, please tell me whether you have done any of these things during the past three years?","Attended a demonstration or I have done this more than three times ................. …………………………………………………………1 protest march I have done this two or three times ....................... …………………………………………………………2 I have not done this, but I might do it if something important happens in the future……………………4 I have not done this and I would not do it regardless of the situation…………………………………….5","1=Would never do, 2=Have not done, but might, 3=Have done once, 4=Have done 2-3 times, 5=Have done >3 times",
w6,q76,action_demonstration,J. POLITICAL PARTICIPATION,"Here is a list of actions that people sometimes take as citizens. For each of these, please tell me whether you have done any of these things during the past three years?","Attended a demonstration or I have done this more than three times ................. …………………………………………………………1 protest march I have done this two or three times ....................... …………………………………………………………2 I have not done this, but I might do it if something important happens in the future……………………4 I have not done this and I would not do it regardless of the situation…………………………………….5","1=Would never do, 2=Have not done, but might, 3=Have done once, 4=Have done 2-3 times, 5=Have done >3 times",
w1,q079,action_demonstration_w1,J.	POLITICAL PARTICIPATION,,"Demonstration, strike, sit-in. N/A N/A","1=Once, 2=More than once, 9=Never done",
w2,,action_demonstration_w1,,,,"1=Once, 2=More than once, 9=Never done",Not included in this wave
w3,,action_demonstration_w1,,,,"1=Once, 2=More than once, 9=Never done",Not included in this wave
w4,,action_demonstration_w1,,,,"1=Once, 2=More than once, 9=Never done",Not included in this wave
w5,,action_demonstration_w1,,,,"1=Once, 2=More than once, 9=Never done",Not included in this wave
w6,,action_demonstration_w1,,,,"1=Once, 2=More than once, 9=Never done",Not included in this wave
w1,,action_demonstration_w4,,,,"1=Never, 2=Once, 3=Twice, 4=Several times",Not included in this wave
w2,,action_demonstration_w4,,,,"1=Never, 2=Once, 3=Twice, 4=Several times",Not included in this wave
w3,,action_demonstration_w4,,,,"1=Never, 2=Once, 3=Twice, 4=Several times",Not included in this wave
w4,q76a,action_demonstration_w4,,,Have you attended a demonstration or protest march?,"1=Never, 2=Once, 3=Twice, 4=Several times",Sub-item/derived variable (not a standalone question)
w5,,action_demonstration_w4,,,,"1=Never, 2=Once, 3=Twice, 4=Several times",Not included in this wave
w6,,action_demonstration_w4,,,,"1=Never, 2=Once, 3=Twice, 4=Several times",Not included in this wave
w1,,action_internet_political,,,,"1=Would never do, 2=Have not done, but might, 3=Have done once, 4=Have done 2-3 times, 5=Have done >3 times",Not included in this wave
w2,,action_internet_political,,,,"1=Would never do, 2=Have not done, but might, 3=Have done once, 4=Have done 2-3 times, 5=Have done >3 times",Not included in this wave
w3,,action_internet_political,,,,"1=Would never do, 2=Have not done, but might, 3=Have done once, 4=Have done 2-3 times, 5=Have done >3 times",Not included in this wave
w4,,action_internet_political,,,,"1=Would never do, 2=Have not done, but might, 3=Have done once, 4=Have done 2-3 times, 5=Have done >3 times",Not included in this wave
w5,q76,action_internet_political,J. POLITICAL PARTICIPATION,"Here is a list of actions that people sometimes take as citizens. For each of these, please tell me whether you have done any of these things during the past three years?","[IF USE INTERNET, logical I have done this more than three times ................. …………………………………………………………1 check with q49] I have done this two or three times ....................... …………………………………………………………2 Used the Internet including social I have done this once ............................................ …………………………………………………………3 media networks to express I have not done this, but I might do it if something important happens in the future……………………4 opinions about politics and I have not done this and I would not do it regardless of the situation…………………………………….5 government [Do not read] Do not understand the question ..... …………………………………………………………7","1=Would never do, 2=Have not done, but might, 3=Have done once, 4=Have done 2-3 times, 5=Have done >3 times",
w6,q73,action_internet_political,J. POLITICAL PARTICIPATION,"Here is a list of actions that people sometimes take as citizens. For each of these, please tell me whether you have done any of these things during the past three years?","[IF USE INTERNET, logical I have done this more than three times ................. …………………………………………………………1 check with q50] I have done this two or three times ....................... …………………………………………………………2 Used the Internet including social I have done this once ............................................ …………………………………………………………3 media networks to express I have not done this, but I might do it if something important happens in the future……………………4 opinions about politics and I have not done this and I would not do it regardless of the situation…………………………………….5 government [Do not read] Do not understand the question ..... …………………………………………………………7","1=Would never do, 2=Have not done, but might, 3=Have done once, 4=Have done 2-3 times, 5=Have done >3 times",
w1,,action_join_cause,,,,"1=Would never do, 2=Have not done, but might, 3=Have done once, 4=Have done 2-3 times, 5=Have done >3 times",Not included in this wave
w2,,action_join_cause,,,,"1=Would never do, 2=Have not done, but might, 3=Have done once, 4=Have done 2-3 times, 5=Have done >3 times",Not included in this wave
w3,,action_join_cause,,,,"1=Would never do, 2=Have not done, but might, 3=Have done once, 4=Have done 2-3 times, 5=Have done >3 times",Not included in this wave
w4,,action_join_cause,,,,"1=Would never do, 2=Have not done, but might, 3=Have done once, 4=Have done 2-3 times, 5=Have done >3 times",Not included in this wave
w5,q77,action_join_cause,J. POLITICAL PARTICIPATION,"Here is a list of actions that people sometimes take as citizens. For each of these, please tell me whether you have done any of these things during the past three years?","Joined a group to actively I have done this more than three times ................. …………………………………………………………1 support a cause (including I have done this two or three times ....................... …………………………………………………………2 online) I have done this once ............................................ …………………………………………………………3 I have not done this, but I might do it if something important happens in the future……………………4 I have not done this and I would not do it regardless of the situation…………………………………….5","1=Would never do, 2=Have not done, but might, 3=Have done once, 4=Have done 2-3 times, 5=Have done >3 times",
w6,q74,action_join_cause,J. POLITICAL PARTICIPATION,"Here is a list of actions that people sometimes take as citizens. For each of these, please tell me whether you have done any of these things during the past three years?","Joined a group to actively I have done this more than three times ................. …………………………………………………………1 support a cause (including I have done this two or three times ....................... …………………………………………………………2 online) I have done this once ............................................ …………………………………………………………3 I have not done this, but I might do it if something important happens in the future……………………4 I have not done this and I would not do it regardless of the situation…………………………………….5","1=Would never do, 2=Have not done, but might, 3=Have done once, 4=Have done 2-3 times, 5=Have done >3 times",
w1,,action_petition,,,,"1=Would never do, 2=Have not done, but might, 3=Have done once, 4=Have done 2-3 times, 5=Have done >3 times",Not included in this wave
w2,q87,action_petition,L.	POLITICAL PARTICIPATION,"Here is a list of actions that people sometimes take as citizens. For each of these, please tell me whether you, personally, have never, once, or more than once done any of these things during the past three years. Once More than once Never Done",Got together with others to raise an issue or sign a petition,"1=Would never do, 2=Have not done, but might, 3=Have done once, 4=Have done 2-3 times, 5=Have done >3 times",
w3,q70,action_petition,I.  POLITICAL PARTICIPATION,"Here is a list of actions that people sometimes take as citizens. For each of these, please tell me whether you, personally, have never, once, or more than once done any of these things during the past three years. Once More than once Never Done",Got together with others to raise an issue or sign a petition,"1=Would never do, 2=Have not done, but might, 3=Have done once, 4=Have done 2-3 times, 5=Have done >3 times",
w4,q75,action_petition,J. POLITICAL PARTICIPATION,"Here is a list of actions that people sometimes take as citizens. For each of these, please tell me whether you, personally, have never, once, or more than once done any of these things during the past three years.","Got together with others I have done this more than once .......................... …………………………………………………………1 to raise an issue or sign a I have done this once ............................................ …………………………………………………………2 petition I have not done this, but I might do it if something important happens in the future……………………3 I have not done this and I would not do it regardless of the situation…………………………………….4","1=Would never do, 2=Have not done, but might, 3=Have done once, 4=Have done 2-3 times, 5=Have done >3 times",
w5,q74,action_petition,J. POLITICAL PARTICIPATION,"Here is a list of actions that people sometimes take as citizens. For each of these, please tell me whether you have done any of these things during the past three years?","Signed a paper petition. I have done this more than three times ................. …………………………………………………………1 I have done this once ............................................ …………………………………………………………3 I have not done this, but I might do it if something important happens in the future……………………4 I have not done this and I would not do it regardless of the situation…………………………………….5","1=Would never do, 2=Have not done, but might, 3=Have done once, 4=Have done 2-3 times, 5=Have done >3 times",
w6,q72,action_petition,J. POLITICAL PARTICIPATION,"Here is a list of actions that people sometimes take as citizens. For each of these, please tell me whether you have done any of these things during the past three years?","Signed a paper or online petition. I have done this more than three times ................. …………………………………………………………1 I have done this once ............................................ …………………………………………………………3 I have not done this, but I might do it if something important happens in the future……………………4 I have not done this and I would not do it regardless of the situation…………………………………….5","1=Would never do, 2=Have not done, but might, 3=Have done once, 4=Have done 2-3 times, 5=Have done >3 times",
w1,,action_petition_w4,,,,"1=Never, 2=Once, 3=Twice, 4=Several times",Not included in this wave
w2,,action_petition_w4,,,,"1=Never, 2=Once, 3=Twice, 4=Several times",Not included in this wave
w3,,action_petition_w4,,,,"1=Never, 2=Once, 3=Twice, 4=Several times",Not included in this wave
w4,q75a,action_petition_w4,,,Have you got together with others to raise an issue or sign a petition?,"1=Never, 2=Once, 3=Twice, 4=Several times",Sub-item/derived variable (not a standalone question)
w5,,action_petition_w4,,,,"1=Never, 2=Once, 3=Twice, 4=Several times",Not included in this wave
w6,,action_petition_w4,,,,"1=Never, 2=Once, 3=Twice, 4=Several times",Not included in this wave
w1,,action_resolve_local,,,,"1=Would never do, 2=Have not done, but might, 3=Have done once, 4=Have done 2-3 times, 5=Have done >3 times",Not included in this wave
w2,,action_resolve_local,,,,"1=Would never do, 2=Have not done, but might, 3=Have done once, 4=Have done 2-3 times, 5=Have done >3 times",Not included in this wave
w3,,action_resolve_local,,,,"1=Would never do, 2=Have not done, but might, 3=Have done once, 4=Have done 2-3 times, 5=Have done >3 times",Not included in this wave
w4,q74,action_resolve_local,J. POLITICAL PARTICIPATION,"Here is a list of actions that people sometimes take as citizens. For each of these, please tell me whether you, personally, have never, once, or more than once done any of these things during the past three years.","Got together with others I have done this more than once .......................... …………………………………………………………1 to try to resolve local I have done this once ............................................ …………………………………………………………2 problems I have not done this, but I might do it if something important happens in the future……………………3 I have not done this and I would not do it regardless of the situation…………………………………….4","1=Would never do, 2=Have not done, but might, 3=Have done once, 4=Have done 2-3 times, 5=Have done >3 times",
w5,q78,action_resolve_local,J. POLITICAL PARTICIPATION,"Here is a list of actions that people sometimes take as citizens. For each of these, please tell me whether you have done any of these things during the past three years?",Got together with others I have done this more than three times ................. …………………………………………………………1 face-to-face to try to resolve I have done this two or three times ....................... …………………………………………………………2 local problems. I have done this once ............................................ …………………………………………………………3 I have not done this and I would not do it regardless of the situation…………………………………….5,"1=Would never do, 2=Have not done, but might, 3=Have done once, 4=Have done 2-3 times, 5=Have done >3 times",
w6,q75,action_resolve_local,J. POLITICAL PARTICIPATION,"Here is a list of actions that people sometimes take as citizens. For each of these, please tell me whether you have done any of these things during the past three years?",Got together with others I have done this more than three times ................. …………………………………………………………1 face-to-face to try to resolve I have done this two or three times ....................... …………………………………………………………2 local problems. I have done this once ............................................ …………………………………………………………3 I have not done this and I would not do it regardless of the situation…………………………………….5,"1=Would never do, 2=Have not done, but might, 3=Have done once, 4=Have done 2-3 times, 5=Have done >3 times",
w1,,action_resolve_local_w4,,,,"1=Never, 2=Once, 3=Twice, 4=Several times",Not included in this wave
w2,,action_resolve_local_w4,,,,"1=Never, 2=Once, 3=Twice, 4=Several times",Not included in this wave
w3,,action_resolve_local_w4,,,,"1=Never, 2=Once, 3=Twice, 4=Several times",Not included in this wave
w4,q74a,action_resolve_local_w4,,,Have you personally got together with others to try to resolve local problems?,"1=Never, 2=Once, 3=Twice, 4=Several times",Sub-item/derived variable (not a standalone question)
w5,,action_resolve_local_w4,,,,"1=Never, 2=Once, 3=Twice, 4=Several times",Not included in this wave
w6,,action_resolve_local_w4,,,,"1=Never, 2=Once, 3=Twice, 4=Several times",Not included in this wave
w1,,action_risky_political,,,,"1=Would never do, 2=Have not done, but might, 3=Have done once, 4=Have done 2-3 times, 5=Have done >3 times",Not included in this wave
w2,,action_risky_political,,,,"1=Would never do, 2=Have not done, but might, 3=Have done once, 4=Have done 2-3 times, 5=Have done >3 times",Not included in this wave
w3,,action_risky_political,,,,"1=Would never do, 2=Have not done, but might, 3=Have done once, 4=Have done 2-3 times, 5=Have done >3 times",Not included in this wave
w4,,action_risky_political,,,,"1=Would never do, 2=Have not done, but might, 3=Have done once, 4=Have done 2-3 times, 5=Have done >3 times",Not included in this wave
w5,q80,action_risky_political,J. POLITICAL PARTICIPATION,"Here is a list of actions that people sometimes take as citizens. For each of these, please tell me whether you have done any of these things during the past three years?","Taken an action or done I have done this more than three times ................. …………………………………………………………1 something for a political I have done this two or three times ....................... …………………………………………………………2 cause that put you in a risk of I have done this once ............................................ …………………………………………………………3 getting injured. I have not done this, but I might do it if something important happens in the future……………………4","1=Would never do, 2=Have not done, but might, 3=Have done once, 4=Have done 2-3 times, 5=Have done >3 times",
w6,q77,action_risky_political,J. POLITICAL PARTICIPATION,"Here is a list of actions that people sometimes take as citizens. For each of these, please tell me whether you have done any of these things during the past three years?","Taken an action or done I have done this more than three times ................. …………………………………………………………1 something for a political I have done this two or three times ....................... …………………………………………………………2 cause that put you in a risk of I have done this once ............................................ …………………………………………………………3 getting injured. I have not done this, but I might do it if something important happens in the future……………………4","1=Would never do, 2=Have not done, but might, 3=Have done once, 4=Have done 2-3 times, 5=Have done >3 times",
w1,,action_violence_3cat,,,,"1=Never, 2=Once, 3=More than once",Not included in this wave
w2,,action_violence_3cat,,,,"1=Never, 2=Once, 3=More than once",Not included in this wave
w3,,action_violence_3cat,,,,"1=Never, 2=Once, 3=More than once",Not included in this wave
w4,q77,action_violence_3cat,J. POLITICAL PARTICIPATION,"Here is a list of actions that people sometimes take as citizens. For each of these, please tell me whether you, personally, have never, once, or more than once done any of these things during the past three years.","Used force or violence for I have done this more than once .......................... …………………………………………………………1 a political cause I have done this once ............................................ …………………………………………………………2 I have not done this, but I might do it if something important happens in the future……………………3","1=Never, 2=Once, 3=More than once",
w5,,action_violence_3cat,,,,"1=Never, 2=Once, 3=More than once",Not included in this wave
w6,,action_violence_3cat,,,,"1=Never, 2=Once, 3=More than once",Not included in this wave
w1,,action_violence_w4,,,,"1=Never, 2=Once, 3=Twice, 4=Several times",Not included in this wave
w2,,action_violence_w4,,,,"1=Never, 2=Once, 3=Twice, 4=Several times",Not included in this wave
w3,,action_violence_w4,,,,"1=Never, 2=Once, 3=Twice, 4=Several times",Not included in this wave
w4,q77a,action_violence_w4,,,Have you used force or violence for a political cause?,"1=Never, 2=Once, 3=Twice, 4=Several times",Sub-item/derived variable (not a standalone question)
w5,,action_violence_w4,,,,"1=Never, 2=Once, 3=Twice, 4=Several times",Not included in this wave
w6,,action_violence_w4,,,,"1=Never, 2=Once, 3=Twice, 4=Several times",Not included in this wave
w1,se003a,age,,,Age of respondent (actual age),,Socio-demographic section (not in core questionnaire)
w2,se3a,age,,,Age of respondent (actual age),,Socio-demographic section (not in core questionnaire)
w3,se3a,age,,,Age of respondent (actual age),,Socio-demographic section (not in core questionnaire)
w4,se3_2,age,,,Age of respondent (actual age),,Socio-demographic section (not in core questionnaire)
w5,SE3_1,age,,,Age of respondent (actual age),,Socio-demographic section (not in core questionnaire)
w6,se3_1,age,,,Age of respondent (actual age),,Socio-demographic section (not in core questionnaire)
w1,q139,antiplu_diversity_chaotic,P.	AGREEMENT/DISAGREEMENT WITH SPECIFIC STATEMENTS	(cont’d),"I have here other statements. For each statement, would you say you strongly agree, somewhat agree, somewhat disagree, or strongly disagree?","If people have too many different ways of thinking, society will be chaotic.","1=Strongly disagree, 2=Somewhat disagree, 3=Somewhat agree, 4=Strongly agree",
w2,q140,antiplu_diversity_chaotic,S.	AGREEMENT/DISAGREEMENT WITH SPECIFIC STATEMENTS	(cont’d),"I have here other statements. For each statement, would you say you strongly agree, somewhat agree, somewhat disagree, or strongly disagree?","If people have too many different ways of thinking, society will be chaotic. When the country is facing a difficult situation, it is ok for the government to disregard the law in order to deal with the situation.","1=Strongly disagree, 2=Somewhat disagree, 3=Somewhat agree, 4=Strongly agree",
w3,q147,antiplu_diversity_chaotic,R.  AGREEMENT/DISAGREEMENT WITH SPECIFIC STATEMENTS (cont’d),"I have here other statements. For each statement, would you say you strongly agree, somewhat agree, somewhat disagree, or strongly disagree?","If people have too many different ways of thinking, society will be chaotic.","1=Strongly disagree, 2=Somewhat disagree, 3=Somewhat agree, 4=Strongly agree",
w4,q148,antiplu_diversity_chaotic,S. AGREEMENT/DISAGREEMENT WITH SPECIFIC STATEMENTS (cont’d),"I have here other statements. For each statement, would you say you strongly agree, somewhat agree, somewhat disagree, or strongly disagree?","If people have too many different ways of thinking, society will be chaotic.","1=Strongly disagree, 2=Somewhat disagree, 3=Somewhat agree, 4=Strongly agree",
w5,q155,antiplu_diversity_chaotic,S. AGREEMENT/DISAGREEMENT WITH SPECIFIC STATEMENTS (cont’d),"I have here other statements. For each statement, would you say you strongly agree, somewhat agree, somewhat disagree, or strongly disagree?","146- I have here other statements. For each statement, would you say you strongly agree, somewhat agree, somewhat disagree, or strongly disagree?","1=Strongly disagree, 2=Somewhat disagree, 3=Somewhat agree, 4=Strongly agree",
w6,q155,antiplu_diversity_chaotic,T. AGREEMENT/DISAGREEMENT WITH SPECIFIC STATEMENTS (cont’d),"I have here other statements. For each statement, would you say you strongly agree, somewhat agree, somewhat disagree, or strongly disagree?","146- I have here other statements. For each statement, would you say you strongly agree, somewhat agree, somewhat disagree, or strongly disagree?","1=Strongly disagree, 2=Somewhat disagree, 3=Somewhat agree, 4=Strongly agree",
w1,q135,antiplu_groups_disrupt_harmony,P.	AGREEMENT/DISAGREEMENT WITH SPECIFIC STATEMENTS	(cont’d),"I have here other statements. For each statement, would you say you strongly agree, somewhat agree, somewhat disagree, or strongly disagree?",Harmony of the community will be disrupted if people organize lots of groups.,"1=Strongly disagree, 2=Somewhat disagree, 3=Somewhat agree, 4=Strongly agree",
w2,q136,antiplu_groups_disrupt_harmony,S.	AGREEMENT/DISAGREEMENT WITH SPECIFIC STATEMENTS	(cont’d),"I have here other statements. For each statement, would you say you strongly agree, somewhat agree, somewhat disagree, or strongly disagree?","Harmony of the community will be disrupted if people organize lots of groups. When judges decide important cases, they should accept the view of the executive branch. If the government is constantly checked [i.e. monitored and supervised] by the legislature, it cannot possibly accomplish great things. If we have political leaders who are morally upright, we can let them decide everything. If people have too many different ways of thinking, society will be chaotic.","1=Strongly disagree, 2=Somewhat disagree, 3=Somewhat agree, 4=Strongly agree",
w3,q143,antiplu_groups_disrupt_harmony,R.  AGREEMENT/DISAGREEMENT WITH SPECIFIC STATEMENTS (cont’d),"I have here other statements. For each statement, would you say you strongly agree, somewhat agree, somewhat disagree, or strongly disagree?",Harmony of the community will be disrupted if people organize lots of groups.,"1=Strongly disagree, 2=Somewhat disagree, 3=Somewhat agree, 4=Strongly agree",
w4,q144,antiplu_groups_disrupt_harmony,S. AGREEMENT/DISAGREEMENT WITH SPECIFIC STATEMENTS (cont’d),"I have here other statements. For each statement, would you say you strongly agree, somewhat agree, somewhat disagree, or strongly disagree?","Harmony of the community will be disrupted if people organize lots of groups. When judges decide important cases, they should accept the","1=Strongly disagree, 2=Somewhat disagree, 3=Somewhat agree, 4=Strongly agree",
w5,q151,antiplu_groups_disrupt_harmony,S. AGREEMENT/DISAGREEMENT WITH SPECIFIC STATEMENTS (cont’d),"I have here other statements. For each statement, would you say you strongly agree, somewhat agree, somewhat disagree, or strongly disagree?","Harmony of the community will be disrupted if people organize lots of groups. When judges decide important cases, they should accept the","1=Strongly disagree, 2=Somewhat disagree, 3=Somewhat agree, 4=Strongly agree",
w6,q151,antiplu_groups_disrupt_harmony,T. AGREEMENT/DISAGREEMENT WITH SPECIFIC STATEMENTS (cont’d),"I have here other statements. For each statement, would you say you strongly agree, somewhat agree, somewhat disagree, or strongly disagree?","Harmony of the community will be disrupted if people organize lots of groups. When judges decide important cases, they should accept the","1=Strongly disagree, 2=Somewhat disagree, 3=Somewhat agree, 4=Strongly agree",
w1,q029,attended_campaign_rally,E.	PARTICIPATION IN ELECTIONS,"Thinking about the national election in [year], did you …","29-30. Thinking about the national election in [year], did you … attend a campaign meeting or rally?","0=No, 1=Yes",
w2,q40,attended_campaign_rally,D.	HUMAN SECURITY,"Thinking about the national election in [year], did you …","40-42. Thinking about the national election in [year], did you … attend a campaign meeting or rally?","0=No, 1=Yes",
w3,q34,attended_campaign_rally,D.  PARTICIPATION IN ELECTIONS,"Thinking about the national election in [year], did you …","34-36. Thinking about the national election in [year], did you … attend a campaign meeting or rally?","0=No, 1=Yes",
w4,q35,attended_campaign_rally,D. PARTICIPATION IN ELECTIONS,"Thinking about the national election in [year], did you …","35-37. Thinking about the national election in [year], did you … attend a campaign meeting or rally?","0=No, 1=Yes",
w5,q35,attended_campaign_rally,D. PARTICIPATION IN ELECTIONS,"Thinking about the national election in [year], did you …","35-38. Thinking about the national election in [year], did you … attend a campaign meeting or rally?","0=No, 1=Yes",
w6,q35,attended_campaign_rally,D. PARTICIPATION IN ELECTIONS,"Thinking about the national election in [year], did you …","35-38. Thinking about the national election in [year], did you … attend a campaign meeting or rally?","0=No, 1=Yes",
w1,q134,auth_govt_censor_ideas,P.	AGREEMENT/DISAGREEMENT WITH SPECIFIC STATEMENTS	(cont’d),"I have here other statements. For each statement, would you say you strongly agree, somewhat agree, somewhat disagree, or strongly disagree?",The government should decide whether certain ideas should be allowed to be discussed in society.,"1=Strongly disagree, 2=Somewhat disagree, 3=Somewhat agree, 4=Strongly agree",
w2,q135,auth_govt_censor_ideas,S.	AGREEMENT/DISAGREEMENT WITH SPECIFIC STATEMENTS	(cont’d),"I have here other statements. For each statement, would you say you strongly agree, somewhat agree, somewhat disagree, or strongly disagree?","The government should decide whether certain ideas should be allowed to be discussed in society. Harmony of the community will be disrupted if people organize lots of groups. When judges decide important cases, they should accept the view of the executive branch. If the government is constantly checked [i.e. monitored and supervised] by the legislature, it cannot possibly accomplish great things. If we have political leaders who are morally upright, we can let them decide everything.","1=Strongly disagree, 2=Somewhat disagree, 3=Somewhat agree, 4=Strongly agree",
w3,q142,auth_govt_censor_ideas,R.  AGREEMENT/DISAGREEMENT WITH SPECIFIC STATEMENTS (cont’d),"I have here other statements. For each statement, would you say you strongly agree, somewhat agree, somewhat disagree, or strongly disagree?",The government should decide whether certain ideas should be allowed to be discussed in society.,"1=Strongly disagree, 2=Somewhat disagree, 3=Somewhat agree, 4=Strongly agree",
w4,q143,auth_govt_censor_ideas,S. AGREEMENT/DISAGREEMENT WITH SPECIFIC STATEMENTS (cont’d),"I have here other statements. For each statement, would you say you strongly agree, somewhat agree, somewhat disagree, or strongly disagree?",The government should decide whether certain ideas should be allowed to be discussed in society. Harmony of the community will be disrupted if people organize,"1=Strongly disagree, 2=Somewhat disagree, 3=Somewhat agree, 4=Strongly agree",
w5,q150,auth_govt_censor_ideas,S. AGREEMENT/DISAGREEMENT WITH SPECIFIC STATEMENTS (cont’d),"I have here other statements. For each statement, would you say you strongly agree, somewhat agree, somewhat disagree, or strongly disagree?",The government should decide whether certain ideas should be allowed to be discussed in society. Harmony of the community will be disrupted if people organize,"1=Strongly disagree, 2=Somewhat disagree, 3=Somewhat agree, 4=Strongly agree",
w6,q150,auth_govt_censor_ideas,T. AGREEMENT/DISAGREEMENT WITH SPECIFIC STATEMENTS (cont’d),"I have here other statements. For each statement, would you say you strongly agree, somewhat agree, somewhat disagree, or strongly disagree?",The government should decide whether certain ideas should be allowed to be discussed in society. Harmony of the community will be disrupted if people organize,"1=Strongly disagree, 2=Somewhat disagree, 3=Somewhat agree, 4=Strongly agree",
w1,q136,auth_judges_defer_executive,P.	AGREEMENT/DISAGREEMENT WITH SPECIFIC STATEMENTS	(cont’d),"I have here other statements. For each statement, would you say you strongly agree, somewhat agree, somewhat disagree, or strongly disagree?","When judges decide important cases, they should accept the view of the executive branch.","1=Strongly disagree, 2=Somewhat disagree, 3=Somewhat agree, 4=Strongly agree",
w2,q137,auth_judges_defer_executive,S.	AGREEMENT/DISAGREEMENT WITH SPECIFIC STATEMENTS	(cont’d),"I have here other statements. For each statement, would you say you strongly agree, somewhat agree, somewhat disagree, or strongly disagree?","When judges decide important cases, they should accept the view of the executive branch. If the government is constantly checked [i.e. monitored and supervised] by the legislature, it cannot possibly accomplish great things. If we have political leaders who are morally upright, we can let them decide everything. If people have too many different ways of thinking, society will be chaotic. When the country is facing a difficult situation, it is ok for the government to disregard the law in order to deal with the situation.","1=Strongly disagree, 2=Somewhat disagree, 3=Somewhat agree, 4=Strongly agree",
w3,q144,auth_judges_defer_executive,R.  AGREEMENT/DISAGREEMENT WITH SPECIFIC STATEMENTS (cont’d),"I have here other statements. For each statement, would you say you strongly agree, somewhat agree, somewhat disagree, or strongly disagree?","When judges decide important cases, they should accept the view of the executive branch.","1=Strongly disagree, 2=Somewhat disagree, 3=Somewhat agree, 4=Strongly agree",
w4,q145,auth_judges_defer_executive,S. AGREEMENT/DISAGREEMENT WITH SPECIFIC STATEMENTS (cont’d),"I have here other statements. For each statement, would you say you strongly agree, somewhat agree, somewhat disagree, or strongly disagree?","When judges decide important cases, they should accept the view of the executive branch. If the government is constantly checked [i.e. monitored and","1=Strongly disagree, 2=Somewhat disagree, 3=Somewhat agree, 4=Strongly agree",
w5,q152,auth_judges_defer_executive,S. AGREEMENT/DISAGREEMENT WITH SPECIFIC STATEMENTS (cont’d),"I have here other statements. For each statement, would you say you strongly agree, somewhat agree, somewhat disagree, or strongly disagree?","When judges decide important cases, they should accept the view of the executive branch. If the government is constantly checked [i.e. monitored and supervised] by the legislature, it cannot possibly accomplish","1=Strongly disagree, 2=Somewhat disagree, 3=Somewhat agree, 4=Strongly agree",
w6,q152,auth_judges_defer_executive,T. AGREEMENT/DISAGREEMENT WITH SPECIFIC STATEMENTS (cont’d),"I have here other statements. For each statement, would you say you strongly agree, somewhat agree, somewhat disagree, or strongly disagree?","When judges decide important cases, they should accept the view of the executive branch. If the government is constantly checked [i.e. monitored and","1=Strongly disagree, 2=Somewhat disagree, 3=Somewhat agree, 4=Strongly agree",
w1,,children_staircase,,,,"1=Lowest, 10=Highest",Not included in this wave
w2,,children_staircase,,,,"1=Lowest, 10=Highest",Not included in this wave
w3,,children_staircase,,,,"1=Lowest, 10=Highest",Not included in this wave
w4,se13c,children_staircase,,,"Where will your children be on this social staircase? (1=lowest, 10=highest)","1=Lowest, 10=Highest",Socio-demographic section (not in core questionnaire)
w5,SE13C,children_staircase,,,"Where will your children be on this social staircase? (1=lowest, 10=highest)","1=Lowest, 10=Highest",Socio-demographic section (not in core questionnaire)
w6,se13c,children_staircase,,,"Where will your children be on this social staircase? (1=lowest, 10=highest)","1=Lowest, 10=Highest",Socio-demographic section (not in core questionnaire)
w1,,citizen_loyalty_country,,,,"1=Strongly disagree, 2=Somewhat disagree, 3=Somewhat agree, 4=Strongly agree",Not included in this wave
w2,q153,citizen_loyalty_country,T.  CITIZENSHIP,"How much do you agree or disagree with the following statements? For each statement, would you say you strongly agree, somewhat agree, somewhat disagree, or strongly disagree?",Citizens should,"1=Strongly disagree, 2=Somewhat disagree, 3=Somewhat agree, 4=Strongly agree",
w3,q137,citizen_loyalty_country,Q.  AGREEMENT/DISAGREEMENT WITH SPECIFIC STATEMENTS,"I have here some statements. For each statement, would you say you strongly agree, somewhat agree, somewhat disagree, or strongly disagree?",A citizen should,"1=Strongly disagree, 2=Somewhat disagree, 3=Somewhat agree, 4=Strongly agree",
w4,q138,citizen_loyalty_country,R. AGREEMENT/DISAGREEMENT WITH SPECIFIC STATEMENTS,"How much do you agree or disagree with the following statements? For each statement, would you say you strongly agree, somewhat agree, somewhat disagree, or strongly disagree?","134- I have here some statements. For each statement, would you say you strongly agree, somewhat agree, somewhat disagree, or strongly disagree?","1=Strongly disagree, 2=Somewhat disagree, 3=Somewhat agree, 4=Strongly agree",
w5,q145,citizen_loyalty_country,R. AGREEMENT/DISAGREEMENT WITH SPECIFIC STATEMENTS,"I have here some statements. For each statement, would you say you strongly agree, somewhat agree, somewhat disagree, or strongly disagree?",A citizen should,"1=Strongly disagree, 2=Somewhat disagree, 3=Somewhat agree, 4=Strongly agree",
w6,q137,citizen_loyalty_country,R. AGREEMENT/DISAGREEMENT WITH SPECIFIC STATEMENTS,"I have here some statements. For each statement, would you say you strongly agree, somewhat agree, somewhat disagree, or strongly disagree?",A citizen should,"1=Strongly disagree, 2=Somewhat disagree, 3=Somewhat agree, 4=Strongly agree",
w1,,community_leader_contact,,,,"1=Never, 2=Once, 3=More than once",Not included in this wave
w2,q84,community_leader_contact,L.	POLITICAL PARTICIPATION,"In the past three (3) years, have you never, once, or more than once done the following because of personal, family, or neighborhood problems, or problems with government officials and policies? Once More than once Never Done",Contacted traditional leaders/community leaders.,"1=Never, 2=Once, 3=More than once",
w3,q66,community_leader_contact,I.  POLITICAL PARTICIPATION,"In the past three (3) years, have you never, once, or more than once done the following because of personal, family, or neighborhood problems, or problems with government officials and policies? Once More than once Never Done",Contacted traditional leaders/community leaders.,"1=Never, 2=Once, 3=More than once",
w4,q71,community_leader_contact,J. POLITICAL PARTICIPATION,"In the past three (3) years, have you never, once, or more than once done the following because of personal, family, or neighborhood problems, or problems with government officials and policies?","Contacted traditional I have done this more than once .......................... …………………………………………………………1 leaders/community I have done this once ............................................ …………………………………………………………2 leaders. I have not done this, but I might do it if something important happens in the future……………………3 I have not done this and I would not do it regardless of the situation…………………………………….4","1=Never, 2=Once, 3=More than once",
w5,q72,community_leader_contact,J. POLITICAL PARTICIPATION,"In the past three (3) years, have you done the following because of personal, family, or neighborhood problems, or problems with government officials and policies?","Contacted other influential people outside I have done this more than three times ................ ……………………………………….1 leaders/community leaders. I have done this once ........................................... ……………………………………….3 (SHOWCARD I have not done this, but I might do it if something important happens in the future….4 I have not done this and I would not do it regardless of the situation…………………..5","1=Never, 2=Once, 3=More than once",
w6,q70,community_leader_contact,J. POLITICAL PARTICIPATION,"In the past three (3) years, have you done the following because of personal, family, or neighborhood problems, or problems with government officials and policies?","Contacted other influential people I have done this more than three times ................ ……………………………………….1 outside the government, such as I have done this two or three times ....................... ……………………………………….2 traditional leaders/community leaders. I have done this once ........................................... ……………………………………….3 (SHOWCARD I have not done this, but I might do it if something important happens in the future….4 I have not done this and I would not do it regardless of the situation…………………..5","1=Never, 2=Once, 3=More than once",
w1,q083,contact_mode_elected,,,,"0=No (alone), 1=Yes (with others)",NOT FOUND in questionnaire document
w2,,contact_mode_elected,,,,"0=No (alone), 1=Yes (with others)",Not included in this wave
w3,,contact_mode_elected,,,,"0=No (alone), 1=Yes (with others)",Not included in this wave
w4,,contact_mode_elected,,,,"0=No (alone), 1=Yes (with others)",Not included in this wave
w5,,contact_mode_elected,,,,"0=No (alone), 1=Yes (with others)",Not included in this wave
w6,,contact_mode_elected,,,,"0=No (alone), 1=Yes (with others)",Not included in this wave
w1,q081,contact_mode_govt,,,,"0=No (alone), 1=Yes (with others)",NOT FOUND in questionnaire document
w2,,contact_mode_govt,,,,"0=No (alone), 1=Yes (with others)",Not included in this wave
w3,,contact_mode_govt,,,,"0=No (alone), 1=Yes (with others)",Not included in this wave
w4,,contact_mode_govt,,,,"0=No (alone), 1=Yes (with others)",Not included in this wave
w5,,contact_mode_govt,,,,"0=No (alone), 1=Yes (with others)",Not included in this wave
w6,,contact_mode_govt,,,,"0=No (alone), 1=Yes (with others)",Not included in this wave
w1,q082,contact_mode_higher,,,,"0=No (alone), 1=Yes (with others)",NOT FOUND in questionnaire document
w2,,contact_mode_higher,,,,"0=No (alone), 1=Yes (with others)",Not included in this wave
w3,,contact_mode_higher,,,,"0=No (alone), 1=Yes (with others)",Not included in this wave
w4,,contact_mode_higher,,,,"0=No (alone), 1=Yes (with others)",Not included in this wave
w5,,contact_mode_higher,,,,"0=No (alone), 1=Yes (with others)",Not included in this wave
w6,,contact_mode_higher,,,,"0=No (alone), 1=Yes (with others)",Not included in this wave
w1,q086,contact_mode_media,,,,"0=No (alone), 1=Yes (with others)",NOT FOUND in questionnaire document
w2,,contact_mode_media,,,,"0=No (alone), 1=Yes (with others)",Not included in this wave
w3,,contact_mode_media,,,,"0=No (alone), 1=Yes (with others)",Not included in this wave
w4,,contact_mode_media,,,,"0=No (alone), 1=Yes (with others)",Not included in this wave
w5,,contact_mode_media,,,,"0=No (alone), 1=Yes (with others)",Not included in this wave
w6,,contact_mode_media,,,,"0=No (alone), 1=Yes (with others)",Not included in this wave
w1,q085,contact_mode_ngo,,,,"0=No (alone), 1=Yes (with others)",NOT FOUND in questionnaire document
w2,,contact_mode_ngo,,,,"0=No (alone), 1=Yes (with others)",Not included in this wave
w3,,contact_mode_ngo,,,,"0=No (alone), 1=Yes (with others)",Not included in this wave
w4,,contact_mode_ngo,,,,"0=No (alone), 1=Yes (with others)",Not included in this wave
w5,,contact_mode_ngo,,,,"0=No (alone), 1=Yes (with others)",Not included in this wave
w6,,contact_mode_ngo,,,,"0=No (alone), 1=Yes (with others)",Not included in this wave
w1,q088,contact_mode_other,,,,"0=No (alone), 1=Yes (with others)",NOT FOUND in questionnaire document
w2,,contact_mode_other,,,,"0=No (alone), 1=Yes (with others)",Not included in this wave
w3,,contact_mode_other,,,,"0=No (alone), 1=Yes (with others)",Not included in this wave
w4,,contact_mode_other,,,,"0=No (alone), 1=Yes (with others)",Not included in this wave
w5,,contact_mode_other,,,,"0=No (alone), 1=Yes (with others)",Not included in this wave
w6,,contact_mode_other,,,,"0=No (alone), 1=Yes (with others)",Not included in this wave
w1,q084,contact_mode_party,,,,"0=No (alone), 1=Yes (with others)",NOT FOUND in questionnaire document
w2,,contact_mode_party,,,,"0=No (alone), 1=Yes (with others)",Not included in this wave
w3,,contact_mode_party,,,,"0=No (alone), 1=Yes (with others)",Not included in this wave
w4,,contact_mode_party,,,,"0=No (alone), 1=Yes (with others)",Not included in this wave
w5,,contact_mode_party,,,,"0=No (alone), 1=Yes (with others)",Not included in this wave
w6,,contact_mode_party,,,,"0=No (alone), 1=Yes (with others)",Not included in this wave
w1,q108,corrupt_better_than_before,N.	REGIME EVALUATION,"We would like you now to compare the present system of government with the one our country had under [name of president, etc. having most recent authoritarian rule]. In each of the following areas, would you say that today things are MUCH BETTER THAN BEFORE, SOMEWHAT BETTER, MUCH THE SAME, SOMEWHAT WORSE, or MUCH WORSE?",Corruption in politics and government is under control.,"1=Much worse, 2=Somewhat worse, 3=Much the same, 4=Somewhat better, 5=Much better than before",
w2,,corrupt_better_than_before,,,,"1=Much worse, 2=Somewhat worse, 3=Much the same, 4=Somewhat better, 5=Much better than before",Not included in this wave
w3,,corrupt_better_than_before,,,,"1=Much worse, 2=Somewhat worse, 3=Much the same, 4=Somewhat better, 5=Much better than before",Not included in this wave
w4,,corrupt_better_than_before,,,,"1=Much worse, 2=Somewhat worse, 3=Much the same, 4=Somewhat better, 5=Much better than before",Not included in this wave
w5,,corrupt_better_than_before,,,,"1=Much worse, 2=Somewhat worse, 3=Much the same, 4=Somewhat better, 5=Much better than before",Not included in this wave
w6,,corrupt_better_than_before,,,,"1=Much worse, 2=Somewhat worse, 3=Much the same, 4=Somewhat better, 5=Much better than before",Not included in this wave
w1,q114,corrupt_local_govt,N.	REGIME EVALUATION	(cont’d),,How widespread do you think corruption and bribe-taking are in your local/municipal government? Would you say … ?,"1=Hardly anyone is involved, 2=Not a lot of officials are corrupt, 3=Most officials are corrupt, 4=Almost everyone is corrupt",
w2,q117,corrupt_local_govt,N.	SATISFACTION WITH GOVERNMENT AND DEMOCRACY,,How widespread do you think corruption and bribe-taking are in your local/municipal government? Would you say …?,"1=Hardly anyone is involved, 2=Not a lot of officials are corrupt, 3=Most officials are corrupt, 4=Almost everyone is corrupt",
w3,q116,corrupt_local_govt,N.  QUALITY OF GOVERNANCE,,How widespread do you think corruption and bribe-taking are in your local/municipal government? Would you say …?,"1=Hardly anyone is involved, 2=Not a lot of officials are corrupt, 3=Most officials are corrupt, 4=Almost everyone is corrupt",
w4,q117,corrupt_local_govt,O. QUALITY OF GOVERNANCE,,How widespread do you think corruption and bribe-taking are in your,"1=Hardly anyone is involved, 2=Not a lot of officials are corrupt, 3=Most officials are corrupt, 4=Almost everyone is corrupt",
w5,q124,corrupt_local_govt,O. QUALITY OF GOVERNANCE,,How widespread do you think corruption and bribe-taking are in your,"1=Hardly anyone is involved, 2=Not a lot of officials are corrupt, 3=Most officials are corrupt, 4=Almost everyone is corrupt",
w6,q115,corrupt_local_govt,O. QUALITY OF GOVERNANCE,,How widespread do you think corruption and bribe-taking are in your,"1=Hardly anyone is involved, 2=Not a lot of officials are corrupt, 3=Most officials are corrupt, 4=Almost everyone is corrupt",
w1,q115,corrupt_national_govt,N.	REGIME EVALUATION	(cont’d),,How widespread do you think corruption and bribe-taking are in the national government [in capital city]? Would you say … ?,"1=Hardly anyone is involved, 2=Not a lot of officials are corrupt, 3=Most officials are corrupt, 4=Almost everyone is corrupt",
w2,q118,corrupt_national_govt,N.	SATISFACTION WITH GOVERNMENT AND DEMOCRACY,,How widespread do you think corruption and bribe-taking are in the national government [in capital city]? Would you say …?,"1=Hardly anyone is involved, 2=Not a lot of officials are corrupt, 3=Most officials are corrupt, 4=Almost everyone is corrupt",
w3,q117,corrupt_national_govt,N.  QUALITY OF GOVERNANCE,,How widespread do you think corruption and bribe-taking are in the national government [in capital city]? Would you say …?,"1=Hardly anyone is involved, 2=Not a lot of officials are corrupt, 3=Most officials are corrupt, 4=Almost everyone is corrupt",
w4,q118,corrupt_national_govt,O. QUALITY OF GOVERNANCE,,How widespread do you think corruption and bribe-taking are in the,"1=Hardly anyone is involved, 2=Not a lot of officials are corrupt, 3=Most officials are corrupt, 4=Almost everyone is corrupt",
w5,q125,corrupt_national_govt,O. QUALITY OF GOVERNANCE,,How widespread do you think corruption and bribe-taking are in the,"1=Hardly anyone is involved, 2=Not a lot of officials are corrupt, 3=Most officials are corrupt, 4=Almost everyone is corrupt",
w6,q116,corrupt_national_govt,O. QUALITY OF GOVERNANCE,,How widespread do you think corruption and bribe-taking are in the,"1=Hardly anyone is involved, 2=Not a lot of officials are corrupt, 3=Most officials are corrupt, 4=Almost everyone is corrupt",
w1,q116,corrupt_witnessed,N.	REGIME EVALUATION	(cont’d),,Have you or anyone you know personally witnessed an act of corruption or bribe-taking by a politician or government official in the past year? IF WITNESSED: Did you personally witness it or were you told about it by a family member or friend who personally witnessed it?,"0=No, not witnessed, 1=Yes, witnessed",
w2,q119,corrupt_witnessed,N.	SATISFACTION WITH GOVERNMENT AND DEMOCRACY,,Have you or anyone you know personally witnessed an act of corruption or bribe-taking by a politician or government official in the past year? IF WITNESSED: Did you personally witness it or were you told about it by a family member or friend who personally witnessed it?,"0=No, not witnessed, 1=Yes, witnessed",
w3,q119,corrupt_witnessed,N.  QUALITY OF GOVERNANCE,,Have you or anyone you know personally witnessed an act of corruption or bribe-taking by a politician or government official in the past year? IF WITNESSED: Did you personally witness it or were you told about it by a family member or friend who personally witnessed it?,"0=No, not witnessed, 1=Yes, witnessed",
w4,q120,corrupt_witnessed,O. QUALITY OF GOVERNANCE,,Have you or anyone you know personally witnessed an act of corruption or bribe-taking by a politician or government official in the past year? IF WITNESSED: Did you personally witness it or were you told about it by a family member or friend who personally witnessed?,"0=No, not witnessed, 1=Yes, witnessed",
w5,q127,corrupt_witnessed,,,,"0=No, not witnessed, 1=Yes, witnessed",NOT FOUND in questionnaire document
w6,q118,corrupt_witnessed,O. QUALITY OF GOVERNANCE,,Have you or anyone you know personally witnessed an act Yes…………………………………………………………………1 of corruption or bribe-taking by a politician or government No…………………………………………………………….…….2 official in the past year? [Do not read] Do not understand the question…………….…7 (Go to q120 if the respondent answers 2 or 7-9) [Do not read] Can’t choose…………………………………….8 119 (IF WITNESSED) Did you personally witness it or were you,"0=No, not witnessed, 1=Yes, witnessed",
w1,country,country,,,Country code (numeric),"1=Japan, 2=Hong Kong, 3=Korea, 4=Mainland China, 5=Mongolia, 6=Philippines, 7=Taiwan, 8=Thailand, 9=Indonesia, 10=Singapore, 11=Vietnam, 12=Cambodia, 13=Malaysia, 14=Myanmar, 15=Australia, 18=India",Metadata variable (not a survey question)
w2,country,country,,,Country code (numeric),"1=Japan, 2=Hong Kong, 3=Korea, 4=Mainland China, 5=Mongolia, 6=Philippines, 7=Taiwan, 8=Thailand, 9=Indonesia, 10=Singapore, 11=Vietnam, 12=Cambodia, 13=Malaysia, 14=Myanmar, 15=Australia, 18=India",Metadata variable (not a survey question)
w3,country,country,,,Country code (numeric),"1=Japan, 2=Hong Kong, 3=Korea, 4=Mainland China, 5=Mongolia, 6=Philippines, 7=Taiwan, 8=Thailand, 9=Indonesia, 10=Singapore, 11=Vietnam, 12=Cambodia, 13=Malaysia, 14=Myanmar, 15=Australia, 18=India",Metadata variable (not a survey question)
w4,country,country,,,Country code (numeric),"1=Japan, 2=Hong Kong, 3=Korea, 4=Mainland China, 5=Mongolia, 6=Philippines, 7=Taiwan, 8=Thailand, 9=Indonesia, 10=Singapore, 11=Vietnam, 12=Cambodia, 13=Malaysia, 14=Myanmar, 15=Australia, 18=India",Metadata variable (not a survey question)
w5,COUNTRY,country,,,Country code (numeric),"1=Japan, 2=Hong Kong, 3=Korea, 4=Mainland China, 5=Mongolia, 6=Philippines, 7=Taiwan, 8=Thailand, 9=Indonesia, 10=Singapore, 11=Vietnam, 12=Cambodia, 13=Malaysia, 14=Myanmar, 15=Australia, 18=India",Metadata variable (not a survey question)
w6,country,country,,,Country code (numeric),"1=Japan, 2=Hong Kong, 3=Korea, 4=Mainland China, 5=Mongolia, 6=Philippines, 7=Taiwan, 8=Thailand, 9=Indonesia, 10=Singapore, 11=Vietnam, 12=Cambodia, 13=Malaysia, 14=Myanmar, 15=Australia, 18=India",Metadata variable (not a survey question)
w1,,covid_contracted,,,,"0=No, 1=Yes",Not included in this wave
w2,,covid_contracted,,,,"0=No, 1=Yes",Not included in this wave
w3,,covid_contracted,,,,"0=No, 1=Yes",Not included in this wave
w4,,covid_contracted,,,,"0=No, 1=Yes",Not included in this wave
w5,,covid_contracted,,,,"0=No, 1=Yes",Not included in this wave
w6,q138,covid_contracted,S. COVID-19,,Have you or your family members previously contracted the Covid-19 virus? Yes…………………………………………………………………………………………………………………. 1 No……………………………………………………………………………………………………………….. ….2,"0=No, 1=Yes",
w1,,covid_govt_handling,,,,"1=Very badly, 2=Fairly badly, 3=Fairly well, 4=Very well",Not included in this wave
w2,,covid_govt_handling,,,,"1=Very badly, 2=Fairly badly, 3=Fairly well, 4=Very well",Not included in this wave
w3,,covid_govt_handling,,,,"1=Very badly, 2=Fairly badly, 3=Fairly well, 4=Very well",Not included in this wave
w4,,covid_govt_handling,,,,"1=Very badly, 2=Fairly badly, 3=Fairly well, 4=Very well",Not included in this wave
w5,,covid_govt_handling,,,,"1=Very badly, 2=Fairly badly, 3=Fairly well, 4=Very well",Not included in this wave
w6,q142,covid_govt_handling,S. COVID-19,,How well or badly do you think the government handled the pandemic? Very well…………………………………………………………………………………………………………1 Quite well…………………………………………………………………………………………………...…….2,"1=Very badly, 2=Fairly badly, 3=Fairly well, 4=Very well",
w1,,covid_impact_education,,,,"0=No, 1=Yes",Not included in this wave
w2,,covid_impact_education,,,,"0=No, 1=Yes",Not included in this wave
w3,,covid_impact_education,,,,"0=No, 1=Yes",Not included in this wave
w4,,covid_impact_education,,,,"0=No, 1=Yes",Not included in this wave
w5,,covid_impact_education,,,,"0=No, 1=Yes",Not included in this wave
w6,q139d,covid_impact_education,,,Did you or family suffer from disruption of kids' education due to COVID?,"0=No, 1=Yes",Sub-item/derived variable (not a standalone question)
w1,,covid_impact_illness,,,,"0=No, 1=Yes",Not included in this wave
w2,,covid_impact_illness,,,,"0=No, 1=Yes",Not included in this wave
w3,,covid_impact_illness,,,,"0=No, 1=Yes",Not included in this wave
w4,,covid_impact_illness,,,,"0=No, 1=Yes",Not included in this wave
w5,,covid_impact_illness,,,,"0=No, 1=Yes",Not included in this wave
w6,q139a,covid_impact_illness,,,Did you or family suffer from serious illness or death due to COVID?,"0=No, 1=Yes",Sub-item/derived variable (not a standalone question)
w1,,covid_impact_income_loss,,,,"0=No, 1=Yes",Not included in this wave
w2,,covid_impact_income_loss,,,,"0=No, 1=Yes",Not included in this wave
w3,,covid_impact_income_loss,,,,"0=No, 1=Yes",Not included in this wave
w4,,covid_impact_income_loss,,,,"0=No, 1=Yes",Not included in this wave
w5,,covid_impact_income_loss,,,,"0=No, 1=Yes",Not included in this wave
w6,q139c,covid_impact_income_loss,,,Did you or family suffer from loss of household income due to COVID?,"0=No, 1=Yes",Sub-item/derived variable (not a standalone question)
w1,,covid_impact_job_loss,,,,"0=No, 1=Yes",Not included in this wave
w2,,covid_impact_job_loss,,,,"0=No, 1=Yes",Not included in this wave
w3,,covid_impact_job_loss,,,,"0=No, 1=Yes",Not included in this wave
w4,,covid_impact_job_loss,,,,"0=No, 1=Yes",Not included in this wave
w5,,covid_impact_job_loss,,,,"0=No, 1=Yes",Not included in this wave
w6,q139b,covid_impact_job_loss,,,Did you or family suffer from loss of job due to COVID?,"0=No, 1=Yes",Sub-item/derived variable (not a standalone question)
w1,,covid_livelihood_impact,,,,"1=Not serious at all, 2=Not very serious, 3=Somewhat serious, 4=Very serious",Not included in this wave
w2,,covid_livelihood_impact,,,,"1=Not serious at all, 2=Not very serious, 3=Somewhat serious, 4=Very serious",Not included in this wave
w3,,covid_livelihood_impact,,,,"1=Not serious at all, 2=Not very serious, 3=Somewhat serious, 4=Very serious",Not included in this wave
w4,,covid_livelihood_impact,,,,"1=Not serious at all, 2=Not very serious, 3=Somewhat serious, 4=Very serious",Not included in this wave
w5,,covid_livelihood_impact,,,,"1=Not serious at all, 2=Not very serious, 3=Somewhat serious, 4=Very serious",Not included in this wave
w6,q140,covid_livelihood_impact,S. COVID-19,,"Thinking of the negative impact of Covid-19 on your family’s livelihood, how serious it is in your view? Very serious impact……………………………………………………………………………………….…1 Serious impact ……………………………………………………………………………...……………….2 Some impact, but not serious………………………………………………………………………..……..3 Not much impact……………………………………………………………………………………………..4","1=Not serious at all, 2=Not very serious, 3=Somewhat serious, 4=Very serious",
w1,,covid_restrict_censor_media,,,,"1=Never, 2=Sometimes, 3=Always",Not included in this wave
w2,,covid_restrict_censor_media,,,,"1=Never, 2=Sometimes, 3=Always",Not included in this wave
w3,,covid_restrict_censor_media,,,,"1=Never, 2=Sometimes, 3=Always",Not included in this wave
w4,,covid_restrict_censor_media,,,,"1=Never, 2=Sometimes, 3=Always",Not included in this wave
w5,,covid_restrict_censor_media,,,,"1=Never, 2=Sometimes, 3=Always",Not included in this wave
w6,q143c,covid_restrict_censor_media,,,"When there is a public health challenge like COVID, is it justifiable for the government to censor the media?","1=Never, 2=Sometimes, 3=Always",Sub-item/derived variable (not a standalone question)
w1,,covid_restrict_limit_assembly,,,,"1=Never, 2=Sometimes, 3=Always",Not included in this wave
w2,,covid_restrict_limit_assembly,,,,"1=Never, 2=Sometimes, 3=Always",Not included in this wave
w3,,covid_restrict_limit_assembly,,,,"1=Never, 2=Sometimes, 3=Always",Not included in this wave
w4,,covid_restrict_limit_assembly,,,,"1=Never, 2=Sometimes, 3=Always",Not included in this wave
w5,,covid_restrict_limit_assembly,,,,"1=Never, 2=Sometimes, 3=Always",Not included in this wave
w6,q143b,covid_restrict_limit_assembly,,,"When there is a public health challenge like COVID, is it justifiable for the government to limit freedom of speech or assembly?","1=Never, 2=Sometimes, 3=Always",Sub-item/derived variable (not a standalone question)
w1,,covid_restrict_lockdown,,,,"1=Never, 2=Sometimes, 3=Always",Not included in this wave
w2,,covid_restrict_lockdown,,,,"1=Never, 2=Sometimes, 3=Always",Not included in this wave
w3,,covid_restrict_lockdown,,,,"1=Never, 2=Sometimes, 3=Always",Not included in this wave
w4,,covid_restrict_lockdown,,,,"1=Never, 2=Sometimes, 3=Always",Not included in this wave
w5,,covid_restrict_lockdown,,,,"1=Never, 2=Sometimes, 3=Always",Not included in this wave
w6,q143e,covid_restrict_lockdown,,,"When there is a public health challenge like COVID, is it justifiable for the government to impose a lockdown for a long time?","1=Never, 2=Sometimes, 3=Always",Sub-item/derived variable (not a standalone question)
w1,,covid_restrict_postpone_elections,,,,"1=Never, 2=Sometimes, 3=Always",Not included in this wave
w2,,covid_restrict_postpone_elections,,,,"1=Never, 2=Sometimes, 3=Always",Not included in this wave
w3,,covid_restrict_postpone_elections,,,,"1=Never, 2=Sometimes, 3=Always",Not included in this wave
w4,,covid_restrict_postpone_elections,,,,"1=Never, 2=Sometimes, 3=Always",Not included in this wave
w5,,covid_restrict_postpone_elections,,,,"1=Never, 2=Sometimes, 3=Always",Not included in this wave
w6,q143a,covid_restrict_postpone_elections,,,"When there is a public health challenge like COVID, is it justifiable for the government to postpone elections?","1=Never, 2=Sometimes, 3=Always",Sub-item/derived variable (not a standalone question)
w1,,covid_restrict_track_location,,,,"1=Never, 2=Sometimes, 3=Always",Not included in this wave
w2,,covid_restrict_track_location,,,,"1=Never, 2=Sometimes, 3=Always",Not included in this wave
w3,,covid_restrict_track_location,,,,"1=Never, 2=Sometimes, 3=Always",Not included in this wave
w4,,covid_restrict_track_location,,,,"1=Never, 2=Sometimes, 3=Always",Not included in this wave
w5,,covid_restrict_track_location,,,,"1=Never, 2=Sometimes, 3=Always",Not included in this wave
w6,q143d,covid_restrict_track_location,,,"When there is a public health challenge like COVID, is it justifiable for the government to track citizens' locations at all times?","1=Never, 2=Sometimes, 3=Always",Sub-item/derived variable (not a standalone question)
w1,,covid_trust_govt_info,,,,"1=No trust at all, 2=Not much trust, 3=Quite a lot of trust, 4=A great deal of trust",Not included in this wave
w2,,covid_trust_govt_info,,,,"1=No trust at all, 2=Not much trust, 3=Quite a lot of trust, 4=A great deal of trust",Not included in this wave
w3,,covid_trust_govt_info,,,,"1=No trust at all, 2=Not much trust, 3=Quite a lot of trust, 4=A great deal of trust",Not included in this wave
w4,,covid_trust_govt_info,,,,"1=No trust at all, 2=Not much trust, 3=Quite a lot of trust, 4=A great deal of trust",Not included in this wave
w5,,covid_trust_govt_info,,,,"1=No trust at all, 2=Not much trust, 3=Quite a lot of trust, 4=A great deal of trust",Not included in this wave
w6,q141,covid_trust_govt_info,S. COVID-19,,How much do you trust the Covid-19 related information provided by the government? Not,"1=No trust at all, 2=Not much trust, 3=Quite a lot of trust, 4=A great deal of trust",
w1,,current_status_unemployed,,,,"1=Retired, 2=Housewife, 3=Student, 4=Disabled, 5=Unemployed, 6=Other",Not included in this wave
w2,,current_status_unemployed,,,,"1=Retired, 2=Housewife, 3=Student, 4=Disabled, 5=Unemployed, 6=Other",Not included in this wave
w3,se9e,current_status_unemployed,,,What is your current status? (for non-employed),"1=Retired, 2=Housewife, 3=Student, 4=Disabled, 5=Unemployed, 6=Other",Socio-demographic section (not in core questionnaire)
w4,se9e,current_status_unemployed,,,What is your current status? (for non-employed),"1=Retired, 2=Housewife, 3=Student, 4=Disabled, 5=Unemployed, 6=Other",Socio-demographic section (not in core questionnaire)
w5,SE9E,current_status_unemployed,,,What is your current status? (for non-employed),"1=Retired, 2=Housewife, 3=Student, 4=Disabled, 5=Unemployed, 6=Other",Socio-demographic section (not in core questionnaire)
w6,se9e,current_status_unemployed,,,What is your current status? (for non-employed),"1=Retired, 2=Housewife, 3=Student, 4=Disabled, 5=Unemployed, 6=Other",Socio-demographic section (not in core questionnaire)
w1,q117,dem_always_preferable,O.	DEMOCRATIC LEGITIMACY AND PREFERENCE FOR DEMOCRACY,,Which of the following statements comes closest to your own opinion? (STATEMENT CARD),"1=Democracy is always preferable, 2=Authoritarian sometimes preferable, 3=Doesn't matter what kind of regime",
w2,q121,dem_always_preferable,Q.	DEMOCRATIC LEGITIMACY AND PREFERENCE FOR DEMOCRACY,,Which of the following statements comes closest to your own opinion?,"1=Democracy is always preferable, 2=Authoritarian sometimes preferable, 3=Doesn't matter what kind of regime",
w3,q124,dem_always_preferable,P.  DEMOCRATIC LEGITIMACY AND PREFERENCE FOR DEMOCRACY,,Which of the following statements comes closest to your own opinion?,"1=Democracy is always preferable, 2=Authoritarian sometimes preferable, 3=Doesn't matter what kind of regime",
w4,q125,dem_always_preferable,Q. DEMOCRATIC LEGITIMACY AND PREFERENCE FOR DEMOCRACY,,Which of the following statements comes closest to your own opinion?,"1=Democracy is always preferable, 2=Authoritarian sometimes preferable, 3=Doesn't matter what kind of regime",
w5,q132,dem_always_preferable,Q. DEMOCRATIC LEGITIMACY AND PREFERENCE FOR DEMOCRACY,,Which of the following statements comes closest to your own opinion?,"1=Democracy is always preferable, 2=Authoritarian sometimes preferable, 3=Doesn't matter what kind of regime",
w6,q124,dem_always_preferable,Q. DEMOCRATIC LEGITIMACY AND PREFERENCE FOR DEMOCRACY,,Which of the following statements comes closest to your own opinion?,"1=Democracy is always preferable, 2=Authoritarian sometimes preferable, 3=Doesn't matter what kind of regime",
w1,,dem_best_form,,,,"1=Strongly disagree, 2=Disagree, 3=Agree, 4=Strongly agree",Not included in this wave
w2,,dem_best_form,,,,"1=Strongly disagree, 2=Disagree, 3=Agree, 4=Strongly agree",Not included in this wave
w3,q128,dem_best_form,P.  DEMOCRATIC LEGITIMACY AND PREFERENCE FOR DEMOCRACY,,"Do you agree or disagree with the following statement: “Democracy may have its problems, but it is still the best form of government.”","1=Strongly disagree, 2=Disagree, 3=Agree, 4=Strongly agree",
w4,q129,dem_best_form,Q. DEMOCRATIC LEGITIMACY AND PREFERENCE FOR DEMOCRACY,,"Do you agree or disagree with the following statement: “Democracy may have its problems, but it is still the best form of government.”","1=Strongly disagree, 2=Disagree, 3=Agree, 4=Strongly agree",
w5,q136,dem_best_form,Q. DEMOCRATIC LEGITIMACY AND PREFERENCE FOR DEMOCRACY,,"Do you agree or disagree with the following statement: “Democracy may have its problems, but it is still the best form of government.”","1=Strongly disagree, 2=Disagree, 3=Agree, 4=Strongly agree",
w6,q128,dem_best_form,Q. DEMOCRATIC LEGITIMACY AND PREFERENCE FOR DEMOCRACY,,"Do you agree or disagree with the following statement: “Democracy may have its problems, but it is still the best form of government.”","1=Strongly disagree, 2=Disagree, 3=Agree, 4=Strongly agree",
w1,q099,dem_country_authoritarian,M.	PREFERENCE FOR DEMOCRACY,,Where would you place our country on this scale during the period of [name of the most recent government under authoritarian rule]? (RATING BOARD) Complete Complete Dictatorship Democracy,"1=Complete dictatorship, 10=Complete democracy",
w2,,dem_country_authoritarian,,,,"1=Complete dictatorship, 10=Complete democracy",Not included in this wave
w3,,dem_country_authoritarian,,,,"1=Complete dictatorship, 10=Complete democracy",Not included in this wave
w4,,dem_country_authoritarian,,,,"1=Complete dictatorship, 10=Complete democracy",Not included in this wave
w5,,dem_country_authoritarian,,,,"1=Complete dictatorship, 10=Complete democracy",Not included in this wave
w6,,dem_country_authoritarian,,,,"1=Complete dictatorship, 10=Complete democracy",Not included in this wave
w1,q102,dem_country_future,M.	PREFERENCE FOR DEMOCRACY,Here is a scale: 1 means completely undemocratic and 10 means completely democratic. Completely Completely Undemocratic Democratic,Where do you expect our country to be in five years? (RATING BOARD) Complete Complete Dictatorship Democracy,"1=Complete dictatorship, 10=Complete democracy",
w2,,dem_country_future,,,,"1=Complete dictatorship, 10=Complete democracy",Not included in this wave
w3,q93,dem_country_future,L.  SATISFACTION WITH GOVERNMENT AND DEMOCRACY,Here is a scale: 1 means completely undemocratic and 10 means completely democratic. Completely Completely Undemocratic Democratic,Where would you want our country to be in the future? Completely Completely Undemocratic Democratic,"1=Complete dictatorship, 10=Complete democracy",
w4,q96,dem_country_future,M. SATISFACTION WITH GOVERNMENT AND DEMOCRACY,Here is a scale: 1 means completely undemocratic and 10 means completely democratic. Completely Completely Undemocratic Democratic,Where would you expect our country to be ten years from now? Completely Completely Undemocratic Democratic,"1=Complete dictatorship, 10=Complete democracy",
w5,q103,dem_country_future,M. SATISFACTION WITH GOVERNMENT AND DEMOCRACY,Here is a scale: 1 means completely undemocratic and 10 means completely democratic. Completely Completely Undemocratic Democratic,Where would you expect our country to be ten years from now? Completely Completely Undemocratic Democratic,"1=Complete dictatorship, 10=Complete democracy",
w6,q94,dem_country_future,M. SATISFACTION WITH GOVERNMENT AND DEMOCRACY,Here is a scale: 1 means completely undemocratic and 10 means completely democratic. Completely Completely Undemocratic Democratic,Where would you expect our country to be ten years from now? Completely Completely Undemocratic Democratic,"1=Complete dictatorship, 10=Complete democracy",
w1,,dem_country_past,,,,"1=Complete dictatorship, 10=Complete democracy",Not included in this wave
w2,,dem_country_past,,,,"1=Complete dictatorship, 10=Complete democracy",Not included in this wave
w3,q92,dem_country_past,L.  SATISFACTION WITH GOVERNMENT AND DEMOCRACY,Here is a scale: 1 means completely undemocratic and 10 means completely democratic. Completely Completely Undemocratic Democratic,Where would you place our country ten years ago? Completely Completely Undemocratic Democratic,"1=Complete dictatorship, 10=Complete democracy",
w4,q95,dem_country_past,M. SATISFACTION WITH GOVERNMENT AND DEMOCRACY,Here is a scale: 1 means completely undemocratic and 10 means completely democratic. Completely Completely Undemocratic Democratic,Where would you place our country ten years ago? Completely Completely Undemocratic Democratic,"1=Complete dictatorship, 10=Complete democracy",
w5,q102,dem_country_past,M. SATISFACTION WITH GOVERNMENT AND DEMOCRACY,Here is a scale: 1 means completely undemocratic and 10 means completely democratic. Completely Completely Undemocratic Democratic,Where would you place our country ten years ago? Completely Completely Undemocratic Democratic,"1=Complete dictatorship, 10=Complete democracy",
w6,q93,dem_country_past,M. SATISFACTION WITH GOVERNMENT AND DEMOCRACY,Here is a scale: 1 means completely undemocratic and 10 means completely democratic. Completely Completely Undemocratic Democratic,Where would you place our country ten years ago? Completely Completely Undemocratic Democratic,"1=Complete dictatorship, 10=Complete democracy",
w1,q100,dem_country_present_govt,M.	PREFERENCE FOR DEMOCRACY,Here is a scale: 1 means completely undemocratic and 10 means completely democratic. Completely Completely Undemocratic Democratic,Where would you place our country under the present government? (RATING BOARD) Complete Complete Dictatorship Democracy,"1=Complete dictatorship, 10=Complete democracy",
w2,q96,dem_country_present_govt,N.	SATISFACTION WITH GOVERNMENT AND DEMOCRACY,Here is a scale: 1 means complete dictatorship and 10 means complete democracy. Complete Complete Dictatorship Democracy,Where would you place our country under the present government? Complete Complete Dictatorship Democracy,"1=Complete dictatorship, 10=Complete democracy",
w3,q91,dem_country_present_govt,L.  SATISFACTION WITH GOVERNMENT AND DEMOCRACY,Here is a scale: 1 means completely undemocratic and 10 means completely democratic. Completely Completely Undemocratic Democratic,Where would you place our country under the present government? Completely Completely Undemocratic Democratic,"1=Complete dictatorship, 10=Complete democracy",
w4,q94,dem_country_present_govt,M. SATISFACTION WITH GOVERNMENT AND DEMOCRACY,Here is a scale: 1 means completely undemocratic and 10 means completely democratic. Completely Completely Undemocratic Democratic,Where would you place our country under the present government? Completely Completely Undemocratic Democratic,"1=Complete dictatorship, 10=Complete democracy",
w5,q101,dem_country_present_govt,M. SATISFACTION WITH GOVERNMENT AND DEMOCRACY,Here is a scale: 1 means completely undemocratic and 10 means completely democratic. Completely Completely Undemocratic Democratic,Where would you place our country under the present government? Completely Completely Undemocratic Democratic,"1=Complete dictatorship, 10=Complete democracy",
w6,q92,dem_country_present_govt,M. SATISFACTION WITH GOVERNMENT AND DEMOCRACY,Here is a scale: 1 means completely undemocratic and 10 means completely democratic. Completely Completely Undemocratic Democratic,Where would you place our country under the present government? Completely Completely Undemocratic Democratic,"1=Complete dictatorship, 10=Complete democracy",
w1,,dem_elections_attention,,,,"1=Not at all, 2=A little, 3=Somewhat, 4=A lot",Not included in this wave
w2,,dem_elections_attention,,,,"1=Not at all, 2=A little, 3=Somewhat, 4=A lot",Not included in this wave
w3,q115,dem_elections_attention,N.  QUALITY OF GOVERNANCE,,How much do you feel that having elections makes the government pay attention to what the people think?,"1=Not at all, 2=A little, 3=Somewhat, 4=A lot",
w4,q116,dem_elections_attention,O. QUALITY OF GOVERNANCE,,How much do you feel that having elections makes the government A,"1=Not at all, 2=A little, 3=Somewhat, 4=A lot",
w5,,dem_elections_attention,,,,"1=Not at all, 2=A little, 3=Somewhat, 4=A lot",Not included in this wave
w6,,dem_elections_attention,,,,"1=Not at all, 2=A little, 3=Somewhat, 4=A lot",Not included in this wave
w1,,dem_equal_media_access,,,,"1=Strongly disagree, 2=Somewhat disagree, 3=Somewhat agree, 4=Strongly agree",Not included in this wave
w2,q105,dem_equal_media_access,N.	SATISFACTION WITH GOVERNMENT AND DEMOCRACY,"Now I am going to read to you a list of statements that describe how people often feel about the state of affairs in [country name]. Please tell me whether you strongly agree, somewhat agree, somewhat disagree, or strongly disagree with each of these statements.",Political parties or candidates in our country have equal access to the mass media during the election period.,"1=Strongly disagree, 2=Somewhat disagree, 3=Somewhat agree, 4=Strongly agree",
w3,q99,dem_equal_media_access,N.  QUALITY OF GOVERNANCE,"Now I am going to read to you a list of statements that describe how people often feel about the state of affairs in [country name]. Please tell me whether you strongly agree, somewhat agree, somewhat disagree, or strongly disagree with each of these statements.",Political parties or candidates in our country have equal access to the mass media during the election period.,"1=Strongly disagree, 2=Somewhat disagree, 3=Somewhat agree, 4=Strongly agree",
w4,q102,dem_equal_media_access,O. QUALITY OF GOVERNANCE,"Now I am going to read to you a list of statements that describe how people often feel about the state of affairs in [country name]. Please tell me whether you strongly agree, somewhat agree, somewhat disagree, or strongly disagree with each of these statements.",Political parties or candidates in our country have equal access to the mass media during the election period.,"1=Strongly disagree, 2=Somewhat disagree, 3=Somewhat agree, 4=Strongly agree",
w5,,dem_equal_media_access,,,,"1=Strongly disagree, 2=Somewhat disagree, 3=Somewhat agree, 4=Strongly agree",Not included in this wave
w6,,dem_equal_media_access,,,,"1=Strongly disagree, 2=Somewhat disagree, 3=Somewhat agree, 4=Strongly agree",Not included in this wave
w1,,dem_essential_core,,,,"0=Expressive (freedom to express/criticize), 1=Electoral (free and fair elections)",Not included in this wave
w2,q92,dem_essential_core,M.	MEANING OF DEMOCRACY   [coding scheme will be provided separately],"Many things may be desirable, but not all of them are essential characteristics of democracy. If you have to choose only one from each of four sets of statements that I am going to read, which one would you choose as the most essential characteristic of a democracy?",Set 1 of 4: (1) Government narrows the gap between the rich and the poor; (2) People choose the government leaders in free and fair election; (3) Government does not waste any public money; (4) People are free to express their political views openly. [Items are repeated as sets 2-4 with parallel structure across q85-88; the harmonized variable indexes the respondent's selection across all four sets.],"0=Expressive (freedom to express/criticize), 1=Electoral (free and fair elections)",
w3,q85,dem_essential_core,K.  MEANING OF DEMOCRACY【GBS used the original design】,,,"0=Expressive (freedom to express/criticize), 1=Electoral (free and fair elections)",
w4,q88,dem_essential_core,L. MEANING OF DEMOCRACY【GBS used the original design】,"Many things may be desirable, but not all of them are essential characteristics of democracy. If you have to choose only one from each four sets of statements that I am going to read, which one would you choose as the most essential characteristics of a democracy? (Please read out options 1 to 4)",,"0=Expressive (freedom to express/criticize), 1=Electoral (free and fair elections)",
w5,q98,dem_essential_core,L. MEANING OF DEMOCRACY,"Many things may be desirable, but not all of them are essential characteristics of democracy. If you have to choose only one from each four sets of statements that I am going to read, which one would you choose as the most essential characteristics of a democracy? (Please read out options 1 to 4)","If you have to choose only one, which of the following you think is the most essential element of a democracy? (randomize the order if possible)","0=Expressive (freedom to express/criticize), 1=Electoral (free and fair elections)",
w6,q85,dem_essential_core,L. MEANING OF DEMOCRACY,"Many things may be desirable, but not all of them are essential characteristics of democracy. If you have to choose only one from each four sets of statements that I am going to read, which one would you choose as the most essential characteristics of a democracy? (Please read out options 1 to 4)",,"0=Expressive (freedom to express/criticize), 1=Electoral (free and fair elections)",
w1,,dem_essential_harmonized,,,,"1=Electoral (free and fair elections), 2=Expressive (freedom to express/criticize), 3=Redistributive (narrow income gap), 4=Basic needs (necessities for all), 5=Good governance (no waste/corruption)",Not included in this wave
w2,q92,dem_essential_harmonized,M.	MEANING OF DEMOCRACY   [coding scheme will be provided separately],"Many things may be desirable, but not all of them are essential characteristics of democracy. If you have to choose only one from each of four sets of statements that I am going to read, which one would you choose as the most essential characteristic of a democracy?",Set 1 of 4: (1) Government narrows the gap between the rich and the poor; (2) People choose the government leaders in free and fair election; (3) Government does not waste any public money; (4) People are free to express their political views openly. [Items are repeated as sets 2-4 with parallel structure across q85-88; the harmonized variable indexes the respondent's selection across all four sets.],"1=Electoral (free and fair elections), 2=Expressive (freedom to express/criticize), 3=Redistributive (narrow income gap), 4=Basic needs (necessities for all), 5=Good governance (no waste/corruption)",
w3,q85,dem_essential_harmonized,K.  MEANING OF DEMOCRACY【GBS used the original design】,,,"1=Electoral (free and fair elections), 2=Expressive (freedom to express/criticize), 3=Redistributive (narrow income gap), 4=Basic needs (necessities for all), 5=Good governance (no waste/corruption)",
w4,q88,dem_essential_harmonized,L. MEANING OF DEMOCRACY【GBS used the original design】,"Many things may be desirable, but not all of them are essential characteristics of democracy. If you have to choose only one from each four sets of statements that I am going to read, which one would you choose as the most essential characteristics of a democracy? (Please read out options 1 to 4)",,"1=Electoral (free and fair elections), 2=Expressive (freedom to express/criticize), 3=Redistributive (narrow income gap), 4=Basic needs (necessities for all), 5=Good governance (no waste/corruption)",
w5,q98,dem_essential_harmonized,L. MEANING OF DEMOCRACY,"Many things may be desirable, but not all of them are essential characteristics of democracy. If you have to choose only one from each four sets of statements that I am going to read, which one would you choose as the most essential characteristics of a democracy? (Please read out options 1 to 4)","If you have to choose only one, which of the following you think is the most essential element of a democracy? (randomize the order if possible)","1=Electoral (free and fair elections), 2=Expressive (freedom to express/criticize), 3=Redistributive (narrow income gap), 4=Basic needs (necessities for all), 5=Good governance (no waste/corruption)",
w6,q85,dem_essential_harmonized,L. MEANING OF DEMOCRACY,"Many things may be desirable, but not all of them are essential characteristics of democracy. If you have to choose only one from each four sets of statements that I am going to read, which one would you choose as the most essential characteristics of a democracy? (Please read out options 1 to 4)",,"1=Electoral (free and fair elections), 2=Expressive (freedom to express/criticize), 3=Redistributive (narrow income gap), 4=Basic needs (necessities for all), 5=Good governance (no waste/corruption)",
w1,,dem_extent_current,,,,,Not fielded in this wave (YAML source: null; stale verbatim row cleared 2026-05-16)
w2,q94,dem_extent_current,N.	SATISFACTION WITH GOVERNMENT AND DEMOCRACY,,"In your opinion how much of a democracy is [Country Name] ? (Read out options. Only one option to be chosen.) A full democracy……………………………………………………………..1 A democracy, but with minor problems……………………………………2 A democracy, with major problems………………………………………..3 Not a democracy…………………………………………………………….4","1=Complete dictatorship, 10=Complete democracy",
w3,q90,dem_extent_current,L.  SATISFACTION WITH GOVERNMENT AND DEMOCRACY,,In your opinion how much of a democracy is [Country Name] ? (Read out options. Only one option to be chosen.),"1=Complete dictatorship, 10=Complete democracy",
w4,q93,dem_extent_current,M. SATISFACTION WITH GOVERNMENT AND DEMOCRACY,,In your opinion how much of a democracy is [Country Name] ? A full democracy ......................................................,"1=Complete dictatorship, 10=Complete democracy",
w5,q100,dem_extent_current,M. SATISFACTION WITH GOVERNMENT AND DEMOCRACY,,In your opinion how much of a democracy is [Country Name] ? A full democracy ......................................................,"1=Complete dictatorship, 10=Complete democracy",
w6,q91,dem_extent_current,M. SATISFACTION WITH GOVERNMENT AND DEMOCRACY,,In your opinion how much of a democracy is [Country Name] ? A full democracy ......................................................,"1=Complete dictatorship, 10=Complete democracy",
w1,,dem_free_speech,,,,"1=Strongly disagree, 2=Somewhat disagree, 3=Somewhat agree, 4=Strongly agree",Not included in this wave
w2,q110,dem_free_speech,N.	SATISFACTION WITH GOVERNMENT AND DEMOCRACY,"Now I am going to read to you a list of statements that describe how people often feel about the state of affairs in [country name]. Please tell me whether you strongly agree, somewhat agree, somewhat disagree, or strongly disagree with each of these statements.",People are free to speak what they think without fear.,"1=Strongly disagree, 2=Somewhat disagree, 3=Somewhat agree, 4=Strongly agree",
w3,q106,dem_free_speech,N.  QUALITY OF GOVERNANCE,"Now I am going to read to you a list of statements that describe how people often feel about the state of affairs in [country name]. Please tell me whether you strongly agree, somewhat agree, somewhat disagree, or strongly disagree with each of these statements.",People are free to speak what they think without fear.,"1=Strongly disagree, 2=Somewhat disagree, 3=Somewhat agree, 4=Strongly agree",
w4,q108,dem_free_speech,O. QUALITY OF GOVERNANCE,"Now I am going to read to you a list of statements that describe how people often feel about the state of affairs in [country name]. Please tell me whether you strongly agree, somewhat agree, somewhat disagree, or strongly disagree with each of these statements.",People are free to speak what they think without fear.,"1=Strongly disagree, 2=Somewhat disagree, 3=Somewhat agree, 4=Strongly agree",
w5,q115,dem_free_speech,O. QUALITY OF GOVERNANCE,"Now I am going to read to you a list of statements that describe how people often feel about the state of affairs in [country name]. Please tell me whether you strongly agree, somewhat agree, somewhat disagree, or strongly disagree with each of these statements.",People are free to speak what they think without fear.,"1=Strongly disagree, 2=Somewhat disagree, 3=Somewhat agree, 4=Strongly agree",
w6,q106,dem_free_speech,O. QUALITY OF GOVERNANCE,"Now I am going to read to you a list of statements that describe how people often feel about the state of affairs in [country name]. Please tell me whether you strongly agree, somewhat agree, somewhat disagree, or strongly disagree with each of these statements.",People are free to speak what they think without fear.,"1=Strongly disagree, 2=Somewhat disagree, 3=Somewhat agree, 4=Strongly agree",
w1,,dem_india_scale,,,,"1=Complete dictatorship, 10=Complete democracy",Not included in this wave
w2,,dem_india_scale,,,,"1=Complete dictatorship, 10=Complete democracy",Not included in this wave
w3,q123,dem_india_scale,O.  REGIME EVALUATION,Remember the scale that we used before: 1 means completely undemocratic and 10 means completely democratic. Completely Completely Undemocratic Democratic,Where would you place India today on this scale? Completely Completely Undemocratic Democratic,"1=Complete dictatorship, 10=Complete democracy",
w4,q124,dem_india_scale,P. REGIME EVALUATION,Remember the scale that we used before: 1 means completely undemocratic and 10 means completely democratic. Completely Completely Undemocratic Democratic,Where would you place India today on this scale? Completely Completely Undemocratic Democratic,"1=Complete dictatorship, 10=Complete democracy",
w5,q131,dem_india_scale,P. REGIME EVALUATION,Remember the scale that we used before: 1 means completely undemocratic and 10 means completely democratic. Completely Completely Undemocratic Democratic,Where would you place India today on this scale? Completely Completely Undemocratic Democratic,"1=Complete dictatorship, 10=Complete democracy",
w6,q123,dem_india_scale,P. REGIME EVALUATION,Remember the scale that we used before: 1 means completely undemocratic and 10 means completely democratic. Completely Completely Undemocratic Democratic,Where would you place India today on this scale? Completely Completely Undemocratic Democratic,"1=Complete dictatorship, 10=Complete democracy",
w1,,dem_japan_scale,,,,"1=Complete dictatorship, 10=Complete democracy",Not included in this wave
w2,,dem_japan_scale,,,,"1=Complete dictatorship, 10=Complete democracy",Not included in this wave
w3,q122,dem_japan_scale,O.  REGIME EVALUATION,Remember the scale that we used before: 1 means completely undemocratic and 10 means completely democratic. Completely Completely Undemocratic Democratic,Where would you place Japan today on this scale? Completely Completely Undemocratic Democratic,"1=Complete dictatorship, 10=Complete democracy",
w4,q123,dem_japan_scale,P. REGIME EVALUATION,Remember the scale that we used before: 1 means completely undemocratic and 10 means completely democratic. Completely Completely Undemocratic Democratic,Where would you place Japan today on this scale? Completely Completely Undemocratic Democratic,"1=Complete dictatorship, 10=Complete democracy",
w5,q130,dem_japan_scale,P. REGIME EVALUATION,Remember the scale that we used before: 1 means completely undemocratic and 10 means completely democratic. Completely Completely Undemocratic Democratic,Where would you place Japan today on this scale? Completely Completely Undemocratic Democratic,"1=Complete dictatorship, 10=Complete democracy",
w6,q122,dem_japan_scale,P. REGIME EVALUATION,Remember the scale that we used before: 1 means completely undemocratic and 10 means completely democratic. Completely Completely Undemocratic Democratic,Where would you place Japan today on this scale? Completely Completely Undemocratic Democratic,"1=Complete dictatorship, 10=Complete democracy",
w1,,dem_meaning_set1,,,,"1=Government narrows gap between rich and poor, 2=People choose leaders in free and fair elections, 3=Government does not waste public money, 4=People free to express political views openly",Not included in this wave
w2,,dem_meaning_set1,,,,"1=Government narrows gap between rich and poor, 2=People choose leaders in free and fair elections, 3=Government does not waste public money, 4=People free to express political views openly",Not included in this wave
w3,q85,dem_meaning_set1,K.  MEANING OF DEMOCRACY【GBS used the original design】,,,"1=Government narrows gap between rich and poor, 2=People choose leaders in free and fair elections, 3=Government does not waste public money, 4=People free to express political views openly",
w4,q88,dem_meaning_set1,L. MEANING OF DEMOCRACY【GBS used the original design】,"Many things may be desirable, but not all of them are essential characteristics of democracy. If you have to choose only one from each four sets of statements that I am going to read, which one would you choose as the most essential characteristics of a democracy? (Please read out options 1 to 4)",,"1=Government narrows gap between rich and poor, 2=People choose leaders in free and fair elections, 3=Government does not waste public money, 4=People free to express political views openly",
w5,,dem_meaning_set1,,,,"1=Government narrows gap between rich and poor, 2=People choose leaders in free and fair elections, 3=Government does not waste public money, 4=People free to express political views openly",Not included in this wave
w6,q85,dem_meaning_set1,L. MEANING OF DEMOCRACY,"Many things may be desirable, but not all of them are essential characteristics of democracy. If you have to choose only one from each four sets of statements that I am going to read, which one would you choose as the most essential characteristics of a democracy? (Please read out options 1 to 4)",,"1=Government narrows gap between rich and poor, 2=People choose leaders in free and fair elections, 3=Government does not waste public money, 4=People free to express political views openly",
w1,,dem_meaning_set2,,,,"1=Legislature has oversight over government, 2=Basic necessities provided for all, 3=People free to organize political groups, 4=Government provides quality public services",Not included in this wave
w2,,dem_meaning_set2,,,,"1=Legislature has oversight over government, 2=Basic necessities provided for all, 3=People free to organize political groups, 4=Government provides quality public services",Not included in this wave
w3,q86,dem_meaning_set2,K.  MEANING OF DEMOCRACY【GBS used the original design】,,,"1=Legislature has oversight over government, 2=Basic necessities provided for all, 3=People free to organize political groups, 4=Government provides quality public services",
w4,q89,dem_meaning_set2,L. MEANING OF DEMOCRACY【GBS used the original design】,"Many things may be desirable, but not all of them are essential characteristics of democracy. If you have to choose only one from each four sets of statements that I am going to read, which one would you choose as the most essential characteristics of a democracy? (Please read out options 1 to 4)",,"1=Legislature has oversight over government, 2=Basic necessities provided for all, 3=People free to organize political groups, 4=Government provides quality public services",
w5,,dem_meaning_set2,,,,"1=Legislature has oversight over government, 2=Basic necessities provided for all, 3=People free to organize political groups, 4=Government provides quality public services",Not included in this wave
w6,q86,dem_meaning_set2,L. MEANING OF DEMOCRACY,"Many things may be desirable, but not all of them are essential characteristics of democracy. If you have to choose only one from each four sets of statements that I am going to read, which one would you choose as the most essential characteristics of a democracy? (Please read out options 1 to 4)",,"1=Legislature has oversight over government, 2=Basic necessities provided for all, 3=People free to organize political groups, 4=Government provides quality public services",
w1,,dem_meaning_set3,,,,"1=Government ensures law and order, 2=Media free to criticize government, 3=Government ensures job opportunities for all, 4=Multiple parties compete fairly in elections",Not included in this wave
w2,,dem_meaning_set3,,,,"1=Government ensures law and order, 2=Media free to criticize government, 3=Government ensures job opportunities for all, 4=Multiple parties compete fairly in elections",Not included in this wave
w3,q87,dem_meaning_set3,K.  MEANING OF DEMOCRACY【GBS used the original design】,,,"1=Government ensures law and order, 2=Media free to criticize government, 3=Government ensures job opportunities for all, 4=Multiple parties compete fairly in elections",
w4,q90,dem_meaning_set3,L. MEANING OF DEMOCRACY【GBS used the original design】,"Many things may be desirable, but not all of them are essential characteristics of democracy. If you have to choose only one from each four sets of statements that I am going to read, which one would you choose as the most essential characteristics of a democracy? (Please read out options 1 to 4)",,"1=Government ensures law and order, 2=Media free to criticize government, 3=Government ensures job opportunities for all, 4=Multiple parties compete fairly in elections",
w5,,dem_meaning_set3,,,,"1=Government ensures law and order, 2=Media free to criticize government, 3=Government ensures job opportunities for all, 4=Multiple parties compete fairly in elections",Not included in this wave
w6,q87,dem_meaning_set3,L. MEANING OF DEMOCRACY,"Many things may be desirable, but not all of them are essential characteristics of democracy. If you have to choose only one from each four sets of statements that I am going to read, which one would you choose as the most essential characteristics of a democracy? (Please read out options 1 to 4)",,"1=Government ensures law and order, 2=Media free to criticize government, 3=Government ensures job opportunities for all, 4=Multiple parties compete fairly in elections",
w1,,dem_meaning_set4,,,,"1=Freedom to take part in protests and demonstrations, 2=Politics is clean and free of corruption, 3=Courts protect ordinary people from government abuse, 4=People receive state aid if unemployed",Not included in this wave
w2,,dem_meaning_set4,,,,"1=Freedom to take part in protests and demonstrations, 2=Politics is clean and free of corruption, 3=Courts protect ordinary people from government abuse, 4=People receive state aid if unemployed",Not included in this wave
w3,q88,dem_meaning_set4,K.  MEANING OF DEMOCRACY【GBS used the original design】,"Many things may be desirable, but not all of them are essential characteristics of democracy. If you have to choose only one from each four sets of statements that I am going to read, which one would you choose as the most essential characteristics of a democracy? (Please read out options 1 to 4)","Many things may be desirable, but not all of them are essential characteristics of democracy. If you have to choose only one from each four sets of statements that I am going to read, which one would you choose as the most essential characteristics of a democracy? (Please read out options 1 to 4)","1=Freedom to take part in protests and demonstrations, 2=Politics is clean and free of corruption, 3=Courts protect ordinary people from government abuse, 4=People receive state aid if unemployed",
w4,q91,dem_meaning_set4,L. MEANING OF DEMOCRACY【GBS used the original design】,"Many things may be desirable, but not all of them are essential characteristics of democracy. If you have to choose only one from each four sets of statements that I am going to read, which one would you choose as the most essential characteristics of a democracy? (Please read out options 1 to 4)",,"1=Freedom to take part in protests and demonstrations, 2=Politics is clean and free of corruption, 3=Courts protect ordinary people from government abuse, 4=People receive state aid if unemployed",
w5,,dem_meaning_set4,,,,"1=Freedom to take part in protests and demonstrations, 2=Politics is clean and free of corruption, 3=Courts protect ordinary people from government abuse, 4=People receive state aid if unemployed",Not included in this wave
w6,q88,dem_meaning_set4,L. MEANING OF DEMOCRACY,"Many things may be desirable, but not all of them are essential characteristics of democracy. If you have to choose only one from each four sets of statements that I am going to read, which one would you choose as the most essential characteristics of a democracy? (Please read out options 1 to 4)",,"1=Freedom to take part in protests and demonstrations, 2=Politics is clean and free of corruption, 3=Courts protect ordinary people from government abuse, 4=People receive state aid if unemployed",
w1,,dem_power_change_govt,,,,"1=Strongly disagree, 2=Somewhat disagree, 3=Somewhat agree, 4=Strongly agree",Not included in this wave
w2,q103,dem_power_change_govt,N.	SATISFACTION WITH GOVERNMENT AND DEMOCRACY,"Now I am going to read to you a list of statements that describe how people often feel about the state of affairs in [country name]. Please tell me whether you strongly agree, somewhat agree, somewhat disagree, or strongly disagree with each of these statements.",People have the power to change a government they don’t like.,"1=Strongly disagree, 2=Somewhat disagree, 3=Somewhat agree, 4=Strongly agree",
w3,,dem_power_change_govt,,,,"1=Strongly disagree, 2=Somewhat disagree, 3=Somewhat agree, 4=Strongly agree",Not included in this wave
w4,q101,dem_power_change_govt,O. QUALITY OF GOVERNANCE,"Now I am going to read to you a list of statements that describe how people often feel about the state of affairs in [country name]. Please tell me whether you strongly agree, somewhat agree, somewhat disagree, or strongly disagree with each of these statements.",The people are free to choose the country's leaders through elections.,"1=Strongly disagree, 2=Somewhat disagree, 3=Somewhat agree, 4=Strongly agree",
w5,,dem_power_change_govt,,,,"1=Strongly disagree, 2=Somewhat disagree, 3=Somewhat agree, 4=Strongly agree",Not included in this wave
w6,,dem_power_change_govt,,,,"1=Strongly disagree, 2=Somewhat disagree, 3=Somewhat agree, 4=Strongly agree",Not included in this wave
w1,,dem_procedural_vs_substantive,,,,"0=Substantive (redistribution/needs/governance), 1=Procedural (elections/expression)",Not included in this wave
w2,q92,dem_procedural_vs_substantive,M.	MEANING OF DEMOCRACY   [coding scheme will be provided separately],"Many things may be desirable, but not all of them are essential characteristics of democracy. If you have to choose only one from each of four sets of statements that I am going to read, which one would you choose as the most essential characteristic of a democracy?",Set 1 of 4: (1) Government narrows the gap between the rich and the poor; (2) People choose the government leaders in free and fair election; (3) Government does not waste any public money; (4) People are free to express their political views openly. [Items are repeated as sets 2-4 with parallel structure across q85-88; the harmonized variable indexes the respondent's selection across all four sets.],"0=Substantive (redistribution/needs/governance), 1=Procedural (elections/expression)",
w3,q85,dem_procedural_vs_substantive,K.  MEANING OF DEMOCRACY【GBS used the original design】,,,"0=Substantive (redistribution/needs/governance), 1=Procedural (elections/expression)",
w4,q88,dem_procedural_vs_substantive,L. MEANING OF DEMOCRACY【GBS used the original design】,"Many things may be desirable, but not all of them are essential characteristics of democracy. If you have to choose only one from each four sets of statements that I am going to read, which one would you choose as the most essential characteristics of a democracy? (Please read out options 1 to 4)",,"0=Substantive (redistribution/needs/governance), 1=Procedural (elections/expression)",
w5,q98,dem_procedural_vs_substantive,L. MEANING OF DEMOCRACY,"Many things may be desirable, but not all of them are essential characteristics of democracy. If you have to choose only one from each four sets of statements that I am going to read, which one would you choose as the most essential characteristics of a democracy? (Please read out options 1 to 4)","If you have to choose only one, which of the following you think is the most essential element of a democracy? (randomize the order if possible)","0=Substantive (redistribution/needs/governance), 1=Procedural (elections/expression)",
w6,q85,dem_procedural_vs_substantive,L. MEANING OF DEMOCRACY,"Many things may be desirable, but not all of them are essential characteristics of democracy. If you have to choose only one from each four sets of statements that I am going to read, which one would you choose as the most essential characteristics of a democracy? (Please read out options 1 to 4)",,"0=Substantive (redistribution/needs/governance), 1=Procedural (elections/expression)",
w1,,dem_rating_china,,,,"1=Completely undemocratic, 10=Completely democratic",Not included in this wave
w2,,dem_rating_china,,,,"1=Completely undemocratic, 10=Completely democratic",Not included in this wave
w3,q120,dem_rating_china,O.  REGIME EVALUATION,Remember the scale that we used before: 1 means completely undemocratic and 10 means completely democratic. Completely Completely Undemocratic Democratic,Where would you place China today on this scale? Completely Completely Undemocratic Democratic,"1=Completely undemocratic, 10=Completely democratic",
w4,q121,dem_rating_china,P. REGIME EVALUATION,Remember the scale that we used before: 1 means completely undemocratic and 10 means completely democratic. Completely Completely Undemocratic Democratic,Where would you place China today on this scale? Completely Completely Undemocratic Democratic,"1=Completely undemocratic, 10=Completely democratic",
w5,q128,dem_rating_china,P. REGIME EVALUATION,Remember the scale that we used before: 1 means completely undemocratic and 10 means completely democratic. Completely Completely Undemocratic Democratic,Where would you place China today on this scale? Completely Completely Undemocratic Democratic,"1=Completely undemocratic, 10=Completely democratic",
w6,q120,dem_rating_china,P. REGIME EVALUATION,Remember the scale that we used before: 1 means completely undemocratic and 10 means completely democratic. Completely Completely Undemocratic Democratic,Where would you place China today on this scale? Completely Completely Undemocratic Democratic,"1=Completely undemocratic, 10=Completely democratic",
w1,,dem_rating_india,,,,"1=Completely undemocratic, 10=Completely democratic",Not included in this wave
w2,,dem_rating_india,,,,"1=Completely undemocratic, 10=Completely democratic",Not included in this wave
w3,,dem_rating_india,,,,"1=Completely undemocratic, 10=Completely democratic",Not included in this wave
w4,,dem_rating_india,,,,"1=Completely undemocratic, 10=Completely democratic",Not included in this wave
w5,q131,dem_rating_india,P. REGIME EVALUATION,Remember the scale that we used before: 1 means completely undemocratic and 10 means completely democratic. Completely Completely Undemocratic Democratic,Where would you place India today on this scale? Completely Completely Undemocratic Democratic,"1=Completely undemocratic, 10=Completely democratic",
w6,,dem_rating_india,,,,"1=Completely undemocratic, 10=Completely democratic",Not included in this wave
w1,,dem_rating_japan,,,,"1=Completely undemocratic, 10=Completely democratic",Not included in this wave
w2,,dem_rating_japan,,,,"1=Completely undemocratic, 10=Completely democratic",Not included in this wave
w3,,dem_rating_japan,,,,"1=Completely undemocratic, 10=Completely democratic",Not included in this wave
w4,,dem_rating_japan,,,,"1=Completely undemocratic, 10=Completely democratic",Not included in this wave
w5,q130,dem_rating_japan,P. REGIME EVALUATION,Remember the scale that we used before: 1 means completely undemocratic and 10 means completely democratic. Completely Completely Undemocratic Democratic,Where would you place Japan today on this scale? Completely Completely Undemocratic Democratic,"1=Completely undemocratic, 10=Completely democratic",
w6,,dem_rating_japan,,,,"1=Completely undemocratic, 10=Completely democratic",Not included in this wave
w1,,dem_rating_usa,,,,"1=Completely undemocratic, 10=Completely democratic",Not included in this wave
w2,,dem_rating_usa,,,,"1=Completely undemocratic, 10=Completely democratic",Not included in this wave
w3,q121,dem_rating_usa,O.  REGIME EVALUATION,Remember the scale that we used before: 1 means completely undemocratic and 10 means completely democratic. Completely Completely Undemocratic Democratic,Where would you place the United States today on this scale? Completely Completely Undemocratic Democratic,"1=Completely undemocratic, 10=Completely democratic",
w4,q122,dem_rating_usa,P. REGIME EVALUATION,Remember the scale that we used before: 1 means completely undemocratic and 10 means completely democratic. Completely Completely Undemocratic Democratic,Where would you place the United States today on this scale? Completely Completely Undemocratic Democratic,"1=Completely undemocratic, 10=Completely democratic",
w5,q129,dem_rating_usa,P. REGIME EVALUATION,Remember the scale that we used before: 1 means completely undemocratic and 10 means completely democratic. Completely Completely Undemocratic Democratic,Where would you place the United States today on this scale? Completely Completely Undemocratic Democratic,"1=Completely undemocratic, 10=Completely democratic",
w6,q121,dem_rating_usa,P. REGIME EVALUATION,Remember the scale that we used before: 1 means completely undemocratic and 10 means completely democratic. Completely Completely Undemocratic Democratic,Where would you place the United States today on this scale? Completely Completely Undemocratic Democratic,"1=Completely undemocratic, 10=Completely democratic",
w1,,dem_statement_opinion,,,,"1=Statement A, 2=Statement B, 3=Statement C",Not included in this wave
w2,,dem_statement_opinion,,,,"1=Statement A, 2=Statement B, 3=Statement C",Not included in this wave
w3,,dem_statement_opinion,,,,"1=Statement A, 2=Statement B, 3=Statement C",Not included in this wave
w4,q125,dem_statement_opinion,Q. DEMOCRATIC LEGITIMACY AND PREFERENCE FOR DEMOCRACY,,Which of the following statements comes closest to your own opinion?,"1=Statement A, 2=Statement B, 3=Statement C",
w5,q132,dem_statement_opinion,Q. DEMOCRATIC LEGITIMACY AND PREFERENCE FOR DEMOCRACY,,Which of the following statements comes closest to your own opinion?,"1=Statement A, 2=Statement B, 3=Statement C",
w6,,dem_statement_opinion,,,,"1=Statement A, 2=Statement B, 3=Statement C",Not included in this wave
w1,,dem_statement_pair_1,,,,"1=Statement A, 2=Statement B",Not included in this wave
w2,,dem_statement_pair_1,,,,"1=Statement A, 2=Statement B",Not included in this wave
w3,,dem_statement_pair_1,,,,"1=Statement A, 2=Statement B",Not included in this wave
w4,q79,dem_statement_pair_1,K. REGIME PREFERENCE,"Let’s talk for a moment about the kind of government you would like to have in this country, which of the followings statements do you agree with most? Choose the first or the second statement. [Interviewer: Probe whether respondent strongly agrees or just agrees the chosen statement]","Statement 1. Government leaders implement what voters want. Statement 2. Government leaders do what they think is best for the people. (Code 7: Do not understand the question, Code 8: Can’t choose, Code 9: Decline to answer) 79a. Do you","1=Statement A, 2=Statement B",
w5,q82,dem_statement_pair_1,K. REGIME PREFERENCE,"Let’s talk for a moment about the kind of government you would like to have in this country, which of the followings statements do you agree with most? Choose the first or the second statement. [Interviewer: Probe whether respondent strongly agrees or just agrees the chosen statement]","Statement 1. Government leaders implement what voters want. Statement 2. Government leaders do what they think is best for the people. (Code 7: Do not understand the question, Code 8: Can’t choose, Code 9: Decline to answer) 82a. Do you","1=Statement A, 2=Statement B",
w6,,dem_statement_pair_1,,,,"1=Statement A, 2=Statement B",Not included in this wave
w1,,dem_statement_pair_1_intensity,,,,"1=Strongly agree, 2=Just agree",Not included in this wave
w2,,dem_statement_pair_1_intensity,,,,"1=Strongly agree, 2=Just agree",Not included in this wave
w3,,dem_statement_pair_1_intensity,,,,"1=Strongly agree, 2=Just agree",Not included in this wave
w4,q79a,dem_statement_pair_1_intensity,,,Do you strongly agree or just agree with the chosen statement? (Pair 1),"1=Strongly agree, 2=Just agree",Sub-item/derived variable (not a standalone question)
w5,q82a,dem_statement_pair_1_intensity,,,Do you strongly agree or just agree with the chosen statement? (Pair 1),"1=Strongly agree, 2=Just agree",Sub-item/derived variable (not a standalone question)
w6,,dem_statement_pair_1_intensity,,,,"1=Strongly agree, 2=Just agree",Not included in this wave
w1,,dem_statement_pair_2,,,,"1=Statement A, 2=Statement B",Not included in this wave
w2,,dem_statement_pair_2,,,,"1=Statement A, 2=Statement B",Not included in this wave
w3,,dem_statement_pair_2,,,,"1=Statement A, 2=Statement B",Not included in this wave
w4,q80,dem_statement_pair_2,K. REGIME PREFERENCE,"Let’s talk for a moment about the kind of government you would like to have in this country, which of the followings statements do you agree with most? Choose the first or the second statement. [Interviewer: Probe whether respondent strongly agrees or just agrees the chosen statement]","Statement 1. Government is our employee, the people should tell government what needs to be done. Statement 2. The government is like parent, it should decide what is","1=Statement A, 2=Statement B",
w5,,dem_statement_pair_2,,,,"1=Statement A, 2=Statement B",Not included in this wave
w6,,dem_statement_pair_2,,,,"1=Statement A, 2=Statement B",Not included in this wave
w1,,dem_statement_pair_2_intensity,,,,"1=Strongly agree, 2=Just agree",Not included in this wave
w2,,dem_statement_pair_2_intensity,,,,"1=Strongly agree, 2=Just agree",Not included in this wave
w3,,dem_statement_pair_2_intensity,,,,"1=Strongly agree, 2=Just agree",Not included in this wave
w4,q80a,dem_statement_pair_2_intensity,,,Do you strongly agree or just agree with the chosen statement? (Pair 2),"1=Strongly agree, 2=Just agree",Sub-item/derived variable (not a standalone question)
w5,,dem_statement_pair_2_intensity,,,,"1=Strongly agree, 2=Just agree",Not included in this wave
w6,,dem_statement_pair_2_intensity,,,,"1=Strongly agree, 2=Just agree",Not included in this wave
w1,,dem_statement_pair_3,,,,"1=Statement A, 2=Statement B",Not included in this wave
w2,,dem_statement_pair_3,,,,"1=Statement A, 2=Statement B",Not included in this wave
w3,,dem_statement_pair_3,,,,"1=Statement A, 2=Statement B",Not included in this wave
w4,q81,dem_statement_pair_3,K. REGIME PREFERENCE,"Let’s talk for a moment about the kind of government you would like to have in this country, which of the followings statements do you agree with most? Choose the first or the second statement. [Interviewer: Probe whether respondent strongly agrees or just agrees the chosen statement]","Statement 1. The media should have the right to publish news and ideas without government control. Statement 2. The government should have the right to prevent the media from publishing things that might be politically destabilizing. (Code 7: Do not understand the question, Code 8: Can’t choose, Code 9: Decline to answer) 81a. Do you","1=Statement A, 2=Statement B",
w5,,dem_statement_pair_3,,,,"1=Statement A, 2=Statement B",Not included in this wave
w6,,dem_statement_pair_3,,,,"1=Statement A, 2=Statement B",Not included in this wave
w1,,dem_statement_pair_3_intensity,,,,"1=Strongly agree, 2=Just agree",Not included in this wave
w2,,dem_statement_pair_3_intensity,,,,"1=Strongly agree, 2=Just agree",Not included in this wave
w3,,dem_statement_pair_3_intensity,,,,"1=Strongly agree, 2=Just agree",Not included in this wave
w4,q81a,dem_statement_pair_3_intensity,,,Do you strongly agree or just agree with the chosen statement? (Pair 3),"1=Strongly agree, 2=Just agree",Sub-item/derived variable (not a standalone question)
w5,,dem_statement_pair_3_intensity,,,,"1=Strongly agree, 2=Just agree",Not included in this wave
w6,,dem_statement_pair_3_intensity,,,,"1=Strongly agree, 2=Just agree",Not included in this wave
w1,,dem_statement_pair_4,,,,"1=Statement A, 2=Statement B",Not included in this wave
w2,,dem_statement_pair_4,,,,"1=Statement A, 2=Statement B",Not included in this wave
w3,,dem_statement_pair_4,,,,"1=Statement A, 2=Statement B",Not included in this wave
w4,q82,dem_statement_pair_4,K. REGIME PREFERENCE,"Let’s talk for a moment about the kind of government you would like to have in this country, which of the followings statements do you agree with most? Choose the first or the second statement. [Interviewer: Probe whether respondent strongly agrees or just agrees the chosen statement]","Statement 1. Political leaders are chosen by the people through open and competitive elections. Statement 2. Political leaders are chosen on the basis on their virtue and capability even without election. (Code 7: Do not understand the question, Code 8: Can’t choose, Code 9: Decline to answer) 82a. Do you","1=Statement A, 2=Statement B",
w5,,dem_statement_pair_4,,,,"1=Statement A, 2=Statement B",Not included in this wave
w6,,dem_statement_pair_4,,,,"1=Statement A, 2=Statement B",Not included in this wave
w1,,dem_statement_pair_4_intensity,,,,"1=Strongly agree, 2=Just agree",Not included in this wave
w2,,dem_statement_pair_4_intensity,,,,"1=Strongly agree, 2=Just agree",Not included in this wave
w3,,dem_statement_pair_4_intensity,,,,"1=Strongly agree, 2=Just agree",Not included in this wave
w4,q82a,dem_statement_pair_4_intensity,,,Do you strongly agree or just agree with the chosen statement? (Pair 4),"1=Strongly agree, 2=Just agree",Sub-item/derived variable (not a standalone question)
w5,,dem_statement_pair_4_intensity,,,,"1=Strongly agree, 2=Just agree",Not included in this wave
w6,,dem_statement_pair_4_intensity,,,,"1=Strongly agree, 2=Just agree",Not included in this wave
w1,,dem_statement_view,,,,"1=Statement A, 2=Statement B",Not included in this wave
w2,,dem_statement_view,,,,"1=Statement A, 2=Statement B",Not included in this wave
w3,,dem_statement_view,,,,"1=Statement A, 2=Statement B",Not included in this wave
w4,q126,dem_statement_view,Q. DEMOCRATIC LEGITIMACY AND PREFERENCE FOR DEMOCRACY,,Which of the following statements comes closer to your own view?,"1=Statement A, 2=Statement B",
w5,q133,dem_statement_view,Q. DEMOCRATIC LEGITIMACY AND PREFERENCE FOR DEMOCRACY,,Which of the following statements comes closer to your own view?,"1=Statement A, 2=Statement B",
w6,,dem_statement_view,,,,"1=Statement A, 2=Statement B",Not included in this wave
w1,q119,dem_vs_econ,O.	DEMOCRATIC LEGITIMACY AND PREFERENCE FOR DEMOCRACY,,"If you had to choose between democracy and economic development, which would you say is more important? (STATEMENT CARD)","1=Economic development is definitely more important, 2=Economic development is somewhat more important, 3=Democracy is somewhat more important, 4=Democracy is definitely more important, 5=They are both equally important",
w2,q123,dem_vs_econ,Q.	DEMOCRATIC LEGITIMACY AND PREFERENCE FOR DEMOCRACY,,"If you had to choose between democracy and economic development, which would you say is more important?","1=Economic development is definitely more important, 2=Economic development is somewhat more important, 3=Democracy is somewhat more important, 4=Democracy is definitely more important, 5=They are both equally important",
w3,q126,dem_vs_econ,P.  DEMOCRATIC LEGITIMACY AND PREFERENCE FOR DEMOCRACY,,"If you had to choose between democracy and economic development, which would you say is more important? [GBS]","1=Economic development is definitely more important, 2=Economic development is somewhat more important, 3=Democracy is somewhat more important, 4=Democracy is definitely more important, 5=They are both equally important",
w4,q127,dem_vs_econ,Q. DEMOCRATIC LEGITIMACY AND PREFERENCE FOR DEMOCRACY,,"If you had to choose between democracy and economic development, which would you say is more important?","1=Economic development is definitely more important, 2=Economic development is somewhat more important, 3=Democracy is somewhat more important, 4=Democracy is definitely more important, 5=They are both equally important",
w5,q134,dem_vs_econ,Q. DEMOCRATIC LEGITIMACY AND PREFERENCE FOR DEMOCRACY,,"If you had to choose between democracy and economic development, which would you say is more important?","1=Economic development is definitely more important, 2=Economic development is somewhat more important, 3=Democracy is somewhat more important, 4=Democracy is definitely more important, 5=They are both equally important",
w6,q126,dem_vs_econ,Q. DEMOCRATIC LEGITIMACY AND PREFERENCE FOR DEMOCRACY,,"If you had to choose between democracy and economic development, which would you say is more important?","1=Economic development is definitely more important, 2=Economic development is somewhat more important, 3=Democracy is somewhat more important, 4=Democracy is definitely more important, 5=They are both equally important",
w1,,dem_vs_equality,,,,"1=Reducing inequality definitely more important, 2=Reducing inequality somewhat more important, 3=Both equally important, 4=Political freedom somewhat more important, 5=Political freedom definitely more important",Not included in this wave
w2,,dem_vs_equality,,,,"1=Reducing inequality definitely more important, 2=Reducing inequality somewhat more important, 3=Both equally important, 4=Political freedom somewhat more important, 5=Political freedom definitely more important",Not included in this wave
w3,q127,dem_vs_equality,P.  DEMOCRATIC LEGITIMACY AND PREFERENCE FOR DEMOCRACY,,"If you had to choose between reducing economic inequality and protecting political freedom, which would you say is more important?","1=Reducing inequality definitely more important, 2=Reducing inequality somewhat more important, 3=Both equally important, 4=Political freedom somewhat more important, 5=Political freedom definitely more important",
w4,q128,dem_vs_equality,Q. DEMOCRATIC LEGITIMACY AND PREFERENCE FOR DEMOCRACY,,"If you had to choose between reducing economic inequality and protecting political freedom, which would you say is more important?","1=Reducing inequality definitely more important, 2=Reducing inequality somewhat more important, 3=Both equally important, 4=Political freedom somewhat more important, 5=Political freedom definitely more important",
w5,q135,dem_vs_equality,Q. DEMOCRATIC LEGITIMACY AND PREFERENCE FOR DEMOCRACY,,"If you had to choose between reducing economic inequality and protecting political freedom, which would you say is more important?","1=Reducing inequality definitely more important, 2=Reducing inequality somewhat more important, 3=Both equally important, 4=Political freedom somewhat more important, 5=Political freedom definitely more important",
w6,q127,dem_vs_equality,Q. DEMOCRATIC LEGITIMACY AND PREFERENCE FOR DEMOCRACY,,"If you had to choose between reducing economic inequality and protecting political freedom, which would you say is more important?","1=Reducing inequality definitely more important, 2=Reducing inequality somewhat more important, 3=Both equally important, 4=Political freedom somewhat more important, 5=Political freedom definitely more important",
w1,q101,dem_want_democratic,M.	PREFERENCE FOR DEMOCRACY,,To what extent would you want our country to be democratic now? (RATING BOARD) Complete Complete Dictatorship Democracy,"1=Complete dictatorship, 10=Complete democracy",
w2,,dem_want_democratic,,,,"1=Complete dictatorship, 10=Complete democracy",Not included in this wave
w3,,dem_want_democratic,,,,"1=Complete dictatorship, 10=Complete democracy",Not included in this wave
w4,,dem_want_democratic,,,,"1=Complete dictatorship, 10=Complete democracy",Not included in this wave
w5,,dem_want_democratic,,,,"1=Complete dictatorship, 10=Complete democracy",Not included in this wave
w6,,dem_want_democratic,,,,"1=Complete dictatorship, 10=Complete democracy",Not included in this wave
w1,,demo_crit_poor_economy,,,,"1=Strongly disagree, 2=Somewhat disagree, 3=Somewhat agree, 4=Strongly agree",Not included in this wave
w2,,demo_crit_poor_economy,,,,"1=Strongly disagree, 2=Somewhat disagree, 3=Somewhat agree, 4=Strongly agree",Not included in this wave
w3,,demo_crit_poor_economy,,,,"1=Strongly disagree, 2=Somewhat disagree, 3=Somewhat agree, 4=Strongly agree",Not included in this wave
w4,,demo_crit_poor_economy,,,,"1=Strongly disagree, 2=Somewhat disagree, 3=Somewhat agree, 4=Strongly agree",Not included in this wave
w5,q168,demo_crit_poor_economy,W. DEMOCRATIC DECONSOLIDATION,,"Under a democratic system, the country endures poor economic performance. Democratic regimes are indecisive and full of problems.","1=Strongly disagree, 2=Somewhat disagree, 3=Somewhat agree, 4=Strongly agree",
w6,,demo_crit_poor_economy,,,,,Not fielded in this wave (YAML source: null; stale verbatim row cleared 2026-05-16)
w1,q132,demo_political_equality,P.	AGREEMENT/DISAGREEMENT WITH SPECIFIC STATEMENTS	(cont’d),"I have here other statements. For each statement, would you say you strongly agree, somewhat agree, somewhat disagree, or strongly disagree?",People with little or,"1=Strongly disagree, 2=Somewhat disagree, 3=Somewhat agree, 4=Strongly agree",
w2,q133,demo_political_equality,S.	AGREEMENT/DISAGREEMENT WITH SPECIFIC STATEMENTS	(cont’d),"I have here other statements. For each statement, would you say you strongly agree, somewhat agree, somewhat disagree, or strongly disagree?","People with little or no education should have as much say in politics as highly-educated people. Government leaders are like the head of a family; we should all follow their decisions. The government should decide whether certain ideas should be allowed to be discussed in society. Harmony of the community will be disrupted if people organize lots of groups. When judges decide important cases, they should accept the view of the executive branch.","1=Strongly disagree, 2=Somewhat disagree, 3=Somewhat agree, 4=Strongly agree",
w3,q140,demo_political_equality,R.  AGREEMENT/DISAGREEMENT WITH SPECIFIC STATEMENTS (cont’d),"I have here other statements. For each statement, would you say you strongly agree, somewhat agree, somewhat disagree, or strongly disagree?",People with little or,"1=Strongly disagree, 2=Somewhat disagree, 3=Somewhat agree, 4=Strongly agree",
w4,q141,demo_political_equality,S. AGREEMENT/DISAGREEMENT WITH SPECIFIC STATEMENTS (cont’d),"I have here other statements. For each statement, would you say you strongly agree, somewhat agree, somewhat disagree, or strongly disagree?",People with little or,"1=Strongly disagree, 2=Somewhat disagree, 3=Somewhat agree, 4=Strongly agree",
w5,q148,demo_political_equality,S. AGREEMENT/DISAGREEMENT WITH SPECIFIC STATEMENTS (cont’d),"I have here other statements. For each statement, would you say you strongly agree, somewhat agree, somewhat disagree, or strongly disagree?",People with little or,"1=Strongly disagree, 2=Somewhat disagree, 3=Somewhat agree, 4=Strongly agree",
w6,q148,demo_political_equality,T. AGREEMENT/DISAGREEMENT WITH SPECIFIC STATEMENTS (cont’d),"I have here other statements. For each statement, would you say you strongly agree, somewhat agree, somewhat disagree, or strongly disagree?",People with little or,"1=Strongly disagree, 2=Somewhat disagree, 3=Somewhat agree, 4=Strongly agree",
w1,q118,democracy_efficacy,O.	DEMOCRATIC LEGITIMACY AND PREFERENCE FOR DEMOCRACY,,Which of the following statements comes closer to your own view? (STATEMENT CARD),"0=Democracy cannot solve problems, 1=Democracy is capable of solving problems",
w2,q122,democracy_efficacy,Q.	DEMOCRATIC LEGITIMACY AND PREFERENCE FOR DEMOCRACY,,Which of the following statements comes closer to your own view?,"0=Democracy cannot solve problems, 1=Democracy is capable of solving problems",
w3,q125,democracy_efficacy,P.  DEMOCRATIC LEGITIMACY AND PREFERENCE FOR DEMOCRACY,,Which of the following statements comes closer to your own view?,"0=Democracy cannot solve problems, 1=Democracy is capable of solving problems",
w4,q126,democracy_efficacy,Q. DEMOCRATIC LEGITIMACY AND PREFERENCE FOR DEMOCRACY,,Which of the following statements comes closer to your own view?,"0=Democracy cannot solve problems, 1=Democracy is capable of solving problems",
w5,q133,democracy_efficacy,Q. DEMOCRATIC LEGITIMACY AND PREFERENCE FOR DEMOCRACY,,Which of the following statements comes closer to your own view?,"0=Democracy cannot solve problems, 1=Democracy is capable of solving problems",
w6,q125,democracy_efficacy,Q. DEMOCRATIC LEGITIMACY AND PREFERENCE FOR DEMOCRACY,,Which of the following statements comes closer to your own view?,"0=Democracy cannot solve problems, 1=Democracy is capable of solving problems",
w1,q098,democracy_satisfaction,L.	SATISFACTION WITH GOVERNMENT AND DEMOCRACY,,"On the whole, how satisfied or dissatisfied are you with the way democracy works in our country. Are you … ?","1=Not at all satisfied, 2=Not very satisfied, 3=Fairly satisfied, 4=Very satisfied",
w2,q93,democracy_satisfaction,N.	SATISFACTION WITH GOVERNMENT AND DEMOCRACY,,"On the whole, how satisfied or dissatisfied are you with the way democracy works in [Country]. Are you …?","1=Not at all satisfied, 2=Not very satisfied, 3=Fairly satisfied, 4=Very satisfied",
w3,q89,democracy_satisfaction,L.  SATISFACTION WITH GOVERNMENT AND DEMOCRACY,,"On the whole, how satisfied or dissatisfied are you with the way democracy works in [Country]. Are you …?","1=Not at all satisfied, 2=Not very satisfied, 3=Fairly satisfied, 4=Very satisfied",
w4,q92,democracy_satisfaction,M. SATISFACTION WITH GOVERNMENT AND DEMOCRACY,,"On the whole, how satisfied or dissatisfied are you with the way","1=Not at all satisfied, 2=Not very satisfied, 3=Fairly satisfied, 4=Very satisfied",
w5,q99,democracy_satisfaction,M. SATISFACTION WITH GOVERNMENT AND DEMOCRACY,,"On the whole, how satisfied or dissatisfied are you with the way","1=Not at all satisfied, 2=Not very satisfied, 3=Fairly satisfied, 4=Very satisfied",
w6,q90,democracy_satisfaction,M. SATISFACTION WITH GOVERNMENT AND DEMOCRACY,,"On the whole, how satisfied or dissatisfied are you with the way","1=Not at all satisfied, 2=Not very satisfied, 3=Fairly satisfied, 4=Very satisfied",
w1,q103,democracy_suitability,M.	PREFERENCE FOR DEMOCRACY	(cont’d),Here is a scale: 1 means completely undemocratic and 10 means completely democratic. Completely Completely Undemocratic Democratic,"Here is a similar scale of 1 to 10 measuring the extent to which people think democracy is suitable for our country. If “1” means that democracy is completely unsuitable for [name of country] today and “10” means that it is completely suitable, where would you place our country today? (RATING BOARD) Democracy Democracy is completely is perfectly unsuitable suitable","1=Not suitable at all, 10=Completely suitable",
w2,q98,democracy_suitability,N.	SATISFACTION WITH GOVERNMENT AND DEMOCRACY,Here is a scale: 1 means complete dictatorship and 10 means complete democracy. Complete Complete Dictatorship Democracy,"Here is a similar scale of 1 to 10 measuring the extent to which people think democracy is suitable for our country. If “1” means that democracy is completely unsuitable for [name of country] today and “10” means that it is completely suitable, where would you place our country today? Democracy Democracy is completely is perfectly unsuitable suitable","1=Not suitable at all, 10=Completely suitable",
w3,q94,democracy_suitability,L.  SATISFACTION WITH GOVERNMENT AND DEMOCRACY,Here is a scale: 1 means completely undemocratic and 10 means completely democratic. Completely Completely Undemocratic Democratic,"Here is a similar scale of 1 to 10 measuring the extent to which people think democracy is suitable for our country. If “1” means that democracy is completely unsuitable for [name of country] today and “10” means that it is completely suitable, where would you place our country today? Democracy Democracy is completely is perfectly unsuitable suitable","1=Not suitable at all, 10=Completely suitable",
w4,q97,democracy_suitability,M. SATISFACTION WITH GOVERNMENT AND DEMOCRACY,Here is a scale: 1 means completely undemocratic and 10 means completely democratic. Completely Completely Undemocratic Democratic,"Here is a similar scale of 1 to 10 measuring the extent to which people think democracy is suitable for our country. If “1” means that democracy is completely unsuitable for [name of country] today and “10” means that it is completely suitable, where would you place our country today? Democracy Democracy is completely is perfectly unsuitable suitable","1=Not suitable at all, 10=Completely suitable",
w5,q104,democracy_suitability,M. SATISFACTION WITH GOVERNMENT AND DEMOCRACY,Here is a scale: 1 means completely undemocratic and 10 means completely democratic. Completely Completely Undemocratic Democratic,"Here is a similar scale of 1 to 10 measuring the extent to which people think democracy is suitable for our country. If “1” means that democracy is completely unsuitable for [name of country] today and “10” means that it is completely suitable, where would you place our country today? Democracy Democracy is completely is perfectly unsuitable suitable","1=Not suitable at all, 10=Completely suitable",
w6,q95,democracy_suitability,M. SATISFACTION WITH GOVERNMENT AND DEMOCRACY,Here is a scale: 1 means completely undemocratic and 10 means completely democratic. Completely Completely Undemocratic Democratic,"Here is a similar scale of 1 to 10 measuring the extent to which people think democracy is suitable for our country. If “1” means that democracy is completely unsuitable for [name of country] today and “10” means that it is completely suitable, where would you place our country today? Democracy Democracy is completely is perfectly unsuitable suitable","1=Not suitable at all, 10=Completely suitable",
w1,,democrit_citizens_not_ready,,,,"1=Strongly disagree, 2=Somewhat disagree, 3=Somewhat agree, 4=Strongly agree",Not included in this wave
w2,,democrit_citizens_not_ready,,,,"1=Strongly disagree, 2=Somewhat disagree, 3=Somewhat agree, 4=Strongly agree",Not included in this wave
w3,,democrit_citizens_not_ready,,,,"1=Strongly disagree, 2=Somewhat disagree, 3=Somewhat agree, 4=Strongly agree",Not included in this wave
w4,,democrit_citizens_not_ready,,,,"1=Strongly disagree, 2=Somewhat disagree, 3=Somewhat agree, 4=Strongly agree",Not included in this wave
w5,q171,democrit_citizens_not_ready,W. DEMOCRATIC DECONSOLIDATION,,The citizens in our country are not prepared for a democratic system. Democracy negatively affects social and ethical values in our,"1=Strongly disagree, 2=Somewhat disagree, 3=Somewhat agree, 4=Strongly agree",
w6,,democrit_citizens_not_ready,,,,,Not fielded in this wave (YAML source: null; stale verbatim row cleared 2026-05-16)
w1,,democrit_econ_over_democracy,,,,"1=Strongly disagree, 2=Somewhat disagree, 3=Somewhat agree, 4=Strongly agree",Not included in this wave
w2,,democrit_econ_over_democracy,,,,"1=Strongly disagree, 2=Somewhat disagree, 3=Somewhat agree, 4=Strongly agree",Not included in this wave
w3,,democrit_econ_over_democracy,,,,"1=Strongly disagree, 2=Somewhat disagree, 3=Somewhat agree, 4=Strongly agree",Not included in this wave
w4,,democrit_econ_over_democracy,,,,"1=Strongly disagree, 2=Somewhat disagree, 3=Somewhat agree, 4=Strongly agree",Not included in this wave
w5,q173,democrit_econ_over_democracy,W. DEMOCRATIC DECONSOLIDATION,,"As long as a government can solve our country’s economic problem, it does not matter if it is democratic or not democratic.","1=Strongly disagree, 2=Somewhat disagree, 3=Somewhat agree, 4=Strongly agree",
w6,,democrit_econ_over_democracy,,,,"1=Strongly disagree, 2=Somewhat disagree, 3=Somewhat agree, 4=Strongly agree",Not included in this wave
w1,,democrit_harms_values,,,,"1=Strongly disagree, 2=Somewhat disagree, 3=Somewhat agree, 4=Strongly agree",Not included in this wave
w2,,democrit_harms_values,,,,"1=Strongly disagree, 2=Somewhat disagree, 3=Somewhat agree, 4=Strongly agree",Not included in this wave
w3,,democrit_harms_values,,,,"1=Strongly disagree, 2=Somewhat disagree, 3=Somewhat agree, 4=Strongly agree",Not included in this wave
w4,,democrit_harms_values,,,,"1=Strongly disagree, 2=Somewhat disagree, 3=Somewhat agree, 4=Strongly agree",Not included in this wave
w5,q172,democrit_harms_values,W. DEMOCRATIC DECONSOLIDATION,,Democracy negatively affects social and ethical values in our country. As long as a government can solve our country’s economic,"1=Strongly disagree, 2=Somewhat disagree, 3=Somewhat agree, 4=Strongly agree",
w6,,democrit_harms_values,,,,"1=Strongly disagree, 2=Somewhat disagree, 3=Somewhat agree, 4=Strongly agree",Not included in this wave
w1,,democrit_indecisive,,,,"1=Strongly disagree, 2=Somewhat disagree, 3=Somewhat agree, 4=Strongly agree",Not included in this wave
w2,,democrit_indecisive,,,,"1=Strongly disagree, 2=Somewhat disagree, 3=Somewhat agree, 4=Strongly agree",Not included in this wave
w3,,democrit_indecisive,,,,"1=Strongly disagree, 2=Somewhat disagree, 3=Somewhat agree, 4=Strongly agree",Not included in this wave
w4,,democrit_indecisive,,,,"1=Strongly disagree, 2=Somewhat disagree, 3=Somewhat agree, 4=Strongly agree",Not included in this wave
w5,q169,democrit_indecisive,W. DEMOCRATIC DECONSOLIDATION,,Democratic systems are not effective at maintaining order and,"1=Strongly disagree, 2=Somewhat disagree, 3=Somewhat agree, 4=Strongly agree",
w6,,democrit_indecisive,,,,,Not fielded in this wave (YAML source: null; stale verbatim row cleared 2026-05-16)
w1,,democrit_ineffective_stability,,,,"1=Strongly disagree, 2=Somewhat disagree, 3=Somewhat agree, 4=Strongly agree",Not included in this wave
w2,,democrit_ineffective_stability,,,,"1=Strongly disagree, 2=Somewhat disagree, 3=Somewhat agree, 4=Strongly agree",Not included in this wave
w3,,democrit_ineffective_stability,,,,"1=Strongly disagree, 2=Somewhat disagree, 3=Somewhat agree, 4=Strongly agree",Not included in this wave
w4,,democrit_ineffective_stability,,,,"1=Strongly disagree, 2=Somewhat disagree, 3=Somewhat agree, 4=Strongly agree",Not included in this wave
w5,q170,democrit_ineffective_stability,W. DEMOCRATIC DECONSOLIDATION,,Democratic systems are not effective at maintaining order and stability. The citizens in our country are not prepared for a democratic,"1=Strongly disagree, 2=Somewhat disagree, 3=Somewhat agree, 4=Strongly agree",
w6,,democrit_ineffective_stability,,,,,Not fielded in this wave (YAML source: null; stale verbatim row cleared 2026-05-16)
w1,q141,econ_central_authority,P.	AGREEMENT/DISAGREEMENT WITH SPECIFIC STATEMENTS	(cont’d),,The national government should have more authority over local decisions than it does now.,"1=Strongly disagree, 2=Somewhat disagree, 3=Somewhat agree, 4=Strongly agree",
w2,,econ_central_authority,,,,"1=Strongly disagree, 2=Somewhat disagree, 3=Somewhat agree, 4=Strongly agree",Not included in this wave
w3,,econ_central_authority,,,,"1=Strongly disagree, 2=Somewhat disagree, 3=Somewhat agree, 4=Strongly agree",Not included in this wave
w4,,econ_central_authority,,,,"1=Strongly disagree, 2=Somewhat disagree, 3=Somewhat agree, 4=Strongly agree",Not included in this wave
w5,,econ_central_authority,,,,"1=Strongly disagree, 2=Somewhat disagree, 3=Somewhat agree, 4=Strongly agree",Not included in this wave
w6,,econ_central_authority,,,,"1=Strongly disagree, 2=Somewhat disagree, 3=Somewhat agree, 4=Strongly agree",Not included in this wave
w1,q002,econ_change_1yr,A.	ECONOMIC EVALUATIONS,,How would you describe the change in the economic condition of our country over the past five years? Is it … ?,"1=Much worse, 2=Worse, 3=About the same, 4=Better, 5=Much better",
w2,q2,econ_change_1yr,A.	ECONOMIC EVALUATIONS,,How would you describe the change in the economic condition of our country over the last few years? Is it … ?,"1=Much worse, 2=Worse, 3=About the same, 4=Better, 5=Much better",
w3,q2,econ_change_1yr,A.  ECONOMIC EVALUATIONS,,How would you describe the change in the economic condition of our country over the last few years? Is it … ?,"1=Much worse, 2=Worse, 3=About the same, 4=Better, 5=Much better",
w4,q2,econ_change_1yr,A. ECONOMIC EVALUATIONS,,How would you describe the change in the economic condition of,"1=Much worse, 2=Worse, 3=About the same, 4=Better, 5=Much better",
w5,q2,econ_change_1yr,A. ECONOMIC EVALUATIONS,,How would you describe the change in the economic condition of,"1=Much worse, 2=Worse, 3=About the same, 4=Better, 5=Much better",
w6,q2,econ_change_1yr,A. ECONOMIC EVALUATIONS,,How would you describe the change in the economic condition of,"1=Much worse, 2=Worse, 3=About the same, 4=Better, 5=Much better",
w1,,econ_distribution_fair,,,,"1=Very unfair, 2=Unfair, 3=Fair, 4=Very fair",Not included in this wave
w2,,econ_distribution_fair,,,,"1=Very unfair, 2=Unfair, 3=Fair, 4=Very fair",Not included in this wave
w3,,econ_distribution_fair,,,,"1=Very unfair, 2=Unfair, 3=Fair, 4=Very fair",Not included in this wave
w4,q155,econ_distribution_fair,U. REDISTRIBUTION,,How fair do you think income distribution is in (country)?,"1=Very unfair, 2=Unfair, 3=Fair, 4=Very fair",
w5,q159,econ_distribution_fair,U. REDISTRIBUTION,,How fair do you think income distribution is in (country)?,"1=Very unfair, 2=Unfair, 3=Fair, 4=Very fair",
w6,q159,econ_distribution_fair,V. REDISTRIBUTION,,How fair do you think income distribution is in (country)?,"1=Very unfair, 2=Unfair, 3=Fair, 4=Very fair",
w1,,econ_env_vs_growth,,,,"1=Environment priority, 2=Economic growth priority",Not included in this wave
w2,,econ_env_vs_growth,,,,"1=Environment priority, 2=Economic growth priority",Not included in this wave
w3,,econ_env_vs_growth,,,,"1=Environment priority, 2=Economic growth priority",Not included in this wave
w4,q154,econ_env_vs_growth,T. GLOBALIZATION,,"There are two statements: (1) Protecting the environment should be given priority, even if it causes slower economic growth and some loss of jobs; and (2) Economic growth and creating jobs should be the top priority, even if the environment suffers to some extent. Which of these statements comes closer to your view? Protecting the environment should be given priority, even if it causes slower economic growth and some loss of jobs……..… 1 Economic growth and creating jobs should be the top priority, even if the environment suffers to some extent………..……….","1=Environment priority, 2=Economic growth priority",
w5,,econ_env_vs_growth,,,,"1=Environment priority, 2=Economic growth priority",Not included in this wave
w6,,econ_env_vs_growth,,,,"1=Environment priority, 2=Economic growth priority",Not included in this wave
w1,q005,econ_family_change,A.	ECONOMIC EVALUATIONS,,How would you compare the current economic condition of your family with what it was five years ago? Is it … ?,"1=Much worse, 2=A little worse, 3=About the same, 4=A little better, 5=Much better",
w2,q5,econ_family_change,A.	ECONOMIC EVALUATIONS,,How would you compare the current economic condition of your family with what it was a few years ago? Is it … ?,"1=Much worse, 2=A little worse, 3=About the same, 4=A little better, 5=Much better",
w3,q5,econ_family_change,A.  ECONOMIC EVALUATIONS,,How would you compare the current economic condition of your family with what it was a few years ago? Is it … ?,"1=Much worse, 2=A little worse, 3=About the same, 4=A little better, 5=Much better",
w4,q5,econ_family_change,A. ECONOMIC EVALUATIONS,,How would you compare the current economic condition of your,"1=Much worse, 2=A little worse, 3=About the same, 4=A little better, 5=Much better",
w5,q5,econ_family_change,A. ECONOMIC EVALUATIONS,,How would you compare the current economic condition of your,"1=Much worse, 2=A little worse, 3=About the same, 4=A little better, 5=Much better",
w6,q5,econ_family_change,A. ECONOMIC EVALUATIONS,,How would you compare the current economic condition of your,"1=Much worse, 2=A little worse, 3=About the same, 4=A little better, 5=Much better",
w1,,econ_family_income_fair,,,,"1=Very unfair, 2=Unfair, 3=Fair, 4=Very fair",Not included in this wave
w2,,econ_family_income_fair,,,,"1=Very unfair, 2=Unfair, 3=Fair, 4=Very fair",Not included in this wave
w3,,econ_family_income_fair,,,,"1=Very unfair, 2=Unfair, 3=Fair, 4=Very fair",Not included in this wave
w4,q159,econ_family_income_fair,U. REDISTRIBUTION,,"Considering all the effort that you and your family members have made in the past, do you think the income that your family currently receives is fair or not fair?","1=Very unfair, 2=Unfair, 3=Fair, 4=Very fair",
w5,q163,econ_family_income_fair,U. REDISTRIBUTION,,"Considering all the effort that you and your family members have made in the past, do you think the income that your family currently receives is fair or not fair?","1=Very unfair, 2=Unfair, 3=Fair, 4=Very fair",
w6,q163,econ_family_income_fair,V. REDISTRIBUTION,,"Considering all the effort that you and your family members have made in the past, do you think the income that your family currently receives is fair or not fair?","1=Very unfair, 2=Unfair, 3=Fair, 4=Very fair",
w1,,econ_family_income_fair_6pt,,,,"1=Very unfair, 2=Somewhat unfair, 3=A little unfair, 4=A little fair, 5=Somewhat fair, 6=Very fair",Not included in this wave
w2,,econ_family_income_fair_6pt,,,,"1=Very unfair, 2=Somewhat unfair, 3=A little unfair, 4=A little fair, 5=Somewhat fair, 6=Very fair",Not included in this wave
w3,,econ_family_income_fair_6pt,,,,"1=Very unfair, 2=Somewhat unfair, 3=A little unfair, 4=A little fair, 5=Somewhat fair, 6=Very fair",Not included in this wave
w4,q159a,econ_family_income_fair_6pt,,,"Considering all the effort that you and your family members have made in the past, do you think the income that your family currently receives is fair?","1=Very unfair, 2=Somewhat unfair, 3=A little unfair, 4=A little fair, 5=Somewhat fair, 6=Very fair",Sub-item/derived variable (not a standalone question)
w5,,econ_family_income_fair_6pt,,,,"1=Very unfair, 2=Somewhat unfair, 3=A little unfair, 4=A little fair, 5=Somewhat fair, 6=Very fair",Not included in this wave
w6,,econ_family_income_fair_6pt,,,,"1=Very unfair, 2=Somewhat unfair, 3=A little unfair, 4=A little fair, 5=Somewhat fair, 6=Very fair",Not included in this wave
w1,q004,econ_family_now,A.	ECONOMIC EVALUATIONS,,"As for your own family, how do you rate your economic situation today? Is it … ?","1=Very bad, 2=Bad, 3=So so, 4=Good, 5=Very good",
w2,q4,econ_family_now,A.	ECONOMIC EVALUATIONS,,"As for your own family, how do you rate your economic situation today? Is it … ?","1=Very bad, 2=Bad, 3=So so, 4=Good, 5=Very good",
w3,q4,econ_family_now,A.  ECONOMIC EVALUATIONS,,"As for your own family, how do you rate the economic situation of your family today? Is it … ?","1=Very bad, 2=Bad, 3=So so, 4=Good, 5=Very good",
w4,q4,econ_family_now,A. ECONOMIC EVALUATIONS,,"As for your own family, how do you rate the economic situation of","1=Very bad, 2=Bad, 3=So so, 4=Good, 5=Very good",
w5,q4,econ_family_now,A. ECONOMIC EVALUATIONS,,"As for your own family, how do you rate the economic situation of","1=Very bad, 2=Bad, 3=So so, 4=Good, 5=Very good",
w6,q4,econ_family_now,A. ECONOMIC EVALUATIONS,,"As for your own family, how do you rate the economic situation of","1=Very bad, 2=Bad, 3=So so, 4=Good, 5=Very good",
w1,q006,econ_family_outlook,A.	ECONOMIC EVALUATIONS,,What do you think the economic situation of your family will be five years from now? Will it be … ?,"1=Much worse, 2=Somewhat worse, 3=About the same, 4=Somewhat better, 5=Much better",
w2,q6,econ_family_outlook,A.	ECONOMIC EVALUATIONS,,What do you think the economic situation of your family will be a few years from now? Will it be … ?,"1=Much worse, 2=Somewhat worse, 3=About the same, 4=Somewhat better, 5=Much better",
w3,q6,econ_family_outlook,A.  ECONOMIC EVALUATIONS,,What do you think the economic situation of your family will be a few years from now? Will it be … ?,"1=Much worse, 2=Somewhat worse, 3=About the same, 4=Somewhat better, 5=Much better",
w4,q6,econ_family_outlook,A. ECONOMIC EVALUATIONS,,What do you think the economic situation of your family will be a,"1=Much worse, 2=Somewhat worse, 3=About the same, 4=Somewhat better, 5=Much better",
w5,q6,econ_family_outlook,A. ECONOMIC EVALUATIONS,,What do you think the economic situation of your family will be a,"1=Much worse, 2=Somewhat worse, 3=About the same, 4=Somewhat better, 5=Much better",
w6,q6,econ_family_outlook,A. ECONOMIC EVALUATIONS,,What do you think the economic situation of your family will be a,"1=Much worse, 2=Somewhat worse, 3=About the same, 4=Somewhat better, 5=Much better",
w1,,econ_generation_opportunity,,,,"1=Substantially fewer opportunities, 2=Fewer opportunities, 3=About the same, 4=More opportunities, 5=Substantially more opportunities",Not included in this wave
w2,,econ_generation_opportunity,,,,"1=Substantially fewer opportunities, 2=Fewer opportunities, 3=About the same, 4=More opportunities, 5=Substantially more opportunities",Not included in this wave
w3,,econ_generation_opportunity,,,,"1=Substantially fewer opportunities, 2=Fewer opportunities, 3=About the same, 4=More opportunities, 5=Substantially more opportunities",Not included in this wave
w4,q160,econ_generation_opportunity,U. REDISTRIBUTION,,"As compared to my parent's generation, my generation has more or fewer opportunities to improve one's standard of living or social status? Substantially more opportunities ........................................................................................................................ .1 More opportunities ............................................................................................................................................. .2 Fewer opportunities ........................................................................................................................................... .4 Substantially fewer opportunities ....................................................................................................................... .5","1=Substantially fewer opportunities, 2=Fewer opportunities, 3=About the same, 4=More opportunities, 5=Substantially more opportunities",
w5,q164,econ_generation_opportunity,U. REDISTRIBUTION,,"As compared to my parent's generation, my generation has more or fewer opportunities to improve one's standard of living or social status?","1=Substantially fewer opportunities, 2=Fewer opportunities, 3=About the same, 4=More opportunities, 5=Substantially more opportunities",
w6,q164,econ_generation_opportunity,V. REDISTRIBUTION,,"As compared to my parent's generation, my generation has more or fewer opportunities to improve the standard of living or social status?","1=Substantially fewer opportunities, 2=Fewer opportunities, 3=About the same, 4=More opportunities, 5=Substantially more opportunities",
w1,,econ_govt_reduce_inequality,,,,"1=Strongly disagree, 2=Somewhat disagree, 3=Somewhat agree, 4=Strongly agree",Not included in this wave
w2,,econ_govt_reduce_inequality,,,,"1=Strongly disagree, 2=Somewhat disagree, 3=Somewhat agree, 4=Strongly agree",Not included in this wave
w3,,econ_govt_reduce_inequality,,,,"1=Strongly disagree, 2=Somewhat disagree, 3=Somewhat agree, 4=Strongly agree",Not included in this wave
w4,q156,econ_govt_reduce_inequality,U. REDISTRIBUTION,,Do you agree or disagree with the following statement: “It is the responsibility of the government to reduce the differences between people with high income and those with low incomes.”,"1=Strongly disagree, 2=Somewhat disagree, 3=Somewhat agree, 4=Strongly agree",
w5,,econ_govt_reduce_inequality,,,,"1=Strongly disagree, 2=Somewhat disagree, 3=Somewhat agree, 4=Strongly agree",Not included in this wave
w6,,econ_govt_reduce_inequality,,,,"1=Strongly disagree, 2=Somewhat disagree, 3=Somewhat agree, 4=Strongly agree",Not included in this wave
w1,,econ_income_loss_concern,,,,"1=Not at all concerned, 2=Not too concerned, 3=Somewhat concerned, 4=Very concerned",Not included in this wave
w2,,econ_income_loss_concern,,,,"1=Not at all concerned, 2=Not too concerned, 3=Somewhat concerned, 4=Very concerned",Not included in this wave
w3,,econ_income_loss_concern,,,,"1=Not at all concerned, 2=Not too concerned, 3=Somewhat concerned, 4=Very concerned",Not included in this wave
w4,q157,econ_income_loss_concern,U. REDISTRIBUTION,,How concerned are you about the loss of your or your family's major source of income within the next 12 months?,"1=Not at all concerned, 2=Not too concerned, 3=Somewhat concerned, 4=Very concerned",
w5,,econ_income_loss_concern,,,,"1=Not at all concerned, 2=Not too concerned, 3=Somewhat concerned, 4=Very concerned",Not included in this wave
w6,,econ_income_loss_concern,,,,"1=Not at all concerned, 2=Not too concerned, 3=Somewhat concerned, 4=Very concerned",Not included in this wave
w1,,econ_income_loss_severity,,,,"1=Could manage just fine, 2=Serious but could deal with it, 3=Serious and would have difficulty coping",Not included in this wave
w2,,econ_income_loss_severity,,,,"1=Could manage just fine, 2=Serious but could deal with it, 3=Serious and would have difficulty coping",Not included in this wave
w3,,econ_income_loss_severity,,,,"1=Could manage just fine, 2=Serious but could deal with it, 3=Serious and would have difficulty coping",Not included in this wave
w4,q158,econ_income_loss_severity,U. REDISTRIBUTION,,"The following is a hypothetical question: If you were unfortunate enough to lose your main source of income, how serious would it be for you and your family?","1=Could manage just fine, 2=Serious but could deal with it, 3=Serious and would have difficulty coping",
w5,q162,econ_income_loss_severity,U. REDISTRIBUTION,,"The following is a hypothetical question: If your family were unfortunate enough to lose its main source of income, how serious would it be for your family?","1=Could manage just fine, 2=Serious but could deal with it, 3=Serious and would have difficulty coping",
w6,q162,econ_income_loss_severity,V. REDISTRIBUTION,,"The following is a hypothetical question: If your family were unfortunate enough to lose its main source of income, how serious would it be for your family?","1=Could manage just fine, 2=Serious but could deal with it, 3=Serious and would have difficulty coping",
w1,q001,econ_national_now,A.	ECONOMIC EVALUATIONS,,How would you rate the overall economic condition of our country today? Is it … ?,"1=Very bad, 2=Bad, 3=So so, 4=Good, 5=Very good",
w2,q1,econ_national_now,A.	ECONOMIC EVALUATIONS,,How would you rate the overall economic condition of our country today? Is it … ?,"1=Very bad, 2=Bad, 3=So so, 4=Good, 5=Very good",
w3,q1,econ_national_now,A.  ECONOMIC EVALUATIONS,,How would you rate the overall economic condition of our country today? Is it … ?,"1=Very bad, 2=Bad, 3=So so, 4=Good, 5=Very good",
w4,q1,econ_national_now,A. ECONOMIC EVALUATIONS,,How would you rate the overall economic condition of our country,"1=Very bad, 2=Bad, 3=So so, 4=Good, 5=Very good",
w5,q1,econ_national_now,A. ECONOMIC EVALUATIONS,,How would you rate the overall economic condition of our country,"1=Very bad, 2=Bad, 3=So so, 4=Good, 5=Very good",
w6,q1,econ_national_now,A. ECONOMIC EVALUATIONS,,How would you rate the overall economic condition of our country,"1=Very bad, 2=Bad, 3=So so, 4=Good, 5=Very good",
w1,,econ_next_generation_life,,,,"1=Much worse, 2=A little worse, 3=About the same, 4=A little better, 5=Much better",Not included in this wave
w2,,econ_next_generation_life,,,,"1=Much worse, 2=A little worse, 3=About the same, 4=A little better, 5=Much better",Not included in this wave
w3,,econ_next_generation_life,,,,"1=Much worse, 2=A little worse, 3=About the same, 4=A little better, 5=Much better",Not included in this wave
w4,,econ_next_generation_life,,,,"1=Much worse, 2=A little worse, 3=About the same, 4=A little better, 5=Much better",Not included in this wave
w5,q165,econ_next_generation_life,U. REDISTRIBUTION,,Will the next generation have had a better or worse life than our generation?,"1=Much worse, 2=A little worse, 3=About the same, 4=A little better, 5=Much better",
w6,q165,econ_next_generation_life,V. REDISTRIBUTION,,Will the next generation have a better or worse life than our generation?,"1=Much worse, 2=A little worse, 3=About the same, 4=A little better, 5=Much better",
w1,q003,econ_outlook_1yr,A.	ECONOMIC EVALUATIONS,,What do you think will be the state of our country’s economic condition five years from now? Will it be … ?,"1=Much worse, 2=Worse, 3=About the same, 4=Better, 5=Much better",
w2,q3,econ_outlook_1yr,A.	ECONOMIC EVALUATIONS,,What do you think will be the state of our country’s economic condition a few years from now? Will it be … ?,"1=Much worse, 2=Worse, 3=About the same, 4=Better, 5=Much better",
w3,q3,econ_outlook_1yr,A.  ECONOMIC EVALUATIONS,,What do you think will be the state of our country’s economic condition a few years from now? Will it be … ?,"1=Much worse, 2=Worse, 3=About the same, 4=Better, 5=Much better",
w4,q3,econ_outlook_1yr,A. ECONOMIC EVALUATIONS,,What do you think will be the state of our country’s economic,"1=Much worse, 2=Worse, 3=About the same, 4=Better, 5=Much better",
w5,q3,econ_outlook_1yr,A. ECONOMIC EVALUATIONS,,What do you think will be the state of our country’s economic,"1=Much worse, 2=Worse, 3=About the same, 4=Better, 5=Much better",
w6,q3,econ_outlook_1yr,A. ECONOMIC EVALUATIONS,,What do you think will be the state of our country’s economic,"1=Much worse, 2=Worse, 3=About the same, 4=Better, 5=Much better",
w1,q140,econ_state_ownership,P.	AGREEMENT/DISAGREEMENT WITH SPECIFIC STATEMENTS	(cont’d),,The government should maintain ownership of major state-owned enterprises.,"1=Strongly disagree, 2=Somewhat disagree, 3=Somewhat agree, 4=Strongly agree",
w2,,econ_state_ownership,,,,"1=Strongly disagree, 2=Somewhat disagree, 3=Somewhat agree, 4=Strongly agree",Not included in this wave
w3,,econ_state_ownership,,,,"1=Strongly disagree, 2=Somewhat disagree, 3=Somewhat agree, 4=Strongly agree",Not included in this wave
w4,,econ_state_ownership,,,,"1=Strongly disagree, 2=Somewhat disagree, 3=Somewhat agree, 4=Strongly agree",Not included in this wave
w5,,econ_state_ownership,,,,"1=Strongly disagree, 2=Somewhat disagree, 3=Somewhat agree, 4=Strongly agree",Not included in this wave
w6,,econ_state_ownership,,,,"1=Strongly disagree, 2=Somewhat disagree, 3=Somewhat agree, 4=Strongly agree",Not included in this wave
w1,,econ_worried_lose_income,,,,"1=Not worried at all, 2=Not too worried, 3=Somewhat worried, 4=Very worried",Not included in this wave
w2,,econ_worried_lose_income,,,,"1=Not worried at all, 2=Not too worried, 3=Somewhat worried, 4=Very worried",Not included in this wave
w3,,econ_worried_lose_income,,,,"1=Not worried at all, 2=Not too worried, 3=Somewhat worried, 4=Very worried",Not included in this wave
w4,,econ_worried_lose_income,,,,"1=Not worried at all, 2=Not too worried, 3=Somewhat worried, 4=Very worried",Not included in this wave
w5,q161,econ_worried_lose_income,U. REDISTRIBUTION,,How worried are you that your family might lose its major source of income within the next 12 months?,"1=Not worried at all, 2=Not too worried, 3=Somewhat worried, 4=Very worried",
w6,q161,econ_worried_lose_income,V. REDISTRIBUTION,,How worried are you that your family might lose its major source of income within the next 12 months?,"1=Not worried at all, 2=Not too worried, 3=Somewhat worried, 4=Very worried",
w1,se005,education_level,,,Highest level of education completed,,Socio-demographic section (not in core questionnaire)
w2,se5,education_level,,,Highest level of education completed,,Socio-demographic section (not in core questionnaire)
w3,se5,education_level,,,Highest level of education completed,,Socio-demographic section (not in core questionnaire)
w4,se5,education_level,,,Highest level of education completed,,Socio-demographic section (not in core questionnaire)
w5,SE5,education_level,,,Highest level of education completed,,Socio-demographic section (not in core questionnaire)
w6,se5,education_level,,,Highest level of education completed,,Socio-demographic section (not in core questionnaire)
w1,se005a,education_years,,,Years of formal education,,Socio-demographic section (not in core questionnaire)
w2,se5a,education_years,,,Years of formal education,,Socio-demographic section (not in core questionnaire)
w3,se5a,education_years,,,Years of formal education,,Socio-demographic section (not in core questionnaire)
w4,se5a,education_years,,,Years of formal education,,Socio-demographic section (not in core questionnaire)
w5,SE5A,education_years,,,Years of formal education,,Socio-demographic section (not in core questionnaire)
w6,se5a,education_years,,,Years of formal education,,Socio-demographic section (not in core questionnaire)
w1,q126,efficacy_ability_participate,P.	AGREEMENT/DISAGREEMENT WITH SPECIFIC STATEMENTS,"I have here other statements. For each statement, would you say you STRONGLY AGREE, SOMEWHAT AGREE, SOMEWHAT DISAGREE, or STRONGLY DISAGREE?",I think I have the ability to participate in politics.,"1=Strongly disagree, 2=Somewhat disagree, 3=Somewhat agree, 4=Strongly agree",
w2,q127,efficacy_ability_participate,R.	AGREEMENT/DISAGREEMENT WITH SPECIFIC STATEMENTS,"I have here some statements. For each statement, would you say you strongly agree, somewhat agree, somewhat disagree, or strongly disagree?",I think I have the ability to participate in politics.,"1=Strongly disagree, 2=Somewhat disagree, 3=Somewhat agree, 4=Strongly agree",
w3,q133,efficacy_ability_participate,Q.  AGREEMENT/DISAGREEMENT WITH SPECIFIC STATEMENTS,"I have here some statements. For each statement, would you say you strongly agree, somewhat agree, somewhat disagree, or strongly disagree?",I think I have the ability to participate in politics.,"1=Strongly disagree, 2=Somewhat disagree, 3=Somewhat agree, 4=Strongly agree",
w4,q134,efficacy_ability_participate,R. AGREEMENT/DISAGREEMENT WITH SPECIFIC STATEMENTS,"I have here other statements. For each statement, would you say you STRONGLY AGREE, SOMEWHAT AGREE, SOMEWHAT DISAGREE, or STRONGLY DISAGREE?",I think I have the ability to participate in politics.,"1=Strongly disagree, 2=Somewhat disagree, 3=Somewhat agree, 4=Strongly agree",
w5,q141,efficacy_ability_participate,R. AGREEMENT/DISAGREEMENT WITH SPECIFIC STATEMENTS,"I have here some statements. For each statement, would you say you strongly agree, somewhat agree, somewhat disagree, or strongly disagree?",I think I have the ability to participate in politics.,"1=Strongly disagree, 2=Somewhat disagree, 3=Somewhat agree, 4=Strongly agree",
w6,q133,efficacy_ability_participate,R. AGREEMENT/DISAGREEMENT WITH SPECIFIC STATEMENTS,"I have here some statements. For each statement, would you say you strongly agree, somewhat agree, somewhat disagree, or strongly disagree?",I think I have the ability to participate in politics.,"1=Strongly disagree, 2=Somewhat disagree, 3=Somewhat agree, 4=Strongly agree",
w1,q129,efficacy_no_influence,P.	AGREEMENT/DISAGREEMENT WITH SPECIFIC STATEMENTS,"I have here other statements. For each statement, would you say you STRONGLY AGREE, SOMEWHAT AGREE, SOMEWHAT DISAGREE, or STRONGLY DISAGREE?",People like me don’t have any influence over what the government does.,"1=Strongly disagree, 2=Somewhat disagree, 3=Somewhat agree, 4=Strongly agree",
w2,,efficacy_no_influence,,,,"1=Strongly disagree, 2=Somewhat disagree, 3=Somewhat agree, 4=Strongly agree",Not included in this wave
w3,q135,efficacy_no_influence,Q.  AGREEMENT/DISAGREEMENT WITH SPECIFIC STATEMENTS,"I have here some statements. For each statement, would you say you strongly agree, somewhat agree, somewhat disagree, or strongly disagree?",People like me don’t have any influence over what the government does.,"1=Strongly disagree, 2=Somewhat disagree, 3=Somewhat agree, 4=Strongly agree",
w4,q136,efficacy_no_influence,R. AGREEMENT/DISAGREEMENT WITH SPECIFIC STATEMENTS,"I have here other statements. For each statement, would you say you STRONGLY AGREE, SOMEWHAT AGREE, SOMEWHAT DISAGREE, or STRONGLY DISAGREE?",People like me don’t have any influence over what the government does.,"1=Strongly disagree, 2=Somewhat disagree, 3=Somewhat agree, 4=Strongly agree",
w5,q143,efficacy_no_influence,R. AGREEMENT/DISAGREEMENT WITH SPECIFIC STATEMENTS,"I have here some statements. For each statement, would you say you strongly agree, somewhat agree, somewhat disagree, or strongly disagree?",People like me don’t have any influence over what the government does.,"1=Strongly disagree, 2=Somewhat disagree, 3=Somewhat agree, 4=Strongly agree",
w6,q135,efficacy_no_influence,R. AGREEMENT/DISAGREEMENT WITH SPECIFIC STATEMENTS,"I have here some statements. For each statement, would you say you strongly agree, somewhat agree, somewhat disagree, or strongly disagree?",People like me don’t have any influence over what the government does.,"1=Strongly disagree, 2=Somewhat disagree, 3=Somewhat agree, 4=Strongly agree",
w1,q127,efficacy_politics_complicated,P.	AGREEMENT/DISAGREEMENT WITH SPECIFIC STATEMENTS,"I have here other statements. For each statement, would you say you STRONGLY AGREE, SOMEWHAT AGREE, SOMEWHAT DISAGREE, or STRONGLY DISAGREE?",Sometimes politics and government seems so complicated that a person like me can’t really understand what is going on.,"1=Strongly disagree, 2=Somewhat disagree, 3=Somewhat agree, 4=Strongly agree",
w2,q128,efficacy_politics_complicated,R.	AGREEMENT/DISAGREEMENT WITH SPECIFIC STATEMENTS,"I have here some statements. For each statement, would you say you strongly agree, somewhat agree, somewhat disagree, or strongly disagree?",Sometimes politics and government seems so complicated that a person like me can’t really understand what is going on.,"1=Strongly disagree, 2=Somewhat disagree, 3=Somewhat agree, 4=Strongly agree",
w3,q134,efficacy_politics_complicated,Q.  AGREEMENT/DISAGREEMENT WITH SPECIFIC STATEMENTS,"I have here some statements. For each statement, would you say you strongly agree, somewhat agree, somewhat disagree, or strongly disagree?",Sometimes politics and government seems so complicated that a person like me can’t really understand what is going on.,"1=Strongly disagree, 2=Somewhat disagree, 3=Somewhat agree, 4=Strongly agree",
w4,q135,efficacy_politics_complicated,R. AGREEMENT/DISAGREEMENT WITH SPECIFIC STATEMENTS,"I have here other statements. For each statement, would you say you STRONGLY AGREE, SOMEWHAT AGREE, SOMEWHAT DISAGREE, or STRONGLY DISAGREE?",Sometimes politics and government seems so complicated that a person like me can’t really understand what is going on.,"1=Strongly disagree, 2=Somewhat disagree, 3=Somewhat agree, 4=Strongly agree",
w5,q142,efficacy_politics_complicated,R. AGREEMENT/DISAGREEMENT WITH SPECIFIC STATEMENTS,"I have here some statements. For each statement, would you say you strongly agree, somewhat agree, somewhat disagree, or strongly disagree?",Sometimes politics and government seems so complicated that a person like me can’t really understand what is going on.,"1=Strongly disagree, 2=Somewhat disagree, 3=Somewhat agree, 4=Strongly agree",
w6,q134,efficacy_politics_complicated,R. AGREEMENT/DISAGREEMENT WITH SPECIFIC STATEMENTS,"I have here some statements. For each statement, would you say you strongly agree, somewhat agree, somewhat disagree, or strongly disagree?",Sometimes politics and government seems so complicated that a person like me can’t really understand what is going on.,"1=Strongly disagree, 2=Somewhat disagree, 3=Somewhat agree, 4=Strongly agree",
w1,,election_free_fair,,,,"1=Not free or fair, 2=Free and fair, with major problems, 3=Free and fair, but with minor problems, 4=Completely free and fair",Not included in this wave
w2,q43,election_free_fair,D.	HUMAN SECURITY,"Thinking about the national election in [year], did you …","On the whole, how would you rate the freeness and fairness of the last national election, held in [year]. Was it: Completely free and fair …………………………………………………..1 Free and fair, but with minor problems ………………………………….2 Free and fair, with major problems ………………………………………3 Not free or fair ………………………………………………………….…..4","1=Not free or fair, 2=Free and fair, with major problems, 3=Free and fair, but with minor problems, 4=Completely free and fair",
w3,q37,election_free_fair,D.  PARTICIPATION IN ELECTIONS,"Thinking about the national election in [year], did you …","On the whole, how free and fair would you say the last national election was?","1=Not free or fair, 2=Free and fair, with major problems, 3=Free and fair, but with minor problems, 4=Completely free and fair",
w4,q38,election_free_fair,D. PARTICIPATION IN ELECTIONS,"Thinking about the national election in [year], did you …","On the whole, how free and fair would you say the last national election Completely free and fair ........................................","1=Not free or fair, 2=Free and fair, with major problems, 3=Free and fair, but with minor problems, 4=Completely free and fair",
w5,q38,election_free_fair,D. PARTICIPATION IN ELECTIONS,"Thinking about the national election in [year], did you …","On the whole, how free and fair would you say the last national election Completely free and fair ........................................","1=Not free or fair, 2=Free and fair, with major problems, 3=Free and fair, but with minor problems, 4=Completely free and fair",
w6,q38,election_free_fair,D. PARTICIPATION IN ELECTIONS,"Thinking about the national election in [year], did you …","On the whole, how free and fair would you say the last national election Completely free and fair ........................................","1=Not free or fair, 2=Free and fair, with major problems, 3=Free and fair, but with minor problems, 4=Completely free and fair",
w1,,elections_make_govt_responsive,,,,"1=Not at all, 2=Not much, 3=Quite a lot, 4=A good deal",Not included in this wave
w2,,elections_make_govt_responsive,,,,"1=Not at all, 2=Not much, 3=Quite a lot, 4=A good deal",Not included in this wave
w3,,elections_make_govt_responsive,,,,"1=Not at all, 2=Not much, 3=Quite a lot, 4=A good deal",Not included in this wave
w4,,elections_make_govt_responsive,,,,"1=Not at all, 2=Not much, 3=Quite a lot, 4=A good deal",Not included in this wave
w5,q122,elections_make_govt_responsive,O. QUALITY OF GOVERNANCE,,How much do you feel that having elections make the government A,"1=Not at all, 2=Not much, 3=Quite a lot, 4=A good deal",
w6,q113,elections_make_govt_responsive,O. QUALITY OF GOVERNANCE,,How much do you feel that having elections make the government A,"1=Not at all, 2=Not much, 3=Quite a lot, 4=A good deal",
w1,,electoral_status,,,,"1=Winner (voted for winning party/candidate), 2=Loser (voted for losing party/candidate)",Not included in this wave
w2,q39a,electoral_status,,,Electoral winner/loser status - whether respondent's preferred party/candidate won most recent election,"1=Winner (voted for winning party/candidate), 2=Loser (voted for losing party/candidate)",Sub-item/derived variable (not a standalone question)
w3,q33a,electoral_status,,,Electoral winner/loser status - whether respondent's preferred party/candidate won most recent election,"1=Winner (voted for winning party/candidate), 2=Loser (voted for losing party/candidate)",Sub-item/derived variable (not a standalone question)
w4,q34a,electoral_status,,,Electoral winner/loser status - whether respondent's preferred party/candidate won most recent election,"1=Winner (voted for winning party/candidate), 2=Loser (voted for losing party/candidate)",Sub-item/derived variable (not a standalone question)
w5,q34a,electoral_status,,,Electoral winner/loser status - whether respondent's preferred party/candidate won most recent election,"1=Winner (voted for winning party/candidate), 2=Loser (voted for losing party/candidate)",Sub-item/derived variable (not a standalone question)
w6,q34a,electoral_status,,,Electoral winner/loser status - whether respondent's preferred party/candidate won most recent election,"1=Winner (voted for winning party/candidate), 2=Loser (voted for losing party/candidate)",Sub-item/derived variable (not a standalone question)
w1,,emergency_powers_corruption,,,,"1=Not at all justified, 2=Not very justified, 3=Somewhat justified, 4=Very justified",Not included in this wave
w2,,emergency_powers_corruption,,,,"1=Not at all justified, 2=Not very justified, 3=Somewhat justified, 4=Very justified",Not included in this wave
w3,,emergency_powers_corruption,,,,"1=Not at all justified, 2=Not very justified, 3=Somewhat justified, 4=Very justified",Not included in this wave
w4,,emergency_powers_corruption,,,,"1=Not at all justified, 2=Not very justified, 3=Somewhat justified, 4=Very justified",Not included in this wave
w5,,emergency_powers_corruption,,,,"1=Not at all justified, 2=Not very justified, 3=Somewhat justified, 4=Very justified",Not included in this wave
w6,q172c,emergency_powers_corruption,,,Would widespread corruption that the president/PM claims can only be reduced by increasing executive power justify the government's use of emergency powers?,"1=Not at all justified, 2=Not very justified, 3=Somewhat justified, 4=Very justified",Sub-item/derived variable (not a standalone question)
w1,,emergency_powers_economic_crisis,,,,"1=Not at all justified, 2=Not very justified, 3=Somewhat justified, 4=Very justified",Not included in this wave
w2,,emergency_powers_economic_crisis,,,,"1=Not at all justified, 2=Not very justified, 3=Somewhat justified, 4=Very justified",Not included in this wave
w3,,emergency_powers_economic_crisis,,,,"1=Not at all justified, 2=Not very justified, 3=Somewhat justified, 4=Very justified",Not included in this wave
w4,,emergency_powers_economic_crisis,,,,"1=Not at all justified, 2=Not very justified, 3=Somewhat justified, 4=Very justified",Not included in this wave
w5,,emergency_powers_economic_crisis,,,,"1=Not at all justified, 2=Not very justified, 3=Somewhat justified, 4=Very justified",Not included in this wave
w6,q172b,emergency_powers_economic_crisis,,,Would an economic crisis that has caused the loss of many jobs justify the government's use of emergency powers to constrain rights and freedom?,"1=Not at all justified, 2=Not very justified, 3=Somewhat justified, 4=Very justified",Sub-item/derived variable (not a standalone question)
w1,,emergency_powers_health_crisis,,,,"1=Not at all justified, 2=Not very justified, 3=Somewhat justified, 4=Very justified",Not included in this wave
w2,,emergency_powers_health_crisis,,,,"1=Not at all justified, 2=Not very justified, 3=Somewhat justified, 4=Very justified",Not included in this wave
w3,,emergency_powers_health_crisis,,,,"1=Not at all justified, 2=Not very justified, 3=Somewhat justified, 4=Very justified",Not included in this wave
w4,,emergency_powers_health_crisis,,,,"1=Not at all justified, 2=Not very justified, 3=Somewhat justified, 4=Very justified",Not included in this wave
w5,,emergency_powers_health_crisis,,,,"1=Not at all justified, 2=Not very justified, 3=Somewhat justified, 4=Very justified",Not included in this wave
w6,q172a,emergency_powers_health_crisis,,,Would a public health crisis like COVID-19 justify the government's use of emergency powers to constrain rights and freedom?,"1=Not at all justified, 2=Not very justified, 3=Somewhat justified, 4=Very justified",Sub-item/derived variable (not a standalone question)
w1,,emergency_powers_security_crisis,,,,"1=Not at all justified, 2=Not very justified, 3=Somewhat justified, 4=Very justified",Not included in this wave
w2,,emergency_powers_security_crisis,,,,"1=Not at all justified, 2=Not very justified, 3=Somewhat justified, 4=Very justified",Not included in this wave
w3,,emergency_powers_security_crisis,,,,"1=Not at all justified, 2=Not very justified, 3=Somewhat justified, 4=Very justified",Not included in this wave
w4,,emergency_powers_security_crisis,,,,"1=Not at all justified, 2=Not very justified, 3=Somewhat justified, 4=Very justified",Not included in this wave
w5,,emergency_powers_security_crisis,,,,"1=Not at all justified, 2=Not very justified, 3=Somewhat justified, 4=Very justified",Not included in this wave
w6,q172d,emergency_powers_security_crisis,,,Would a security crisis due to social unrest or terrorism justify the government's use of emergency powers to constrain rights and freedom?,"1=Not at all justified, 2=Not very justified, 3=Somewhat justified, 4=Very justified",Sub-item/derived variable (not a standalone question)
w1,,emergency_powers_war,,,,"1=Not at all justified, 2=Not very justified, 3=Somewhat justified, 4=Very justified",Not included in this wave
w2,,emergency_powers_war,,,,"1=Not at all justified, 2=Not very justified, 3=Somewhat justified, 4=Very justified",Not included in this wave
w3,,emergency_powers_war,,,,"1=Not at all justified, 2=Not very justified, 3=Somewhat justified, 4=Very justified",Not included in this wave
w4,,emergency_powers_war,,,,"1=Not at all justified, 2=Not very justified, 3=Somewhat justified, 4=Very justified",Not included in this wave
w5,,emergency_powers_war,,,,"1=Not at all justified, 2=Not very justified, 3=Somewhat justified, 4=Very justified",Not included in this wave
w6,q172e,emergency_powers_war,,,Would the country being at war justify the government's use of emergency powers to constrain rights and freedom?,"1=Not at all justified, 2=Not very justified, 3=Somewhat justified, 4=Very justified",Sub-item/derived variable (not a standalone question)
w1,,employed,,,,"0=No, 1=Yes",Not included in this wave
w2,,employed,,,,"0=No, 1=Yes",Not included in this wave
w3,se9,employed,,,Currently employed,"0=No, 1=Yes",Socio-demographic section (not in core questionnaire)
w4,se9,employed,,,Currently employed,"0=No, 1=Yes",Socio-demographic section (not in core questionnaire)
w5,SE9,employed,,,Currently employed,"0=No, 1=Yes",Socio-demographic section (not in core questionnaire)
w6,SE9,employed,,,Currently employed,"0=No, 1=Yes",Socio-demographic section (not in core questionnaire)
w1,,employment_type,,,,"1=Self-employed/business owner, 2=Working in family business, 3=Working for outside employer, 4=Peasant/farmer",Not included in this wave
w2,,employment_type,,,,"1=Self-employed/business owner, 2=Working in family business, 3=Working for outside employer, 4=Peasant/farmer",Not included in this wave
w3,se9a,employment_type,,,"Self-employed, family business, or outside employer?","1=Self-employed/business owner, 2=Working in family business, 3=Working for outside employer, 4=Peasant/farmer",Socio-demographic section (not in core questionnaire)
w4,se9a,employment_type,,,"Self-employed, family business, or outside employer?","1=Self-employed/business owner, 2=Working in family business, 3=Working for outside employer, 4=Peasant/farmer",Socio-demographic section (not in core questionnaire)
w5,SE9A,employment_type,,,"Self-employed, family business, or outside employer?","1=Self-employed/business owner, 2=Working in family business, 3=Working for outside employer, 4=Peasant/farmer",Socio-demographic section (not in core questionnaire)
w6,se9a,employment_type,,,"Self-employed, family business, or outside employer?","1=Self-employed/business owner, 2=Working in family business, 3=Working for outside employer, 4=Peasant/farmer",Socio-demographic section (not in core questionnaire)
w1,q124,expert_rule,P.	AGREEMENT/DISAGREEMENT WITH SPECIFIC STATEMENTS,"As you know, there are some people in our country who would like to change the way in which our country is governed. We would like to know what you think of their views. For each statement, would you say you STRONGLY AGREE, SOMEWHAT AGREE, SOMEWHAT DISAGREE, or STRONGLY DISAGREE?",We should get rid of parliament and elections and have the experts decide everything.,"1=Strongly disapprove, 2=Disapprove, 3=Approve, 4=Strongly approve",
w2,,expert_rule,,,,"1=Strongly disapprove, 2=Disapprove, 3=Approve, 4=Strongly approve",Not included in this wave
w3,q132,expert_rule,Q.  AGREEMENT/DISAGREEMENT WITH SPECIFIC STATEMENTS,"There are many ways to govern a country. Would you disapprove or approve of the following alternatives? For each statement, would you say you strongly approve, approve, disapprove, or strongly disapprove?",We should get rid of elections and parliaments and have experts make decisions on behalf of the people.,"1=Strongly disapprove, 2=Disapprove, 3=Approve, 4=Strongly approve",
w4,q133,expert_rule,R. AGREEMENT/DISAGREEMENT WITH SPECIFIC STATEMENTS,"As you know, there are some people in our country who would like to change the way in which our country is governed. We would like to know what you think of their views. For each statement, would you say you STRONGLY AGREE, SOMEWHAT AGREE, SOMEWHAT DISAGREE, or STRONGLY DISAGREE?","130- There are many ways to govern a country. Would you disapprove or approve of the following alternatives? For each statement, would you say you strongly approve, approve, disapprove, or strongly disapprove? (Do not read: Do not understand the","1=Strongly disapprove, 2=Disapprove, 3=Approve, 4=Strongly approve",
w5,q140,expert_rule,R. AGREEMENT/DISAGREEMENT WITH SPECIFIC STATEMENTS,"As you know, there are some people in our country who would like to change the way in which our country is governed. We would like to know what you think of their views. For each statement, would you say you STRONGLY AGREE, SOMEWHAT AGREE, SOMEWHAT DISAGREE, or STRONGLY DISAGREE?","137- There are many ways to govern a country. Would you disapprove or approve of the following alternatives? For each statement, would you say you strongly approve, approve, disapprove, or strongly disapprove? (Do not read: Do not understand the","1=Strongly disapprove, 2=Disapprove, 3=Approve, 4=Strongly approve",
w6,q132,expert_rule,R. AGREEMENT/DISAGREEMENT WITH SPECIFIC STATEMENTS,"As you know, there are some people in our country who would like to change the way in which our country is governed. We would like to know what you think of their views. For each statement, would you say you STRONGLY AGREE, SOMEWHAT AGREE, SOMEWHAT DISAGREE, or STRONGLY DISAGREE?","129- There are many ways to govern a country. Would you disapprove or approve of the following alternatives? For each statement, would you say you strongly approve, approve, disapprove, or strongly disapprove? (Do not read: Do not understand the","1=Strongly disapprove, 2=Disapprove, 3=Approve, 4=Strongly approve",
w1,q073,gate_contact_civil_servant,J.	POLITICAL PARTICIPATION,"In the past three (3) years, have you never, once, or more than once done the following because of personal, family, or neighborhood problems, or problems with government officials and policies? Once More than once Never Done",Contacted government (administrative) official.,"0=Never done, 1=Done at least once",
w2,q79,gate_contact_civil_servant,L.	POLITICAL PARTICIPATION,"In the past three (3) years, have you never, once, or more than once done the following because of personal, family, or neighborhood problems, or problems with government officials and policies? Once More than once Never Done",Contacted government (administrative) official.,"0=Never done, 1=Done at least once",
w3,q65,gate_contact_civil_servant,I.  POLITICAL PARTICIPATION,"In the past three (3) years, have you never, once, or more than once done the following because of personal, family, or neighborhood problems, or problems with government officials and policies? Once More than once Never Done",Contacted officials at higher level.,"0=Never done, 1=Done at least once",
w4,q70,gate_contact_civil_servant,J. POLITICAL PARTICIPATION,"In the past three (3) years, have you never, once, or more than once done the following because of personal, family, or neighborhood problems, or problems with government officials and policies?","Contacted officials at I have done this more than once .......................... …………………………………………………………1 higher level. I have done this once ............................................ …………………………………………………………2 I have not done this, but I might do it if something important happens in the future……………………3 I have not done this and I would not do it regardless of the situation…………………………………….4","0=Never done, 1=Done at least once",
w5,q71,gate_contact_civil_servant,J. POLITICAL PARTICIPATION,"In the past three (3) years, have you done the following because of personal, family, or neighborhood problems, or problems with government officials and policies?","Contacted civil servants or officials I have done this more than three times ................ ……………………………………….1 I have done this once ........................................... ……………………………………….3 I have not done this, but I might do it if something important happens in the future….4 I have not done this and I would not do it regardless of the situation…………………..5","0=Never done, 1=Done at least once",
w6,q69,gate_contact_civil_servant,J. POLITICAL PARTICIPATION,"In the past three (3) years, have you done the following because of personal, family, or neighborhood problems, or problems with government officials and policies?","Contacted civil servants or officials I have done this more than three times ................ ……………………………………….1 I have done this once ........................................... ……………………………………….3 I have not done this, but I might do it if something important happens in the future….4 I have not done this and I would not do it regardless of the situation…………………..5","0=Never done, 1=Done at least once",
w1,q075,gate_contact_elected,J.	POLITICAL PARTICIPATION,"In the past three (3) years, have you never, once, or more than once done the following because of personal, family, or neighborhood problems, or problems with government officials and policies? Once More than once Never Done",Contacted elected legislative representatives at any level.,"0=Never done, 1=Done at least once",
w2,q81,gate_contact_elected,L.	POLITICAL PARTICIPATION,"In the past three (3) years, have you never, once, or more than once done the following because of personal, family, or neighborhood problems, or problems with government officials and policies? Once More than once Never Done",Contacted elected officials or legislative representatives at any level.,"0=Never done, 1=Done at least once",
w3,q64,gate_contact_elected,I.  POLITICAL PARTICIPATION,"In the past three (3) years, have you never, once, or more than once done the following because of personal, family, or neighborhood problems, or problems with government officials and policies? Once More than once Never Done",Contacted elected officials or legislative representatives at any level.,"0=Never done, 1=Done at least once",
w4,q69,gate_contact_elected,J. POLITICAL PARTICIPATION,"In the past three (3) years, have you never, once, or more than once done the following because of personal, family, or neighborhood problems, or problems with government officials and policies?","Contacted elected I have done this more than once .......................... …………………………………………………………1 officials or legislative I have done this once ............................................ …………………………………………………………2 representatives at any I have not done this, but I might do it if something important happens in the future……………………3 level. I have not done this and I would not do it regardless of the situation…………………………………….4","0=Never done, 1=Done at least once",
w5,q70,gate_contact_elected,J. POLITICAL PARTICIPATION,"In the past three (3) years, have you done the following because of personal, family, or neighborhood problems, or problems with government officials and policies?","Contacted elected officials or legislative I have done this more than three times ................ ……………………………………….1 representatives at any level. I have done this two or three times....................... ……………………………………….2 I have not done this, but I might do it if something important happens in the future….4 I have not done this and I would not do it regardless of the situation…………………..5","0=Never done, 1=Done at least once",
w6,q68,gate_contact_elected,J. POLITICAL PARTICIPATION,"In the past three (3) years, have you done the following because of personal, family, or neighborhood problems, or problems with government officials and policies?","Contacted elected officials or I have done this more than three times ................ ……………………………………….1 representatives at any level. I have done this two or three times ....................... ……………………………………….2 I have not done this, but I might do it if something important happens in the future….4 I have not done this and I would not do it regardless of the situation…………………..5","0=Never done, 1=Done at least once",
w1,,gate_contact_influential,,,,"0=Never done, 1=Done at least once",Not included in this wave
w2,q84,gate_contact_influential,L.	POLITICAL PARTICIPATION,"In the past three (3) years, have you never, once, or more than once done the following because of personal, family, or neighborhood problems, or problems with government officials and policies? Once More than once Never Done",Contacted traditional leaders/community leaders.,"0=Never done, 1=Done at least once",
w3,q66,gate_contact_influential,I.  POLITICAL PARTICIPATION,"In the past three (3) years, have you never, once, or more than once done the following because of personal, family, or neighborhood problems, or problems with government officials and policies? Once More than once Never Done",Contacted traditional leaders/community leaders.,"0=Never done, 1=Done at least once",
w4,q71,gate_contact_influential,J. POLITICAL PARTICIPATION,"In the past three (3) years, have you never, once, or more than once done the following because of personal, family, or neighborhood problems, or problems with government officials and policies?","Contacted traditional I have done this more than once .......................... …………………………………………………………1 leaders/community I have done this once ............................................ …………………………………………………………2 leaders. I have not done this, but I might do it if something important happens in the future……………………3 I have not done this and I would not do it regardless of the situation…………………………………….4","0=Never done, 1=Done at least once",
w5,q72,gate_contact_influential,J. POLITICAL PARTICIPATION,"In the past three (3) years, have you done the following because of personal, family, or neighborhood problems, or problems with government officials and policies?","Contacted other influential people outside I have done this more than three times ................ ……………………………………….1 leaders/community leaders. I have done this once ........................................... ……………………………………….3 (SHOWCARD I have not done this, but I might do it if something important happens in the future….4 I have not done this and I would not do it regardless of the situation…………………..5","0=Never done, 1=Done at least once",
w6,q70,gate_contact_influential,J. POLITICAL PARTICIPATION,"In the past three (3) years, have you done the following because of personal, family, or neighborhood problems, or problems with government officials and policies?","Contacted other influential people I have done this more than three times ................ ……………………………………….1 outside the government, such as I have done this two or three times ....................... ……………………………………….2 traditional leaders/community leaders. I have done this once ........................................... ……………………………………….3 (SHOWCARD I have not done this, but I might do it if something important happens in the future….4 I have not done this and I would not do it regardless of the situation…………………..5","0=Never done, 1=Done at least once",
w1,q078,gate_contact_media,J.	POLITICAL PARTICIPATION,"In the past three (3) years, have you never, once, or more than once done the following because of personal, family, or neighborhood problems, or problems with government officials and policies? Once More than once Never Done","Contacted media (letter to newspapers, call-in to radio, TV, etc.)","0=Never done, 1=Done at least once",
w2,,gate_contact_media,,,,"0=Never done, 1=Done at least once",Not included in this wave
w3,q68,gate_contact_media,I.  POLITICAL PARTICIPATION,"In the past three (3) years, have you never, once, or more than once done the following because of personal, family, or neighborhood problems, or problems with government officials and policies? Once More than once Never Done",Contacted news media.,"0=Never done, 1=Done at least once",
w4,q73,gate_contact_media,J. POLITICAL PARTICIPATION,"In the past three (3) years, have you never, once, or more than once done the following because of personal, family, or neighborhood problems, or problems with government officials and policies?",Contacted news media. I have done this more than once .......................... …………………………………………………………1 I have done this once ............................................ …………………………………………………………2 I have not done this and I would not do it regardless of the situation…………………………………….4,"0=Never done, 1=Done at least once",
w5,q73,gate_contact_media,J. POLITICAL PARTICIPATION,"In the past three (3) years, have you done the following because of personal, family, or neighborhood problems, or problems with government officials and policies?","Contacted news media. I have done this more than three times ................ ……………………………………….1 I have done this two or three times....................... ……………………………………….2 I have done this once ........................................... ……………………………………….3 I have not done this, but I might do it if something important happens in the future….4 I have not done this and I would not do it regardless of the situation…………………..5","0=Never done, 1=Done at least once",
w6,q71,gate_contact_media,J. POLITICAL PARTICIPATION,"In the past three (3) years, have you done the following because of personal, family, or neighborhood problems, or problems with government officials and policies?","Contacted news media. I have done this more than three times ................ ……………………………………….1 I have done this once ........................................... ……………………………………….3 I have not done this, but I might do it if something important happens in the future….4 I have not done this and I would not do it regardless of the situation…………………..5","0=Never done, 1=Done at least once",
w1,q079,gate_demonstration,J.	POLITICAL PARTICIPATION,"Here is a list of actions that people sometimes take as citizens. For each of these, please tell me whether you, personally, have never, once, or more than once done any of these things during the past three years. Once More than once Never Done","Demonstration, strike, sit-in. N/A N/A","0=Never done, 1=Done at least once",
w2,q88,gate_demonstration,L.	POLITICAL PARTICIPATION,"Here is a list of actions that people sometimes take as citizens. For each of these, please tell me whether you, personally, have never, once, or more than once done any of these things during the past three years. Once More than once Never Done",Attended a demonstration or protest march,"0=Never done, 1=Done at least once",
w3,q71,gate_demonstration,I.  POLITICAL PARTICIPATION,"Here is a list of actions that people sometimes take as citizens. For each of these, please tell me whether you, personally, have never, once, or more than once done any of these things during the past three years. Once More than once Never Done",Attended a demonstration or protest march,"0=Never done, 1=Done at least once",
w4,q76,gate_demonstration,J. POLITICAL PARTICIPATION,"Here is a list of actions that people sometimes take as citizens. For each of these, please tell me whether you, personally, have never, once, or more than once done any of these things during the past three years.","Attended a demonstration I have done this more than once .......................... …………………………………………………………1 or protest march I have done this once ............................................ …………………………………………………………2 I have not done this, but I might do it if something important happens in the future……………………3","0=Never done, 1=Done at least once",
w5,q79,gate_demonstration,J. POLITICAL PARTICIPATION,"Here is a list of actions that people sometimes take as citizens. For each of these, please tell me whether you have done any of these things during the past three years?","Attended a demonstration or I have done this more than three times ................. …………………………………………………………1 protest march I have done this two or three times ....................... …………………………………………………………2 I have not done this, but I might do it if something important happens in the future……………………4 I have not done this and I would not do it regardless of the situation…………………………………….5","0=Never done, 1=Done at least once",
w6,q76,gate_demonstration,J. POLITICAL PARTICIPATION,"Here is a list of actions that people sometimes take as citizens. For each of these, please tell me whether you have done any of these things during the past three years?","Attended a demonstration or I have done this more than three times ................. …………………………………………………………1 protest march I have done this two or three times ....................... …………………………………………………………2 I have not done this, but I might do it if something important happens in the future……………………4 I have not done this and I would not do it regardless of the situation…………………………………….5","0=Never done, 1=Done at least once",
w1,,gate_petition,,,,"0=Never done, 1=Done at least once",Not included in this wave
w2,q87,gate_petition,L.	POLITICAL PARTICIPATION,"Here is a list of actions that people sometimes take as citizens. For each of these, please tell me whether you, personally, have never, once, or more than once done any of these things during the past three years. Once More than once Never Done",Got together with others to raise an issue or sign a petition,"0=Never done, 1=Done at least once",
w3,q70,gate_petition,I.  POLITICAL PARTICIPATION,"Here is a list of actions that people sometimes take as citizens. For each of these, please tell me whether you, personally, have never, once, or more than once done any of these things during the past three years. Once More than once Never Done",Got together with others to raise an issue or sign a petition,"0=Never done, 1=Done at least once",
w4,q75,gate_petition,J. POLITICAL PARTICIPATION,"Here is a list of actions that people sometimes take as citizens. For each of these, please tell me whether you, personally, have never, once, or more than once done any of these things during the past three years.","Got together with others I have done this more than once .......................... …………………………………………………………1 to raise an issue or sign a I have done this once ............................................ …………………………………………………………2 petition I have not done this, but I might do it if something important happens in the future……………………3 I have not done this and I would not do it regardless of the situation…………………………………….4","0=Never done, 1=Done at least once",
w5,q74,gate_petition,J. POLITICAL PARTICIPATION,"Here is a list of actions that people sometimes take as citizens. For each of these, please tell me whether you have done any of these things during the past three years?","Signed a paper petition. I have done this more than three times ................. …………………………………………………………1 I have done this once ............................................ …………………………………………………………3 I have not done this, but I might do it if something important happens in the future……………………4 I have not done this and I would not do it regardless of the situation…………………………………….5","0=Never done, 1=Done at least once",
w6,q72,gate_petition,J. POLITICAL PARTICIPATION,"Here is a list of actions that people sometimes take as citizens. For each of these, please tell me whether you have done any of these things during the past three years?","Signed a paper or online petition. I have done this more than three times ................. …………………………………………………………1 I have done this once ............................................ …………………………………………………………3 I have not done this, but I might do it if something important happens in the future……………………4 I have not done this and I would not do it regardless of the situation…………………………………….5","0=Never done, 1=Done at least once",
w1,se002,gender,,,Gender of respondent,"0=Female, 1=Male",Socio-demographic section (not in core questionnaire)
w2,se2,gender,,,Gender of respondent,"0=Female, 1=Male",Socio-demographic section (not in core questionnaire)
w3,se2,gender,,,Gender of respondent,"0=Female, 1=Male",Socio-demographic section (not in core questionnaire)
w4,se2,gender,,,Gender of respondent,"0=Female, 1=Male",Socio-demographic section (not in core questionnaire)
w5,SE2,gender,,,Gender of respondent,"0=Female, 1=Male",Socio-demographic section (not in core questionnaire)
w6,se2,gender,,,Gender of respondent,"0=Female, 1=Male",Socio-demographic section (not in core questionnaire)
w1,q142,glob_cultural_defense,P.	AGREEMENT/DISAGREEMENT WITH SPECIFIC STATEMENTS	(cont’d),"Which of the following statements do you agree with the most? Choose between the first or second statement. [Interviewer: Probe whether respondent strongly agrees or just agrees with the chosen statement.""",Our country should defend our way of life instead of becoming more and more like other countries.,"1=Defend our way of life, 2=Learn from other countries",
w2,q144,glob_cultural_defense,S.	AGREEMENT/DISAGREEMENT WITH SPECIFIC STATEMENTS	(cont’d),"I have here other statements. For each statement, would you say you strongly agree, somewhat agree, somewhat disagree, or strongly disagree?",Our country should defend our way of life instead of becoming more and more like other countries.,"1=Defend our way of life, 2=Learn from other countries",
w3,q151,glob_cultural_defense,S.  GLOBALIZATION,"Which of the following statements do you agree with the most? Choose between the first or second statement. [Interviewer: Probe whether respondent strongly agrees or just agrees with the chosen statement.""",Our country should defend our way of life instead of becoming more and more like other countries.,"1=Defend our way of life, 2=Learn from other countries",
w4,q151,glob_cultural_defense,T. GLOBALIZATION,"Which of the following statements do you agree with the most? Choose between the first or second statement. [Interviewer: Probe whether respondent strongly agrees or just agrees with the chosen statement.""",Our country should defend our way of life instead of becoming more and more like other countries.,"1=Defend our way of life, 2=Learn from other countries",
w5,q156,glob_cultural_defense,T. GLOBALIZATION,"Which of the following statements do you agree with the most? Choose between the first or second statement. [Interviewer: Probe whether respondent strongly agrees or just agrees with the chosen statement.""","Statement 1: Our country should do more to defend our way of life. Statement 2: Our country should do more to learn from other countries even if we might lose our country’s distinct way of life (or culture). (Code 7: Do not understand the question, Code 8: Can’t choose, Code 9: Decline to answer) 156a. Do you","1=Defend our way of life, 2=Learn from other countries",
w6,q156,glob_cultural_defense,U. GLOBALIZATION,"Which of the following statements do you agree with the most? Choose between the first or second statement. [Interviewer: Probe whether respondent strongly agrees or just agrees with the chosen statement.""","Statement 1: Our country should do more to defend our way of life. Statement 2: Our country should do more to learn from other countries even if we might lose our country’s distinct way of life (or culture). (Code 7: Do not understand the question, Code 8: Can’t choose, Code 9: Decline to answer) 156a. Do you","1=Defend our way of life, 2=Learn from other countries",
w1,,glob_cultural_defense_intensity,,,,"1=Strongly, 2=Not strongly",Not included in this wave
w2,,glob_cultural_defense_intensity,,,,"1=Strongly, 2=Not strongly",Not included in this wave
w3,,glob_cultural_defense_intensity,,,,"1=Strongly, 2=Not strongly",Not included in this wave
w4,,glob_cultural_defense_intensity,,,,"1=Strongly, 2=Not strongly",Not included in this wave
w5,q156a,glob_cultural_defense_intensity,,,How strongly do you feel about defending way of life/learning from others?,"1=Strongly, 2=Not strongly",Sub-item/derived variable (not a standalone question)
w6,,glob_cultural_defense_intensity,,,,"1=Strongly, 2=Not strongly",Not included in this wave
w1,,glob_immigration_policy,,,,"1=Should not allow anymore, 2=Reduce the inflow, 3=Maintain the current inflow, 4=Increase the flow",Not included in this wave
w2,,glob_immigration_policy,,,,"1=Should not allow anymore, 2=Reduce the inflow, 3=Maintain the current inflow, 4=Increase the flow",Not included in this wave
w3,,glob_immigration_policy,,,,"1=Should not allow anymore, 2=Reduce the inflow, 3=Maintain the current inflow, 4=Increase the flow",Not included in this wave
w4,q153,glob_immigration_policy,T. GLOBALIZATION,"Which of the following statements do you agree with the most? Choose between the first or second statement. [Interviewer: Probe whether respondent strongly agrees or just agrees with the chosen statement.""",Do you think the government should increase or decrease the inflow of foreign immigrants into the country? <OPTIONAL>,"1=Should not allow anymore, 2=Reduce the inflow, 3=Maintain the current inflow, 4=Increase the flow",
w5,q158,glob_immigration_policy,T. GLOBALIZATION,"Which of the following statements do you agree with the most? Choose between the first or second statement. [Interviewer: Probe whether respondent strongly agrees or just agrees with the chosen statement.""",Do you think the government should increase or The government should increase the inflow of foreigners…………………1 decrease the inflow of foreigners who come to work in The government should maintain the current inflow of foreigners………..2 The government should not allow any more foreigners…………………….4,"1=Should not allow anymore, 2=Reduce the inflow, 3=Maintain the current inflow, 4=Increase the flow",
w6,q158,glob_immigration_policy,U. GLOBALIZATION,"Which of the following statements do you agree with the most? Choose between the first or second statement. [Interviewer: Probe whether respondent strongly agrees or just agrees with the chosen statement.""",Do you think the government should increase or The government should increase the inflow of foreigners…………………1 decrease the inflow of foreigners who come to work in The government should maintain the current inflow of foreigners………..2 The government should not allow any more foreigners…………………….4,"1=Should not allow anymore, 2=Reduce the inflow, 3=Maintain the current inflow, 4=Increase the flow",
w1,,glob_trade_protection,,,,"1=Limit imports to protect workers/farmers, 2=Do more trade with other countries",Not included in this wave
w2,q146,glob_trade_protection,S.	AGREEMENT/DISAGREEMENT WITH SPECIFIC STATEMENTS	(cont’d),"I have here other statements. For each statement, would you say you strongly agree, somewhat agree, somewhat disagree, or strongly disagree?",Our country should become more self-sufficient and less reliant on trade with other countries.,"1=Limit imports to protect workers/farmers, 2=Do more trade with other countries",
w3,q152,glob_trade_protection,S.  GLOBALIZATION,"Which of the following statements do you agree with the most? Choose between the first or second statement. [Interviewer: Probe whether respondent strongly agrees or just agrees with the chosen statement.""",Do you agree or disagree with the following statement: “We should protect our farmers and workers by limiting the import of foreign goods.”,"1=Limit imports to protect workers/farmers, 2=Do more trade with other countries",
w4,q152,glob_trade_protection,T. GLOBALIZATION,"Which of the following statements do you agree with the most? Choose between the first or second statement. [Interviewer: Probe whether respondent strongly agrees or just agrees with the chosen statement.""",Do you agree or disagree with the following statement: “We should protect our farmers and workers by limiting the import of foreign goods.”,"1=Limit imports to protect workers/farmers, 2=Do more trade with other countries",
w5,q157,glob_trade_protection,T. GLOBALIZATION,"Which of the following statements do you agree with the most? Choose between the first or second statement. [Interviewer: Probe whether respondent strongly agrees or just agrees with the chosen statement.""","Statement 1: Our country should limit the imports of foreign goods to protect our farmers and workers. Statement 2: Our country should do more trade with other countries even if the rise of imports might harm our workers and farmers. (Code 7: Do not understand the question, Code 8: Can’t choose, Code 9: Decline to answer) 157a. Do you","1=Limit imports to protect workers/farmers, 2=Do more trade with other countries",
w6,q157,glob_trade_protection,U. GLOBALIZATION,"Which of the following statements do you agree with the most? Choose between the first or second statement. [Interviewer: Probe whether respondent strongly agrees or just agrees with the chosen statement.""","Statement 1: Our country should limit the imports of foreign goods to protect our farmers and workers. Statement 2: Our country should do more trade with other countries even if the rise of imports might harm our workers and farmers. (Code 7: Do not understand the question, Code 8: Can’t choose, Code 9: Decline to answer) 157a. Do you","1=Limit imports to protect workers/farmers, 2=Do more trade with other countries",
w1,,glob_trade_protection_intensity,,,,"1=Strongly, 2=Not strongly",Not included in this wave
w2,,glob_trade_protection_intensity,,,,"1=Strongly, 2=Not strongly",Not included in this wave
w3,,glob_trade_protection_intensity,,,,"1=Strongly, 2=Not strongly",Not included in this wave
w4,,glob_trade_protection_intensity,,,,"1=Strongly, 2=Not strongly",Not included in this wave
w5,q157a,glob_trade_protection_intensity,,,How strongly do you feel about trade protection/openness?,"1=Strongly, 2=Not strongly",Sub-item/derived variable (not a standalone question)
w6,,glob_trade_protection_intensity,,,,"1=Strongly, 2=Not strongly",Not included in this wave
w1,,gov_basic_necessities,,,,"1=Strongly disagree, 2=Somewhat disagree, 3=Somewhat agree, 4=Strongly agree",Not included in this wave
w2,q109,gov_basic_necessities,N.	SATISFACTION WITH GOVERNMENT AND DEMOCRACY,"Now I am going to read to you a list of statements that describe how people often feel about the state of affairs in [country name]. Please tell me whether you strongly agree, somewhat agree, somewhat disagree, or strongly disagree with each of these statements.","People have basic necessities like food, clothes, and shelter.","1=Strongly disagree, 2=Somewhat disagree, 3=Somewhat agree, 4=Strongly agree",
w3,q105,gov_basic_necessities,N.  QUALITY OF GOVERNANCE,"Now I am going to read to you a list of statements that describe how people often feel about the state of affairs in [country name]. Please tell me whether you strongly agree, somewhat agree, somewhat disagree, or strongly disagree with each of these statements.","People have basic necessities like food, clothes, and shelter.","1=Strongly disagree, 2=Somewhat disagree, 3=Somewhat agree, 4=Strongly agree",
w4,q107,gov_basic_necessities,O. QUALITY OF GOVERNANCE,"Now I am going to read to you a list of statements that describe how people often feel about the state of affairs in [country name]. Please tell me whether you strongly agree, somewhat agree, somewhat disagree, or strongly disagree with each of these statements.","People have basic necessities like food, clothes, and shelter.","1=Strongly disagree, 2=Somewhat disagree, 3=Somewhat agree, 4=Strongly agree",
w5,q114,gov_basic_necessities,O. QUALITY OF GOVERNANCE,"Now I am going to read to you a list of statements that describe how people often feel about the state of affairs in [country name]. Please tell me whether you strongly agree, somewhat agree, somewhat disagree, or strongly disagree with each of these statements.","People have basic necessities like food, clothes, and shelter.","1=Strongly disagree, 2=Somewhat disagree, 3=Somewhat agree, 4=Strongly agree",
w6,q105,gov_basic_necessities,O. QUALITY OF GOVERNANCE,"Now I am going to read to you a list of statements that describe how people often feel about the state of affairs in [country name]. Please tell me whether you strongly agree, somewhat agree, somewhat disagree, or strongly disagree with each of these statements.","People have basic necessities like food, clothes, and shelter.","1=Strongly disagree, 2=Somewhat disagree, 3=Somewhat agree, 4=Strongly agree",
w1,,gov_courts_powerless,,,,"1=Strongly disagree, 2=Somewhat disagree, 3=Somewhat agree, 4=Strongly agree",Not included in this wave
w2,,gov_courts_powerless,,,,"1=Strongly disagree, 2=Somewhat disagree, 3=Somewhat agree, 4=Strongly agree",Not included in this wave
w3,q101,gov_courts_powerless,N.  QUALITY OF GOVERNANCE,,"When government leaders break the laws, there is nothing the court can do.","1=Strongly disagree, 2=Somewhat disagree, 3=Somewhat agree, 4=Strongly agree",
w4,q104,gov_courts_powerless,O. QUALITY OF GOVERNANCE,,"When government leaders break the laws, there is nothing the court can do.","1=Strongly disagree, 2=Somewhat disagree, 3=Somewhat agree, 4=Strongly agree",
w5,q111,gov_courts_powerless,O. QUALITY OF GOVERNANCE,,"When government leaders break the laws, there is nothing the court can do.","1=Strongly disagree, 2=Somewhat disagree, 3=Somewhat agree, 4=Strongly agree",
w6,q102,gov_courts_powerless,O. QUALITY OF GOVERNANCE,,"When government leaders break the laws, there is nothing the court can do.","1=Strongly disagree, 2=Somewhat disagree, 3=Somewhat agree, 4=Strongly agree",
w1,q106,gov_economic_equality,N.	REGIME EVALUATION,"We would like you now to compare the present system of government with the one our country had under [name of president, etc. having most recent authoritarian rule]. In each of the following areas, would you say that today things are MUCH BETTER THAN BEFORE, SOMEWHAT BETTER, MUCH THE SAME, SOMEWHAT WORSE, or MUCH WORSE?",Everyone is treated equally by the government.,"1=Strongly disagree, 2=Somewhat disagree, 3=Somewhat agree, 4=Strongly agree",
w2,q108,gov_economic_equality,N.	SATISFACTION WITH GOVERNMENT AND DEMOCRACY,"Now I am going to read to you a list of statements that describe how people often feel about the state of affairs in [country name]. Please tell me whether you strongly agree, somewhat agree, somewhat disagree, or strongly disagree with each of these statements.",Everyone is treated equally by the government.,"1=Strongly disagree, 2=Somewhat disagree, 3=Somewhat agree, 4=Strongly agree",
w3,q104,gov_economic_equality,N.  QUALITY OF GOVERNANCE,"We would like you now to compare the present system of government with the one our country had under [name of president, etc. having most recent authoritarian rule]. In each of the following areas, would you say that today things are MUCH BETTER THAN BEFORE, SOMEWHAT BETTER, MUCH THE SAME, SOMEWHAT WORSE, or MUCH WORSE?",Rich and poor people are treated equally by the government. 【GBS used the original design】,"1=Strongly disagree, 2=Somewhat disagree, 3=Somewhat agree, 4=Strongly agree",
w4,q106,gov_economic_equality,O. QUALITY OF GOVERNANCE,"We would like you now to compare the present system of government with the one our country had under [name of president, etc. having most recent authoritarian rule]. In each of the following areas, would you say that today things are MUCH BETTER THAN BEFORE, SOMEWHAT BETTER, MUCH THE SAME, SOMEWHAT WORSE, or MUCH WORSE?",Rich and poor people are treated equally by the government.,"1=Strongly disagree, 2=Somewhat disagree, 3=Somewhat agree, 4=Strongly agree",
w5,q113,gov_economic_equality,O. QUALITY OF GOVERNANCE,"We would like you now to compare the present system of government with the one our country had under [name of president, etc. having most recent authoritarian rule]. In each of the following areas, would you say that today things are MUCH BETTER THAN BEFORE, SOMEWHAT BETTER, MUCH THE SAME, SOMEWHAT WORSE, or MUCH WORSE?",Rich and poor people are treated equally by the government.,"1=Strongly disagree, 2=Somewhat disagree, 3=Somewhat agree, 4=Strongly agree",
w6,q104,gov_economic_equality,O. QUALITY OF GOVERNANCE,"We would like you now to compare the present system of government with the one our country had under [name of president, etc. having most recent authoritarian rule]. In each of the following areas, would you say that today things are MUCH BETTER THAN BEFORE, SOMEWHAT BETTER, MUCH THE SAME, SOMEWHAT WORSE, or MUCH WORSE?",Rich and poor people are treated equally by the government.,"1=Strongly disagree, 2=Somewhat disagree, 3=Somewhat agree, 4=Strongly agree",
w1,,gov_elections_make_responsive,,,,"1=Not at all, 2=Not much, 3=Quite a lot, 4=A good deal",Not included in this wave
w2,,gov_elections_make_responsive,,,,"1=Not at all, 2=Not much, 3=Quite a lot, 4=A good deal",Not included in this wave
w3,,gov_elections_make_responsive,,,,"1=Not at all, 2=Not much, 3=Quite a lot, 4=A good deal",Not included in this wave
w4,,gov_elections_make_responsive,,,,"1=Not at all, 2=Not much, 3=Quite a lot, 4=A good deal",Not included in this wave
w5,q122,gov_elections_make_responsive,O. QUALITY OF GOVERNANCE,,How much do you feel that having elections make the government A,"1=Not at all, 2=Not much, 3=Quite a lot, 4=A good deal",
w6,q113,gov_elections_make_responsive,O. QUALITY OF GOVERNANCE,,How much do you feel that having elections make the government A,"1=Not at all, 2=Not much, 3=Quite a lot, 4=A good deal",
w1,,gov_elections_real_choice,,,,"1=Rarely, 2=Sometimes, 3=Most of the time, 4=Always",Not included in this wave
w2,q114,gov_elections_real_choice,N.	SATISFACTION WITH GOVERNMENT AND DEMOCRACY,,How often do you think our elections offer the voters a real choice between different parties/candidates?,"1=Rarely, 2=Sometimes, 3=Most of the time, 4=Always",
w3,q111,gov_elections_real_choice,N.  QUALITY OF GOVERNANCE,,How often do you think our elections offer the voters a real choice between different parties/candidates?,"1=Rarely, 2=Sometimes, 3=Most of the time, 4=Always",
w4,q113,gov_elections_real_choice,O. QUALITY OF GOVERNANCE,,How often do you think our elections offer the voters a real choice between different parties/candidates?,"1=Rarely, 2=Sometimes, 3=Most of the time, 4=Always",
w5,q119,gov_elections_real_choice,O. QUALITY OF GOVERNANCE,,How often do you think our elections offer the voters a real choice between different parties/candidates?,"1=Rarely, 2=Sometimes, 3=Most of the time, 4=Always",
w6,q110,gov_elections_real_choice,O. QUALITY OF GOVERNANCE,,How often do you think our elections offer the voters a real choice between different parties/candidates?,"1=Rarely, 2=Sometimes, 3=Most of the time, 4=Always",
w1,,gov_enforce_laws,,,,"1=Not at all capable, 2=Not capable, 3=Capable, 4=Very capable",Not included in this wave
w2,,gov_enforce_laws,,,,"1=Not at all capable, 2=Not capable, 3=Capable, 4=Very capable",Not included in this wave
w3,,gov_enforce_laws,,,,"1=Not at all capable, 2=Not capable, 3=Capable, 4=Very capable",Not included in this wave
w4,,gov_enforce_laws,,,,"1=Not at all capable, 2=Not capable, 3=Capable, 4=Very capable",Not included in this wave
w5,q123,gov_enforce_laws,O. QUALITY OF GOVERNANCE,,How capable is the government of enforcing laws and implementing Very capable…………………………………………1 policies? Capable……………………………………………….2,"1=Not at all capable, 2=Not capable, 3=Capable, 4=Very capable",
w6,q114,gov_enforce_laws,O. QUALITY OF GOVERNANCE,,How capable is the government of enforcing laws and implementing Very capable…………………………………………1 policies? Capable……………………………………………….2,"1=Not at all capable, 2=Not capable, 3=Capable, 4=Very capable",
w1,,gov_ethnic_equality,,,,"1=Strongly disagree, 2=Somewhat disagree, 3=Somewhat agree, 4=Strongly agree",Not included in this wave
w2,,gov_ethnic_equality,,,,"1=Strongly disagree, 2=Somewhat disagree, 3=Somewhat agree, 4=Strongly agree",Not included in this wave
w3,q103,gov_ethnic_equality,N.  QUALITY OF GOVERNANCE,,All citizens from different ethnic communities in Country X are treated equally by the government. 【GBS used the original design】,"1=Strongly disagree, 2=Somewhat disagree, 3=Somewhat agree, 4=Strongly agree",
w4,q105,gov_ethnic_equality,O. QUALITY OF GOVERNANCE,,All citizens from different ethnic communities in [Country X] are treated equally by the government.,"1=Strongly disagree, 2=Somewhat disagree, 3=Somewhat agree, 4=Strongly agree",
w5,q112,gov_ethnic_equality,O. QUALITY OF GOVERNANCE,,All citizens from different ethnic communities in [Country X] are treated equally by the government.,"1=Strongly disagree, 2=Somewhat disagree, 3=Somewhat agree, 4=Strongly agree",
w6,q103,gov_ethnic_equality,O. QUALITY OF GOVERNANCE,,All citizens from different ethnic communities in [Country X] are treated equally by the government.,"1=Strongly disagree, 2=Somewhat disagree, 3=Somewhat agree, 4=Strongly agree",
w1,q113,gov_free_to_organize,N.	REGIME EVALUATION,"We would like you now to compare the present system of government with the one our country had under [name of president, etc. having most recent authoritarian rule]. In each of the following areas, would you say that today things are MUCH BETTER THAN BEFORE, SOMEWHAT BETTER, MUCH THE SAME, SOMEWHAT WORSE, or MUCH WORSE?",You can join any organization you like.,"1=Strongly disagree, 2=Somewhat disagree, 3=Somewhat agree, 4=Strongly agree",
w2,q111,gov_free_to_organize,N.	SATISFACTION WITH GOVERNMENT AND DEMOCRACY,"Now I am going to read to you a list of statements that describe how people often feel about the state of affairs in [country name]. Please tell me whether you strongly agree, somewhat agree, somewhat disagree, or strongly disagree with each of these statements.",People can join any organization they like without fear.,"1=Strongly disagree, 2=Somewhat disagree, 3=Somewhat agree, 4=Strongly agree",
w3,q107,gov_free_to_organize,N.  QUALITY OF GOVERNANCE,"We would like you now to compare the present system of government with the one our country had under [name of president, etc. having most recent authoritarian rule]. In each of the following areas, would you say that today things are MUCH BETTER THAN BEFORE, SOMEWHAT BETTER, MUCH THE SAME, SOMEWHAT WORSE, or MUCH WORSE?",Now I am going to read to you a list of statements that describe how people,"1=Strongly disagree, 2=Somewhat disagree, 3=Somewhat agree, 4=Strongly agree",
w4,q109,gov_free_to_organize,O. QUALITY OF GOVERNANCE,"We would like you now to compare the present system of government with the one our country had under [name of president, etc. having most recent authoritarian rule]. In each of the following areas, would you say that today things are MUCH BETTER THAN BEFORE, SOMEWHAT BETTER, MUCH THE SAME, SOMEWHAT WORSE, or MUCH WORSE?","tell me whether you strongly agree, somewhat agree, somewhat disagree, or strongly disagree with each of these statements.","1=Strongly disagree, 2=Somewhat disagree, 3=Somewhat agree, 4=Strongly agree",
w5,q116,gov_free_to_organize,O. QUALITY OF GOVERNANCE,"We would like you now to compare the present system of government with the one our country had under [name of president, etc. having most recent authoritarian rule]. In each of the following areas, would you say that today things are MUCH BETTER THAN BEFORE, SOMEWHAT BETTER, MUCH THE SAME, SOMEWHAT WORSE, or MUCH WORSE?",People can join any organization they like without fear.,"1=Strongly disagree, 2=Somewhat disagree, 3=Somewhat agree, 4=Strongly agree",
w6,q107,gov_free_to_organize,O. QUALITY OF GOVERNANCE,"We would like you now to compare the present system of government with the one our country had under [name of president, etc. having most recent authoritarian rule]. In each of the following areas, would you say that today things are MUCH BETTER THAN BEFORE, SOMEWHAT BETTER, MUCH THE SAME, SOMEWHAT WORSE, or MUCH WORSE?",People can join any organization they like without fear.,"1=Strongly disagree, 2=Somewhat disagree, 3=Somewhat agree, 4=Strongly agree",
w1,,gov_leaders_abuse_power,,,,"1=Not at all, 2=Rarely, 3=Sometimes, 4=Most of the time, 5=Always",Not included in this wave
w2,,gov_leaders_abuse_power,,,,"1=Not at all, 2=Rarely, 3=Sometimes, 4=Most of the time, 5=Always",Not included in this wave
w3,q110,gov_leaders_abuse_power,N.  QUALITY OF GOVERNANCE,,How often do you think government leaders break the law or abuse their power?,"1=Not at all, 2=Rarely, 3=Sometimes, 4=Most of the time, 5=Always",
w4,q112,gov_leaders_abuse_power,O. QUALITY OF GOVERNANCE,,How often do you think government leaders break the law or abuse their power?,"1=Not at all, 2=Rarely, 3=Sometimes, 4=Most of the time, 5=Always",
w5,q118,gov_leaders_abuse_power,O. QUALITY OF GOVERNANCE,,How often do you think government leaders break the law or abuse their power?,"1=Not at all, 2=Rarely, 3=Sometimes, 4=Most of the time, 5=Always",
w6,q109,gov_leaders_abuse_power,O. QUALITY OF GOVERNANCE,,How often do you think government leaders break the law or abuse their power?,"1=Not at all, 2=Rarely, 3=Sometimes, 4=Most of the time, 5=Always",
w1,,gov_legislature_oversight,,,,"1=Not at all capable, 2=Not capable, 3=Capable, 4=Very capable",Not included in this wave
w2,q115,gov_legislature_oversight,N.	SATISFACTION WITH GOVERNMENT AND DEMOCRACY,,To what extent is the legislature capable of keeping the government in check?,"1=Not at all capable, 2=Not capable, 3=Capable, 4=Very capable",
w3,q112,gov_legislature_oversight,N.  QUALITY OF GOVERNANCE,,To what extent is the legislature capable of keeping government leaders in check?,"1=Not at all capable, 2=Not capable, 3=Capable, 4=Very capable",
w4,q114,gov_legislature_oversight,O. QUALITY OF GOVERNANCE,,To what extent is the legislature capable of keeping government Very capable .........................................................,"1=Not at all capable, 2=Not capable, 3=Capable, 4=Very capable",
w5,q120,gov_legislature_oversight,O. QUALITY OF GOVERNANCE,,To what extent is the legislature capable of keeping government Very capable .........................................................,"1=Not at all capable, 2=Not capable, 3=Capable, 4=Very capable",
w6,q111,gov_legislature_oversight,O. QUALITY OF GOVERNANCE,,To what extent is the legislature capable of keeping government Very capable .........................................................,"1=Not at all capable, 2=Not capable, 3=Capable, 4=Very capable",
w1,,gov_no_accountability_between_elections,,,,"1=Strongly disagree, 2=Somewhat disagree, 3=Somewhat agree, 4=Strongly agree",Not included in this wave
w2,q106,gov_no_accountability_between_elections,N.	SATISFACTION WITH GOVERNMENT AND DEMOCRACY,"Now I am going to read to you a list of statements that describe how people often feel about the state of affairs in [country name]. Please tell me whether you strongly agree, somewhat agree, somewhat disagree, or strongly disagree with each of these statements.","Between elections, the people have","1=Strongly disagree, 2=Somewhat disagree, 3=Somewhat agree, 4=Strongly agree",
w3,q100,gov_no_accountability_between_elections,N.  QUALITY OF GOVERNANCE,"Now I am going to read to you a list of statements that describe how people often feel about the state of affairs in [country name]. Please tell me whether you strongly agree, somewhat agree, somewhat disagree, or strongly disagree with each of these statements.","Between elections, the people have","1=Strongly disagree, 2=Somewhat disagree, 3=Somewhat agree, 4=Strongly agree",
w4,q103,gov_no_accountability_between_elections,O. QUALITY OF GOVERNANCE,"Now I am going to read to you a list of statements that describe how people often feel about the state of affairs in [country name]. Please tell me whether you strongly agree, somewhat agree, somewhat disagree, or strongly disagree with each of these statements.","Between elections, the people have","1=Strongly disagree, 2=Somewhat disagree, 3=Somewhat agree, 4=Strongly agree",
w5,q110,gov_no_accountability_between_elections,O. QUALITY OF GOVERNANCE,"Now I am going to read to you a list of statements that describe how people often feel about the state of affairs in [country name]. Please tell me whether you strongly agree, somewhat agree, somewhat disagree, or strongly disagree with each of these statements.","Between elections, the people have","1=Strongly disagree, 2=Somewhat disagree, 3=Somewhat agree, 4=Strongly agree",
w6,q101,gov_no_accountability_between_elections,O. QUALITY OF GOVERNANCE,"Now I am going to read to you a list of statements that describe how people often feel about the state of affairs in [country name]. Please tell me whether you strongly agree, somewhat agree, somewhat disagree, or strongly disagree with each of these statements.","Between elections, the people have","1=Strongly disagree, 2=Somewhat disagree, 3=Somewhat agree, 4=Strongly agree",
w1,,gov_opposition_opportunities,,,,"1=Strongly disagree, 2=Somewhat disagree, 3=Somewhat agree, 4=Strongly agree",Not included in this wave
w2,,gov_opposition_opportunities,,,,"1=Strongly disagree, 2=Somewhat disagree, 3=Somewhat agree, 4=Strongly agree",Not included in this wave
w3,,gov_opposition_opportunities,,,,"1=Strongly disagree, 2=Somewhat disagree, 3=Somewhat agree, 4=Strongly agree",Not included in this wave
w4,,gov_opposition_opportunities,,,,"1=Strongly disagree, 2=Somewhat disagree, 3=Somewhat agree, 4=Strongly agree",Not included in this wave
w5,q109,gov_opposition_opportunities,O. QUALITY OF GOVERNANCE,,"In our country, parties and candidates not in power have opportunities to be elected into government.","1=Strongly disagree, 2=Somewhat disagree, 3=Somewhat agree, 4=Strongly agree",
w6,q100,gov_opposition_opportunities,O. QUALITY OF GOVERNANCE,,"In our country, parties and candidates not in power have opportunities to be elected into government.","1=Strongly disagree, 2=Somewhat disagree, 3=Somewhat agree, 4=Strongly agree",
w1,,gov_remove_through_elections,,,,"1=Strongly disagree, 2=Somewhat disagree, 3=Somewhat agree, 4=Strongly agree",Not included in this wave
w2,,gov_remove_through_elections,,,,"1=Strongly disagree, 2=Somewhat disagree, 3=Somewhat agree, 4=Strongly agree",Not included in this wave
w3,,gov_remove_through_elections,,,,"1=Strongly disagree, 2=Somewhat disagree, 3=Somewhat agree, 4=Strongly agree",Not included in this wave
w4,,gov_remove_through_elections,,,,"1=Strongly disagree, 2=Somewhat disagree, 3=Somewhat agree, 4=Strongly agree",Not included in this wave
w5,q108,gov_remove_through_elections,O. QUALITY OF GOVERNANCE,,Citizens are able to remove a government they don’t like through elections. (Replace “government” with “government officials” in China),"1=Strongly disagree, 2=Somewhat disagree, 3=Somewhat agree, 4=Strongly agree",
w6,q99,gov_remove_through_elections,O. QUALITY OF GOVERNANCE,,Citizens are able to remove a government they don’t like through elections. (Replace “government” with “government officials” in China),"1=Strongly disagree, 2=Somewhat disagree, 3=Somewhat agree, 4=Strongly agree",
w1,q104,gov_sat_national,N.	REGIME EVALUATION,Here is a scale: 1 means completely undemocratic and 10 means completely democratic. Completely Completely Undemocratic Democratic,"How satisfied or dissatisfied are you with the [name of president, etc. ruling current] government? Are you … ?","1=Very dissatisfied, 2=Somewhat dissatisfied, 3=Somewhat satisfied, 4=Very satisfied",
w2,q99,gov_sat_national,G.	PSYCHOLOGICAL INVOLVEMENT,Here is a scale: 1 means completely undemocratic and 10 means completely democratic. Completely Completely Undemocratic Democratic,Note to Interviewer: If only one answer chosen in Q51  GO TO Q52 If more than one answer chosen in Q51  GO TO Q51a 51a. Which is most important?,"1=Very dissatisfied, 2=Somewhat dissatisfied, 3=Somewhat satisfied, 4=Very satisfied",
w3,q95,gov_sat_national,L.  SATISFACTION WITH GOVERNMENT AND DEMOCRACY,Here is a scale: 1 means completely undemocratic and 10 means completely democratic. Completely Completely Undemocratic Democratic,"How satisfied or dissatisfied are you with the [name of president, etc. ruling current] government? Are you …?","1=Very dissatisfied, 2=Somewhat dissatisfied, 3=Somewhat satisfied, 4=Very satisfied",
w4,q98,gov_sat_national,M. SATISFACTION WITH GOVERNMENT AND DEMOCRACY,Here is a scale: 1 means completely undemocratic and 10 means completely democratic. Completely Completely Undemocratic Democratic,How satisfied or dissatisfied are you with the [name of,"1=Very dissatisfied, 2=Somewhat dissatisfied, 3=Somewhat satisfied, 4=Very satisfied",
w5,q105,gov_sat_national,M. SATISFACTION WITH GOVERNMENT AND DEMOCRACY,Here is a scale: 1 means completely undemocratic and 10 means completely democratic. Completely Completely Undemocratic Democratic,"How satisfied or dissatisfied are you with the [name of president,","1=Very dissatisfied, 2=Somewhat dissatisfied, 3=Somewhat satisfied, 4=Very satisfied",
w6,q96,gov_sat_national,M. SATISFACTION WITH GOVERNMENT AND DEMOCRACY,Here is a scale: 1 means completely undemocratic and 10 means completely democratic. Completely Completely Undemocratic Democratic,"How satisfied or dissatisfied are you with the [name of president,","1=Very dissatisfied, 2=Somewhat dissatisfied, 3=Somewhat satisfied, 4=Very satisfied",
w1,,govt_anticorrupt_effort,,,,"1=Very effective / Doing its best, 2=Somewhat effective / Doing something, 3=Not very effective / Not doing much, 4=Not effective at all / Doing nothing",Not included in this wave
w2,q120,govt_anticorrupt_effort,N.	SATISFACTION WITH GOVERNMENT AND DEMOCRACY,,"In your opinion, is the government working to crackdown corruption and root out bribes? It is doing its best…………………………………………………………………………………..1 It is doing something………………………………………………………………………….……2","1=Very effective / Doing its best, 2=Somewhat effective / Doing something, 3=Not very effective / Not doing much, 4=Not effective at all / Doing nothing",
w3,q118,govt_anticorrupt_effort,N.  QUALITY OF GOVERNANCE,,"In your opinion, is the government working to crack down on corruption and root out bribery?","1=Very effective / Doing its best, 2=Somewhat effective / Doing something, 3=Not very effective / Not doing much, 4=Not effective at all / Doing nothing",
w4,q119,govt_anticorrupt_effort,O. QUALITY OF GOVERNANCE,,"In your opinion, is the government working to crack down on corruption and root out bribery?","1=Very effective / Doing its best, 2=Somewhat effective / Doing something, 3=Not very effective / Not doing much, 4=Not effective at all / Doing nothing",
w5,q126,govt_anticorrupt_effort,O. QUALITY OF GOVERNANCE,,How effective is the government in cracking down on corruption? Very effective ........................................................ 1 127 Have you or anyone you know personally witnessed an act Yes………………………………………………………………1 of corruption or bribe-taking by a politician or government No……………………………………………………………….2 official in the past year? [Do not read] Do not understand the question……………7 (Go to q128 if the respondent answers 2 or 7-9) [Do not read] Can’t choose……………………………..…..8 127a (IF WITNESSED) Did you personally witness it or were you,"1=Very effective / Doing its best, 2=Somewhat effective / Doing something, 3=Not very effective / Not doing much, 4=Not effective at all / Doing nothing",
w6,q117,govt_anticorrupt_effort,O. QUALITY OF GOVERNANCE,,How effective is the government in cracking down on corruption? Very effective ........................................................,"1=Very effective / Doing its best, 2=Somewhat effective / Doing something, 3=Not very effective / Not doing much, 4=Not effective at all / Doing nothing",
w1,q061,govt_policy_impact,G.	PSYCHOLOGICAL INVOLVEMENT	(cont’d),,How much impact do you feel government policies have on your daily life?,"1=No impact at all, 2=A little impact, 3=Quite some impact, 4=A great deal of impact",
w2,,govt_policy_impact,,,,"1=No impact at all, 2=A little impact, 3=Quite some impact, 4=A great deal of impact",Not included in this wave
w3,,govt_policy_impact,,,,"1=No impact at all, 2=A little impact, 3=Quite some impact, 4=A great deal of impact",Not included in this wave
w4,,govt_policy_impact,,,,"1=No impact at all, 2=A little impact, 3=Quite some impact, 4=A great deal of impact",Not included in this wave
w5,,govt_policy_impact,,,,"1=No impact at all, 2=A little impact, 3=Quite some impact, 4=A great deal of impact",Not included in this wave
w6,,govt_policy_impact,,,,"1=No impact at all, 2=A little impact, 3=Quite some impact, 4=A great deal of impact",Not included in this wave
w1,,govt_resp_basic_needs,,,,"1=Not government's responsibility at all, 2=Some government responsibility, 3=Most is government's responsibility, 4=All government's responsibility",Not included in this wave
w2,,govt_resp_basic_needs,,,,"1=Not government's responsibility at all, 2=Some government responsibility, 3=Most is government's responsibility, 4=All government's responsibility",Not included in this wave
w3,,govt_resp_basic_needs,,,,"1=Not government's responsibility at all, 2=Some government responsibility, 3=Most is government's responsibility, 4=All government's responsibility",Not included in this wave
w4,,govt_resp_basic_needs,,,,"1=Not government's responsibility at all, 2=Some government responsibility, 3=Most is government's responsibility, 4=All government's responsibility",Not included in this wave
w5,q160d,govt_resp_basic_needs,,,"Government responsibility to make sure basic necessities (food, shelter) are provided","1=Not government's responsibility at all, 2=Some government responsibility, 3=Most is government's responsibility, 4=All government's responsibility",Sub-item/derived variable (not a standalone question)
w6,q160d,govt_resp_basic_needs,,,"Government responsibility to make sure basic necessities (food, shelter) are provided","1=Not government's responsibility at all, 2=Some government responsibility, 3=Most is government's responsibility, 4=All government's responsibility",Sub-item/derived variable (not a standalone question)
w1,,govt_resp_healthcare,,,,"1=Not government's responsibility at all, 2=Some government responsibility, 3=Most is government's responsibility, 4=All government's responsibility",Not included in this wave
w2,,govt_resp_healthcare,,,,"1=Not government's responsibility at all, 2=Some government responsibility, 3=Most is government's responsibility, 4=All government's responsibility",Not included in this wave
w3,,govt_resp_healthcare,,,,"1=Not government's responsibility at all, 2=Some government responsibility, 3=Most is government's responsibility, 4=All government's responsibility",Not included in this wave
w4,,govt_resp_healthcare,,,,"1=Not government's responsibility at all, 2=Some government responsibility, 3=Most is government's responsibility, 4=All government's responsibility",Not included in this wave
w5,q160c,govt_resp_healthcare,,,Government responsibility to make sure everyone has access to basic medical care,"1=Not government's responsibility at all, 2=Some government responsibility, 3=Most is government's responsibility, 4=All government's responsibility",Sub-item/derived variable (not a standalone question)
w6,q160c,govt_resp_healthcare,,,Government responsibility to make sure everyone has access to basic medical care,"1=Not government's responsibility at all, 2=Some government responsibility, 3=Most is government's responsibility, 4=All government's responsibility",Sub-item/derived variable (not a standalone question)
w1,,govt_resp_housing,,,,"1=Not government's responsibility at all, 2=Some government responsibility, 3=Most is government's responsibility, 4=All government's responsibility",Not included in this wave
w2,,govt_resp_housing,,,,"1=Not government's responsibility at all, 2=Some government responsibility, 3=Most is government's responsibility, 4=All government's responsibility",Not included in this wave
w3,,govt_resp_housing,,,,"1=Not government's responsibility at all, 2=Some government responsibility, 3=Most is government's responsibility, 4=All government's responsibility",Not included in this wave
w4,,govt_resp_housing,,,,"1=Not government's responsibility at all, 2=Some government responsibility, 3=Most is government's responsibility, 4=All government's responsibility",Not included in this wave
w5,q160b,govt_resp_housing,,,Government responsibility to make sure everyone has affordable housing,"1=Not government's responsibility at all, 2=Some government responsibility, 3=Most is government's responsibility, 4=All government's responsibility",Sub-item/derived variable (not a standalone question)
w6,q160b,govt_resp_housing,,,Government responsibility to make sure everyone has affordable housing,"1=Not government's responsibility at all, 2=Some government responsibility, 3=Most is government's responsibility, 4=All government's responsibility",Sub-item/derived variable (not a standalone question)
w1,,govt_resp_inequality,,,,"1=Not government's responsibility at all, 2=Some government responsibility, 3=Most is government's responsibility, 4=All government's responsibility",Not included in this wave
w2,,govt_resp_inequality,,,,"1=Not government's responsibility at all, 2=Some government responsibility, 3=Most is government's responsibility, 4=All government's responsibility",Not included in this wave
w3,,govt_resp_inequality,,,,"1=Not government's responsibility at all, 2=Some government responsibility, 3=Most is government's responsibility, 4=All government's responsibility",Not included in this wave
w4,,govt_resp_inequality,,,,"1=Not government's responsibility at all, 2=Some government responsibility, 3=Most is government's responsibility, 4=All government's responsibility",Not included in this wave
w5,q160a,govt_resp_inequality,,,Government responsibility to narrow the gap between the rich and the poor,"1=Not government's responsibility at all, 2=Some government responsibility, 3=Most is government's responsibility, 4=All government's responsibility",Sub-item/derived variable (not a standalone question)
w6,q160a,govt_resp_inequality,,,Government responsibility to narrow the gap between the rich and the poor,"1=Not government's responsibility at all, 2=Some government responsibility, 3=Most is government's responsibility, 4=All government's responsibility",Sub-item/derived variable (not a standalone question)
w1,,govt_responds_people,,,,"1=Not at all, 2=Not very well, 3=Fairly well, 4=Very well",Not included in this wave
w2,q116,govt_responds_people,N.	SATISFACTION WITH GOVERNMENT AND DEMOCRACY,,How well do you think the government responds to what people want?,"1=Not at all, 2=Not very well, 3=Fairly well, 4=Very well",
w3,q113,govt_responds_people,N.  QUALITY OF GOVERNANCE,,How well do you think the government responds to what people want?,"1=Not at all, 2=Not very well, 3=Fairly well, 4=Very well",
w4,q115,govt_responds_people,O. QUALITY OF GOVERNANCE,,How well do you think the government responds to what people want? Very responsive ....................................................,"1=Not at all, 2=Not very well, 3=Fairly well, 4=Very well",
w5,q121,govt_responds_people,O. QUALITY OF GOVERNANCE,,How well do you think the government responds to what people want? Very responsive ....................................................,"1=Not at all, 2=Not very well, 3=Fairly well, 4=Very well",
w6,q112,govt_responds_people,O. QUALITY OF GOVERNANCE,,How well do you think the government responds to what people want? Very responsive ....................................................,"1=Not at all, 2=Not very well, 3=Fairly well, 4=Very well",
w1,q134,govt_should_censor_ideas,P.	AGREEMENT/DISAGREEMENT WITH SPECIFIC STATEMENTS	(cont’d),"I have here other statements. For each statement, would you say you strongly agree, somewhat agree, somewhat disagree, or strongly disagree?",The government should decide whether certain ideas should be allowed to be discussed in society.,"1=Strongly agree (pro-censorship), 2=Somewhat agree, 3=Somewhat disagree, 4=Strongly disagree (anti-censorship)",
w2,q135,govt_should_censor_ideas,S.	AGREEMENT/DISAGREEMENT WITH SPECIFIC STATEMENTS	(cont’d),"I have here other statements. For each statement, would you say you strongly agree, somewhat agree, somewhat disagree, or strongly disagree?","The government should decide whether certain ideas should be allowed to be discussed in society. Harmony of the community will be disrupted if people organize lots of groups. When judges decide important cases, they should accept the view of the executive branch. If the government is constantly checked [i.e. monitored and supervised] by the legislature, it cannot possibly accomplish great things. If we have political leaders who are morally upright, we can let them decide everything.","1=Strongly agree (pro-censorship), 2=Somewhat agree, 3=Somewhat disagree, 4=Strongly disagree (anti-censorship)",
w3,q142,govt_should_censor_ideas,R.  AGREEMENT/DISAGREEMENT WITH SPECIFIC STATEMENTS (cont’d),"I have here other statements. For each statement, would you say you strongly agree, somewhat agree, somewhat disagree, or strongly disagree?",The government should decide whether certain ideas should be allowed to be discussed in society.,"1=Strongly agree (pro-censorship), 2=Somewhat agree, 3=Somewhat disagree, 4=Strongly disagree (anti-censorship)",
w4,q143,govt_should_censor_ideas,S. AGREEMENT/DISAGREEMENT WITH SPECIFIC STATEMENTS (cont’d),"I have here other statements. For each statement, would you say you strongly agree, somewhat agree, somewhat disagree, or strongly disagree?",The government should decide whether certain ideas should be allowed to be discussed in society. Harmony of the community will be disrupted if people organize,"1=Strongly agree (pro-censorship), 2=Somewhat agree, 3=Somewhat disagree, 4=Strongly disagree (anti-censorship)",
w5,q150,govt_should_censor_ideas,S. AGREEMENT/DISAGREEMENT WITH SPECIFIC STATEMENTS (cont’d),"I have here other statements. For each statement, would you say you strongly agree, somewhat agree, somewhat disagree, or strongly disagree?",The government should decide whether certain ideas should be allowed to be discussed in society. Harmony of the community will be disrupted if people organize,"1=Strongly agree (pro-censorship), 2=Somewhat agree, 3=Somewhat disagree, 4=Strongly disagree (anti-censorship)",
w6,q150,govt_should_censor_ideas,T. AGREEMENT/DISAGREEMENT WITH SPECIFIC STATEMENTS (cont’d),"I have here other statements. For each statement, would you say you strongly agree, somewhat agree, somewhat disagree, or strongly disagree?",The government should decide whether certain ideas should be allowed to be discussed in society. Harmony of the community will be disrupted if people organize,"1=Strongly agree (pro-censorship), 2=Somewhat agree, 3=Somewhat disagree, 4=Strongly disagree (anti-censorship)",
w1,,govt_withholds_info,,,,"1=Always, 2=Most of the time, 3=Sometimes, 4=Rarely/Never",Not included in this wave
w2,q112,govt_withholds_info,N.	SATISFACTION WITH GOVERNMENT AND DEMOCRACY,,How often do government officials withhold important information from the public?,"1=Always, 2=Most of the time, 3=Sometimes, 4=Rarely/Never",
w3,q109,govt_withholds_info,N.  QUALITY OF GOVERNANCE,,How often do government officials withhold important information from the public?,"1=Always, 2=Most of the time, 3=Sometimes, 4=Rarely/Never",
w4,q111,govt_withholds_info,O. QUALITY OF GOVERNANCE,,How often do government officials withhold important information from the public?,"1=Always, 2=Most of the time, 3=Sometimes, 4=Rarely/Never",
w5,q117,govt_withholds_info,O. QUALITY OF GOVERNANCE,,How often do government officials withhold important information from the public?,"1=Always, 2=Most of the time, 3=Sometimes, 4=Rarely/Never",
w6,q108,govt_withholds_info,O. QUALITY OF GOVERNANCE,,How often do government officials withhold important information from the public?,"1=Always, 2=Most of the time, 3=Sometimes, 4=Rarely/Never",
w1,q062,has_party_id,G.	PSYCHOLOGICAL INVOLVEMENT	(cont’d),,"Among the political parties listed here , which party if any do you feel closest to?","0=No party attachment, 1=Has party attachment",
w2,q54,has_party_id,H.	PARTISANSHIP,,"Among the political parties listed here, which party if any do you feel closest to?","0=No party attachment, 1=Has party attachment",
w3,q47,has_party_id,G.  PARTISANSHIP,,"Among the political parties listed here, which party if any do you feel closest to?","0=No party attachment, 1=Has party attachment",
w4,q53,has_party_id,H. PARTISANSHIP,,"Among the political parties listed here, which party if Party A ................................................................01","0=No party attachment, 1=Has party attachment",
w5,q56,has_party_id,H. PARTISANSHIP,,"Among the political parties listed here, which party if any do Party A ................................................................ 01 [Use two-digit code to cover all major parties in your country.] Don’t feel close to any political party .................. 99","0=No party attachment, 1=Has party attachment",
w6,q54,has_party_id,H. PARTISANSHIP,,"Among the political parties listed here, which party if any Party A ................................................................ 01 [Use two-digit code to cover all major parties in your country.] GO TO INTRO OF Q58","0=No party attachment, 1=Has party attachment",
w1,,helped_party_campaign,,,,"0=No, 1=Yes",Not included in this wave
w2,,helped_party_campaign,,,,"0=No, 1=Yes",Not included in this wave
w3,,helped_party_campaign,,,,"0=No, 1=Yes",Not included in this wave
w4,q37,helped_party_campaign,D. PARTICIPATION IN ELECTIONS,"Thinking about the national election in [year], did you …",Did you do anything else to help out or work for a party or candidate,"0=No, 1=Yes",
w5,,helped_party_campaign,,,,"0=No, 1=Yes",Not included in this wave
w6,,helped_party_campaign,,,,"0=No, 1=Yes",Not included in this wave
w1,q031,helped_party_w1,E.	PARTICIPATION IN ELECTIONS,,Did you do anything else to help or show your support for a party or candidate running in the election?,"0=No, 1=Yes",
w2,,helped_party_w1,,,,"0=No, 1=Yes",Not included in this wave
w3,,helped_party_w1,,,,"0=No, 1=Yes",Not included in this wave
w4,,helped_party_w1,,,,"0=No, 1=Yes",Not included in this wave
w5,,helped_party_w1,,,,"0=No, 1=Yes",Not included in this wave
w6,,helped_party_w1,,,,"0=No, 1=Yes",Not included in this wave
w1,se008b,hh_generations,,,Number of generations living in household,"1=One generation, 2=Two generations, 3=Three generations, 4=Four or more generations",Socio-demographic section (not in core questionnaire)
w2,se8b,hh_generations,,,Number of generations living in household,"1=One generation, 2=Two generations, 3=Three generations, 4=Four or more generations",Socio-demographic section (not in core questionnaire)
w3,se8b,hh_generations,,,Number of generations living in household,"1=One generation, 2=Two generations, 3=Three generations, 4=Four or more generations",Socio-demographic section (not in core questionnaire)
w4,se8b,hh_generations,,,Number of generations living in household,"1=One generation, 2=Two generations, 3=Three generations, 4=Four or more generations",Socio-demographic section (not in core questionnaire)
w5,SE8B,hh_generations,,,Number of generations living in household,"1=One generation, 2=Two generations, 3=Three generations, 4=Four or more generations",Socio-demographic section (not in core questionnaire)
w6,se8b,hh_generations,,,Number of generations living in household,"1=One generation, 2=Two generations, 3=Three generations, 4=Four or more generations",Socio-demographic section (not in core questionnaire)
w1,,hh_income_sat,,,,"1=Does not cover needs, great difficulties, 2=Does not cover needs, some difficulties, 3=Covers needs, without much difficulty, 4=Covers needs well, can save",Not included in this wave
w1,,hh_income_sat,,,,"1=Cannot cover needs (great difficulty), 5=Covers needs well (can save)",Not included in this wave
w2,se9a,hh_income_sat,,,Whether household income satisfactorily covers needs,"1=Does not cover needs, great difficulties, 2=Does not cover needs, some difficulties, 3=Covers needs, without much difficulty, 4=Covers needs well, can save",Socio-demographic section (not in core questionnaire)
w2,,hh_income_sat,,,,"1=Cannot cover needs (great difficulty), 5=Covers needs well (can save)",Not included in this wave
w3,se13a,hh_income_sat,,,Whether household income satisfactorily covers needs,"1=Does not cover needs, great difficulties, 2=Does not cover needs, some difficulties, 3=Covers needs, without much difficulty, 4=Covers needs well, can save",Socio-demographic section (not in core questionnaire)
w3,se13a,hh_income_sat,,,Can household income satisfactorily cover needs? (higher = more comfortable),"1=Cannot cover needs (great difficulty), 5=Covers needs well (can save)",Socio-demographic section (not in core questionnaire)
w4,se14a,hh_income_sat,,,Whether household income satisfactorily covers needs,"1=Does not cover needs, great difficulties, 2=Does not cover needs, some difficulties, 3=Covers needs, without much difficulty, 4=Covers needs well, can save",Socio-demographic section (not in core questionnaire)
w4,se14a,hh_income_sat,,,Can household income satisfactorily cover needs? (higher = more comfortable),"1=Cannot cover needs (great difficulty), 5=Covers needs well (can save)",Socio-demographic section (not in core questionnaire)
w5,SE14A,hh_income_sat,,,Whether household income satisfactorily covers needs,"1=Does not cover needs, great difficulties, 2=Does not cover needs, some difficulties, 3=Covers needs, without much difficulty, 4=Covers needs well, can save",Socio-demographic section (not in core questionnaire)
w5,SE14A,hh_income_sat,,,Can household income satisfactorily cover needs? (higher = more comfortable),"1=Cannot cover needs (great difficulty), 5=Covers needs well (can save)",Socio-demographic section (not in core questionnaire)
w6,SE14a,hh_income_sat,,,Whether household income satisfactorily covers needs,"1=Does not cover needs, great difficulties, 2=Does not cover needs, some difficulties, 3=Covers needs, without much difficulty, 4=Covers needs well, can save",Socio-demographic section (not in core questionnaire)
w6,se14a,hh_income_sat,,,Can household income satisfactorily cover needs? (higher = more comfortable),"1=Cannot cover needs (great difficulty), 5=Covers needs well (can save)",Socio-demographic section (not in core questionnaire)
w1,se008a,hh_size,,,Number of people living in household,,Socio-demographic section (not in core questionnaire)
w2,se8a,hh_size,,,Number of people living in household,,Socio-demographic section (not in core questionnaire)
w3,se8a,hh_size,,,Number of people living in household,,Socio-demographic section (not in core questionnaire)
w4,se8a,hh_size,,,Number of people living in household,,Socio-demographic section (not in core questionnaire)
w5,SE8A,hh_size,,,Number of people living in household,,Socio-demographic section (not in core questionnaire)
w6,se8a,hh_size,,,Number of people living in household,,Socio-demographic section (not in core questionnaire)
w1,idnumber,idnumber,,,Interview/respondent ID number,,Metadata variable (not a survey question)
w2,idnumber,idnumber,,,Interview/respondent ID number,,Metadata variable (not a survey question)
w3,idnumber,idnumber,,,Interview/respondent ID number,,Metadata variable (not a survey question)
w4,idnumber,idnumber,,,Interview/respondent ID number,,Metadata variable (not a survey question)
w5,IDnumber,idnumber,,,Interview/respondent ID number,,Metadata variable (not a survey question)
w6,idnumber,idnumber,,,Interview/respondent ID number,,Metadata variable (not a survey question)
w1,,income_fairness,,,,"1=Very unfair, 2=Somewhat unfair, 3=Somewhat fair, 4=Very fair",Not included in this wave
w2,,income_fairness,,,,"1=Very unfair, 2=Somewhat unfair, 3=Somewhat fair, 4=Very fair",Not included in this wave
w3,,income_fairness,,,,"1=Very unfair, 2=Somewhat unfair, 3=Somewhat fair, 4=Very fair",Not included in this wave
w4,,income_fairness,,,,"1=Very unfair, 2=Somewhat unfair, 3=Somewhat fair, 4=Very fair",Not included in this wave
w5,,income_fairness,,,,"1=Very unfair, 2=Somewhat unfair, 3=Somewhat fair, 4=Very fair",Not included in this wave
w6,q163,income_fairness,V. REDISTRIBUTION,,"Considering all the effort that you and your family members have made in the past, do you think the income that your family currently receives is fair or not fair?","1=Very unfair, 2=Somewhat unfair, 3=Somewhat fair, 4=Very fair",
w1,,income_loss_severity,,,,"1=Not serious at all, 2=Not very serious, 3=Somewhat/Very serious",Not included in this wave
w2,,income_loss_severity,,,,"1=Not serious at all, 2=Not very serious, 3=Somewhat/Very serious",Not included in this wave
w3,,income_loss_severity,,,,"1=Not serious at all, 2=Not very serious, 3=Somewhat/Very serious",Not included in this wave
w4,,income_loss_severity,,,,"1=Not serious at all, 2=Not very serious, 3=Somewhat/Very serious",Not included in this wave
w5,,income_loss_severity,,,,"1=Not serious at all, 2=Not very serious, 3=Somewhat/Very serious",Not included in this wave
w6,q162,income_loss_severity,V. REDISTRIBUTION,,"The following is a hypothetical question: If your family were unfortunate enough to lose its main source of income, how serious would it be for your family?","1=Not serious at all, 2=Not very serious, 3=Somewhat/Very serious",
w1,,income_quintile,,,,"1=Lowest quintile, 2=2nd quintile, 3=3rd quintile, 4=4th quintile, 5=Highest quintile",Not included in this wave
w2,,income_quintile,,,,"1=Lowest quintile, 2=2nd quintile, 3=3rd quintile, 4=4th quintile, 5=Highest quintile",Not included in this wave
w3,se13,income_quintile,,,"Household income quintile (1=lowest, 5=highest)","1=Lowest quintile, 2=2nd quintile, 3=3rd quintile, 4=4th quintile, 5=Highest quintile",Socio-demographic section (not in core questionnaire)
w4,se14,income_quintile,,,"Household income quintile (1=lowest, 5=highest)","1=Lowest quintile, 2=2nd quintile, 3=3rd quintile, 4=4th quintile, 5=Highest quintile",Socio-demographic section (not in core questionnaire)
w5,SE14,income_quintile,,,"Household income quintile (1=lowest, 5=highest)","1=Lowest quintile, 2=2nd quintile, 3=3rd quintile, 4=4th quintile, 5=Highest quintile",Socio-demographic section (not in core questionnaire)
w6,se14,income_quintile,,,"Household income quintile (1=lowest, 5=highest)","1=Lowest quintile, 2=2nd quintile, 3=3rd quintile, 4=4th quintile, 5=Highest quintile",Socio-demographic section (not in core questionnaire)
w1,,influence_asked_by_others,,,,"1=Never, 2=Seldom, 3=Occasionally, 4=Often",Not included in this wave
w2,q28,influence_asked_by_others,C. 	SOCIAL CAPITAL,people 4,"Some people because of their job, position in the community or contacts, are asked by others to help influence important decisions in their favor. What about you? How","1=Never, 2=Seldom, 3=Occasionally, 4=Often",
w3,,influence_asked_by_others,,,,"1=Never, 2=Seldom, 3=Occasionally, 4=Often",Not included in this wave
w4,,influence_asked_by_others,,,,"1=Never, 2=Seldom, 3=Occasionally, 4=Often",Not included in this wave
w5,,influence_asked_by_others,,,,"1=Never, 2=Seldom, 3=Occasionally, 4=Often",Not included in this wave
w6,,influence_asked_by_others,,,,"1=Never, 2=Seldom, 3=Occasionally, 4=Often",Not included in this wave
w1,,influence_network_available,,,,"1=No, nobody, 2=Yes, a few, 3=Yes, some, 4=Yes, a lot",Not included in this wave
w2,q29,influence_network_available,C. 	SOCIAL CAPITAL,people 4,And are there people you could ask to help influence important decisions in your favor?,"1=No, nobody, 2=Yes, a few, 3=Yes, some, 4=Yes, a lot",
w3,,influence_network_available,,,,"1=No, nobody, 2=Yes, a few, 3=Yes, some, 4=Yes, a lot",Not included in this wave
w4,,influence_network_available,,,,"1=No, nobody, 2=Yes, a few, 3=Yes, some, 4=Yes, a lot",Not included in this wave
w5,,influence_network_available,,,,"1=No, nobody, 2=Yes, a few, 3=Yes, some, 4=Yes, a lot",Not included in this wave
w6,,influence_network_available,,,,"1=No, nobody, 2=Yes, a few, 3=Yes, some, 4=Yes, a lot",Not included in this wave
w1,ir007_1,int_month,,,Interview month (1-12),"1=January, 2=February, 3=March, 4=April, 5=May, 6=June, 7=July, 8=August, 9=September, 10=October, 11=November, 12=December",Socio-demographic section (not in core questionnaire)
w2,ir9_1,int_month,,,Interview month (1-12),"1=January, 2=February, 3=March, 4=April, 5=May, 6=June, 7=July, 8=August, 9=September, 10=October, 11=November, 12=December",Socio-demographic section (not in core questionnaire)
w3,ir9,int_month,,,Interview month (1-12),"1=January, 2=February, 3=March, 4=April, 5=May, 6=June, 7=July, 8=August, 9=September, 10=October, 11=November, 12=December",Socio-demographic section (not in core questionnaire)
w4,month,int_month,,,Interview month (1-12),"1=January, 2=February, 3=March, 4=April, 5=May, 6=June, 7=July, 8=August, 9=September, 10=October, 11=November, 12=December",Metadata variable (not a survey question)
w5,Month,int_month,,,Interview month (1-12),"1=January, 2=February, 3=March, 4=April, 5=May, 6=June, 7=July, 8=August, 9=September, 10=October, 11=November, 12=December",Metadata variable (not a survey question)
w6,month,int_month,,,Interview month (1-12),"1=January, 2=February, 3=March, 4=April, 5=May, 6=June, 7=July, 8=August, 9=September, 10=October, 11=November, 12=December",Metadata variable (not a survey question)
w1,ir007_3,int_year,,,Interview year,,Socio-demographic section (not in core questionnaire)
w2,ir9_3,int_year,,,Interview year,,Socio-demographic section (not in core questionnaire)
w3,ir9,int_year,,,Interview year,,Socio-demographic section (not in core questionnaire)
w4,year,int_year,,,Interview year,,Metadata variable (not a survey question)
w5,Year,int_year,,,Interview year,,Metadata variable (not a survey question)
w6,year,int_year,,,Interview year,,Metadata variable (not a survey question)
w1,,internet_access_home,,,,"0=No, 1=Yes",Not included in this wave
w2,,internet_access_home,,,,"0=No, 1=Yes",Not included in this wave
w3,,internet_access_home,,,,"0=No, 1=Yes",Not included in this wave
w4,q47,internet_access_home,G. Internet and Social Media,,Do you have Internet access at home?,"0=No, 1=Yes",
w5,,internet_access_home,,,,"0=No, 1=Yes",Not included in this wave
w6,,internet_access_home,,,,"0=No, 1=Yes",Not included in this wave
w1,,internet_access_mobile,,,,"0=No, 1=Yes",Not included in this wave
w2,,internet_access_mobile,,,,"0=No, 1=Yes",Not included in this wave
w3,,internet_access_mobile,,,,"0=No, 1=Yes",Not included in this wave
w4,q48,internet_access_mobile,G. Internet and Social Media,,Do you have Internet access on a mobile phone? I do not have a cell phone. ............................... .0,"0=No, 1=Yes",
w5,,internet_access_mobile,,,,"0=No, 1=Yes",Not included in this wave
w6,,internet_access_mobile,,,,"0=No, 1=Yes",Not included in this wave
w1,,internet_political_info,,,,"1=Never, 2=Seldom, 3=Sometimes, 4=Often",Not included in this wave
w2,,internet_political_info,,,,"1=Never, 2=Seldom, 3=Sometimes, 4=Often",Not included in this wave
w3,,internet_political_info,,,,"1=Never, 2=Seldom, 3=Sometimes, 4=Often",Not included in this wave
w4,q51,internet_political_info,G. Internet and Social Media,,How often do you use the internet to find information about politics and government?,"1=Never, 2=Seldom, 3=Sometimes, 4=Often",
w5,,internet_political_info,,,,"1=Never, 2=Seldom, 3=Sometimes, 4=Often",Not included in this wave
w6,,internet_political_info,,,,"1=Never, 2=Seldom, 3=Sometimes, 4=Often",Not included in this wave
w1,,intl_china_asia_goodharm,,,,"1=Much more harm than good, 2=Somewhat more harm than good, 3=Somewhat more good than harm, 4=Much more good than harm",Not included in this wave
w2,,intl_china_asia_goodharm,,,,"1=Much more harm than good, 2=Somewhat more harm than good, 3=Somewhat more good than harm, 4=Much more good than harm",Not included in this wave
w3,,intl_china_asia_goodharm,,,,"1=Much more harm than good, 2=Somewhat more harm than good, 3=Somewhat more good than harm, 4=Much more good than harm",Not included in this wave
w4,q165,intl_china_asia_goodharm,W. INTERNATIONAL RELATIONS,,Does China do more,"1=Much more harm than good, 2=Somewhat more harm than good, 3=Somewhat more good than harm, 4=Much more good than harm",
w5,q177,intl_china_asia_goodharm,X. INTERNATIONAL RELATIONS,,Does China do more,"1=Much more harm than good, 2=Somewhat more harm than good, 3=Somewhat more good than harm, 4=Much more good than harm",
w6,q176,intl_china_asia_goodharm,Y. INTERNATIONAL RELATIONS,,Does China do more,"1=Much more harm than good, 2=Somewhat more harm than good, 3=Somewhat more good than harm, 4=Much more good than harm",
w1,,intl_china_country_influence_amount,,,,"1=No influence at all, 2=Not much influence, 3=Some influence, 4=A great deal of influence",Not included in this wave
w2,,intl_china_country_influence_amount,,,,"1=No influence at all, 2=Not much influence, 3=Some influence, 4=A great deal of influence",Not included in this wave
w3,,intl_china_country_influence_amount,,,,"1=No influence at all, 2=Not much influence, 3=Some influence, 4=A great deal of influence",Not included in this wave
w4,,intl_china_country_influence_amount,,,,"1=No influence at all, 2=Not much influence, 3=Some influence, 4=A great deal of influence",Not included in this wave
w5,q181,intl_china_country_influence_amount,X. INTERNATIONAL RELATIONS,,How much influence does China have on our country?,"1=No influence at all, 2=Not much influence, 3=Some influence, 4=A great deal of influence",
w6,q181,intl_china_country_influence_amount,Y. INTERNATIONAL RELATIONS,,How much influence does China have on our country?,"1=No influence at all, 2=Not much influence, 3=Some influence, 4=A great deal of influence",
w1,,intl_china_country_influence_amount_w4,,,,"1=No influence at all, 2=Not much influence, 3=Some influence, 4=A great deal of influence",Not included in this wave
w2,,intl_china_country_influence_amount_w4,,,,"1=No influence at all, 2=Not much influence, 3=Some influence, 4=A great deal of influence",Not included in this wave
w3,,intl_china_country_influence_amount_w4,,,,"1=No influence at all, 2=Not much influence, 3=Some influence, 4=A great deal of influence",Not included in this wave
w4,q168,intl_china_country_influence_amount_w4,W. INTERNATIONAL RELATIONS,,"How much influence does China have on our country? 169 General speaking, the influence China has on our country is?","1=No influence at all, 2=Not much influence, 3=Some influence, 4=A great deal of influence",
w5,,intl_china_country_influence_amount_w4,,,,"1=No influence at all, 2=Not much influence, 3=Some influence, 4=A great deal of influence",Not included in this wave
w6,,intl_china_country_influence_amount_w4,,,,"1=No influence at all, 2=Not much influence, 3=Some influence, 4=A great deal of influence",Not included in this wave
w1,,intl_china_country_influence_valence,,,,"1=Very negative, 2=Negative, 3=Somewhat negative, 4=Somewhat positive, 5=Positive, 6=Very positive",Not included in this wave
w2,,intl_china_country_influence_valence,,,,"1=Very negative, 2=Negative, 3=Somewhat negative, 4=Somewhat positive, 5=Positive, 6=Very positive",Not included in this wave
w3,,intl_china_country_influence_valence,,,,"1=Very negative, 2=Negative, 3=Somewhat negative, 4=Somewhat positive, 5=Positive, 6=Very positive",Not included in this wave
w4,,intl_china_country_influence_valence,,,,"1=Very negative, 2=Negative, 3=Somewhat negative, 4=Somewhat positive, 5=Positive, 6=Very positive",Not included in this wave
w5,q182,intl_china_country_influence_valence,X. INTERNATIONAL RELATIONS,,"General speaking, the influence China has on our country is?","1=Very negative, 2=Negative, 3=Somewhat negative, 4=Somewhat positive, 5=Positive, 6=Very positive",
w6,q182,intl_china_country_influence_valence,Y. INTERNATIONAL RELATIONS,,"Generally speaking, the influence China has on our country is?","1=Very negative, 2=Negative, 3=Somewhat negative, 4=Somewhat positive, 5=Positive, 6=Very positive",
w1,,intl_china_country_influence_valence_w4,,,,"1=Very negative, 2=Negative, 3=Somewhat negative, 4=Somewhat positive, 5=Positive, 6=Very positive",Not included in this wave
w2,,intl_china_country_influence_valence_w4,,,,"1=Very negative, 2=Negative, 3=Somewhat negative, 4=Somewhat positive, 5=Positive, 6=Very positive",Not included in this wave
w3,,intl_china_country_influence_valence_w4,,,,"1=Very negative, 2=Negative, 3=Somewhat negative, 4=Somewhat positive, 5=Positive, 6=Very positive",Not included in this wave
w4,q169,intl_china_country_influence_valence_w4,,,,"1=Very negative, 2=Negative, 3=Somewhat negative, 4=Somewhat positive, 5=Positive, 6=Very positive",NOT FOUND in questionnaire document
w5,,intl_china_country_influence_valence_w4,,,,"1=Very negative, 2=Negative, 3=Somewhat negative, 4=Somewhat positive, 5=Positive, 6=Very positive",Not included in this wave
w6,,intl_china_country_influence_valence_w4,,,,"1=Very negative, 2=Negative, 3=Somewhat negative, 4=Somewhat positive, 5=Positive, 6=Very positive",Not included in this wave
w1,,intl_china_world_influence,,,,"1=Very negative, 2=Negative, 3=Somewhat negative, 4=Somewhat positive, 5=Positive, 6=Very positive",Not included in this wave
w2,,intl_china_world_influence,,,,"1=Very negative, 2=Negative, 3=Somewhat negative, 4=Somewhat positive, 5=Positive, 6=Very positive",Not included in this wave
w3,,intl_china_world_influence,,,,"1=Very negative, 2=Negative, 3=Somewhat negative, 4=Somewhat positive, 5=Positive, 6=Very positive",Not included in this wave
w4,,intl_china_world_influence,,,,"1=Very negative, 2=Negative, 3=Somewhat negative, 4=Somewhat positive, 5=Positive, 6=Very positive",Not included in this wave
w5,q178,intl_china_world_influence,X. INTERNATIONAL RELATIONS,,"Here is a similar scale of 1 to 10 measuring the extent to which people think the influence of China on world affairs today. If “1” means that the influence of China is highly negative and “10” means that it is highly positive, where would you place China today? Highly Highly Negative Positive","1=Very negative, 2=Negative, 3=Somewhat negative, 4=Somewhat positive, 5=Positive, 6=Very positive",
w6,q177,intl_china_world_influence,Y. INTERNATIONAL RELATIONS,,"Generally speaking, the influence China today has on world affairs is?","1=Very negative, 2=Negative, 3=Somewhat negative, 4=Somewhat positive, 5=Positive, 6=Very positive",
w1,,intl_close_to_asean,,,,"1=Not close at all, 2=Not very close, 3=Close, 4=Very close",Not included in this wave
w2,,intl_close_to_asean,,,,"1=Not close at all, 2=Not very close, 3=Close, 4=Very close",Not included in this wave
w3,,intl_close_to_asean,,,,"1=Not close at all, 2=Not very close, 3=Close, 4=Very close",Not included in this wave
w4,q172,intl_close_to_asean,W. INTERNATIONAL RELATIONS,,How close do you feel to ASEAN? (ASEAN countries only) ?,"1=Not close at all, 2=Not very close, 3=Close, 4=Very close",
w5,q186,intl_close_to_asean,X. INTERNATIONAL RELATIONS,,How close do you feel to ASEAN? (ASEAN countries only)?,"1=Not close at all, 2=Not very close, 3=Close, 4=Very close",
w6,q186,intl_close_to_asean,Y. INTERNATIONAL RELATIONS,,How close do you feel to ASEAN? (ASEAN countries only),"1=Not close at all, 2=Not very close, 3=Close, 4=Very close",
w1,,intl_development_model,,,,"1=USA, 2=China, 3=India, 4=Japan, 5=Singapore, 6=Other, 7=Our own model",Not included in this wave
w2,,intl_development_model,,,,"1=USA, 2=China, 3=India, 4=Japan, 5=Singapore, 6=Other, 7=Our own model",Not included in this wave
w3,q159,intl_development_model,U.  INTERNATIONAL RELATIONS,,Which country should be a model for our own country’s future development?,"1=USA, 2=China, 3=India, 4=Japan, 5=Singapore, 6=Other, 7=Our own model",
w4,q167,intl_development_model,W. INTERNATIONAL RELATIONS,,Which country should be a model for our own country’s future development?,"1=USA, 2=China, 3=India, 4=Japan, 5=Singapore, 6=Other, 7=Our own model",
w5,q180,intl_development_model,X. INTERNATIONAL RELATIONS,,Which country should be a model for our own country’s future development? NOTE: country teams may consider adding Russia as a country-specific option.,"1=USA, 2=China, 3=India, 4=Japan, 5=Singapore, 6=Other, 7=Our own model",
w6,q180,intl_development_model,Y. INTERNATIONAL RELATIONS,,Which country should be a model for our own country’s future development? NOTE: country teams may consider adding Russia as a country-specific option.,"1=USA, 2=China, 3=India, 4=Japan, 5=Singapore, 6=Other, 7=Our own model",
w1,,intl_eu_world_influence,,,,"1=Very negative, 2=Negative, 3=Somewhat negative, 4=Somewhat positive, 5=Positive, 6=Very positive",Not included in this wave
w2,,intl_eu_world_influence,,,,"1=Very negative, 2=Negative, 3=Somewhat negative, 4=Somewhat positive, 5=Positive, 6=Very positive",Not included in this wave
w3,,intl_eu_world_influence,,,,"1=Very negative, 2=Negative, 3=Somewhat negative, 4=Somewhat positive, 5=Positive, 6=Very positive",Not included in this wave
w4,,intl_eu_world_influence,,,,"1=Very negative, 2=Negative, 3=Somewhat negative, 4=Somewhat positive, 5=Positive, 6=Very positive",Not included in this wave
w5,,intl_eu_world_influence,,,,"1=Very negative, 2=Negative, 3=Somewhat negative, 4=Somewhat positive, 5=Positive, 6=Very positive",Not included in this wave
w6,q178,intl_eu_world_influence,Y. INTERNATIONAL RELATIONS,,"Generally speaking, the influence the E.U. today has on world affairs is?","1=Very negative, 2=Negative, 3=Somewhat negative, 4=Somewhat positive, 5=Positive, 6=Very positive",
w1,,intl_follow_foreign_events,,,,"1=Not at all closely, 2=Very little, 3=Not too closely, 4=Somewhat closely, 5=Very closely",Not included in this wave
w2,,intl_follow_foreign_events,,,,"1=Not at all closely, 2=Very little, 3=Not too closely, 4=Somewhat closely, 5=Very closely",Not included in this wave
w3,,intl_follow_foreign_events,,,,"1=Not at all closely, 2=Very little, 3=Not too closely, 4=Somewhat closely, 5=Very closely",Not included in this wave
w4,q150,intl_follow_foreign_events,T. GLOBALIZATION,,How closely do you follow major events in foreign countries / the world?,"1=Not at all closely, 2=Very little, 3=Not too closely, 4=Somewhat closely, 5=Very closely",
w5,,intl_follow_foreign_events,,,,"1=Not at all closely, 2=Very little, 3=Not too closely, 4=Somewhat closely, 5=Very closely",Not included in this wave
w6,,intl_follow_foreign_events,,,,"1=Not at all closely, 2=Very little, 3=Not too closely, 4=Somewhat closely, 5=Very closely",Not included in this wave
w1,,intl_future_influence_asia,,,,"1=China, 2=Japan, 3=India, 4=United States, 5=Other",Not included in this wave
w2,,intl_future_influence_asia,,,,"1=China, 2=Japan, 3=India, 4=United States, 5=Other",Not included in this wave
w3,q158,intl_future_influence_asia,U.  INTERNATIONAL RELATIONS,,"In ten years, which country will have the most influence in Asia?","1=China, 2=Japan, 3=India, 4=United States, 5=Other",
w4,q166,intl_future_influence_asia,W. INTERNATIONAL RELATIONS,,"In ten years, which country will have the most influence in Asia?","1=China, 2=Japan, 3=India, 4=United States, 5=Other",
w5,q179,intl_future_influence_asia,X. INTERNATIONAL RELATIONS,,"In ten years, which country will have the most influence in Asia? NOTE: country teams may consider adding Russia as a country-specific option.","1=China, 2=Japan, 3=India, 4=United States, 5=Other",
w6,q179,intl_future_influence_asia,Y. INTERNATIONAL RELATIONS,,"In ten years, which country will have the most influence in Asia? NOTE: country teams may consider adding Russia as a country-specific option.","1=China, 2=Japan, 3=India, 4=United States, 5=Other",
w1,,intl_most_influence_asia,,,,"1=China, 2=Japan, 3=India, 4=United States, 5=Other",Not included in this wave
w2,,intl_most_influence_asia,,,,"1=China, 2=Japan, 3=India, 4=United States, 5=Other",Not included in this wave
w3,q156,intl_most_influence_asia,U.  INTERNATIONAL RELATIONS,,Which country has the most influence in Asia?,"1=China, 2=Japan, 3=India, 4=United States, 5=Other",
w4,q163,intl_most_influence_asia,W. INTERNATIONAL RELATIONS,,Which country has the most influence in Asia?,"1=China, 2=Japan, 3=India, 4=United States, 5=Other",
w5,q174,intl_most_influence_asia,X. INTERNATIONAL RELATIONS,,Which country has the most influence in Asia? NOTE: country teams may consider adding Russia as a country-specific option.,"1=China, 2=Japan, 3=India, 4=United States, 5=Other",
w6,q173,intl_most_influence_asia,Y. INTERNATIONAL RELATIONS,,Which country has the most influence in Asia? NOTE: country teams may consider adding Russia as a country-specific option.,"1=China, 2=Japan, 3=India, 4=United States, 5=Other",
w1,,intl_usa_asia_goodharm,,,,"1=Much more harm than good, 2=Somewhat more harm than good, 3=Somewhat more good than harm, 4=Much more good than harm",Not included in this wave
w2,,intl_usa_asia_goodharm,,,,"1=Much more harm than good, 2=Somewhat more harm than good, 3=Somewhat more good than harm, 4=Much more good than harm",Not included in this wave
w3,,intl_usa_asia_goodharm,,,,"1=Much more harm than good, 2=Somewhat more harm than good, 3=Somewhat more good than harm, 4=Much more good than harm",Not included in this wave
w4,q164,intl_usa_asia_goodharm,W. INTERNATIONAL RELATIONS,,Does the United States do more,"1=Much more harm than good, 2=Somewhat more harm than good, 3=Somewhat more good than harm, 4=Much more good than harm",
w5,q175,intl_usa_asia_goodharm,X. INTERNATIONAL RELATIONS,,Does the United States do more,"1=Much more harm than good, 2=Somewhat more harm than good, 3=Somewhat more good than harm, 4=Much more good than harm",
w6,q174,intl_usa_asia_goodharm,Y. INTERNATIONAL RELATIONS,,Does the United States do more,"1=Much more harm than good, 2=Somewhat more harm than good, 3=Somewhat more good than harm, 4=Much more good than harm",
w1,,intl_usa_country_influence_amount,,,,"1=No influence at all, 2=Not much influence, 3=Some influence, 4=A great deal of influence",Not included in this wave
w2,,intl_usa_country_influence_amount,,,,"1=No influence at all, 2=Not much influence, 3=Some influence, 4=A great deal of influence",Not included in this wave
w3,,intl_usa_country_influence_amount,,,,"1=No influence at all, 2=Not much influence, 3=Some influence, 4=A great deal of influence",Not included in this wave
w4,,intl_usa_country_influence_amount,,,,"1=No influence at all, 2=Not much influence, 3=Some influence, 4=A great deal of influence",Not included in this wave
w5,q183,intl_usa_country_influence_amount,X. INTERNATIONAL RELATIONS,,How much influence does the United States have on our country?,"1=No influence at all, 2=Not much influence, 3=Some influence, 4=A great deal of influence",
w6,q183,intl_usa_country_influence_amount,Y. INTERNATIONAL RELATIONS,,How much influence does the United States have on our country?,"1=No influence at all, 2=Not much influence, 3=Some influence, 4=A great deal of influence",
w1,,intl_usa_country_influence_amount_w4,,,,"1=No influence at all, 2=Not much influence, 3=Some influence, 4=A great deal of influence",Not included in this wave
w2,,intl_usa_country_influence_amount_w4,,,,"1=No influence at all, 2=Not much influence, 3=Some influence, 4=A great deal of influence",Not included in this wave
w3,,intl_usa_country_influence_amount_w4,,,,"1=No influence at all, 2=Not much influence, 3=Some influence, 4=A great deal of influence",Not included in this wave
w4,q170,intl_usa_country_influence_amount_w4,W. INTERNATIONAL RELATIONS,,How much influence does the United States have on our country?,"1=No influence at all, 2=Not much influence, 3=Some influence, 4=A great deal of influence",
w5,,intl_usa_country_influence_amount_w4,,,,"1=No influence at all, 2=Not much influence, 3=Some influence, 4=A great deal of influence",Not included in this wave
w6,,intl_usa_country_influence_amount_w4,,,,"1=No influence at all, 2=Not much influence, 3=Some influence, 4=A great deal of influence",Not included in this wave
w1,,intl_usa_country_influence_valence,,,,"1=Very negative, 2=Negative, 3=Somewhat negative, 4=Somewhat positive, 5=Positive, 6=Very positive",Not included in this wave
w2,,intl_usa_country_influence_valence,,,,"1=Very negative, 2=Negative, 3=Somewhat negative, 4=Somewhat positive, 5=Positive, 6=Very positive",Not included in this wave
w3,,intl_usa_country_influence_valence,,,,"1=Very negative, 2=Negative, 3=Somewhat negative, 4=Somewhat positive, 5=Positive, 6=Very positive",Not included in this wave
w4,,intl_usa_country_influence_valence,,,,"1=Very negative, 2=Negative, 3=Somewhat negative, 4=Somewhat positive, 5=Positive, 6=Very positive",Not included in this wave
w5,q184,intl_usa_country_influence_valence,X. INTERNATIONAL RELATIONS,,"General speaking, the influence the United States has on our country is?","1=Very negative, 2=Negative, 3=Somewhat negative, 4=Somewhat positive, 5=Positive, 6=Very positive",
w6,q184,intl_usa_country_influence_valence,Y. INTERNATIONAL RELATIONS,,"Generally speaking, the influence the United States has on our country is?","1=Very negative, 2=Negative, 3=Somewhat negative, 4=Somewhat positive, 5=Positive, 6=Very positive",
w1,,intl_usa_country_influence_valence_w4,,,,"1=Very negative, 2=Negative, 3=Somewhat negative, 4=Somewhat positive, 5=Positive, 6=Very positive",Not included in this wave
w2,,intl_usa_country_influence_valence_w4,,,,"1=Very negative, 2=Negative, 3=Somewhat negative, 4=Somewhat positive, 5=Positive, 6=Very positive",Not included in this wave
w3,,intl_usa_country_influence_valence_w4,,,,"1=Very negative, 2=Negative, 3=Somewhat negative, 4=Somewhat positive, 5=Positive, 6=Very positive",Not included in this wave
w4,q171,intl_usa_country_influence_valence_w4,W. INTERNATIONAL RELATIONS,,"General speaking, the influence the United States has on our country is?","1=Very negative, 2=Negative, 3=Somewhat negative, 4=Somewhat positive, 5=Positive, 6=Very positive",
w5,,intl_usa_country_influence_valence_w4,,,,"1=Very negative, 2=Negative, 3=Somewhat negative, 4=Somewhat positive, 5=Positive, 6=Very positive",Not included in this wave
w6,,intl_usa_country_influence_valence_w4,,,,"1=Very negative, 2=Negative, 3=Somewhat negative, 4=Somewhat positive, 5=Positive, 6=Very positive",Not included in this wave
w1,,intl_usa_world_influence,,,,"1=Very negative, 2=Negative, 3=Somewhat negative, 4=Somewhat positive, 5=Positive, 6=Very positive",Not included in this wave
w2,,intl_usa_world_influence,,,,"1=Very negative, 2=Negative, 3=Somewhat negative, 4=Somewhat positive, 5=Positive, 6=Very positive",Not included in this wave
w3,,intl_usa_world_influence,,,,"1=Very negative, 2=Negative, 3=Somewhat negative, 4=Somewhat positive, 5=Positive, 6=Very positive",Not included in this wave
w4,,intl_usa_world_influence,,,,"1=Very negative, 2=Negative, 3=Somewhat negative, 4=Somewhat positive, 5=Positive, 6=Very positive",Not included in this wave
w5,q176,intl_usa_world_influence,X. INTERNATIONAL RELATIONS,,"Here is a similar scale of 1 to 10 measuring the extent to which people think the influence of the U.S. on world affairs today. If “1” means that the influence of the U.S. is highly negative and “10” means that it is highly positive, where would you place the U.S. today? Highly Highly Negative Positive","1=Very negative, 2=Negative, 3=Somewhat negative, 4=Somewhat positive, 5=Positive, 6=Very positive",
w6,q175,intl_usa_world_influence,Y. INTERNATIONAL RELATIONS,,"Generally speaking, the influence the United States today has on world affairs is?","1=Very negative, 2=Negative, 3=Somewhat negative, 4=Somewhat positive, 5=Positive, 6=Very positive",
w1,,local_safety,,,,"1=Very unsafe, 2=Somewhat unsafe, 3=Safe, 4=Very safe",Not included in this wave
w2,q32,local_safety,D.	HUMAN SECURITY,,"Generally speaking, how safe is living in this city/ town/ village – very safe, safe, unsafe or very unsafe?","1=Very unsafe, 2=Somewhat unsafe, 3=Safe, 4=Very safe",
w3,q42,local_safety,E.  ACCESS TO PUBLIC SERVICE,,"Generally speaking, how safe is living in this city/ town/ village – very safe, safe, unsafe or very unsafe?","1=Very unsafe, 2=Somewhat unsafe, 3=Safe, 4=Very safe",
w4,q43,local_safety,E. ACCESS TO PUBLIC SERVICE,,"Generally speaking, how safe is living in this city/ town/ village – very Very safe ...............................................................","1=Very unsafe, 2=Somewhat unsafe, 3=Safe, 4=Very safe",
w5,q45,local_safety,E. ACCESS TO PUBLIC SERVICE,,"Generally speaking, how safe is living in this city/ town/ village – very Very safe ...............................................................","1=Very unsafe, 2=Somewhat unsafe, 3=Safe, 4=Very safe",
w6,q46,local_safety,E. ACCESS TO PUBLIC SERVICE,,"Generally speaking, how safe is living in this city/ town/ village – very safe, Very safe ...............................................................","1=Very unsafe, 2=Somewhat unsafe, 3=Safe, 4=Very safe",
w1,,main_earner,,,,"0=No, 1=Yes",Not included in this wave
w2,,main_earner,,,,"0=No, 1=Yes",Not included in this wave
w3,se10,main_earner,,,Are you the main earner in your household?,"0=No, 1=Yes",Socio-demographic section (not in core questionnaire)
w4,se10,main_earner,,,Are you the main earner in your household?,"0=No, 1=Yes",Socio-demographic section (not in core questionnaire)
w5,SE10,main_earner,,,Are you the main earner in your household?,"0=No, 1=Yes",Socio-demographic section (not in core questionnaire)
w6,SE10,main_earner,,,Are you the main earner in your household?,"0=No, 1=Yes",Socio-demographic section (not in core questionnaire)
w1,se004,marital_status,,,Marital status of respondent,"1=Single/Never married, 2=Married, 3=Living together as married, 4=Widowed, 5=Separated, 6=Divorced",Socio-demographic section (not in core questionnaire)
w2,se4,marital_status,,,Marital status of respondent,"1=Single/Never married, 2=Married, 3=Living together as married, 4=Widowed, 5=Separated, 6=Divorced",Socio-demographic section (not in core questionnaire)
w3,se4,marital_status,,,Marital status of respondent,"1=Single/Never married, 2=Married, 3=Living together as married, 4=Widowed, 5=Separated, 6=Divorced",Socio-demographic section (not in core questionnaire)
w4,se4,marital_status,,,Marital status of respondent,"1=Single/Never married, 2=Married, 3=Living together as married, 4=Widowed, 5=Separated, 6=Divorced",Socio-demographic section (not in core questionnaire)
w5,SE4,marital_status,,,Marital status of respondent,"1=Single/Never married, 2=Married, 3=Living together as married, 4=Widowed, 5=Separated, 6=Divorced",Socio-demographic section (not in core questionnaire)
w6,se4,marital_status,,,Marital status of respondent,"1=Single/Never married, 2=Married, 3=Living together as married, 4=Widowed, 5=Separated, 6=Divorced",Socio-demographic section (not in core questionnaire)
w1,q123,military_rule,P.	AGREEMENT/DISAGREEMENT WITH SPECIFIC STATEMENTS,"As you know, there are some people in our country who would like to change the way in which our country is governed. We would like to know what you think of their views. For each statement, would you say you STRONGLY AGREE, SOMEWHAT AGREE, SOMEWHAT DISAGREE, or STRONGLY DISAGREE?",The military should come in to govern the country.,"1=Strongly disapprove, 2=Disapprove, 3=Approve, 4=Strongly approve",
w2,q126,military_rule,R.	AGREEMENT/DISAGREEMENT WITH SPECIFIC STATEMENTS,"There are many ways to govern a country. Would you disapprove or approve of the following alternatives? For each statement, would you say you strongly approve, approve, disapprove, or strongly disapprove?",The army (military) should come in to govern the country.,"1=Strongly disapprove, 2=Disapprove, 3=Approve, 4=Strongly approve",
w3,q131,military_rule,Q.  AGREEMENT/DISAGREEMENT WITH SPECIFIC STATEMENTS,"There are many ways to govern a country. Would you disapprove or approve of the following alternatives? For each statement, would you say you strongly approve, approve, disapprove, or strongly disapprove?",The army (military) should come in to govern the country.,"1=Strongly disapprove, 2=Disapprove, 3=Approve, 4=Strongly approve",
w4,q132,military_rule,R. AGREEMENT/DISAGREEMENT WITH SPECIFIC STATEMENTS,"As you know, there are some people in our country who would like to change the way in which our country is governed. We would like to know what you think of their views. For each statement, would you say you STRONGLY AGREE, SOMEWHAT AGREE, SOMEWHAT DISAGREE, or STRONGLY DISAGREE?",The army (military) should come in to govern the country.,"1=Strongly disapprove, 2=Disapprove, 3=Approve, 4=Strongly approve",
w5,q139,military_rule,R. AGREEMENT/DISAGREEMENT WITH SPECIFIC STATEMENTS,"As you know, there are some people in our country who would like to change the way in which our country is governed. We would like to know what you think of their views. For each statement, would you say you STRONGLY AGREE, SOMEWHAT AGREE, SOMEWHAT DISAGREE, or STRONGLY DISAGREE?",The army (military) should come in to govern the country.,"1=Strongly disapprove, 2=Disapprove, 3=Approve, 4=Strongly approve",
w6,q131,military_rule,R. AGREEMENT/DISAGREEMENT WITH SPECIFIC STATEMENTS,"As you know, there are some people in our country who would like to change the way in which our country is governed. We would like to know what you think of their views. For each statement, would you say you STRONGLY AGREE, SOMEWHAT AGREE, SOMEWHAT DISAGREE, or STRONGLY DISAGREE?",The army (military) should come in to govern the country.,"1=Strongly disapprove, 2=Disapprove, 3=Approve, 4=Strongly approve",
w1,q033,mob_asked_clan_seniors,F.	ELECTORAL MOBILIZATION   <Qs.32-55: Optional>,,Seniors in a clan or extended family,"0=No, 1=Yes",
w2,,mob_asked_clan_seniors,,,,"0=No, 1=Yes",Not included in this wave
w3,,mob_asked_clan_seniors,,,,"0=No, 1=Yes",Not included in this wave
w4,,mob_asked_clan_seniors,,,,"0=No, 1=Yes",Not included in this wave
w5,,mob_asked_clan_seniors,,,,"0=No, 1=Yes",Not included in this wave
w6,,mob_asked_clan_seniors,,,,"0=No, 1=Yes",Not included in this wave
w1,q035,mob_asked_community_leader,F.	ELECTORAL MOBILIZATION   <Qs.32-55: Optional>,,Community leaders,"0=No, 1=Yes",
w2,,mob_asked_community_leader,,,,"0=No, 1=Yes",Not included in this wave
w3,,mob_asked_community_leader,,,,"0=No, 1=Yes",Not included in this wave
w4,,mob_asked_community_leader,,,,"0=No, 1=Yes",Not included in this wave
w5,,mob_asked_community_leader,,,,"0=No, 1=Yes",Not included in this wave
w6,,mob_asked_community_leader,,,,"0=No, 1=Yes",Not included in this wave
w1,q037,mob_asked_employer,F.	ELECTORAL MOBILIZATION   <Qs.32-55: Optional>,,Owners of the firm/unit that you work for,"0=No, 1=Yes",
w2,,mob_asked_employer,,,,"0=No, 1=Yes",Not included in this wave
w3,,mob_asked_employer,,,,"0=No, 1=Yes",Not included in this wave
w4,,mob_asked_employer,,,,"0=No, 1=Yes",Not included in this wave
w5,,mob_asked_employer,,,,"0=No, 1=Yes",Not included in this wave
w6,,mob_asked_employer,,,,"0=No, 1=Yes",Not included in this wave
w1,q032,mob_asked_family,F.	ELECTORAL MOBILIZATION   <Qs.32-55: Optional>,,Family member/relative,"0=No, 1=Yes",
w2,,mob_asked_family,,,,"0=No, 1=Yes",Not included in this wave
w3,,mob_asked_family,,,,"0=No, 1=Yes",Not included in this wave
w4,,mob_asked_family,,,,"0=No, 1=Yes",Not included in this wave
w5,,mob_asked_family,,,,"0=No, 1=Yes",Not included in this wave
w6,,mob_asked_family,,,,"0=No, 1=Yes",Not included in this wave
w1,q039,mob_asked_govt_known,F.	ELECTORAL MOBILIZATION   <Qs.32-55: Optional>,,Government official whom you know personally,"0=No, 1=Yes",
w2,,mob_asked_govt_known,,,,"0=No, 1=Yes",Not included in this wave
w3,,mob_asked_govt_known,,,,"0=No, 1=Yes",Not included in this wave
w4,,mob_asked_govt_known,,,,"0=No, 1=Yes",Not included in this wave
w5,,mob_asked_govt_known,,,,"0=No, 1=Yes",Not included in this wave
w6,,mob_asked_govt_known,,,,"0=No, 1=Yes",Not included in this wave
w1,q040,mob_asked_govt_unknown,F.	ELECTORAL MOBILIZATION   <Qs.32-55: Optional>,,Government official whom you don’t know,"0=No, 1=Yes",
w2,,mob_asked_govt_unknown,,,,"0=No, 1=Yes",Not included in this wave
w3,,mob_asked_govt_unknown,,,,"0=No, 1=Yes",Not included in this wave
w4,,mob_asked_govt_unknown,,,,"0=No, 1=Yes",Not included in this wave
w5,,mob_asked_govt_unknown,,,,"0=No, 1=Yes",Not included in this wave
w6,,mob_asked_govt_unknown,,,,"0=No, 1=Yes",Not included in this wave
w1,q034,mob_asked_neighbor_friend,F.	ELECTORAL MOBILIZATION   <Qs.32-55: Optional>,,Neighbor/friend,"0=No, 1=Yes",
w2,,mob_asked_neighbor_friend,,,,"0=No, 1=Yes",Not included in this wave
w3,,mob_asked_neighbor_friend,,,,"0=No, 1=Yes",Not included in this wave
w4,,mob_asked_neighbor_friend,,,,"0=No, 1=Yes",Not included in this wave
w5,,mob_asked_neighbor_friend,,,,"0=No, 1=Yes",Not included in this wave
w6,,mob_asked_neighbor_friend,,,,"0=No, 1=Yes",Not included in this wave
w1,q038,mob_asked_org_official,F.	ELECTORAL MOBILIZATION   <Qs.32-55: Optional>,,Member/official of organization that you belong to,"0=No, 1=Yes",
w2,,mob_asked_org_official,,,,"0=No, 1=Yes",Not included in this wave
w3,,mob_asked_org_official,,,,"0=No, 1=Yes",Not included in this wave
w4,,mob_asked_org_official,,,,"0=No, 1=Yes",Not included in this wave
w5,,mob_asked_org_official,,,,"0=No, 1=Yes",Not included in this wave
w6,,mob_asked_org_official,,,,"0=No, 1=Yes",Not included in this wave
w1,q043,mob_asked_other,F.	ELECTORAL MOBILIZATION   <Qs.32-55: Optional>,,"Others, please specify ____________________________________","0=No, 1=Yes",
w2,,mob_asked_other,,,,"0=No, 1=Yes",Not included in this wave
w3,,mob_asked_other,,,,"0=No, 1=Yes",Not included in this wave
w4,,mob_asked_other,,,,"0=No, 1=Yes",Not included in this wave
w5,,mob_asked_other,,,,"0=No, 1=Yes",Not included in this wave
w6,,mob_asked_other,,,,"0=No, 1=Yes",Not included in this wave
w1,q041,mob_asked_party_known,F.	ELECTORAL MOBILIZATION   <Qs.32-55: Optional>,,Candidate/party activist whom you know personally,"0=No, 1=Yes",
w2,,mob_asked_party_known,,,,"0=No, 1=Yes",Not included in this wave
w3,,mob_asked_party_known,,,,"0=No, 1=Yes",Not included in this wave
w4,,mob_asked_party_known,,,,"0=No, 1=Yes",Not included in this wave
w5,,mob_asked_party_known,,,,"0=No, 1=Yes",Not included in this wave
w6,,mob_asked_party_known,,,,"0=No, 1=Yes",Not included in this wave
w1,q042,mob_asked_party_unknown,F.	ELECTORAL MOBILIZATION   <Qs.32-55: Optional>,,Candidate/party activist whom you don’t know,"0=No, 1=Yes",
w2,,mob_asked_party_unknown,,,,"0=No, 1=Yes",Not included in this wave
w3,,mob_asked_party_unknown,,,,"0=No, 1=Yes",Not included in this wave
w4,,mob_asked_party_unknown,,,,"0=No, 1=Yes",Not included in this wave
w5,,mob_asked_party_unknown,,,,"0=No, 1=Yes",Not included in this wave
w6,,mob_asked_party_unknown,,,,"0=No, 1=Yes",Not included in this wave
w1,q036,mob_asked_work_superior,F.	ELECTORAL MOBILIZATION   <Qs.32-55: Optional>,,Superior at work/school,"0=No, 1=Yes",
w2,,mob_asked_work_superior,,,,"0=No, 1=Yes",Not included in this wave
w3,,mob_asked_work_superior,,,,"0=No, 1=Yes",Not included in this wave
w4,,mob_asked_work_superior,,,,"0=No, 1=Yes",Not included in this wave
w5,,mob_asked_work_superior,,,,"0=No, 1=Yes",Not included in this wave
w6,,mob_asked_work_superior,,,,"0=No, 1=Yes",Not included in this wave
w1,q045,mob_influence_clan_seniors,F.	ELECTORAL MOBILIZATION   <Qs.32-55: Optional>,IF YES: And did such persons help you to decide whom to vote for?,Seniors in a clan or extended family,"0=No, 1=Yes",
w2,,mob_influence_clan_seniors,,,,"0=No, 1=Yes",Not included in this wave
w3,,mob_influence_clan_seniors,,,,"0=No, 1=Yes",Not included in this wave
w4,,mob_influence_clan_seniors,,,,"0=No, 1=Yes",Not included in this wave
w5,,mob_influence_clan_seniors,,,,"0=No, 1=Yes",Not included in this wave
w6,,mob_influence_clan_seniors,,,,"0=No, 1=Yes",Not included in this wave
w1,q047,mob_influence_community_leader,F.	ELECTORAL MOBILIZATION   <Qs.32-55: Optional>,IF YES: And did such persons help you to decide whom to vote for?,Community leaders,"0=No, 1=Yes",
w2,,mob_influence_community_leader,,,,"0=No, 1=Yes",Not included in this wave
w3,,mob_influence_community_leader,,,,"0=No, 1=Yes",Not included in this wave
w4,,mob_influence_community_leader,,,,"0=No, 1=Yes",Not included in this wave
w5,,mob_influence_community_leader,,,,"0=No, 1=Yes",Not included in this wave
w6,,mob_influence_community_leader,,,,"0=No, 1=Yes",Not included in this wave
w1,q049,mob_influence_employer,F.	ELECTORAL MOBILIZATION   <Qs.32-55: Optional>,IF YES: And did such persons help you to decide whom to vote for?,Owners of the firm/unit that you work for,"0=No, 1=Yes",
w2,,mob_influence_employer,,,,"0=No, 1=Yes",Not included in this wave
w3,,mob_influence_employer,,,,"0=No, 1=Yes",Not included in this wave
w4,,mob_influence_employer,,,,"0=No, 1=Yes",Not included in this wave
w5,,mob_influence_employer,,,,"0=No, 1=Yes",Not included in this wave
w6,,mob_influence_employer,,,,"0=No, 1=Yes",Not included in this wave
w1,q044,mob_influence_family,F.	ELECTORAL MOBILIZATION   <Qs.32-55: Optional>,IF YES: And did such persons help you to decide whom to vote for?,Family member/relative,"0=No, 1=Yes",
w2,,mob_influence_family,,,,"0=No, 1=Yes",Not included in this wave
w3,,mob_influence_family,,,,"0=No, 1=Yes",Not included in this wave
w4,,mob_influence_family,,,,"0=No, 1=Yes",Not included in this wave
w5,,mob_influence_family,,,,"0=No, 1=Yes",Not included in this wave
w6,,mob_influence_family,,,,"0=No, 1=Yes",Not included in this wave
w1,q051,mob_influence_govt_known,F.	ELECTORAL MOBILIZATION   <Qs.32-55: Optional>,IF YES: And did such persons help you to decide whom to vote for?,Government official whom you know personally,"0=No, 1=Yes",
w2,,mob_influence_govt_known,,,,"0=No, 1=Yes",Not included in this wave
w3,,mob_influence_govt_known,,,,"0=No, 1=Yes",Not included in this wave
w4,,mob_influence_govt_known,,,,"0=No, 1=Yes",Not included in this wave
w5,,mob_influence_govt_known,,,,"0=No, 1=Yes",Not included in this wave
w6,,mob_influence_govt_known,,,,"0=No, 1=Yes",Not included in this wave
w1,q052,mob_influence_govt_unknown,F.	ELECTORAL MOBILIZATION   <Qs.32-55: Optional>,IF YES: And did such persons help you to decide whom to vote for?,Government official whom you don’t know,"0=No, 1=Yes",
w2,,mob_influence_govt_unknown,,,,"0=No, 1=Yes",Not included in this wave
w3,,mob_influence_govt_unknown,,,,"0=No, 1=Yes",Not included in this wave
w4,,mob_influence_govt_unknown,,,,"0=No, 1=Yes",Not included in this wave
w5,,mob_influence_govt_unknown,,,,"0=No, 1=Yes",Not included in this wave
w6,,mob_influence_govt_unknown,,,,"0=No, 1=Yes",Not included in this wave
w1,q046,mob_influence_neighbor_friend,F.	ELECTORAL MOBILIZATION   <Qs.32-55: Optional>,IF YES: And did such persons help you to decide whom to vote for?,Neighbor/friend,"0=No, 1=Yes",
w2,,mob_influence_neighbor_friend,,,,"0=No, 1=Yes",Not included in this wave
w3,,mob_influence_neighbor_friend,,,,"0=No, 1=Yes",Not included in this wave
w4,,mob_influence_neighbor_friend,,,,"0=No, 1=Yes",Not included in this wave
w5,,mob_influence_neighbor_friend,,,,"0=No, 1=Yes",Not included in this wave
w6,,mob_influence_neighbor_friend,,,,"0=No, 1=Yes",Not included in this wave
w1,q050,mob_influence_org_official,F.	ELECTORAL MOBILIZATION   <Qs.32-55: Optional>,IF YES: And did such persons help you to decide whom to vote for?,Member/official of organization that you belong to,"0=No, 1=Yes",
w2,,mob_influence_org_official,,,,"0=No, 1=Yes",Not included in this wave
w3,,mob_influence_org_official,,,,"0=No, 1=Yes",Not included in this wave
w4,,mob_influence_org_official,,,,"0=No, 1=Yes",Not included in this wave
w5,,mob_influence_org_official,,,,"0=No, 1=Yes",Not included in this wave
w6,,mob_influence_org_official,,,,"0=No, 1=Yes",Not included in this wave
w1,q055,mob_influence_other,F.	ELECTORAL MOBILIZATION   <Qs.32-55: Optional>,IF YES: And did such persons help you to decide whom to vote for?,"Others, please specify ____________________________________","0=No, 1=Yes",
w2,,mob_influence_other,,,,"0=No, 1=Yes",Not included in this wave
w3,,mob_influence_other,,,,"0=No, 1=Yes",Not included in this wave
w4,,mob_influence_other,,,,"0=No, 1=Yes",Not included in this wave
w5,,mob_influence_other,,,,"0=No, 1=Yes",Not included in this wave
w6,,mob_influence_other,,,,"0=No, 1=Yes",Not included in this wave
w1,q053,mob_influence_party_known,F.	ELECTORAL MOBILIZATION   <Qs.32-55: Optional>,IF YES: And did such persons help you to decide whom to vote for?,Candidate/party activist whom you know personally,"0=No, 1=Yes",
w2,,mob_influence_party_known,,,,"0=No, 1=Yes",Not included in this wave
w3,,mob_influence_party_known,,,,"0=No, 1=Yes",Not included in this wave
w4,,mob_influence_party_known,,,,"0=No, 1=Yes",Not included in this wave
w5,,mob_influence_party_known,,,,"0=No, 1=Yes",Not included in this wave
w6,,mob_influence_party_known,,,,"0=No, 1=Yes",Not included in this wave
w1,q054,mob_influence_party_unknown,F.	ELECTORAL MOBILIZATION   <Qs.32-55: Optional>,IF YES: And did such persons help you to decide whom to vote for?,Candidate/party activist whom you don’t know,"0=No, 1=Yes",
w2,,mob_influence_party_unknown,,,,"0=No, 1=Yes",Not included in this wave
w3,,mob_influence_party_unknown,,,,"0=No, 1=Yes",Not included in this wave
w4,,mob_influence_party_unknown,,,,"0=No, 1=Yes",Not included in this wave
w5,,mob_influence_party_unknown,,,,"0=No, 1=Yes",Not included in this wave
w6,,mob_influence_party_unknown,,,,"0=No, 1=Yes",Not included in this wave
w1,q048,mob_influence_work_superior,F.	ELECTORAL MOBILIZATION   <Qs.32-55: Optional>,IF YES: And did such persons help you to decide whom to vote for?,Superior at work/school,"0=No, 1=Yes",
w2,,mob_influence_work_superior,,,,"0=No, 1=Yes",Not included in this wave
w3,,mob_influence_work_superior,,,,"0=No, 1=Yes",Not included in this wave
w4,,mob_influence_work_superior,,,,"0=No, 1=Yes",Not included in this wave
w5,,mob_influence_work_superior,,,,"0=No, 1=Yes",Not included in this wave
w6,,mob_influence_work_superior,,,,"0=No, 1=Yes",Not included in this wave
w1,,nat_proud_citizen,,,,"1=Not proud at all, 2=Not very proud, 3=Somewhat proud, 4=Very proud",Not included in this wave
w2,q154,nat_proud_citizen,,,,"1=Not proud at all, 2=Not very proud, 3=Somewhat proud, 4=Very proud",NOT FOUND in questionnaire document
w3,q154,nat_proud_citizen,T.  CITIZENSHIP,,How proud are you to be a citizen of (COUNTRY)? Are you?,"1=Not proud at all, 2=Not very proud, 3=Somewhat proud, 4=Very proud",
w4,q161,nat_proud_citizen,V. CITIZENSHIP,,How proud are you to be a citizen of (COUNTRY)? Very proud ...........................................................,"1=Not proud at all, 2=Not very proud, 3=Somewhat proud, 4=Very proud",
w5,q166,nat_proud_citizen,V. CITIZENSHIP,,How proud are you to be a citizen of (COUNTRY)? Very proud ...........................................................,"1=Not proud at all, 2=Not very proud, 3=Somewhat proud, 4=Very proud",
w6,q166,nat_proud_citizen,W. CITIZENSHIP,,How proud are you to be a citizen of (COUNTRY)? Very proud ...........................................................,"1=Not proud at all, 2=Not very proud, 3=Somewhat proud, 4=Very proud",
w1,,nat_willing_emigrate,,,,"1=Not willing at all, 2=Not willing, 3=Willing, 4=Very willing",Not included in this wave
w2,q155,nat_willing_emigrate,T.  CITIZENSHIP,,How proud are you to be a citizen of (COUNTRY)? Are you?,"1=Not willing at all, 2=Not willing, 3=Willing, 4=Very willing",
w3,q155,nat_willing_emigrate,T.  CITIZENSHIP,,"Given the chance, how willing would you be to go and live in another country?","1=Not willing at all, 2=Not willing, 3=Willing, 4=Very willing",
w4,q162,nat_willing_emigrate,V. CITIZENSHIP,,"Given the chance, how willing would you be to go and live in another Very willing ............................................................","1=Not willing at all, 2=Not willing, 3=Willing, 4=Very willing",
w5,q167,nat_willing_emigrate,V. CITIZENSHIP,,"Given the chance, how willing would you be to go and live in another Very willing ............................................................","1=Not willing at all, 2=Not willing, 3=Willing, 4=Very willing",
w6,q167,nat_willing_emigrate,W. CITIZENSHIP,,"Given the chance, how willing would you be to go and live in another Very willing ............................................................","1=Not willing at all, 2=Not willing, 3=Willing, 4=Very willing",
w1,,news_internet,,,,"1=Never, 2=Hardly ever, 3=A few times a year, 4=At least once a month, 5=At least once a week, 6=Daily or more",Not included in this wave
w2,q66,news_internet,I.	AGREEMENT/DISAGREEMENT WITH SPECIFIC STATEMENTS,,"How often do you use the internet, either through computer, tablet or smartphone?","1=Never, 2=Hardly ever, 3=A few times a year, 4=At least once a month, 5=At least once a week, 6=Daily or more",
w3,q45,news_internet,F.  PSYCHOLOGICAL INVOLVEMENT,,"How often do you use the internet, either through computer, tablet or smartphone?","1=Never, 2=Hardly ever, 3=A few times a year, 4=At least once a month, 5=At least once a week, 6=Daily or more",
w4,q49,news_internet,G. Internet and Social Media,,"How often do you use the internet, either through computer, tablet or smartphone?","1=Never, 2=Hardly ever, 3=A few times a year, 4=At least once a month, 5=At least once a week, 6=Daily or more",
w5,q49,news_internet,G. INTERNET AND SOCIAL MEDIA,,"How often do you use the internet, either through computer, tablet or smartphone?","1=Never, 2=Hardly ever, 3=A few times a year, 4=At least once a month, 5=At least once a week, 6=Daily or more",
w6,q50,news_internet,G. INTERNET AND SOCIAL MEDIA,,"How often do you use the internet, either through computer, tablet or smartphone?","1=Never, 2=Hardly ever, 3=A few times a year, 4=At least once a month, 5=At least once a week, 6=Daily or more",
w1,,no_accountability_between_elections,,,,"1=Strongly agree (no accountability), 2=Somewhat agree, 3=Somewhat disagree, 4=Strongly disagree (have accountability)",Not included in this wave
w2,q106,no_accountability_between_elections,N.	SATISFACTION WITH GOVERNMENT AND DEMOCRACY,"Now I am going to read to you a list of statements that describe how people often feel about the state of affairs in [country name]. Please tell me whether you strongly agree, somewhat agree, somewhat disagree, or strongly disagree with each of these statements.","Between elections, the people have","1=Strongly agree (no accountability), 2=Somewhat agree, 3=Somewhat disagree, 4=Strongly disagree (have accountability)",
w3,q100,no_accountability_between_elections,N.  QUALITY OF GOVERNANCE,"Now I am going to read to you a list of statements that describe how people often feel about the state of affairs in [country name]. Please tell me whether you strongly agree, somewhat agree, somewhat disagree, or strongly disagree with each of these statements.","Between elections, the people have","1=Strongly agree (no accountability), 2=Somewhat agree, 3=Somewhat disagree, 4=Strongly disagree (have accountability)",
w4,q103,no_accountability_between_elections,O. QUALITY OF GOVERNANCE,"Now I am going to read to you a list of statements that describe how people often feel about the state of affairs in [country name]. Please tell me whether you strongly agree, somewhat agree, somewhat disagree, or strongly disagree with each of these statements.","Between elections, the people have","1=Strongly agree (no accountability), 2=Somewhat agree, 3=Somewhat disagree, 4=Strongly disagree (have accountability)",
w5,q110,no_accountability_between_elections,O. QUALITY OF GOVERNANCE,"Now I am going to read to you a list of statements that describe how people often feel about the state of affairs in [country name]. Please tell me whether you strongly agree, somewhat agree, somewhat disagree, or strongly disagree with each of these statements.","Between elections, the people have","1=Strongly agree (no accountability), 2=Somewhat agree, 3=Somewhat disagree, 4=Strongly disagree (have accountability)",
w6,q101,no_accountability_between_elections,O. QUALITY OF GOVERNANCE,"Now I am going to read to you a list of statements that describe how people often feel about the state of affairs in [country name]. Please tell me whether you strongly agree, somewhat agree, somewhat disagree, or strongly disagree with each of these statements.","Between elections, the people have","1=Strongly agree (no accountability), 2=Somewhat agree, 3=Somewhat disagree, 4=Strongly disagree (have accountability)",
w1,,parents_staircase,,,,"1=Lowest, 10=Highest",Not included in this wave
w2,,parents_staircase,,,,"1=Lowest, 10=Highest",Not included in this wave
w3,,parents_staircase,,,,"1=Lowest, 10=Highest",Not included in this wave
w4,se13b,parents_staircase,,,"Where would you put your parents on this social staircase? (1=lowest, 10=highest)","1=Lowest, 10=Highest",Socio-demographic section (not in core questionnaire)
w5,SE13B,parents_staircase,,,"Where would you put your parents on this social staircase? (1=lowest, 10=highest)","1=Lowest, 10=Highest",Socio-demographic section (not in core questionnaire)
w6,se13b,parents_staircase,,,"Where would you put your parents on this social staircase? (1=lowest, 10=highest)","1=Lowest, 10=Highest",Socio-demographic section (not in core questionnaire)
w1,q022,participation_frequency,C. 	SOCIAL CAPITAL	(cont’d),,How frequently do you participate in meetings and other activities of (ANSWER IN Q21)? Is it … ?,"1=Never, 2=Rarely, 3=Sometimes, 4=Often, 5=Very often",
w2,,participation_frequency,,,,"1=Never, 2=Rarely, 3=Sometimes, 4=Often, 5=Very often",Not included in this wave
w3,,participation_frequency,,,,"1=Never, 2=Rarely, 3=Sometimes, 4=Often, 5=Very often",Not included in this wave
w4,,participation_frequency,,,,"1=Never, 2=Rarely, 3=Sometimes, 4=Often, 5=Very often",Not included in this wave
w5,,participation_frequency,,,,"1=Never, 2=Rarely, 3=Sometimes, 4=Often, 5=Very often",Not included in this wave
w6,,participation_frequency,,,,"1=Never, 2=Rarely, 3=Sometimes, 4=Often, 5=Very often",Not included in this wave
w1,q063,party_closeness,,,,"1=Just a little close, 2=Somewhat close, 3=Very close",NOT FOUND in questionnaire document
w2,q55,party_closeness,,,,"1=Just a little close, 2=Somewhat close, 3=Very close",NOT FOUND in questionnaire document
w3,q48,party_closeness,G.  PARTISANSHIP,,"How close do you feel to (answer in Q47)? Is it very close,","1=Just a little close, 2=Somewhat close, 3=Very close",
w4,q54,party_closeness,H. PARTISANSHIP,,How close do you feel to (answer in Q53)? Is it very Very close ...........................................................1,"1=Just a little close, 2=Somewhat close, 3=Very close",
w5,q57,party_closeness,H. PARTISANSHIP,,"How close do you feel to (answer in Q56)? Is it very close, Very close ...........................................................","1=Just a little close, 2=Somewhat close, 3=Very close",
w6,q55,party_closeness,H. PARTISANSHIP,,"How close do you feel to (answer in Q54)? Is it very close, V e ry close ...........................................................","1=Just a little close, 2=Somewhat close, 3=Very close",
w1,,people_have_necessities,,,,"1=Strongly disagree, 2=Somewhat disagree, 3=Somewhat agree, 4=Strongly agree",Not included in this wave
w2,q109,people_have_necessities,N.	SATISFACTION WITH GOVERNMENT AND DEMOCRACY,"Now I am going to read to you a list of statements that describe how people often feel about the state of affairs in [country name]. Please tell me whether you strongly agree, somewhat agree, somewhat disagree, or strongly disagree with each of these statements.","People have basic necessities like food, clothes, and shelter.","1=Strongly disagree, 2=Somewhat disagree, 3=Somewhat agree, 4=Strongly agree",
w3,q105,people_have_necessities,N.  QUALITY OF GOVERNANCE,"Now I am going to read to you a list of statements that describe how people often feel about the state of affairs in [country name]. Please tell me whether you strongly agree, somewhat agree, somewhat disagree, or strongly disagree with each of these statements.","People have basic necessities like food, clothes, and shelter.","1=Strongly disagree, 2=Somewhat disagree, 3=Somewhat agree, 4=Strongly agree",
w4,q107,people_have_necessities,O. QUALITY OF GOVERNANCE,"Now I am going to read to you a list of statements that describe how people often feel about the state of affairs in [country name]. Please tell me whether you strongly agree, somewhat agree, somewhat disagree, or strongly disagree with each of these statements.","People have basic necessities like food, clothes, and shelter.","1=Strongly disagree, 2=Somewhat disagree, 3=Somewhat agree, 4=Strongly agree",
w5,q114,people_have_necessities,O. QUALITY OF GOVERNANCE,"Now I am going to read to you a list of statements that describe how people often feel about the state of affairs in [country name]. Please tell me whether you strongly agree, somewhat agree, somewhat disagree, or strongly disagree with each of these statements.","People have basic necessities like food, clothes, and shelter.","1=Strongly disagree, 2=Somewhat disagree, 3=Somewhat agree, 4=Strongly agree",
w6,q105,people_have_necessities,O. QUALITY OF GOVERNANCE,"Now I am going to read to you a list of statements that describe how people often feel about the state of affairs in [country name]. Please tell me whether you strongly agree, somewhat agree, somewhat disagree, or strongly disagree with each of these statements.","People have basic necessities like food, clothes, and shelter.","1=Strongly disagree, 2=Somewhat disagree, 3=Somewhat agree, 4=Strongly agree",
w1,,people_power_change_govt,,,,"1=Strongly disagree, 2=Somewhat disagree, 3=Somewhat agree, 4=Strongly agree",Not included in this wave
w2,q103,people_power_change_govt,N.	SATISFACTION WITH GOVERNMENT AND DEMOCRACY,"Now I am going to read to you a list of statements that describe how people often feel about the state of affairs in [country name]. Please tell me whether you strongly agree, somewhat agree, somewhat disagree, or strongly disagree with each of these statements.",People have the power to change a government they don’t like.,"1=Strongly disagree, 2=Somewhat disagree, 3=Somewhat agree, 4=Strongly agree",
w3,,people_power_change_govt,,,,"1=Strongly disagree, 2=Somewhat disagree, 3=Somewhat agree, 4=Strongly agree",Not included in this wave
w4,q101,people_power_change_govt,O. QUALITY OF GOVERNANCE,"Now I am going to read to you a list of statements that describe how people often feel about the state of affairs in [country name]. Please tell me whether you strongly agree, somewhat agree, somewhat disagree, or strongly disagree with each of these statements.",The people are free to choose the country's leaders through elections.,"1=Strongly disagree, 2=Somewhat disagree, 3=Somewhat agree, 4=Strongly agree",
w5,,people_power_change_govt,,,,"1=Strongly disagree, 2=Somewhat disagree, 3=Somewhat agree, 4=Strongly agree",Not included in this wave
w6,,people_power_change_govt,,,,"1=Strongly disagree, 2=Somewhat disagree, 3=Somewhat agree, 4=Strongly agree",Not included in this wave
w1,,persuade_others_vote,,,,"0=No, 1=Yes",Not included in this wave
w2,,persuade_others_vote,,,,"0=No, 1=Yes",Not included in this wave
w3,,persuade_others_vote,,,,"0=No, 1=Yes",Not included in this wave
w4,q36,persuade_others_vote,D. PARTICIPATION IN ELECTIONS,"Thinking about the national election in [year], did you …",try to persuade others to vote for a certain candidate or party?,"0=No, 1=Yes",
w5,,persuade_others_vote,,,,"0=No, 1=Yes",Not included in this wave
w6,,persuade_others_vote,,,,"0=No, 1=Yes",Not included in this wave
w1,q030,persuaded_others_vote,E.	PARTICIPATION IN ELECTIONS,"Thinking about the national election in [year], did you …",try to persuade others to vote for a certain candidate or party?,"0=No, 1=Yes",
w2,q41,persuaded_others_vote,D.	HUMAN SECURITY,"Thinking about the national election in [year], did you …",try to persuade others to vote for a certain candidate or party?,"0=No, 1=Yes",
w3,q35,persuaded_others_vote,D.  PARTICIPATION IN ELECTIONS,"Thinking about the national election in [year], did you …",try to persuade others to vote for a certain candidate or party?,"0=No, 1=Yes",
w4,q36,persuaded_others_vote,D. PARTICIPATION IN ELECTIONS,"Thinking about the national election in [year], did you …",try to persuade others to vote for a certain candidate or party?,"0=No, 1=Yes",
w5,q36,persuaded_others_vote,D. PARTICIPATION IN ELECTIONS,"Thinking about the national election in [year], did you …",try to persuade others to vote for a certain candidate or party?,"0=No, 1=Yes",
w6,q36,persuaded_others_vote,D. PARTICIPATION IN ELECTIONS,"Thinking about the national election in [year], did you …",try to persuade others to vote for a certain candidate or party?,"0=No, 1=Yes",
w1,q023,pol_discuss,C. 	SOCIAL CAPITAL	(cont’d),,"When you get together with your family members or friends, how often do you discuss political matters?","1=Never, 2=Occasionally, 3=Frequently",
w2,q52,pol_discuss,G.	PSYCHOLOGICAL INVOLVEMENT,,"When you get together with your family members or friends, how","1=Never, 2=Occasionally, 3=Frequently",
w3,q46,pol_discuss,F.  PSYCHOLOGICAL INVOLVEMENT,,"When you get together with your family members or friends, how","1=Never, 2=Occasionally, 3=Frequently",
w4,q46,pol_discuss,F. PSYCHOLOGICAL INVOLVEMENT,,"When you get together with your family members or friends, how","1=Never, 2=Occasionally, 3=Frequently",
w5,q48,pol_discuss,F. PSYCHOLOGICAL INVOLVEMENT,,"When you get together with your family members or friends, how","1=Never, 2=Occasionally, 3=Frequently",
w6,q49,pol_discuss,F. PSYCHOLOGICAL INVOLVEMENT,,"When you get together with your family members or friends, how","1=Never, 2=Occasionally, 3=Frequently",
w1,q057,pol_news_follow,G.	PSYCHOLOGICAL INVOLVEMENT,,How often do you follow news about politics and government?,"1=Practically never, 2=Not even once a week, 3=Once or twice a week, 4=Several times a week, 5=Everyday",
w2,q50,pol_news_follow,G.	PSYCHOLOGICAL INVOLVEMENT,,How often do you follow news about politics and government?,"1=Practically never, 2=Not even once a week, 3=Once or twice a week, 4=Several times a week, 5=Everyday",
w3,q44,pol_news_follow,F.  PSYCHOLOGICAL INVOLVEMENT,,How often do you follow news about politics and government?,"1=Practically never, 2=Not even once a week, 3=Once or twice a week, 4=Several times a week, 5=Everyday",
w4,q45,pol_news_follow,F. PSYCHOLOGICAL INVOLVEMENT,,How often do you follow news about politics and government?,"1=Practically never, 2=Not even once a week, 3=Once or twice a week, 4=Several times a week, 5=Everyday",
w5,q47,pol_news_follow,F. PSYCHOLOGICAL INVOLVEMENT,,How often do you follow news about politics and government?,"1=Practically never, 2=Not even once a week, 3=Once or twice a week, 4=Several times a week, 5=Everyday",
w6,q48,pol_news_follow,F. PSYCHOLOGICAL INVOLVEMENT,,How often do you follow news about politics and government?,"1=Practically never, 2=Not even once a week, 3=Once or twice a week, 4=Several times a week, 5=Everyday",
w1,q058,pol_news_newspaper,,,,"1=Practically never, 2=Not even once a week, 3=Once or twice a week, 4=Several times a week, 5=Everyday",NOT FOUND in questionnaire document
w2,,pol_news_newspaper,,,,"1=Practically never, 2=Not even once a week, 3=Once or twice a week, 4=Several times a week, 5=Everyday",Not included in this wave
w3,,pol_news_newspaper,,,,"1=Practically never, 2=Not even once a week, 3=Once or twice a week, 4=Several times a week, 5=Everyday",Not included in this wave
w4,,pol_news_newspaper,,,,"1=Practically never, 2=Not even once a week, 3=Once or twice a week, 4=Several times a week, 5=Everyday",Not included in this wave
w5,,pol_news_newspaper,,,,"1=Practically never, 2=Not even once a week, 3=Once or twice a week, 4=Several times a week, 5=Everyday",Not included in this wave
w6,,pol_news_newspaper,,,,"1=Practically never, 2=Not even once a week, 3=Once or twice a week, 4=Several times a week, 5=Everyday",Not included in this wave
w1,q060,pol_news_radio,G.	PSYCHOLOGICAL INVOLVEMENT	(cont’d),,How often do you follow news about politics on the radio?,"1=Practically never, 2=Not even once a week, 3=Once or twice a week, 4=Several times a week, 5=Everyday",
w2,,pol_news_radio,,,,"1=Practically never, 2=Not even once a week, 3=Once or twice a week, 4=Several times a week, 5=Everyday",Not included in this wave
w3,,pol_news_radio,,,,"1=Practically never, 2=Not even once a week, 3=Once or twice a week, 4=Several times a week, 5=Everyday",Not included in this wave
w4,,pol_news_radio,,,,"1=Practically never, 2=Not even once a week, 3=Once or twice a week, 4=Several times a week, 5=Everyday",Not included in this wave
w5,,pol_news_radio,,,,"1=Practically never, 2=Not even once a week, 3=Once or twice a week, 4=Several times a week, 5=Everyday",Not included in this wave
w6,,pol_news_radio,,,,"1=Practically never, 2=Not even once a week, 3=Once or twice a week, 4=Several times a week, 5=Everyday",Not included in this wave
w1,q059,pol_news_television,G.	PSYCHOLOGICAL INVOLVEMENT	(cont’d),,How often do you follow news about politics on television?,"1=Practically never, 2=Not even once a week, 3=Once or twice a week, 4=Several times a week, 5=Everyday",
w2,,pol_news_television,,,,"1=Practically never, 2=Not even once a week, 3=Once or twice a week, 4=Several times a week, 5=Everyday",Not included in this wave
w3,,pol_news_television,,,,"1=Practically never, 2=Not even once a week, 3=Once or twice a week, 4=Several times a week, 5=Everyday",Not included in this wave
w4,,pol_news_television,,,,"1=Practically never, 2=Not even once a week, 3=Once or twice a week, 4=Several times a week, 5=Everyday",Not included in this wave
w5,,pol_news_television,,,,"1=Practically never, 2=Not even once a week, 3=Once or twice a week, 4=Several times a week, 5=Everyday",Not included in this wave
w6,,pol_news_television,,,,"1=Practically never, 2=Not even once a week, 3=Once or twice a week, 4=Several times a week, 5=Everyday",Not included in this wave
w1,,political_info_channel,,,,"1=Television (airwaves, cable, online), 2=Newspaper (print and online), 3=Internet and social media, 4=Radio (airwaves and online), 5=Face-to-face conversation, 6=Others",Not included in this wave
w2,,political_info_channel,,,,"1=Television (airwaves, cable, online), 2=Newspaper (print and online), 3=Internet and social media, 4=Radio (airwaves and online), 5=Face-to-face conversation, 6=Others",Not included in this wave
w3,,political_info_channel,,,,"1=Television (airwaves, cable, online), 2=Newspaper (print and online), 3=Internet and social media, 4=Radio (airwaves and online), 5=Face-to-face conversation, 6=Others",Not included in this wave
w4,,political_info_channel,,,,"1=Television (airwaves, cable, online), 2=Newspaper (print and online), 3=Internet and social media, 4=Radio (airwaves and online), 5=Face-to-face conversation, 6=Others",Not included in this wave
w5,q52,political_info_channel,G. INTERNET AND SOCIAL MEDIA,,Which one is the most important channel for you to find Television…………………………………… 1 information about politics and government? Newspaper (print and online)……………….. 2 (logical check with q49) Internet and social media……………………. 3 Radio…………………………………………… 4 Other channel (please specify)……………….5 __________________________________________,"1=Television (airwaves, cable, online), 2=Newspaper (print and online), 3=Internet and social media, 4=Radio (airwaves and online), 5=Face-to-face conversation, 6=Others",
w6,q53,political_info_channel,G. INTERNET AND SOCIAL MEDIA,,"Which one is the most important channel for you to find Television (airwaves, cable and online)………………………… 1 information about politics and government? Newspaper (print and online)……………………………….. …….2 Internet and social media (online chat rooms)……………………. 3 Radio (airwaves and online)…..…………………………………… 4 Face-to-face conversation..………………………..……………….5 Others (please specify)_______________________________6","1=Television (airwaves, cable, online), 2=Newspaper (print and online), 3=Internet and social media, 4=Radio (airwaves and online), 5=Face-to-face conversation, 6=Others",
w1,q056,political_interest,G.	PSYCHOLOGICAL INVOLVEMENT,,How interested would you say you are in politics?,"1=Not at all interested, 2=Not very interested, 3=Somewhat interested, 4=Very interested",
w2,q49,political_interest,G.	PSYCHOLOGICAL INVOLVEMENT,,How interested would you say you are in politics?,"1=Not at all interested, 2=Not very interested, 3=Somewhat interested, 4=Very interested",
w3,q43,political_interest,F.  PSYCHOLOGICAL INVOLVEMENT,,How interested would you say you are in politics?,"1=Not at all interested, 2=Not very interested, 3=Somewhat interested, 4=Very interested",
w4,q44,political_interest,F. PSYCHOLOGICAL INVOLVEMENT,,How interested would you say you are in politics? Very interested ......................................................,"1=Not at all interested, 2=Not very interested, 3=Somewhat interested, 4=Very interested",
w5,q46,political_interest,F. PSYCHOLOGICAL INVOLVEMENT,,How interested would you say you are in politics? Very interested ......................................................,"1=Not at all interested, 2=Not very interested, 3=Somewhat interested, 4=Very interested",
w6,q47,political_interest,F. PSYCHOLOGICAL INVOLVEMENT,,How interested would you say you are in politics? Very interested ......................................................,"1=Not at all interested, 2=Not very interested, 3=Somewhat interested, 4=Very interested",
w1,,problem_govt_will_solve,,,,"1=Not at all likely, 2=Not very likely, 3=Likely, 4=Very likely",Not included in this wave
w2,q102a,problem_govt_will_solve,,,How likely is it that the government will solve the most important problem within five years?,"1=Not at all likely, 2=Not very likely, 3=Likely, 4=Very likely",Sub-item/derived variable (not a standalone question)
w3,q97,problem_govt_will_solve,M.  MOST IMPORTANT PROBLEMS,,How likely is it that the government will solve the most important problem you identified within the next five years? [Read out options],"1=Not at all likely, 2=Not very likely, 3=Likely, 4=Very likely",
w4,q100,problem_govt_will_solve,N. MOST IMPORTANT PROBLEMS,,How likely is it that the government will solve the most important Very likely..............................................................,"1=Not at all likely, 2=Not very likely, 3=Likely, 4=Very likely",
w5,q107,problem_govt_will_solve,N. MOST IMPORTANT PROBLEMS,,How likely is it that the government will solve the most important Very likely..............................................................,"1=Not at all likely, 2=Not very likely, 3=Likely, 4=Very likely",
w6,q98,problem_govt_will_solve,N. MOST IMPORTANT PROBLEMS,,How likely is it that the government will solve the most important Very likely .............................................................,"1=Not at all likely, 2=Not very likely, 3=Likely, 4=Very likely",
w1,,problem_most_important,,,,"1=Management of the economy, 2=Wages, incomes and salaries, 3=Unemployment, 4=Poverty/destitution",Not included in this wave
w2,,problem_most_important,,,,"1=Management of the economy, 2=Wages, incomes and salaries, 3=Unemployment, 4=Poverty/destitution",Not included in this wave
w3,q96,problem_most_important,M.  MOST IMPORTANT PROBLEMS,,"In your opinion, what are the most important problems facing this country that government should address? [Do not read options. Code from responses. Accept up to one answer. Country team could add extra response categories to fit the local context.] [Record Verbatim Answers and Then Use the Codes Below]","1=Management of the economy, 2=Wages, incomes and salaries, 3=Unemployment, 4=Poverty/destitution",
w4,q99,problem_most_important,N. MOST IMPORTANT PROBLEMS,,"In your opinion, what are the most important problems facing this country that government should address? [Do not read options. Code from responses. Accept up to one answer [Country team could collect more than one answer and add extra response categories to fit the local context.] (REVISED. Add the second and third as optional) [Record Verbatim Answers and Then Use the Codes Below]","1=Management of the economy, 2=Wages, incomes and salaries, 3=Unemployment, 4=Poverty/destitution",
w5,q106,problem_most_important,N. MOST IMPORTANT PROBLEMS,,"In your opinion, what are the most important problems facing this country that government should address? [Do not read options. Code from responses. Accept up to one answer [Country team could collect more than one answer and add extra response categories to fit the local context.] [Record Verbatim Answers and Then Use the Codes Below]","1=Management of the economy, 2=Wages, incomes and salaries, 3=Unemployment, 4=Poverty/destitution",
w6,q97,problem_most_important,N. MOST IMPORTANT PROBLEMS,,"In your opinion, what are the most important problems facing this country that government should address? [Do not read options. Code from responses. Accept up to one answer [Country team could collect more than one answer and add extra response categories to fit the local context.] [Record Verbatim Answers and Then Use the Codes Below]","1=Management of the economy, 2=Wages, incomes and salaries, 3=Unemployment, 4=Poverty/destitution",
w1,,procedural_preference_index,,,,"0=All substantive choices, 1=1 procedural choice, 2=2 procedural choices, 3=3 procedural choices, 4=All procedural choices",Not included in this wave
w2,q92,procedural_preference_index,M.	MEANING OF DEMOCRACY   [coding scheme will be provided separately],"Many things may be desirable, but not all of them are essential characteristics of democracy. If you have to choose only one from each of four sets of statements that I am going to read, which one would you choose as the most essential characteristic of a democracy?",Set 1 of 4: (1) Government narrows the gap between the rich and the poor; (2) People choose the government leaders in free and fair election; (3) Government does not waste any public money; (4) People are free to express their political views openly. [Items are repeated as sets 2-4 with parallel structure across q85-88; the harmonized variable indexes the respondent's selection across all four sets.],"0=All substantive choices, 1=1 procedural choice, 2=2 procedural choices, 3=3 procedural choices, 4=All procedural choices",
w3,q85,procedural_preference_index,K.  MEANING OF DEMOCRACY【GBS used the original design】,,,"0=All substantive choices, 1=1 procedural choice, 2=2 procedural choices, 3=3 procedural choices, 4=All procedural choices",
w4,q88,procedural_preference_index,L. MEANING OF DEMOCRACY【GBS used the original design】,"Many things may be desirable, but not all of them are essential characteristics of democracy. If you have to choose only one from each four sets of statements that I am going to read, which one would you choose as the most essential characteristics of a democracy? (Please read out options 1 to 4)",,"0=All substantive choices, 1=1 procedural choice, 2=2 procedural choices, 3=3 procedural choices, 4=All procedural choices",
w5,q98,procedural_preference_index,L. MEANING OF DEMOCRACY,"Many things may be desirable, but not all of them are essential characteristics of democracy. If you have to choose only one from each four sets of statements that I am going to read, which one would you choose as the most essential characteristics of a democracy? (Please read out options 1 to 4)","If you have to choose only one, which of the following you think is the most essential element of a democracy? (randomize the order if possible)","0=All substantive choices, 1=1 procedural choice, 2=2 procedural choices, 3=3 procedural choices, 4=All procedural choices",
w6,q85,procedural_preference_index,L. MEANING OF DEMOCRACY,"Many things may be desirable, but not all of them are essential characteristics of democracy. If you have to choose only one from each four sets of statements that I am going to read, which one would you choose as the most essential characteristics of a democracy? (Please read out options 1 to 4)",,"0=All substantive choices, 1=1 procedural choice, 2=2 procedural choices, 3=3 procedural choices, 4=All procedural choices",
w1,q108,regime_corruption_better,N.	REGIME EVALUATION,"We would like you now to compare the present system of government with the one our country had under [name of president, etc. having most recent authoritarian rule]. In each of the following areas, would you say that today things are MUCH BETTER THAN BEFORE, SOMEWHAT BETTER, MUCH THE SAME, SOMEWHAT WORSE, or MUCH WORSE?",Corruption in politics and government is under control.,"1=Much worse, 2=Somewhat worse, 3=Much the same, 4=Somewhat better, 5=Much better than before",
w2,,regime_corruption_better,,,,"1=Much worse, 2=Somewhat worse, 3=Much the same, 4=Somewhat better, 5=Much better than before",Not included in this wave
w3,,regime_corruption_better,,,,"1=Much worse, 2=Somewhat worse, 3=Much the same, 4=Somewhat better, 5=Much better than before",Not included in this wave
w4,,regime_corruption_better,,,,"1=Much worse, 2=Somewhat worse, 3=Much the same, 4=Somewhat better, 5=Much better than before",Not included in this wave
w5,,regime_corruption_better,,,,"1=Much worse, 2=Somewhat worse, 3=Much the same, 4=Somewhat better, 5=Much better than before",Not included in this wave
w6,,regime_corruption_better,,,,"1=Much worse, 2=Somewhat worse, 3=Much the same, 4=Somewhat better, 5=Much better than before",Not included in this wave
w1,q105,regime_freespeech_better,N.	REGIME EVALUATION,"We would like you now to compare the present system of government with the one our country had under [name of president, etc. having most recent authoritarian rule]. In each of the following areas, would you say that today things are MUCH BETTER THAN BEFORE, SOMEWHAT BETTER, MUCH THE SAME, SOMEWHAT WORSE, or MUCH WORSE?",Everyone is free to say what they think.,"1=Much worse, 2=Somewhat worse, 3=Much the same, 4=Somewhat better, 5=Much better than before",
w2,,regime_freespeech_better,,,,"1=Much worse, 2=Somewhat worse, 3=Much the same, 4=Somewhat better, 5=Much better than before",Not included in this wave
w3,,regime_freespeech_better,,,,"1=Much worse, 2=Somewhat worse, 3=Much the same, 4=Somewhat better, 5=Much better than before",Not included in this wave
w4,,regime_freespeech_better,,,,"1=Much worse, 2=Somewhat worse, 3=Much the same, 4=Somewhat better, 5=Much better than before",Not included in this wave
w5,,regime_freespeech_better,,,,"1=Much worse, 2=Somewhat worse, 3=Much the same, 4=Somewhat better, 5=Much better than before",Not included in this wave
w6,,regime_freespeech_better,,,,"1=Much worse, 2=Somewhat worse, 3=Much the same, 4=Somewhat better, 5=Much better than before",Not included in this wave
w1,q109,regime_inequality_better,N.	REGIME EVALUATION,"We would like you now to compare the present system of government with the one our country had under [name of president, etc. having most recent authoritarian rule]. In each of the following areas, would you say that today things are MUCH BETTER THAN BEFORE, SOMEWHAT BETTER, MUCH THE SAME, SOMEWHAT WORSE, or MUCH WORSE?",The gap between the rich and the poor have narrowed.,"1=Much worse, 2=Somewhat worse, 3=Much the same, 4=Somewhat better, 5=Much better than before",
w2,,regime_inequality_better,,,,"1=Much worse, 2=Somewhat worse, 3=Much the same, 4=Somewhat better, 5=Much better than before",Not included in this wave
w3,,regime_inequality_better,,,,"1=Much worse, 2=Somewhat worse, 3=Much the same, 4=Somewhat better, 5=Much better than before",Not included in this wave
w4,,regime_inequality_better,,,,"1=Much worse, 2=Somewhat worse, 3=Much the same, 4=Somewhat better, 5=Much better than before",Not included in this wave
w5,,regime_inequality_better,,,,"1=Much worse, 2=Somewhat worse, 3=Much the same, 4=Somewhat better, 5=Much better than before",Not included in this wave
w6,,regime_inequality_better,,,,"1=Much worse, 2=Somewhat worse, 3=Much the same, 4=Somewhat better, 5=Much better than before",Not included in this wave
w1,q107,regime_influence_better,N.	REGIME EVALUATION,"We would like you now to compare the present system of government with the one our country had under [name of president, etc. having most recent authoritarian rule]. In each of the following areas, would you say that today things are MUCH BETTER THAN BEFORE, SOMEWHAT BETTER, MUCH THE SAME, SOMEWHAT WORSE, or MUCH WORSE?",People like me can have an influence on government.,"1=Much worse, 2=Somewhat worse, 3=Much the same, 4=Somewhat better, 5=Much better than before",
w2,,regime_influence_better,,,,"1=Much worse, 2=Somewhat worse, 3=Much the same, 4=Somewhat better, 5=Much better than before",Not included in this wave
w3,,regime_influence_better,,,,"1=Much worse, 2=Somewhat worse, 3=Much the same, 4=Somewhat better, 5=Much better than before",Not included in this wave
w4,,regime_influence_better,,,,"1=Much worse, 2=Somewhat worse, 3=Much the same, 4=Somewhat better, 5=Much better than before",Not included in this wave
w5,,regime_influence_better,,,,"1=Much worse, 2=Somewhat worse, 3=Much the same, 4=Somewhat better, 5=Much better than before",Not included in this wave
w6,,regime_influence_better,,,,"1=Much worse, 2=Somewhat worse, 3=Much the same, 4=Somewhat better, 5=Much better than before",Not included in this wave
w1,q112,regime_judiciary_better,N.	REGIME EVALUATION,"We would like you now to compare the present system of government with the one our country had under [name of president, etc. having most recent authoritarian rule]. In each of the following areas, would you say that today things are MUCH BETTER THAN BEFORE, SOMEWHAT BETTER, MUCH THE SAME, SOMEWHAT WORSE, or MUCH WORSE?",Judges and courts are free from political interference.,"1=Much worse, 2=Somewhat worse, 3=Much the same, 4=Somewhat better, 5=Much better than before",
w2,,regime_judiciary_better,,,,"1=Much worse, 2=Somewhat worse, 3=Much the same, 4=Somewhat better, 5=Much better than before",Not included in this wave
w3,,regime_judiciary_better,,,,"1=Much worse, 2=Somewhat worse, 3=Much the same, 4=Somewhat better, 5=Much better than before",Not included in this wave
w4,,regime_judiciary_better,,,,"1=Much worse, 2=Somewhat worse, 3=Much the same, 4=Somewhat better, 5=Much better than before",Not included in this wave
w5,,regime_judiciary_better,,,,"1=Much worse, 2=Somewhat worse, 3=Much the same, 4=Somewhat better, 5=Much better than before",Not included in this wave
w6,,regime_judiciary_better,,,,"1=Much worse, 2=Somewhat worse, 3=Much the same, 4=Somewhat better, 5=Much better than before",Not included in this wave
w1,se006,religion,,,Religious affiliation,"1=Traditional/Folk religion, 10=Roman Catholic, 20=Protestant, 40=Islam, 50=Hindu, 60=Buddhist, 75=Shinto, 76=Taoism, 78=Confucianism, 80=Other, 90=None",Socio-demographic section (not in core questionnaire)
w2,se6,religion,,,Religious affiliation,"1=Traditional/Folk religion, 10=Roman Catholic, 20=Protestant, 40=Islam, 50=Hindu, 60=Buddhist, 75=Shinto, 76=Taoism, 78=Confucianism, 80=Other, 90=None",Socio-demographic section (not in core questionnaire)
w3,se6,religion,,,Religious affiliation,"1=Traditional/Folk religion, 10=Roman Catholic, 20=Protestant, 40=Islam, 50=Hindu, 60=Buddhist, 75=Shinto, 76=Taoism, 78=Confucianism, 80=Other, 90=None",Socio-demographic section (not in core questionnaire)
w4,se6,religion,,,Religious affiliation,"1=Traditional/Folk religion, 10=Roman Catholic, 20=Protestant, 40=Islam, 50=Hindu, 60=Buddhist, 75=Shinto, 76=Taoism, 78=Confucianism, 80=Other, 90=None",Socio-demographic section (not in core questionnaire)
w5,SE6,religion,,,Religious affiliation,"1=Traditional/Folk religion, 10=Roman Catholic, 20=Protestant, 40=Islam, 50=Hindu, 60=Buddhist, 75=Shinto, 76=Taoism, 78=Confucianism, 80=Other, 90=None",Socio-demographic section (not in core questionnaire)
w6,se6,religion,,,Religious affiliation,"1=Traditional/Folk religion, 10=Roman Catholic, 20=Protestant, 40=Islam, 50=Hindu, 60=Buddhist, 75=Shinto, 76=Taoism, 78=Confucianism, 80=Other, 90=None",Socio-demographic section (not in core questionnaire)
w1,se007,religiosity_practice,,,How often do you practice religious services or rituals?,"1=Several times a day, 2=Once a day, 3=Several times a week, 4=Once a week, 5=Several times a month, 6=Once a month, 7=Several times a year, 8=Once a year, 9=Less often, 10=Practically never, 11=No religion",Socio-demographic section (not in core questionnaire)
w2,se7,religiosity_practice,,,How often do you practice religious services or rituals?,"1=Several times a day, 2=Once a day, 3=Several times a week, 4=Once a week, 5=Several times a month, 6=Once a month, 7=Several times a year, 8=Once a year, 9=Less often, 10=Practically never, 11=No religion",Socio-demographic section (not in core questionnaire)
w3,se7,religiosity_practice,,,How often do you practice religious services or rituals?,"1=Several times a day, 2=Once a day, 3=Several times a week, 4=Once a week, 5=Several times a month, 6=Once a month, 7=Several times a year, 8=Once a year, 9=Less often, 10=Practically never, 11=No religion",Socio-demographic section (not in core questionnaire)
w4,se7,religiosity_practice,,,How often do you practice religious services or rituals?,"1=Several times a day, 2=Once a day, 3=Several times a week, 4=Once a week, 5=Several times a month, 6=Once a month, 7=Several times a year, 8=Once a year, 9=Less often, 10=Practically never, 11=No religion",Socio-demographic section (not in core questionnaire)
w5,SE7,religiosity_practice,,,How often do you practice religious services or rituals?,"1=Several times a day, 2=Once a day, 3=Several times a week, 4=Once a week, 5=Several times a month, 6=Once a month, 7=Several times a year, 8=Once a year, 9=Less often, 10=Practically never, 11=No religion",Socio-demographic section (not in core questionnaire)
w6,se7,religiosity_practice,,,How often do you practice religious services or rituals?,"1=Several times a day, 2=Once a day, 3=Several times a week, 4=Once a week, 5=Several times a month, 6=Once a month, 7=Several times a year, 8=Once a year, 9=Less often, 10=Practically never, 11=No religion",Socio-demographic section (not in core questionnaire)
w1,,religiosity_self,,,,"1=Very religious, 2=Moderately religious, 3=Lightly religious, 4=Not religious at all",Not included in this wave
w2,se7a,religiosity_self,,,Would you describe yourself as religious?,"1=Very religious, 2=Moderately religious, 3=Lightly religious, 4=Not religious at all",Socio-demographic section (not in core questionnaire)
w3,se7a,religiosity_self,,,Would you describe yourself as religious?,"1=Very religious, 2=Moderately religious, 3=Lightly religious, 4=Not religious at all",Socio-demographic section (not in core questionnaire)
w4,se7a,religiosity_self,,,Would you describe yourself as religious?,"1=Very religious, 2=Moderately religious, 3=Lightly religious, 4=Not religious at all",Socio-demographic section (not in core questionnaire)
w5,SE7A,religiosity_self,,,Would you describe yourself as religious?,"1=Very religious, 2=Moderately religious, 3=Lightly religious, 4=Not religious at all",Socio-demographic section (not in core questionnaire)
w6,se7a,religiosity_self,,,Would you describe yourself as religious?,"1=Very religious, 2=Moderately religious, 3=Lightly religious, 4=Not religious at all",Socio-demographic section (not in core questionnaire)
w1,,rich_poor_treated_equally,,,,"1=Strongly disagree, 2=Somewhat disagree, 3=Somewhat agree, 4=Strongly agree",Not included in this wave
w2,,rich_poor_treated_equally,,,,"1=Strongly disagree, 2=Somewhat disagree, 3=Somewhat agree, 4=Strongly agree",Not included in this wave
w3,q104,rich_poor_treated_equally,N.  QUALITY OF GOVERNANCE,,Rich and poor people are treated equally by the government. 【GBS used the original design】,"1=Strongly disagree, 2=Somewhat disagree, 3=Somewhat agree, 4=Strongly agree",
w4,q106,rich_poor_treated_equally,O. QUALITY OF GOVERNANCE,,Rich and poor people are treated equally by the government.,"1=Strongly disagree, 2=Somewhat disagree, 3=Somewhat agree, 4=Strongly agree",
w5,q113,rich_poor_treated_equally,O. QUALITY OF GOVERNANCE,,Rich and poor people are treated equally by the government.,"1=Strongly disagree, 2=Somewhat disagree, 3=Somewhat agree, 4=Strongly agree",
w6,q104,rich_poor_treated_equally,O. QUALITY OF GOVERNANCE,,Rich and poor people are treated equally by the government.,"1=Strongly disagree, 2=Somewhat disagree, 3=Somewhat agree, 4=Strongly agree",
w1,,sample_elite_mass,,,,"0=Mass, 1=Elite",Not included in this wave
w2,,sample_elite_mass,,,,"0=Mass, 1=Elite",Not included in this wave
w3,,sample_elite_mass,,,,"0=Mass, 1=Elite",Not included in this wave
w4,se9c_3,sample_elite_mass,,,Sample type indicator - Elite vs Mass sample,"0=Mass, 1=Elite",Socio-demographic section (not in core questionnaire)
w5,Se9c_3,sample_elite_mass,,,,"0=Mass, 1=Elite",NOT FOUND in questionnaire document
w6,se9c_3,sample_elite_mass,,,Sample type indicator - Elite vs Mass sample,"0=Mass, 1=Elite",Socio-demographic section (not in core questionnaire)
w1,q104,sat_president_govt,N.	REGIME EVALUATION,Here is a scale: 1 means completely undemocratic and 10 means completely democratic. Completely Completely Undemocratic Democratic,"How satisfied or dissatisfied are you with the [name of president, etc. ruling current] government? Are you … ?","1=Very dissatisfied, 2=Somewhat dissatisfied, 3=Somewhat satisfied, 4=Very satisfied",
w2,,sat_president_govt,,,,"1=Very dissatisfied, 2=Somewhat dissatisfied, 3=Somewhat satisfied, 4=Very satisfied",Not included in this wave
w3,q95,sat_president_govt,L.  SATISFACTION WITH GOVERNMENT AND DEMOCRACY,Here is a scale: 1 means completely undemocratic and 10 means completely democratic. Completely Completely Undemocratic Democratic,"How satisfied or dissatisfied are you with the [name of president, etc. ruling current] government? Are you …?","1=Very dissatisfied, 2=Somewhat dissatisfied, 3=Somewhat satisfied, 4=Very satisfied",
w4,q98,sat_president_govt,M. SATISFACTION WITH GOVERNMENT AND DEMOCRACY,Here is a scale: 1 means completely undemocratic and 10 means completely democratic. Completely Completely Undemocratic Democratic,How satisfied or dissatisfied are you with the [name of,"1=Very dissatisfied, 2=Somewhat dissatisfied, 3=Somewhat satisfied, 4=Very satisfied",
w5,q105,sat_president_govt,M. SATISFACTION WITH GOVERNMENT AND DEMOCRACY,Here is a scale: 1 means completely undemocratic and 10 means completely democratic. Completely Completely Undemocratic Democratic,"How satisfied or dissatisfied are you with the [name of president,","1=Very dissatisfied, 2=Somewhat dissatisfied, 3=Somewhat satisfied, 4=Very satisfied",
w6,q96,sat_president_govt,M. SATISFACTION WITH GOVERNMENT AND DEMOCRACY,Here is a scale: 1 means completely undemocratic and 10 means completely democratic. Completely Completely Undemocratic Democratic,"How satisfied or dissatisfied are you with the [name of president,","1=Very dissatisfied, 2=Somewhat dissatisfied, 3=Somewhat satisfied, 4=Very satisfied",
w1,,seeking_employment,,,,"1=Yes, 2=No, 3=Never employed",Not included in this wave
w2,,seeking_employment,,,,"1=Yes, 2=No, 3=Never employed",Not included in this wave
w3,se9d,seeking_employment,,,Are you currently seeking employment?,"1=Yes, 2=No, 3=Never employed",Socio-demographic section (not in core questionnaire)
w4,se9d,seeking_employment,,,Are you currently seeking employment?,"1=Yes, 2=No, 3=Never employed",Socio-demographic section (not in core questionnaire)
w5,SE9D,seeking_employment,,,Are you currently seeking employment?,"1=Yes, 2=No, 3=Never employed",Socio-demographic section (not in core questionnaire)
w6,se9d,seeking_employment,,,Are you currently seeking employment?,"1=Yes, 2=No, 3=Never employed",Socio-demographic section (not in core questionnaire)
w1,,self_staircase,,,,"1=Lowest, 10=Highest",Not included in this wave
w2,,self_staircase,,,,"1=Lowest, 10=Highest",Not included in this wave
w3,,self_staircase,,,,"1=Lowest, 10=Highest",Not included in this wave
w4,se13a,self_staircase,,,"Where would you put yourself on this social staircase? (1=lowest, 10=highest)","1=Lowest, 10=Highest",Socio-demographic section (not in core questionnaire)
w5,SE13A,self_staircase,,,"Where would you put yourself on this social staircase? (1=lowest, 10=highest)","1=Lowest, 10=Highest",Socio-demographic section (not in core questionnaire)
w6,se13a,self_staircase,,,"Where would you put yourself on this social staircase? (1=lowest, 10=highest)","1=Lowest, 10=Highest",Socio-demographic section (not in core questionnaire)
w1,q122,single_party_rule,P.	AGREEMENT/DISAGREEMENT WITH SPECIFIC STATEMENTS,"As you know, there are some people in our country who would like to change the way in which our country is governed. We would like to know what you think of their views. For each statement, would you say you STRONGLY AGREE, SOMEWHAT AGREE, SOMEWHAT DISAGREE, or STRONGLY DISAGREE?",No opposition party should be allowed to compete for power,"1=Strongly disapprove, 2=Disapprove, 3=Approve, 4=Strongly approve",
w2,q125,single_party_rule,R.	AGREEMENT/DISAGREEMENT WITH SPECIFIC STATEMENTS,"There are many ways to govern a country. Would you disapprove or approve of the following alternatives? For each statement, would you say you strongly approve, approve, disapprove, or strongly disapprove?",Only one political party is allowed to stand for election and hold office.,"1=Strongly disapprove, 2=Disapprove, 3=Approve, 4=Strongly approve",
w3,q130,single_party_rule,Q.  AGREEMENT/DISAGREEMENT WITH SPECIFIC STATEMENTS,"There are many ways to govern a country. Would you disapprove or approve of the following alternatives? For each statement, would you say you strongly approve, approve, disapprove, or strongly disapprove?",Only one political party should be allowed to stand for election and hold office.,"1=Strongly disapprove, 2=Disapprove, 3=Approve, 4=Strongly approve",
w4,q131,single_party_rule,R. AGREEMENT/DISAGREEMENT WITH SPECIFIC STATEMENTS,"As you know, there are some people in our country who would like to change the way in which our country is governed. We would like to know what you think of their views. For each statement, would you say you STRONGLY AGREE, SOMEWHAT AGREE, SOMEWHAT DISAGREE, or STRONGLY DISAGREE?",Only one political party should be allowed to stand for election 1 2 3 4 7 8 9 and hold office.,"1=Strongly disapprove, 2=Disapprove, 3=Approve, 4=Strongly approve",
w5,q138,single_party_rule,R. AGREEMENT/DISAGREEMENT WITH SPECIFIC STATEMENTS,"As you know, there are some people in our country who would like to change the way in which our country is governed. We would like to know what you think of their views. For each statement, would you say you STRONGLY AGREE, SOMEWHAT AGREE, SOMEWHAT DISAGREE, or STRONGLY DISAGREE?",Only one political party should be allowed to stand for election 1 2 3 4 7 8 9 and hold office.,"1=Strongly disapprove, 2=Disapprove, 3=Approve, 4=Strongly approve",
w6,q130,single_party_rule,R. AGREEMENT/DISAGREEMENT WITH SPECIFIC STATEMENTS,"As you know, there are some people in our country who would like to change the way in which our country is governed. We would like to know what you think of their views. For each statement, would you say you STRONGLY AGREE, SOMEWHAT AGREE, SOMEWHAT DISAGREE, or STRONGLY DISAGREE?",Only one political party should be allowed to stand for election 1 2 3 4 7 8 9 and hold office.,"1=Strongly disapprove, 2=Disapprove, 3=Approve, 4=Strongly approve",
w1,,sm_connect_people,,,,"1=Never, 2=Seldom, 3=Sometimes, 4=Often",Not included in this wave
w2,,sm_connect_people,,,,"1=Never, 2=Seldom, 3=Sometimes, 4=Often",Not included in this wave
w3,,sm_connect_people,,,,"1=Never, 2=Seldom, 3=Sometimes, 4=Often",Not included in this wave
w4,,sm_connect_people,,,,"1=Never, 2=Seldom, 3=Sometimes, 4=Often",Not included in this wave
w5,q51a,sm_connect_people,,,How often do you use social media to talk to or connect with other people?,"1=Never, 2=Seldom, 3=Sometimes, 4=Often",Sub-item/derived variable (not a standalone question)
w6,q52a,sm_connect_people,,,How often do you use social media to talk to or connect with other people?,"1=Never, 2=Seldom, 3=Sometimes, 4=Often",Sub-item/derived variable (not a standalone question)
w1,,sm_express_political,,,,"1=Never, 2=Seldom, 3=Sometimes, 4=Often",Not included in this wave
w2,,sm_express_political,,,,"1=Never, 2=Seldom, 3=Sometimes, 4=Often",Not included in this wave
w3,,sm_express_political,,,,"1=Never, 2=Seldom, 3=Sometimes, 4=Often",Not included in this wave
w4,q52,sm_express_political,G. Internet and Social Media,,How often do you use social media to express your opinion on political issues?,"1=Never, 2=Seldom, 3=Sometimes, 4=Often",
w5,,sm_express_political,,,,"1=Never, 2=Seldom, 3=Sometimes, 4=Often",Not included in this wave
w6,q52b,sm_express_political,,,How often do you use social media to express your opinion on political issues? (frequency),"1=Never, 2=Seldom, 3=Sometimes, 4=Often",Sub-item/derived variable (not a standalone question)
w1,,sm_express_political_binary,,,,"0=No, 1=Yes",Not included in this wave
w2,,sm_express_political_binary,,,,"0=No, 1=Yes",Not included in this wave
w3,,sm_express_political_binary,,,,"0=No, 1=Yes",Not included in this wave
w4,,sm_express_political_binary,,,,"0=No, 1=Yes",Not included in this wave
w5,q51b,sm_express_political_binary,,,Use social media primarily to express opinion on political issues (binary),"0=No, 1=Yes",Sub-item/derived variable (not a standalone question)
w6,,sm_express_political_binary,,,,"0=No, 1=Yes",Not included in this wave
w1,,sm_organize_politics,,,,"1=Never, 2=Seldom, 3=Sometimes, 4=Often",Not included in this wave
w2,,sm_organize_politics,,,,"1=Never, 2=Seldom, 3=Sometimes, 4=Often",Not included in this wave
w3,,sm_organize_politics,,,,"1=Never, 2=Seldom, 3=Sometimes, 4=Often",Not included in this wave
w4,,sm_organize_politics,,,,"1=Never, 2=Seldom, 3=Sometimes, 4=Often",Not included in this wave
w5,q51d,sm_organize_politics,,,How often do you use social media to organize to influence politics?,"1=Never, 2=Seldom, 3=Sometimes, 4=Often",Sub-item/derived variable (not a standalone question)
w6,q52d,sm_organize_politics,,,How often do you use social media to organize to influence politics?,"1=Never, 2=Seldom, 3=Sometimes, 4=Often",Sub-item/derived variable (not a standalone question)
w1,,sm_share_news,,,,"1=Never, 2=Seldom, 3=Sometimes, 4=Often",Not included in this wave
w2,,sm_share_news,,,,"1=Never, 2=Seldom, 3=Sometimes, 4=Often",Not included in this wave
w3,,sm_share_news,,,,"1=Never, 2=Seldom, 3=Sometimes, 4=Often",Not included in this wave
w4,,sm_share_news,,,,"1=Never, 2=Seldom, 3=Sometimes, 4=Often",Not included in this wave
w5,q51c,sm_share_news,,,How often do you use social media to share news or information?,"1=Never, 2=Seldom, 3=Sometimes, 4=Often",Sub-item/derived variable (not a standalone question)
w6,q52c,sm_share_news,,,How often do you use social media to share news or information?,"1=Never, 2=Seldom, 3=Sometimes, 4=Often",Sub-item/derived variable (not a standalone question)
w1,,sm_use_any,,,,"0=No, 1=Yes",Not included in this wave
w2,,sm_use_any,,,,"0=No, 1=Yes",Not included in this wave
w3,,sm_use_any,,,,"0=No, 1=Yes",Not included in this wave
w4,q50,sm_use_any,G. Internet and Social Media,,Do you currently use any of the following social media,"0=No, 1=Yes",
w5,q50,sm_use_any,G. INTERNET AND SOCIAL MEDIA,,Do you currently use any of the following social media,"0=No, 1=Yes",
w6,,sm_use_any,,,,"0=No, 1=Yes",Not included in this wave
w1,,sm_use_facebook,,,,"0=No, 1=Yes",Not included in this wave
w2,,sm_use_facebook,,,,"0=No, 1=Yes",Not included in this wave
w3,,sm_use_facebook,,,,"0=No, 1=Yes",Not included in this wave
w4,,sm_use_facebook,,,,"0=No, 1=Yes",Not included in this wave
w5,,sm_use_facebook,,,,"0=No, 1=Yes",Not included in this wave
w6,q51a_facebook,sm_use_facebook,,,Do you actively use Facebook?,"0=No, 1=Yes",Sub-item/derived variable (not a standalone question)
w1,,sm_use_instagram,,,,"0=No, 1=Yes",Not included in this wave
w2,,sm_use_instagram,,,,"0=No, 1=Yes",Not included in this wave
w3,,sm_use_instagram,,,,"0=No, 1=Yes",Not included in this wave
w4,,sm_use_instagram,,,,"0=No, 1=Yes",Not included in this wave
w5,,sm_use_instagram,,,,"0=No, 1=Yes",Not included in this wave
w6,q51c_instagram,sm_use_instagram,,,Do you actively use Instagram?,"0=No, 1=Yes",Sub-item/derived variable (not a standalone question)
w1,,sm_use_messenger,,,,"0=No, 1=Yes",Not included in this wave
w2,,sm_use_messenger,,,,"0=No, 1=Yes",Not included in this wave
w3,,sm_use_messenger,,,,"0=No, 1=Yes",Not included in this wave
w4,,sm_use_messenger,,,,"0=No, 1=Yes",Not included in this wave
w5,,sm_use_messenger,,,,"0=No, 1=Yes",Not included in this wave
w6,q51g_philippines_messenger,sm_use_messenger,,,Do you actively use Messenger?,"0=No, 1=Yes",Sub-item/derived variable (not a standalone question)
w1,,sm_use_tiktok,,,,"0=No, 1=Yes",Not included in this wave
w2,,sm_use_tiktok,,,,"0=No, 1=Yes",Not included in this wave
w3,,sm_use_tiktok,,,,"0=No, 1=Yes",Not included in this wave
w4,,sm_use_tiktok,,,,"0=No, 1=Yes",Not included in this wave
w5,,sm_use_tiktok,,,,"0=No, 1=Yes",Not included in this wave
w6,q51e_tiktok,sm_use_tiktok,,,Do you actively use Tiktok?,"0=No, 1=Yes",Sub-item/derived variable (not a standalone question)
w1,,sm_use_twitter,,,,"0=No, 1=Yes",Not included in this wave
w2,,sm_use_twitter,,,,"0=No, 1=Yes",Not included in this wave
w3,,sm_use_twitter,,,,"0=No, 1=Yes",Not included in this wave
w4,,sm_use_twitter,,,,"0=No, 1=Yes",Not included in this wave
w5,,sm_use_twitter,,,,"0=No, 1=Yes",Not included in this wave
w6,q51b_twitter,sm_use_twitter,,,Do you actively use Twitter?,"0=No, 1=Yes",Sub-item/derived variable (not a standalone question)
w1,,sm_use_whatsapp,,,,"0=No, 1=Yes",Not included in this wave
w2,,sm_use_whatsapp,,,,"0=No, 1=Yes",Not included in this wave
w3,,sm_use_whatsapp,,,,"0=No, 1=Yes",Not included in this wave
w4,,sm_use_whatsapp,,,,"0=No, 1=Yes",Not included in this wave
w5,,sm_use_whatsapp,,,,"0=No, 1=Yes",Not included in this wave
w6,q51e_whatsapp,sm_use_whatsapp,,,Do you actively use Whatsapp?,"0=No, 1=Yes",Sub-item/derived variable (not a standalone question)
w1,,sm_use_youtube,,,,"0=No, 1=Yes",Not included in this wave
w2,,sm_use_youtube,,,,"0=No, 1=Yes",Not included in this wave
w3,,sm_use_youtube,,,,"0=No, 1=Yes",Not included in this wave
w4,,sm_use_youtube,,,,"0=No, 1=Yes",Not included in this wave
w5,,sm_use_youtube,,,,"0=No, 1=Yes",Not included in this wave
w6,q51a_youtube,sm_use_youtube,,,Do you actively use Youtube?,"0=No, 1=Yes",Sub-item/derived variable (not a standalone question)
w1,,social_support_available,,,,"1=No, nobody, 2=Yes, a few, 3=Yes, some, 4=Yes, a lot",Not included in this wave
w2,,social_support_available,,,,"1=No, nobody, 2=Yes, a few, 3=Yes, some, 4=Yes, a lot",Not included in this wave
w3,q29,social_support_available,C.  SOCIAL CAPITAL,people 4,"If you have a difficult problem to manage, are there people outside your household you can ask for help?","1=No, nobody, 2=Yes, a few, 3=Yes, some, 4=Yes, a lot",
w4,q30,social_support_available,C. SOCIAL CAPITAL,people 4,"If you have a difficult problem to manage, are there people outside No, nobody ............................................................","1=No, nobody, 2=Yes, a few, 3=Yes, some, 4=Yes, a lot",
w5,q31,social_support_available,C. SOCIAL CAPITAL,people 4,"If you have a difficult problem to manage, are there people outside No, nobody ............................................................","1=No, nobody, 2=Yes, a few, 3=Yes, some, 4=Yes, a lot",
w6,q31,social_support_available,C. SOCIAL CAPITAL,people 4,"If you have a difficult problem to manage, are there people outside No, nobody ............................................................","1=No, nobody, 2=Yes, a few, 3=Yes, some, 4=Yes, a lot",
w1,q121,strongman_rule,P.	AGREEMENT/DISAGREEMENT WITH SPECIFIC STATEMENTS,"As you know, there are some people in our country who would like to change the way in which our country is governed. We would like to know what you think of their views. For each statement, would you say you STRONGLY AGREE, SOMEWHAT AGREE, SOMEWHAT DISAGREE, or STRONGLY DISAGREE?",We should get rid of parliament and elections and have a strong leader decide things.,"1=Strongly disapprove, 2=Disapprove, 3=Approve, 4=Strongly approve",
w2,q124,strongman_rule,R.	AGREEMENT/DISAGREEMENT WITH SPECIFIC STATEMENTS,"There are many ways to govern a country. Would you disapprove or approve of the following alternatives? For each statement, would you say you strongly approve, approve, disapprove, or strongly disapprove?",We should get rid of parliament and elections and have a strong leader decide things.,"1=Strongly disapprove, 2=Disapprove, 3=Approve, 4=Strongly approve",
w3,q129,strongman_rule,Q.  AGREEMENT/DISAGREEMENT WITH SPECIFIC STATEMENTS,"There are many ways to govern a country. Would you disapprove or approve of the following alternatives? For each statement, would you say you strongly approve, approve, disapprove, or strongly disapprove?",We should get rid of parliament and elections and have a strong leader decide things.,"1=Strongly disapprove, 2=Disapprove, 3=Approve, 4=Strongly approve",
w4,q130,strongman_rule,R. AGREEMENT/DISAGREEMENT WITH SPECIFIC STATEMENTS,"As you know, there are some people in our country who would like to change the way in which our country is governed. We would like to know what you think of their views. For each statement, would you say you STRONGLY AGREE, SOMEWHAT AGREE, SOMEWHAT DISAGREE, or STRONGLY DISAGREE?",We should get rid of parliament and elections and have a strong leader decide things.,"1=Strongly disapprove, 2=Disapprove, 3=Approve, 4=Strongly approve",
w5,q137,strongman_rule,R. AGREEMENT/DISAGREEMENT WITH SPECIFIC STATEMENTS,"As you know, there are some people in our country who would like to change the way in which our country is governed. We would like to know what you think of their views. For each statement, would you say you STRONGLY AGREE, SOMEWHAT AGREE, SOMEWHAT DISAGREE, or STRONGLY DISAGREE?",We should get rid of parliament and elections and have a strong leader decide things.,"1=Strongly disapprove, 2=Disapprove, 3=Approve, 4=Strongly approve",
w6,q129,strongman_rule,R. AGREEMENT/DISAGREEMENT WITH SPECIFIC STATEMENTS,"As you know, there are some people in our country who would like to change the way in which our country is governed. We would like to know what you think of their views. For each statement, would you say you STRONGLY AGREE, SOMEWHAT AGREE, SOMEWHAT DISAGREE, or STRONGLY DISAGREE?",We should get rid of parliament and elections and have a strong leader decide things.,"1=Strongly disapprove, 2=Disapprove, 3=Approve, 4=Strongly approve",
w1,,subjective_social_status,,,,"1=Lowest status, 10=Highest status",Not included in this wave
w2,se13,subjective_social_status,,,"Subjective social status (1=lowest, 10=highest)","1=Lowest status, 10=Highest status",Socio-demographic section (not in core questionnaire)
w3,se12,subjective_social_status,,,"Subjective social status (1=lowest, 10=highest)","1=Lowest status, 10=Highest status",Socio-demographic section (not in core questionnaire)
w4,se12,subjective_social_status,,,"Subjective social status (1=lowest, 10=highest)","1=Lowest status, 10=Highest status",Socio-demographic section (not in core questionnaire)
w5,SE12,subjective_social_status,,,"Subjective social status (1=lowest, 10=highest)","1=Lowest status, 10=Highest status",Socio-demographic section (not in core questionnaire)
w6,se12,subjective_social_status,,,"Subjective social status (1=lowest, 10=highest)","1=Lowest status, 10=Highest status",Socio-demographic section (not in core questionnaire)
w1,,system_capable,,,,"1=Strongly disagree, 2=Disagree, 3=Agree, 4=Strongly agree",Not included in this wave
w2,,system_capable,,,,"1=Strongly disagree, 2=Disagree, 3=Agree, 4=Strongly agree",Not included in this wave
w3,q80,system_capable,J.  REGIME PREFERENCE,"Now I'd like to ask you about the kind of government that we have in our country. These questions are not about the current leaders, but about our overall system, the way the government is set up in general, even though leaders might come and go. (This way of setting up the battery is designed to direct respondents' attention to the regime instead of the incumbents.) Agree or disagree.","Over the long run, our system of government is capable of solving the problems our country faces.","1=Strongly disagree, 2=Disagree, 3=Agree, 4=Strongly agree",
w4,q83,system_capable,K. REGIME PREFERENCE,"Now I'd like to ask you about the kind of government that we have in our country. These questions are not about the current leaders, but about our overall system, the way the government is set up in general, even though leaders might come and go. (This way of setting up the battery is designed to direct respondents' attention to the regime instead of the incumbents.) Agree or disagree.","Over the long run, our system of government is capable of solving the 1 2 3 4 7 8 9 problems our country faces.","1=Strongly disagree, 2=Disagree, 3=Agree, 4=Strongly agree",
w5,q86,system_capable,K. REGIME PREFERENCE,"Now I'd like to ask you about the kind of government that we have in our country. These questions are not about the current leaders, but about our overall system, the way the government is set up in general, even though leaders might come and go. (This way of setting up the battery is designed to direct respondents' attention to the regime instead of the incumbents.) Agree or disagree.","Over the long run, our system of government is capable of solving the 1 2 3 4 7 8 9 problems our country faces.","1=Strongly disagree, 2=Disagree, 3=Agree, 4=Strongly agree",
w6,q80,system_capable,K. REGIME PREFERENCE,"Now I'd like to ask you about the kind of government that we have in our country. These questions are not about the current leaders, but about our overall system, the way the government is set up in general, even though leaders might come and go. (This way of setting up the battery is designed to direct respondents' attention to the regime instead of the incumbents.) Agree or disagree.","Over the long run, our system of government is capable of solving the 1 2 3 4 7 8 9 problems our country faces.","1=Strongly disagree, 2=Disagree, 3=Agree, 4=Strongly agree",
w1,,system_deserves_support,,,,"1=Strongly disagree, 2=Somewhat disagree, 3=Somewhat agree, 4=Strongly agree",Not included in this wave
w2,,system_deserves_support,,,,"1=Strongly disagree, 2=Somewhat disagree, 3=Somewhat agree, 4=Strongly agree",Not included in this wave
w3,q82,system_deserves_support,J.  REGIME PREFERENCE,"Now I'd like to ask you about the kind of government that we have in our country. These questions are not about the current leaders, but about our overall system, the way the government is set up in general, even though leaders might come and go. (This way of setting up the battery is designed to direct respondents' attention to the regime instead of the incumbents.) Agree or disagree.","A system like ours, even if it runs into problems, deserves the people's support.","1=Strongly disagree, 2=Somewhat disagree, 3=Somewhat agree, 4=Strongly agree",
w4,q85,system_deserves_support,K. REGIME PREFERENCE,"Now I'd like to ask you about the kind of government that we have in our country. These questions are not about the current leaders, but about our overall system, the way the government is set up in general, even though leaders might come and go. (This way of setting up the battery is designed to direct respondents' attention to the regime instead of the incumbents.) Agree or disagree.","A system like ours, even if it runs into problems, deserves the people's 1 2 3 4 7 8 9 support.","1=Strongly disagree, 2=Somewhat disagree, 3=Somewhat agree, 4=Strongly agree",
w5,q88,system_deserves_support,K. REGIME PREFERENCE,"Now I'd like to ask you about the kind of government that we have in our country. These questions are not about the current leaders, but about our overall system, the way the government is set up in general, even though leaders might come and go. (This way of setting up the battery is designed to direct respondents' attention to the regime instead of the incumbents.) Agree or disagree.","A system like ours, even if it runs into problems, deserves the 1 2 3 4 7 8 9 people's support.","1=Strongly disagree, 2=Somewhat disagree, 3=Somewhat agree, 4=Strongly agree",
w6,q82,system_deserves_support,K. REGIME PREFERENCE,"Now I'd like to ask you about the kind of government that we have in our country. These questions are not about the current leaders, but about our overall system, the way the government is set up in general, even though leaders might come and go. (This way of setting up the battery is designed to direct respondents' attention to the regime instead of the incumbents.) Agree or disagree.","A system like ours, even if it runs into problems, deserves the 1 2 3 4 7 8 9 people's support.","1=Strongly disagree, 2=Somewhat disagree, 3=Somewhat agree, 4=Strongly agree",
w1,,system_needs_change,,,,"1=Works fine, no change needed, 2=Needs minor change, 3=Needs major change, 4=Should be replaced",Not included in this wave
w2,,system_needs_change,,,,"1=Works fine, no change needed, 2=Needs minor change, 3=Needs major change, 4=Should be replaced",Not included in this wave
w3,q84,system_needs_change,J.  REGIME PREFERENCE,,"Compared with other systems in the world, would you say our system of government works fine as it is, needs minor change, needs major change, or should be replaced?","1=Works fine, no change needed, 2=Needs minor change, 3=Needs major change, 4=Should be replaced",
w4,q87,system_needs_change,K. REGIME PREFERENCE,,"Compared with other systems in the world, would you say our system of government works fine as it is, needs minor change, needs major change, or should be replaced?","1=Works fine, no change needed, 2=Needs minor change, 3=Needs major change, 4=Should be replaced",
w5,q90,system_needs_change,K. REGIME PREFERENCE,,"Compared with other systems in the world, would you say our system of government works fine as it is, needs minor change, needs major change, or should be replaced?","1=Works fine, no change needed, 2=Needs minor change, 3=Needs major change, 4=Should be replaced",
w6,q84,system_needs_change,K. REGIME PREFERENCE,,"Compared with other systems in the world, would you say our system of government works fine as it is, needs minor change, needs major change, or should be replaced?","1=Works fine, no change needed, 2=Needs minor change, 3=Needs major change, 4=Should be replaced",
w1,,system_prefer,,,,"1=Strongly disagree, 2=Disagree, 3=Agree, 4=Strongly agree",Not included in this wave
w2,,system_prefer,,,,"1=Strongly disagree, 2=Disagree, 3=Agree, 4=Strongly agree",Not included in this wave
w3,q83,system_prefer,J.  REGIME PREFERENCE,"Now I'd like to ask you about the kind of government that we have in our country. These questions are not about the current leaders, but about our overall system, the way the government is set up in general, even though leaders might come and go. (This way of setting up the battery is designed to direct respondents' attention to the regime instead of the incumbents.) Agree or disagree.",". Now I'd like to ask you about the kind of government that we have in our country. These questions are not about the current leaders, but about our overall system, the way the government is set up in general, even though leaders might come and go. (This way of setting up the battery is designed to direct respondents' attention to the regime instead of the incumbents.) Agree or disagree. A D","1=Strongly disagree, 2=Disagree, 3=Agree, 4=Strongly agree",
w4,q86,system_prefer,K. REGIME PREFERENCE,"Now I'd like to ask you about the kind of government that we have in our country. These questions are not about the current leaders, but about our overall system, the way the government is set up in general, even though leaders might come and go. (This way of setting up the battery is designed to direct respondents' attention to the regime instead of the incumbents.) Agree or disagree.",I would rather live under our system of government than any other that 1 2 3 4 7 8 9 I can think of.,"1=Strongly disagree, 2=Disagree, 3=Agree, 4=Strongly agree",
w5,q89,system_prefer,K. REGIME PREFERENCE,"Now I'd like to ask you about the kind of government that we have in our country. These questions are not about the current leaders, but about our overall system, the way the government is set up in general, even though leaders might come and go. (This way of setting up the battery is designed to direct respondents' attention to the regime instead of the incumbents.) Agree or disagree.",I would rather live under our system of government than any other that 1 2 3 4 7 8 9 I can think of.,"1=Strongly disagree, 2=Disagree, 3=Agree, 4=Strongly agree",
w6,q83,system_prefer,K. REGIME PREFERENCE,"Now I'd like to ask you about the kind of government that we have in our country. These questions are not about the current leaders, but about our overall system, the way the government is set up in general, even though leaders might come and go. (This way of setting up the battery is designed to direct respondents' attention to the regime instead of the incumbents.) Agree or disagree.",I would rather live under our system of government than any other that 1 2 3 4 7 8 9 I can think of.,"1=Strongly disagree, 2=Disagree, 3=Agree, 4=Strongly agree",
w1,,system_proud,,,,"1=Strongly disagree, 2=Disagree, 3=Agree, 4=Strongly agree",Not included in this wave
w2,,system_proud,,,,"1=Strongly disagree, 2=Disagree, 3=Agree, 4=Strongly agree",Not included in this wave
w3,q81,system_proud,J.  REGIME PREFERENCE,"Now I'd like to ask you about the kind of government that we have in our country. These questions are not about the current leaders, but about our overall system, the way the government is set up in general, even though leaders might come and go. (This way of setting up the battery is designed to direct respondents' attention to the regime instead of the incumbents.) Agree or disagree.","Thinking in general, I am proud of our system of government.","1=Strongly disagree, 2=Disagree, 3=Agree, 4=Strongly agree",
w4,q84,system_proud,K. REGIME PREFERENCE,"Now I'd like to ask you about the kind of government that we have in our country. These questions are not about the current leaders, but about our overall system, the way the government is set up in general, even though leaders might come and go. (This way of setting up the battery is designed to direct respondents' attention to the regime instead of the incumbents.) Agree or disagree.","Thinking in general, I am proud of our system of government.","1=Strongly disagree, 2=Disagree, 3=Agree, 4=Strongly agree",
w5,q87,system_proud,K. REGIME PREFERENCE,"Now I'd like to ask you about the kind of government that we have in our country. These questions are not about the current leaders, but about our overall system, the way the government is set up in general, even though leaders might come and go. (This way of setting up the battery is designed to direct respondents' attention to the regime instead of the incumbents.) Agree or disagree.","Thinking in general, I am proud of our system of government.","1=Strongly disagree, 2=Disagree, 3=Agree, 4=Strongly agree",
w6,q81,system_proud,K. REGIME PREFERENCE,"Now I'd like to ask you about the kind of government that we have in our country. These questions are not about the current leaders, but about our overall system, the way the government is set up in general, even though leaders might come and go. (This way of setting up the battery is designed to direct respondents' attention to the regime instead of the incumbents.) Agree or disagree.","Thinking in general, I am proud of our system of government.","1=Strongly disagree, 2=Disagree, 3=Agree, 4=Strongly agree",
w1,q066,trad_accommodate_neighbor,I.	AGREEMENT/DISAGREEMENT WITH SPECIFIC STATEMENTS,"As you know, there are some people in our country who would like to change the way in which our country is governed. We would like to know what you think of their views. For each statement, would you say you STRONGLY AGREE, SOMEWHAT AGREE, SOMEWHAT DISAGREE, or STRONGLY DISAGREE?","When one has a conflict with a neighbor, the best way to deal with it is to accommodate the other person.","1=Strongly agree, 2=Somewhat agree, 3=Somewhat disagree, 4=Strongly disagree",
w2,q58,trad_accommodate_neighbor,I.	AGREEMENT/DISAGREEMENT WITH SPECIFIC STATEMENTS,"Please tell me how you feel about the following statements. Would you say you strongly agree, somewhat agree, somewhat disagree, or strongly disagree?","When one has a conflict with a neighbor, the best way to deal with it is to accommodate the other person.","1=Strongly agree, 2=Somewhat agree, 3=Somewhat disagree, 4=Strongly disagree",
w3,,trad_accommodate_neighbor,,,,"1=Strongly agree, 2=Somewhat agree, 3=Somewhat disagree, 4=Strongly disagree",Not included in this wave
w4,,trad_accommodate_neighbor,,,,"1=Strongly agree, 2=Somewhat agree, 3=Somewhat disagree, 4=Strongly disagree",Not included in this wave
w5,,trad_accommodate_neighbor,,,,"1=Strongly agree, 2=Somewhat agree, 3=Somewhat disagree, 4=Strongly disagree",Not included in this wave
w6,,trad_accommodate_neighbor,,,,"1=Strongly agree, 2=Somewhat agree, 3=Somewhat disagree, 4=Strongly disagree",Not included in this wave
w1,,trad_avoid_conflict,,,,"1=Strongly disagree, 2=Somewhat disagree, 3=Somewhat agree, 4=Strongly agree",Not included in this wave
w2,,trad_avoid_conflict,,,,"1=Strongly disagree, 2=Somewhat disagree, 3=Somewhat agree, 4=Strongly agree",Not included in this wave
w3,q59,trad_avoid_conflict,H.  TRADITIONALISM,"Please tell me how you feel about the following statements. Would you say you strongly agree, somewhat agree, somewhat disagree, or strongly disagree?","Even if there is some disagreement with others, one should avoid the conflict.","1=Strongly disagree, 2=Somewhat disagree, 3=Somewhat agree, 4=Strongly agree",
w4,q64,trad_avoid_conflict,I. TRADITIONALISM,"Please tell me how you feel about the following statements. Would you say you strongly agree, somewhat agree, somewhat disagree, or strongly disagree?","Even if there is some disagreement with others, one should avoid the 1 2 3 4 7 8 9 conflict.","1=Strongly disagree, 2=Somewhat disagree, 3=Somewhat agree, 4=Strongly agree",
w5,q66,trad_avoid_conflict,I. TRADITIONALISM,"Please tell me how you feel about the following statements. Would you say you strongly agree, somewhat agree, somewhat disagree, or strongly disagree?","Even if there is some disagreement with others, one should avoid the 1 2 3 4 7 8 9 conflict.","1=Strongly disagree, 2=Somewhat disagree, 3=Somewhat agree, 4=Strongly agree",
w6,q64,trad_avoid_conflict,I. TRADITIONALISM,"Please tell me how you feel about the following statements. Would you say you strongly agree, somewhat agree, somewhat disagree, or strongly disagree?","Even if there is some disagreement with others, one should avoid the 1 2 3 4 7 8 9 conflict.","1=Strongly disagree, 2=Somewhat disagree, 3=Somewhat agree, 4=Strongly agree",
w1,,trad_avoid_quarrel,,,,"1=Strongly disagree, 2=Somewhat disagree, 3=Somewhat agree, 4=Strongly agree",Not included in this wave
w2,,trad_avoid_quarrel,,,,"1=Strongly disagree, 2=Somewhat disagree, 3=Somewhat agree, 4=Strongly agree",Not included in this wave
w3,q58,trad_avoid_quarrel,H.  TRADITIONALISM,"Please tell me how you feel about the following statements. Would you say you strongly agree, somewhat agree, somewhat disagree, or strongly disagree?","In a group, we should avoid open quarrel to preserve the harmony of the group.","1=Strongly disagree, 2=Somewhat disagree, 3=Somewhat agree, 4=Strongly agree",
w4,q63,trad_avoid_quarrel,I. TRADITIONALISM,"Please tell me how you feel about the following statements. Would you say you strongly agree, somewhat agree, somewhat disagree, or strongly disagree?","In a group, we should avoid open quarrel to preserve the harmony of the 1 2 3 4 7 8 9 group.","1=Strongly disagree, 2=Somewhat disagree, 3=Somewhat agree, 4=Strongly agree",
w5,q65,trad_avoid_quarrel,I. TRADITIONALISM,"Please tell me how you feel about the following statements. Would you say you strongly agree, somewhat agree, somewhat disagree, or strongly disagree?","In a group, we should avoid open quarrel to preserve the harmony of the 1 2 3 4 7 8 9 group.","1=Strongly disagree, 2=Somewhat disagree, 3=Somewhat agree, 4=Strongly agree",
w6,q63,trad_avoid_quarrel,I. TRADITIONALISM,"Please tell me how you feel about the following statements. Would you say you strongly agree, somewhat agree, somewhat disagree, or strongly disagree?","In a group, we should avoid open quarrel to preserve the harmony of the 1 2 3 4 7 8 9 group.","1=Strongly disagree, 2=Somewhat disagree, 3=Somewhat agree, 4=Strongly agree",
w1,q068,trad_defer_coworkers,I.	AGREEMENT/DISAGREEMENT WITH SPECIFIC STATEMENTS,"As you know, there are some people in our country who would like to change the way in which our country is governed. We would like to know what you think of their views. For each statement, would you say you STRONGLY AGREE, SOMEWHAT AGREE, SOMEWHAT DISAGREE, or STRONGLY DISAGREE?",A person should not insist on his own opinion if his co-workers disagree with him.,"1=Strongly disagree, 2=Somewhat disagree, 3=Somewhat agree, 4=Strongly agree",
w2,q59,trad_defer_coworkers,I.	AGREEMENT/DISAGREEMENT WITH SPECIFIC STATEMENTS,"Please tell me how you feel about the following statements. Would you say you strongly agree, somewhat agree, somewhat disagree, or strongly disagree?",A person should not insist on his own opinion if his co-workers disagree with him.,"1=Strongly disagree, 2=Somewhat disagree, 3=Somewhat agree, 4=Strongly agree",
w3,q60,trad_defer_coworkers,H.  TRADITIONALISM,"Please tell me how you feel about the following statements. Would you say you strongly agree, somewhat agree, somewhat disagree, or strongly disagree?",A person should not insist on his own opinion if his co-workers disagree with him.,"1=Strongly disagree, 2=Somewhat disagree, 3=Somewhat agree, 4=Strongly agree",
w4,q65,trad_defer_coworkers,I. TRADITIONALISM,"Please tell me how you feel about the following statements. Would you say you strongly agree, somewhat agree, somewhat disagree, or strongly disagree?",A person should not insist on his own opinion if his co-workers disagree with 1 2 3 4 7 8 9 him.,"1=Strongly disagree, 2=Somewhat disagree, 3=Somewhat agree, 4=Strongly agree",
w5,q67,trad_defer_coworkers,I. TRADITIONALISM,"Please tell me how you feel about the following statements. Would you say you strongly agree, somewhat agree, somewhat disagree, or strongly disagree?",A person should not insist on his own opinion if his co-workers disagree with 1 2 3 4 7 8 9 him.,"1=Strongly disagree, 2=Somewhat disagree, 3=Somewhat agree, 4=Strongly agree",
w6,q65,trad_defer_coworkers,I. TRADITIONALISM,"Please tell me how you feel about the following statements. Would you say you strongly agree, somewhat agree, somewhat disagree, or strongly disagree?",A person should not insist on his own opinion if his co-workers disagree with 1 2 3 4 7 8 9 him.,"1=Strongly disagree, 2=Somewhat disagree, 3=Somewhat agree, 4=Strongly agree",
w1,q071,trad_elder_dispute,I.	AGREEMENT/DISAGREEMENT WITH SPECIFIC STATEMENTS,"As you know, there are some people in our country who would like to change the way in which our country is governed. We would like to know what you think of their views. For each statement, would you say you STRONGLY AGREE, SOMEWHAT AGREE, SOMEWHAT DISAGREE, or STRONGLY DISAGREE?","If there is a quarrel, we should ask an elder to resolve the dispute. AUTHORITARIAN VALUES","1=Strongly agree, 2=Somewhat agree, 3=Somewhat disagree, 4=Strongly disagree",
w2,,trad_elder_dispute,,,,"1=Strongly agree, 2=Somewhat agree, 3=Somewhat disagree, 4=Strongly disagree",Not included in this wave
w3,,trad_elder_dispute,,,,"1=Strongly agree, 2=Somewhat agree, 3=Somewhat disagree, 4=Strongly disagree",Not included in this wave
w4,,trad_elder_dispute,,,,"1=Strongly agree, 2=Somewhat agree, 3=Somewhat disagree, 4=Strongly disagree",Not included in this wave
w5,,trad_elder_dispute,,,,"1=Strongly agree, 2=Somewhat agree, 3=Somewhat disagree, 4=Strongly disagree",Not included in this wave
w6,,trad_elder_dispute,,,,"1=Strongly agree, 2=Somewhat agree, 3=Somewhat disagree, 4=Strongly disagree",Not included in this wave
w1,q069,trad_family_first,I.	AGREEMENT/DISAGREEMENT WITH SPECIFIC STATEMENTS,"As you know, there are some people in our country who would like to change the way in which our country is governed. We would like to know what you think of their views. For each statement, would you say you STRONGLY AGREE, SOMEWHAT AGREE, SOMEWHAT DISAGREE, or STRONGLY DISAGREE?","For the sake of the family, the individual should put his personal interests second.","1=Strongly disagree, 2=Somewhat disagree, 3=Somewhat agree, 4=Strongly agree",
w2,q60,trad_family_first,I.	AGREEMENT/DISAGREEMENT WITH SPECIFIC STATEMENTS,"Please tell me how you feel about the following statements. Would you say you strongly agree, somewhat agree, somewhat disagree, or strongly disagree?","For the sake of the family, the individual should put his personal interests second.","1=Strongly disagree, 2=Somewhat disagree, 3=Somewhat agree, 4=Strongly agree",
w3,q50,trad_family_first,H.  TRADITIONALISM,"Please tell me how you feel about the following statements. Would you say you strongly agree, somewhat agree, somewhat disagree, or strongly disagree?","For the sake of the family, the individual should put his personal interests second.","1=Strongly disagree, 2=Somewhat disagree, 3=Somewhat agree, 4=Strongly agree",
w4,q55,trad_family_first,I. TRADITIONALISM,"Please tell me how you feel about the following statements. Would you say you strongly agree, somewhat agree, somewhat disagree, or strongly disagree?","For the sake of the family, the individual should put his personal interests 1 2 3 4 7 8 9 second.","1=Strongly disagree, 2=Somewhat disagree, 3=Somewhat agree, 4=Strongly agree",
w5,q58,trad_family_first,I. TRADITIONALISM,"Please tell me how you feel about the following statements. Would you say you strongly agree, somewhat agree, somewhat disagree, or strongly disagree?","For the sake of the family, the individual should put his personal interests 1 2 3 4 7 8 9 second.","1=Strongly disagree, 2=Somewhat disagree, 3=Somewhat agree, 4=Strongly agree",
w6,q56,trad_family_first,I. TRADITIONALISM,"Please tell me how you feel about the following statements. Would you say you strongly agree, somewhat agree, somewhat disagree, or strongly disagree?","For the sake of the family, the individual should put his personal interests 1 2 3 4 7 8 9 second.","1=Strongly disagree, 2=Somewhat disagree, 3=Somewhat agree, 4=Strongly agree",
w1,q067,trad_fatalism,I.	AGREEMENT/DISAGREEMENT WITH SPECIFIC STATEMENTS,"As you know, there are some people in our country who would like to change the way in which our country is governed. We would like to know what you think of their views. For each statement, would you say you STRONGLY AGREE, SOMEWHAT AGREE, SOMEWHAT DISAGREE, or STRONGLY DISAGREE?","Wealth and poverty, success and failure are all determined by fate.","1=Strongly disagree, 2=Somewhat disagree, 3=Somewhat agree, 4=Strongly agree",
w2,,trad_fatalism,,,,"1=Strongly disagree, 2=Somewhat disagree, 3=Somewhat agree, 4=Strongly agree",Not included in this wave
w3,q61,trad_fatalism,H.  TRADITIONALISM,"Please tell me how you feel about the following statements. Would you say you strongly agree, somewhat agree, somewhat disagree, or strongly disagree?","Wealth and poverty, success and failure are all determined by fate.","1=Strongly disagree, 2=Somewhat disagree, 3=Somewhat agree, 4=Strongly agree",
w4,q66,trad_fatalism,I. TRADITIONALISM,"Please tell me how you feel about the following statements. Would you say you strongly agree, somewhat agree, somewhat disagree, or strongly disagree?","Wealth and poverty, success and failure are all determined by fate.","1=Strongly disagree, 2=Somewhat disagree, 3=Somewhat agree, 4=Strongly agree",
w5,q68,trad_fatalism,I. TRADITIONALISM,"Please tell me how you feel about the following statements. Would you say you strongly agree, somewhat agree, somewhat disagree, or strongly disagree?","Wealth and poverty, success and failure are all determined by fate.","1=Strongly disagree, 2=Somewhat disagree, 3=Somewhat agree, 4=Strongly agree",
w6,q66,trad_fatalism,I. TRADITIONALISM,"Please tell me how you feel about the following statements. Would you say you strongly agree, somewhat agree, somewhat disagree, or strongly disagree?","Wealth and poverty, success and failure are all determined by fate.","1=Strongly disagree, 2=Somewhat disagree, 3=Somewhat agree, 4=Strongly agree",
w1,,trad_group_sacrifice,,,,"1=Strongly disagree, 2=Somewhat disagree, 3=Somewhat agree, 4=Strongly agree",Not included in this wave
w2,,trad_group_sacrifice,,,,"1=Strongly disagree, 2=Somewhat disagree, 3=Somewhat agree, 4=Strongly agree",Not included in this wave
w3,q51,trad_group_sacrifice,H.  TRADITIONALISM,"Please tell me how you feel about the following statements. Would you say you strongly agree, somewhat agree, somewhat disagree, or strongly disagree?","In a group, we should sacrifice our individual interest for the sake of the group’s collective interest.","1=Strongly disagree, 2=Somewhat disagree, 3=Somewhat agree, 4=Strongly agree",
w4,q56,trad_group_sacrifice,I. TRADITIONALISM,"Please tell me how you feel about the following statements. Would you say you strongly agree, somewhat agree, somewhat disagree, or strongly disagree?","In a group, we should sacrifice our individual interest for the sake of the 1 2 3 4 7 8 9 group’s collective interest.","1=Strongly disagree, 2=Somewhat disagree, 3=Somewhat agree, 4=Strongly agree",
w5,q59,trad_group_sacrifice,I. TRADITIONALISM,"Please tell me how you feel about the following statements. Would you say you strongly agree, somewhat agree, somewhat disagree, or strongly disagree?","In a group, we should sacrifice our individual interest for the sake of the 1 2 3 4 7 8 9 group’s collective interest.","1=Strongly disagree, 2=Somewhat disagree, 3=Somewhat agree, 4=Strongly agree",
w6,q57,trad_group_sacrifice,I. TRADITIONALISM,"Please tell me how you feel about the following statements. Would you say you strongly agree, somewhat agree, somewhat disagree, or strongly disagree?","In a group, we should sacrifice our individual interest for the sake of the 1 2 3 4 7 8 9 group’s collective interest.","1=Strongly disagree, 2=Somewhat disagree, 3=Somewhat agree, 4=Strongly agree",
w1,q133,trad_hierarchical_obedience,P.	AGREEMENT/DISAGREEMENT WITH SPECIFIC STATEMENTS	(cont’d),"I have here other statements. For each statement, would you say you strongly agree, somewhat agree, somewhat disagree, or strongly disagree?",Government leaders are like the head of a family; we should all follow their decisions.,"1=Strongly disagree, 2=Somewhat disagree, 3=Somewhat agree, 4=Strongly agree",
w2,q134,trad_hierarchical_obedience,S.	AGREEMENT/DISAGREEMENT WITH SPECIFIC STATEMENTS	(cont’d),"I have here other statements. For each statement, would you say you strongly agree, somewhat agree, somewhat disagree, or strongly disagree?","Government leaders are like the head of a family; we should all follow their decisions. The government should decide whether certain ideas should be allowed to be discussed in society. Harmony of the community will be disrupted if people organize lots of groups. When judges decide important cases, they should accept the view of the executive branch. If the government is constantly checked [i.e. monitored and supervised] by the legislature, it cannot possibly accomplish great things.","1=Strongly disagree, 2=Somewhat disagree, 3=Somewhat agree, 4=Strongly agree",
w3,q141,trad_hierarchical_obedience,R.  AGREEMENT/DISAGREEMENT WITH SPECIFIC STATEMENTS (cont’d),"I have here other statements. For each statement, would you say you strongly agree, somewhat agree, somewhat disagree, or strongly disagree?",Government leaders are like the head of a family; we should all follow their decisions.,"1=Strongly disagree, 2=Somewhat disagree, 3=Somewhat agree, 4=Strongly agree",
w4,q142,trad_hierarchical_obedience,S. AGREEMENT/DISAGREEMENT WITH SPECIFIC STATEMENTS (cont’d),"I have here other statements. For each statement, would you say you strongly agree, somewhat agree, somewhat disagree, or strongly disagree?",Government leaders are like the head of a family; we should all follow their decisions.,"1=Strongly disagree, 2=Somewhat disagree, 3=Somewhat agree, 4=Strongly agree",
w5,q149,trad_hierarchical_obedience,S. AGREEMENT/DISAGREEMENT WITH SPECIFIC STATEMENTS (cont’d),"I have here other statements. For each statement, would you say you strongly agree, somewhat agree, somewhat disagree, or strongly disagree?",Government leaders are like the head of a family; we should all follow their decisions.,"1=Strongly disagree, 2=Somewhat disagree, 3=Somewhat agree, 4=Strongly agree",
w6,q149,trad_hierarchical_obedience,T. AGREEMENT/DISAGREEMENT WITH SPECIFIC STATEMENTS (cont’d),"I have here other statements. For each statement, would you say you strongly agree, somewhat agree, somewhat disagree, or strongly disagree?",Government leaders are like the head of a family; we should all follow their decisions.,"1=Strongly disagree, 2=Somewhat disagree, 3=Somewhat agree, 4=Strongly agree",
w1,q065,trad_hire_relatives,I.	AGREEMENT/DISAGREEMENT WITH SPECIFIC STATEMENTS,"As you know, there are some people in our country who would like to change the way in which our country is governed. We would like to know what you think of their views. For each statement, would you say you STRONGLY AGREE, SOMEWHAT AGREE, SOMEWHAT DISAGREE, or STRONGLY DISAGREE?","When hiring someone, even if a stranger is more qualified, the opportunity should still be given to relatives and friends.","1=Strongly agree, 2=Somewhat agree, 3=Somewhat disagree, 4=Strongly disagree",
w2,,trad_hire_relatives,,,,"1=Strongly agree, 2=Somewhat agree, 3=Somewhat disagree, 4=Strongly disagree",Not included in this wave
w3,,trad_hire_relatives,,,,"1=Strongly agree, 2=Somewhat agree, 3=Somewhat disagree, 4=Strongly disagree",Not included in this wave
w4,,trad_hire_relatives,,,,"1=Strongly agree, 2=Somewhat agree, 3=Somewhat disagree, 4=Strongly disagree",Not included in this wave
w5,,trad_hire_relatives,,,,"1=Strongly agree, 2=Somewhat agree, 3=Somewhat disagree, 4=Strongly disagree",Not included in this wave
w6,,trad_hire_relatives,,,,"1=Strongly agree, 2=Somewhat agree, 3=Somewhat disagree, 4=Strongly disagree",Not included in this wave
w1,,trad_longterm_gains,,,,"1=Strongly disagree, 2=Somewhat disagree, 3=Somewhat agree, 4=Strongly agree",Not included in this wave
w2,,trad_longterm_gains,,,,"1=Strongly disagree, 2=Somewhat disagree, 3=Somewhat agree, 4=Strongly agree",Not included in this wave
w3,,trad_longterm_gains,,,,"1=Strongly disagree, 2=Somewhat disagree, 3=Somewhat agree, 4=Strongly agree",Not included in this wave
w4,q68,trad_longterm_gains,I. TRADITIONALISM,"Please tell me how you feel about the following statements. Would you say you strongly agree, somewhat agree, somewhat disagree, or strongly disagree?","When dealing with others, one should not be preoccupied with temporary 1 2 3 4 7 8 9 gains and losses.","1=Strongly disagree, 2=Somewhat disagree, 3=Somewhat agree, 4=Strongly agree",
w5,,trad_longterm_gains,,,,"1=Strongly disagree, 2=Somewhat disagree, 3=Somewhat agree, 4=Strongly agree",Not included in this wave
w6,,trad_longterm_gains,,,,"1=Strongly disagree, 2=Somewhat disagree, 3=Somewhat agree, 4=Strongly agree",Not included in this wave
w1,,trad_longterm_planning,,,,"1=Strongly disagree, 2=Somewhat disagree, 3=Somewhat agree, 4=Strongly agree",Not included in this wave
w2,,trad_longterm_planning,,,,"1=Strongly disagree, 2=Somewhat disagree, 3=Somewhat agree, 4=Strongly agree",Not included in this wave
w3,,trad_longterm_planning,,,,"1=Strongly disagree, 2=Somewhat disagree, 3=Somewhat agree, 4=Strongly agree",Not included in this wave
w4,q59,trad_longterm_planning,I. TRADITIONALISM,"Please tell me how you feel about the following statements. Would you say you strongly agree, somewhat agree, somewhat disagree, or strongly disagree?",1 2 3 4 7 8 9 but also plan for future.,"1=Strongly disagree, 2=Somewhat disagree, 3=Somewhat agree, 4=Strongly agree",
w5,,trad_longterm_planning,,,,"1=Strongly disagree, 2=Somewhat disagree, 3=Somewhat agree, 4=Strongly agree",Not included in this wave
w6,,trad_longterm_planning,,,,"1=Strongly disagree, 2=Somewhat disagree, 3=Somewhat agree, 4=Strongly agree",Not included in this wave
w1,,trad_longterm_relation,,,,"1=Strongly disagree, 2=Somewhat disagree, 3=Somewhat agree, 4=Strongly agree",Not included in this wave
w2,,trad_longterm_relation,,,,"1=Strongly disagree, 2=Somewhat disagree, 3=Somewhat agree, 4=Strongly agree",Not included in this wave
w3,q53,trad_longterm_relation,H.  TRADITIONALISM,"Please tell me how you feel about the following statements. Would you say you strongly agree, somewhat agree, somewhat disagree, or strongly disagree?","When dealing with others, developing a long-term relationship is more important than securing one’s immediate interest.","1=Strongly disagree, 2=Somewhat disagree, 3=Somewhat agree, 4=Strongly agree",
w4,q58,trad_longterm_relation,I. TRADITIONALISM,"Please tell me how you feel about the following statements. Would you say you strongly agree, somewhat agree, somewhat disagree, or strongly disagree?","When dealing with others, developing a long-term relationship is more 1 2 3 4 7 8 9 important than securing one’s immediate interest. When dealing with others, one should not only focus on immediate interest","1=Strongly disagree, 2=Somewhat disagree, 3=Somewhat agree, 4=Strongly agree",
w5,q61,trad_longterm_relation,I. TRADITIONALISM,"Please tell me how you feel about the following statements. Would you say you strongly agree, somewhat agree, somewhat disagree, or strongly disagree?","When dealing with others, developing a long-term relationship is more 1 2 3 4 7 8 9 important than securing one’s immediate interest.","1=Strongly disagree, 2=Somewhat disagree, 3=Somewhat agree, 4=Strongly agree",
w6,q59,trad_longterm_relation,I. TRADITIONALISM,"Please tell me how you feel about the following statements. Would you say you strongly agree, somewhat agree, somewhat disagree, or strongly disagree?","When dealing with others, developing a long-term relationship is more 1 2 3 4 7 8 9 important than securing one’s immediate interest.","1=Strongly disagree, 2=Somewhat disagree, 3=Somewhat agree, 4=Strongly agree",
w1,q070,trad_male_supervisor,I.	AGREEMENT/DISAGREEMENT WITH SPECIFIC STATEMENTS,"As you know, there are some people in our country who would like to change the way in which our country is governed. We would like to know what you think of their views. For each statement, would you say you STRONGLY AGREE, SOMEWHAT AGREE, SOMEWHAT DISAGREE, or STRONGLY DISAGREE?",A man will lose face if he works under a female supervisor.,"1=Strongly agree, 2=Somewhat agree, 3=Somewhat disagree, 4=Strongly disagree",
w2,,trad_male_supervisor,,,,"1=Strongly agree, 2=Somewhat agree, 3=Somewhat disagree, 4=Strongly disagree",Not included in this wave
w3,,trad_male_supervisor,,,,"1=Strongly agree, 2=Somewhat agree, 3=Somewhat disagree, 4=Strongly disagree",Not included in this wave
w4,,trad_male_supervisor,,,,"1=Strongly agree, 2=Somewhat agree, 3=Somewhat disagree, 4=Strongly disagree",Not included in this wave
w5,,trad_male_supervisor,,,,"1=Strongly agree, 2=Somewhat agree, 3=Somewhat disagree, 4=Strongly disagree",Not included in this wave
w6,,trad_male_supervisor,,,,"1=Strongly agree, 2=Somewhat agree, 3=Somewhat disagree, 4=Strongly disagree",Not included in this wave
w1,q072,trad_motherinlaw_obey,I.	AGREEMENT/DISAGREEMENT WITH SPECIFIC STATEMENTS,"As you know, there are some people in our country who would like to change the way in which our country is governed. We would like to know what you think of their views. For each statement, would you say you STRONGLY AGREE, SOMEWHAT AGREE, SOMEWHAT DISAGREE, or STRONGLY DISAGREE?","When a mother-in-law and a daughter-in-law come into conflict, even if the mother-in-law is in the wrong, the husband should still persuade his wife to obey his mother.","1=Strongly disagree, 2=Somewhat disagree, 3=Somewhat agree, 4=Strongly agree",
w2,,trad_motherinlaw_obey,,,,"1=Strongly disagree, 2=Somewhat disagree, 3=Somewhat agree, 4=Strongly agree",Not included in this wave
w3,q56,trad_motherinlaw_obey,H.  TRADITIONALISM,"Please tell me how you feel about the following statements. Would you say you strongly agree, somewhat agree, somewhat disagree, or strongly disagree?","When a mother-in-law and a daughter-in-law come into conflict, even if the mother-in-law is in the wrong, the husband should still persuade his wife to obey his mother.","1=Strongly disagree, 2=Somewhat disagree, 3=Somewhat agree, 4=Strongly agree",
w4,q61,trad_motherinlaw_obey,I. TRADITIONALISM,"Please tell me how you feel about the following statements. Would you say you strongly agree, somewhat agree, somewhat disagree, or strongly disagree?","When a mother-in-law and a daughter-in-law come into conflict, even if the 1 2 3 4 7 8 9 mother-in-law is in the wrong, the husband should still persuade his wife to obey his mother.","1=Strongly disagree, 2=Somewhat disagree, 3=Somewhat agree, 4=Strongly agree",
w5,q63,trad_motherinlaw_obey,I. TRADITIONALISM,"Please tell me how you feel about the following statements. Would you say you strongly agree, somewhat agree, somewhat disagree, or strongly disagree?","When a mother-in-law and a daughter-in-law come into conflict, even if the 1 2 3 4 7 8 9 mother-in-law is in the wrong, the husband should still persuade his wife to obey his mother.","1=Strongly disagree, 2=Somewhat disagree, 3=Somewhat agree, 4=Strongly agree",
w6,q61,trad_motherinlaw_obey,I. TRADITIONALISM,"Please tell me how you feel about the following statements. Would you say you strongly agree, somewhat agree, somewhat disagree, or strongly disagree?","When a mother-in-law and a daughter-in-law come into conflict, even if the 1 2 3 4 7 8 9 mother-in-law is in the wrong, the husband should still persuade his wife to obey his mother.","1=Strongly disagree, 2=Somewhat disagree, 3=Somewhat agree, 4=Strongly agree",
w1,,trad_national_sacrifice,,,,"1=Strongly disagree, 2=Somewhat disagree, 3=Somewhat agree, 4=Strongly agree",Not included in this wave
w2,,trad_national_sacrifice,,,,"1=Strongly disagree, 2=Somewhat disagree, 3=Somewhat agree, 4=Strongly agree",Not included in this wave
w3,q52,trad_national_sacrifice,H.  TRADITIONALISM,"Please tell me how you feel about the following statements. Would you say you strongly agree, somewhat agree, somewhat disagree, or strongly disagree?","For the sake of national interest, individual interest could be sacrificed.","1=Strongly disagree, 2=Somewhat disagree, 3=Somewhat agree, 4=Strongly agree",
w4,q57,trad_national_sacrifice,I. TRADITIONALISM,"Please tell me how you feel about the following statements. Would you say you strongly agree, somewhat agree, somewhat disagree, or strongly disagree?","For the sake of national interest, individual interest could be sacrificed.","1=Strongly disagree, 2=Somewhat disagree, 3=Somewhat agree, 4=Strongly agree",
w5,q60,trad_national_sacrifice,I. TRADITIONALISM,"Please tell me how you feel about the following statements. Would you say you strongly agree, somewhat agree, somewhat disagree, or strongly disagree?","For the sake of national interest, individual interest could be sacrificed.","1=Strongly disagree, 2=Somewhat disagree, 3=Somewhat agree, 4=Strongly agree",
w6,q58,trad_national_sacrifice,I. TRADITIONALISM,"Please tell me how you feel about the following statements. Would you say you strongly agree, somewhat agree, somewhat disagree, or strongly disagree?","For the sake of national interest, individual interest could be sacrificed.","1=Strongly disagree, 2=Somewhat disagree, 3=Somewhat agree, 4=Strongly agree",
w1,q064,trad_obey_parents,I.	AGREEMENT/DISAGREEMENT WITH SPECIFIC STATEMENTS,"As you know, there are some people in our country who would like to change the way in which our country is governed. We would like to know what you think of their views. For each statement, would you say you STRONGLY AGREE, SOMEWHAT AGREE, SOMEWHAT DISAGREE, or STRONGLY DISAGREE?","Even if parents’ demands are unreasonable, children still should do what they ask.","1=Strongly disagree, 2=Somewhat disagree, 3=Somewhat agree, 4=Strongly agree",
w2,q56,trad_obey_parents,I.	AGREEMENT/DISAGREEMENT WITH SPECIFIC STATEMENTS,"Please tell me how you feel about the following statements. Would you say you strongly agree, somewhat agree, somewhat disagree, or strongly disagree?","Even if parents’ demands are unreasonable, children still should do what they ask.","1=Strongly disagree, 2=Somewhat disagree, 3=Somewhat agree, 4=Strongly agree",
w3,q55,trad_obey_parents,H.  TRADITIONALISM,"Please tell me how you feel about the following statements. Would you say you strongly agree, somewhat agree, somewhat disagree, or strongly disagree?","Even if parents’ demands are unreasonable, children still should do what they ask.","1=Strongly disagree, 2=Somewhat disagree, 3=Somewhat agree, 4=Strongly agree",
w4,q60,trad_obey_parents,I. TRADITIONALISM,"Please tell me how you feel about the following statements. Would you say you strongly agree, somewhat agree, somewhat disagree, or strongly disagree?","Even if parents’ demands are unreasonable, children still should do what 1 2 3 4 7 8 9 they ask.","1=Strongly disagree, 2=Somewhat disagree, 3=Somewhat agree, 4=Strongly agree",
w5,q62,trad_obey_parents,I. TRADITIONALISM,"Please tell me how you feel about the following statements. Would you say you strongly agree, somewhat agree, somewhat disagree, or strongly disagree?","Even if parents’ demands are unreasonable, children still should do what 1 2 3 4 7 8 9 they ask.","1=Strongly disagree, 2=Somewhat disagree, 3=Somewhat agree, 4=Strongly agree",
w6,q60,trad_obey_parents,I. TRADITIONALISM,"Please tell me how you feel about the following statements. Would you say you strongly agree, somewhat agree, somewhat disagree, or strongly disagree?","Even if parents’ demands are unreasonable, children should still do what 1 2 3 4 7 8 9 they ask.","1=Strongly disagree, 2=Somewhat disagree, 3=Somewhat agree, 4=Strongly agree",
w1,,trad_religious_authorities,,,,"1=Strongly disagree, 2=Somewhat disagree, 3=Somewhat agree, 4=Strongly agree",Not included in this wave
w2,,trad_religious_authorities,,,,"1=Strongly disagree, 2=Somewhat disagree, 3=Somewhat agree, 4=Strongly agree",Not included in this wave
w3,q138,trad_religious_authorities,R.  AGREEMENT/DISAGREEMENT WITH SPECIFIC STATEMENTS (cont’d),"I have here other statements. For each statement, would you say you strongly agree, somewhat agree, somewhat disagree, or strongly disagree?",The government should consult religious authorities when interpreting the laws.,"1=Strongly disagree, 2=Somewhat disagree, 3=Somewhat agree, 4=Strongly agree",
w4,q140,trad_religious_authorities,S. AGREEMENT/DISAGREEMENT WITH SPECIFIC STATEMENTS (cont’d),"I have here other statements. For each statement, would you say you strongly agree, somewhat agree, somewhat disagree, or strongly disagree?",The government should consult religious authorities when interpreting the laws. (REVISED: Change question order),"1=Strongly disagree, 2=Somewhat disagree, 3=Somewhat agree, 4=Strongly agree",
w5,q147,trad_religious_authorities,S. AGREEMENT/DISAGREEMENT WITH SPECIFIC STATEMENTS (cont’d),"I have here other statements. For each statement, would you say you strongly agree, somewhat agree, somewhat disagree, or strongly disagree?",The government should consult religious authorities when interpreting the laws.,"1=Strongly disagree, 2=Somewhat disagree, 3=Somewhat agree, 4=Strongly agree",
w6,q147,trad_religious_authorities,T. AGREEMENT/DISAGREEMENT WITH SPECIFIC STATEMENTS (cont’d),"I have here other statements. For each statement, would you say you strongly agree, somewhat agree, somewhat disagree, or strongly disagree?",The government should consult religious authorities when interpreting the laws.,"1=Strongly disagree, 2=Somewhat disagree, 3=Somewhat agree, 4=Strongly agree",
w1,,trad_son_preference,,,,"1=Strongly disagree, 2=Somewhat disagree, 3=Somewhat agree, 4=Strongly agree",Not included in this wave
w2,,trad_son_preference,,,,"1=Strongly disagree, 2=Somewhat disagree, 3=Somewhat agree, 4=Strongly agree",Not included in this wave
w3,q62,trad_son_preference,H.  TRADITIONALISM,"Please tell me how you feel about the following statements. Would you say you strongly agree, somewhat agree, somewhat disagree, or strongly disagree?","If one could have only one child, it is more preferable to have a boy than a girl.","1=Strongly disagree, 2=Somewhat disagree, 3=Somewhat agree, 4=Strongly agree",
w4,q67,trad_son_preference,I. TRADITIONALISM,"Please tell me how you feel about the following statements. Would you say you strongly agree, somewhat agree, somewhat disagree, or strongly disagree?","If one could have only one child, it is more preferable to have a boy than a 1 2 3 4 7 8 9 girl.","1=Strongly disagree, 2=Somewhat disagree, 3=Somewhat agree, 4=Strongly agree",
w5,q69,trad_son_preference,I. TRADITIONALISM,"Please tell me how you feel about the following statements. Would you say you strongly agree, somewhat agree, somewhat disagree, or strongly disagree?","If one could have only one child, it is more preferable to have a boy than a 1 2 3 4 7 8 9 girl.","1=Strongly disagree, 2=Somewhat disagree, 3=Somewhat agree, 4=Strongly agree",
w6,q67,trad_son_preference,I. TRADITIONALISM,"Please tell me how you feel about the following statements. Would you say you strongly agree, somewhat agree, somewhat disagree, or strongly disagree?","If one could have only one child, it is more preferable to have a boy than a 1 2 3 4 7 8 9 girl.","1=Strongly disagree, 2=Somewhat disagree, 3=Somewhat agree, 4=Strongly agree",
w1,,trad_teacher_authority,,,,"1=Strongly disagree, 2=Somewhat disagree, 3=Somewhat agree, 4=Strongly agree",Not included in this wave
w2,q57,trad_teacher_authority,I.	AGREEMENT/DISAGREEMENT WITH SPECIFIC STATEMENTS,"Please tell me how you feel about the following statements. Would you say you strongly agree, somewhat agree, somewhat disagree, or strongly disagree?","Being a student, one should not question the authority of their teacher.","1=Strongly disagree, 2=Somewhat disagree, 3=Somewhat agree, 4=Strongly agree",
w3,q57,trad_teacher_authority,H.  TRADITIONALISM,"Please tell me how you feel about the following statements. Would you say you strongly agree, somewhat agree, somewhat disagree, or strongly disagree?","Being a student, one should not question the authority of their teacher.","1=Strongly disagree, 2=Somewhat disagree, 3=Somewhat agree, 4=Strongly agree",
w4,q62,trad_teacher_authority,I. TRADITIONALISM,"Please tell me how you feel about the following statements. Would you say you strongly agree, somewhat agree, somewhat disagree, or strongly disagree?","Being a student, one should not question the authority of their teacher.","1=Strongly disagree, 2=Somewhat disagree, 3=Somewhat agree, 4=Strongly agree",
w5,q64,trad_teacher_authority,I. TRADITIONALISM,"Please tell me how you feel about the following statements. Would you say you strongly agree, somewhat agree, somewhat disagree, or strongly disagree?","Being a student, one should not question the authority of their teacher.","1=Strongly disagree, 2=Somewhat disagree, 3=Somewhat agree, 4=Strongly agree",
w6,q62,trad_teacher_authority,I. TRADITIONALISM,"Please tell me how you feel about the following statements. Would you say you strongly agree, somewhat agree, somewhat disagree, or strongly disagree?","Being a student, one should not question the authority of their teacher.","1=Strongly disagree, 2=Somewhat disagree, 3=Somewhat agree, 4=Strongly agree",
w1,,trad_women_politics,,,,"1=Strongly disagree, 2=Somewhat disagree, 3=Somewhat agree, 4=Strongly agree",Not included in this wave
w2,,trad_women_politics,,,,"1=Strongly disagree, 2=Somewhat disagree, 3=Somewhat agree, 4=Strongly agree",Not included in this wave
w3,q139,trad_women_politics,R.  AGREEMENT/DISAGREEMENT WITH SPECIFIC STATEMENTS (cont’d),"I have here other statements. For each statement, would you say you strongly agree, somewhat agree, somewhat disagree, or strongly disagree?",Women should not be involved in politics as much as men.,"1=Strongly disagree, 2=Somewhat disagree, 3=Somewhat agree, 4=Strongly agree",
w4,q139,trad_women_politics,S. AGREEMENT/DISAGREEMENT WITH SPECIFIC STATEMENTS (cont’d),"I have here other statements. For each statement, would you say you strongly agree, somewhat agree, somewhat disagree, or strongly disagree?",Women should not be involved in politics as much as men. (REVISED: Change question order),"1=Strongly disagree, 2=Somewhat disagree, 3=Somewhat agree, 4=Strongly agree",
w5,q146,trad_women_politics,S. AGREEMENT/DISAGREEMENT WITH SPECIFIC STATEMENTS (cont’d),"I have here other statements. For each statement, would you say you strongly agree, somewhat agree, somewhat disagree, or strongly disagree?",Women should not be involved in politics as much as men.,"1=Strongly disagree, 2=Somewhat disagree, 3=Somewhat agree, 4=Strongly agree",
w6,q146,trad_women_politics,T. AGREEMENT/DISAGREEMENT WITH SPECIFIC STATEMENTS (cont’d),"I have here other statements. For each statement, would you say you strongly agree, somewhat agree, somewhat disagree, or strongly disagree?",Women should not be involved in politics as much as men.,"1=Strongly disagree, 2=Somewhat disagree, 3=Somewhat agree, 4=Strongly agree",
w1,,trust_acquaintances,,,,"1=None at all, 2=Not very much trust, 3=Quite a lot of trust, 4=A great deal of trust",Not included in this wave
w2,q26,trust_acquaintances,C. 	SOCIAL CAPITAL,"How much trust do you have in each of the following types of people? (Do not read: Do not understand the question, Can’t choose & deal lot of much all understand choose to answer",Other people you interact with,"1=None at all, 2=Not very much trust, 3=Quite a lot of trust, 4=A great deal of trust",
w3,q27,trust_acquaintances,C.  SOCIAL CAPITAL,How much trust do you have in each of the following types of people?,Other people you interact with,"1=None at all, 2=Not very much trust, 3=Quite a lot of trust, 4=A great deal of trust",
w4,q28,trust_acquaintances,C. SOCIAL CAPITAL,"How much trust do you have in each of the following types of people? (Do not read: Do not understand the question, Can’t choose & deal lot of much all understand choose to answer",Other people you interact with,"1=None at all, 2=Not very much trust, 3=Quite a lot of trust, 4=A great deal of trust",
w5,q26,trust_acquaintances,C. SOCIAL CAPITAL,"How much trust do you have in each of the following types of people? (Do not read: Do not understand the question, Can’t choose &",Other people you interact with,"1=None at all, 2=Not very much trust, 3=Quite a lot of trust, 4=A great deal of trust",
w6,q26,trust_acquaintances,C. SOCIAL CAPITAL,"How much trust do you have in each of the following types of people? (Do not read: Do not understand the question, Can’t choose &",Other people you interact with,"1=None at all, 2=Not very much trust, 3=Quite a lot of trust, 4=A great deal of trust",
w1,q011,trust_civil_service,B.  TRUST IN INSTITUTIONS,"I’m going to name a number of institutions. For each one, please tell me how much trust do you have in them? Is It a great deal of trust, quite a lot of trust, not very much trust not very much trust, or none at all? None At All",Civil service,"1=None at all, 2=Not very much trust, 3=Quite a lot of trust, 4=A great deal of trust",
w2,q12,trust_civil_service,B.  TRUST IN INSTITUTIONS,"I’m going to name a number of institutions. For each one, please tell me how much trust do you have in them? Is It a great deal of trust, quite a lot of trust, not very much trust not very much trust, or none at all? None At All",Civil service,"1=None at all, 2=Not very much trust, 3=Quite a lot of trust, 4=A great deal of trust",
w3,q12,trust_civil_service,B.  TRUST IN INSTITUTIONS,"I’m going to name a number of institutions. For each one, please tell me how much trust do you have in them? Is it a great deal of trust, quite a lot of trust, not very much trust not very much trust, or none at all? None At All",Civil service,"1=None at all, 2=Not very much trust, 3=Quite a lot of trust, 4=A great deal of trust",
w4,q12,trust_civil_service,B. TRUST IN INSTITUTIONS,"I’m going to name a number of institutions. For each one, please tell me how much trust do you have in them? Is it a great deal of trust, choose & Decline to answer) The president (for presidential system) 1 2 3 4 7 8 9",Civil service,"1=None at all, 2=Not very much trust, 3=Quite a lot of trust, 4=A great deal of trust",
w5,q12,trust_civil_service,B. TRUST IN INSTITUTIONS,"I’m going to name a number of institutions. For each one, please tell me how much trust do you have in them? (Do not read: Do not The president (for 1 2 3 4 5 6 97 98 99",Civil service,"1=None at all, 2=Not very much trust, 3=Quite a lot of trust, 4=A great deal of trust",
w6,q12,trust_civil_service,B. TRUST IN INSTITUTIONS,"I’m going to name a number of institutions. For each one, please tell me how much trust do you have in them? (Do not read: Do not The president (for 1 2 3 4 7 8 9",Civil service,"1=None at all, 2=Not very much trust, 3=Quite a lot of trust, 4=A great deal of trust",
w1,q007,trust_courts,B.  TRUST IN INSTITUTIONS,"I’m going to name a number of institutions. For each one, please tell me how much trust do you have in them? Is It a great deal of trust, quite a lot of trust, not very much trust not very much trust, or none at all? None At All",The courts,"1=None at all, 2=Not very much trust, 3=Quite a lot of trust, 4=A great deal of trust",
w2,q8,trust_courts,B.  TRUST IN INSTITUTIONS,"I’m going to name a number of institutions. For each one, please tell me how much trust do you have in them? Is It a great deal of trust, quite a lot of trust, not very much trust not very much trust, or none at all? None At All",The courts,"1=None at all, 2=Not very much trust, 3=Quite a lot of trust, 4=A great deal of trust",
w3,q8,trust_courts,B.  TRUST IN INSTITUTIONS,"I’m going to name a number of institutions. For each one, please tell me how much trust do you have in them? Is it a great deal of trust, quite a lot of trust, not very much trust not very much trust, or none at all? None At All",The courts,"1=None at all, 2=Not very much trust, 3=Quite a lot of trust, 4=A great deal of trust",
w4,q8,trust_courts,B. TRUST IN INSTITUTIONS,"I’m going to name a number of institutions. For each one, please tell me how much trust do you have in them? Is it a great deal of trust, choose & Decline to answer) The president (for presidential system) 1 2 3 4 7 8 9",The courts,"1=None at all, 2=Not very much trust, 3=Quite a lot of trust, 4=A great deal of trust",
w5,q8,trust_courts,B. TRUST IN INSTITUTIONS,"I’m going to name a number of institutions. For each one, please tell me how much trust do you have in them? (Do not read: Do not The president (for 1 2 3 4 5 6 97 98 99",The courts,"1=None at all, 2=Not very much trust, 3=Quite a lot of trust, 4=A great deal of trust",
w6,q8,trust_courts,B. TRUST IN INSTITUTIONS,"I’m going to name a number of institutions. For each one, please tell me how much trust do you have in them? (Do not read: Do not The president (for 1 2 3 4 7 8 9",The courts,"1=None at all, 2=Not very much trust, 3=Quite a lot of trust, 4=A great deal of trust",
w1,q017,trust_election_commission,B.  TRUST IN INSTITUTIONS,"I’m going to name a number of institutions. For each one, please tell me how much trust do you have in them? Is It a great deal of trust, quite a lot of trust, not very much trust not very much trust, or none at all? None At All",The election commission [specify institution by name],"1=None at all, 2=Not very much trust, 3=Quite a lot of trust, 4=A great deal of trust",
w2,q18,trust_election_commission,B.  TRUST IN INSTITUTIONS,"I’m going to name a number of institutions. For each one, please tell me how much trust do you have in them? Is It a great deal of trust, quite a lot of trust, not very much trust not very much trust, or none at all? None At All",The election commission [specify institution by name],"1=None at all, 2=Not very much trust, 3=Quite a lot of trust, 4=A great deal of trust",
w3,q18,trust_election_commission,B.  TRUST IN INSTITUTIONS,"I’m going to name a number of institutions. For each one, please tell me how much trust do you have in them? Is it a great deal of trust, quite a lot of trust, not very much trust not very much trust, or none at all? None At All",The election commission [specify institution by name],"1=None at all, 2=Not very much trust, 3=Quite a lot of trust, 4=A great deal of trust",
w4,q18,trust_election_commission,B. TRUST IN INSTITUTIONS,"I’m going to name a number of institutions. For each one, please tell me how much trust do you have in them? Is it a great deal of trust, choose & Decline to answer) The president (for presidential system) 1 2 3 4 7 8 9",The election commission [specify institution by name],"1=None at all, 2=Not very much trust, 3=Quite a lot of trust, 4=A great deal of trust",
w5,q16,trust_election_commission,B. TRUST IN INSTITUTIONS,"I’m going to name a number of institutions. For each one, please tell me how much trust do you have in them? (Do not read: Do not The president (for 1 2 3 4 5 6 97 98 99",The election commission 1 2 3 4 5 6 97 98 99 [specify institution by name],"1=None at all, 2=Not very much trust, 3=Quite a lot of trust, 4=A great deal of trust",
w6,q16,trust_election_commission,B. TRUST IN INSTITUTIONS,"I’m going to name a number of institutions. For each one, please tell me how much trust do you have in them? (Do not read: Do not The president (for 1 2 3 4 7 8 9",The election commission 1 2 3 4 7 8 9 [specify institution by name],"1=None at all, 2=Not very much trust, 3=Quite a lot of trust, 4=A great deal of trust",
w1,q024,trust_generalized_binary,C. 	SOCIAL CAPITAL	(cont’d),,"Generally speaking, would you say that ""Most people can be trusted"" or that you must be very careful in dealing with people?","0=Must be very careful, 1=Most people can be trusted",
w2,q23,trust_generalized_binary,C. 	SOCIAL CAPITAL,,"Generally speaking, would you say that ""Most people can be trusted"" or that you must be very careful in dealing with people?","0=Must be very careful, 1=Most people can be trusted",
w3,q23,trust_generalized_binary,C.  SOCIAL CAPITAL,,"Generally speaking, would you say that ""Most people can be trusted"" or that you must be very careful in dealing with people?","0=Must be very careful, 1=Most people can be trusted",
w4,q23,trust_generalized_binary,C. SOCIAL CAPITAL,,"Generally speaking, would you say that ""Most people can be trusted"" or that you must be very careful in dealing with people?","0=Must be very careful, 1=Most people can be trusted",
w5,q22,trust_generalized_binary,C. SOCIAL CAPITAL,,"Generally speaking, would you say that ""Most people can be trusted"" or that you must be very careful in dealing with people?","0=Must be very careful, 1=Most people can be trusted",
w6,q22,trust_generalized_binary,C. SOCIAL CAPITAL,,"Generally speaking, would you say that ""Most people can be trusted"" or that you must be very careful in dealing with people?","0=Must be very careful, 1=Most people can be trusted",
w1,,trust_generalized_ordinal,,,,"1=Strongly disagree, 2=Somewhat disagree, 3=Somewhat agree, 4=Strongly agree",Not included in this wave
w2,,trust_generalized_ordinal,,,,"1=Strongly disagree, 2=Somewhat disagree, 3=Somewhat agree, 4=Strongly agree",Not included in this wave
w3,q49,trust_generalized_ordinal,H.  TRADITIONALISM,"Please tell me how you feel about the following statements. Would you say you strongly agree, somewhat agree, somewhat disagree, or strongly disagree?",Most people are trustworthy?,"1=Strongly disagree, 2=Somewhat disagree, 3=Somewhat agree, 4=Strongly agree",
w4,q24,trust_generalized_ordinal,C. SOCIAL CAPITAL,"Please tell me how you feel about the following statements. Would you say you strongly agree, somewhat agree, somewhat disagree, or strongly disagree?","General Speaking, would you say you strongly","1=Strongly disagree, 2=Somewhat disagree, 3=Somewhat agree, 4=Strongly agree",
w5,q23,trust_generalized_ordinal,C. SOCIAL CAPITAL,"Please tell me how you feel about the following statements. Would you say you strongly agree, somewhat agree, somewhat disagree, or strongly disagree?","General speaking, would you say you strongly","1=Strongly disagree, 2=Somewhat disagree, 3=Somewhat agree, 4=Strongly agree",
w6,q23,trust_generalized_ordinal,C. SOCIAL CAPITAL,"Please tell me how you feel about the following statements. Would you say you strongly agree, somewhat agree, somewhat disagree, or strongly disagree?","Generally speaking, would you say you strongly","1=Strongly disagree, 2=Somewhat disagree, 3=Somewhat agree, 4=Strongly agree",
w1,q131,trust_govt_do_right,P.	AGREEMENT/DISAGREEMENT WITH SPECIFIC STATEMENTS,"I have here other statements. For each statement, would you say you STRONGLY AGREE, SOMEWHAT AGREE, SOMEWHAT DISAGREE, or STRONGLY DISAGREE?",You can generally trust the people who run our government to do what is right.,"1=Strongly disagree, 2=Somewhat disagree, 3=Somewhat agree, 4=Strongly agree",
w2,q130,trust_govt_do_right,R.	AGREEMENT/DISAGREEMENT WITH SPECIFIC STATEMENTS,"I have here some statements. For each statement, would you say you strongly agree, somewhat agree, somewhat disagree, or strongly disagree?",You can generally trust the people who run our government to do what is right.,"1=Strongly disagree, 2=Somewhat disagree, 3=Somewhat agree, 4=Strongly agree",
w3,q136,trust_govt_do_right,Q.  AGREEMENT/DISAGREEMENT WITH SPECIFIC STATEMENTS,"I have here some statements. For each statement, would you say you strongly agree, somewhat agree, somewhat disagree, or strongly disagree?",You can generally trust the people who run our government to do what is right.,"1=Strongly disagree, 2=Somewhat disagree, 3=Somewhat agree, 4=Strongly agree",
w4,q137,trust_govt_do_right,R. AGREEMENT/DISAGREEMENT WITH SPECIFIC STATEMENTS,"I have here other statements. For each statement, would you say you STRONGLY AGREE, SOMEWHAT AGREE, SOMEWHAT DISAGREE, or STRONGLY DISAGREE?",You can generally trust the people who run our government to do what is right.,"1=Strongly disagree, 2=Somewhat disagree, 3=Somewhat agree, 4=Strongly agree",
w5,q144,trust_govt_do_right,R. AGREEMENT/DISAGREEMENT WITH SPECIFIC STATEMENTS,"I have here some statements. For each statement, would you say you strongly agree, somewhat agree, somewhat disagree, or strongly disagree?",You can generally trust the people who run our government to do what is right.,"1=Strongly disagree, 2=Somewhat disagree, 3=Somewhat agree, 4=Strongly agree",
w6,q136,trust_govt_do_right,R. AGREEMENT/DISAGREEMENT WITH SPECIFIC STATEMENTS,"I have here some statements. For each statement, would you say you strongly agree, somewhat agree, somewhat disagree, or strongly disagree?",You can generally trust the people who run our government to do what is right.,"1=Strongly disagree, 2=Somewhat disagree, 3=Somewhat agree, 4=Strongly agree",
w1,q014,trust_local_government,B.  TRUST IN INSTITUTIONS,"I’m going to name a number of institutions. For each one, please tell me how much trust do you have in them? Is It a great deal of trust, quite a lot of trust, not very much trust not very much trust, or none at all? None At All",Local government,"1=None at all, 2=Not very much trust, 3=Quite a lot of trust, 4=A great deal of trust",
w2,q15,trust_local_government,B.  TRUST IN INSTITUTIONS,"I’m going to name a number of institutions. For each one, please tell me how much trust do you have in them? Is It a great deal of trust, quite a lot of trust, not very much trust not very much trust, or none at all? None At All",Local government,"1=None at all, 2=Not very much trust, 3=Quite a lot of trust, 4=A great deal of trust",
w3,q15,trust_local_government,B.  TRUST IN INSTITUTIONS,"I’m going to name a number of institutions. For each one, please tell me how much trust do you have in them? Is it a great deal of trust, quite a lot of trust, not very much trust not very much trust, or none at all? None At All",Local government,"1=None at all, 2=Not very much trust, 3=Quite a lot of trust, 4=A great deal of trust",
w4,q15,trust_local_government,B. TRUST IN INSTITUTIONS,"I’m going to name a number of institutions. For each one, please tell me how much trust do you have in them? Is it a great deal of trust, choose & Decline to answer) The president (for presidential system) 1 2 3 4 7 8 9",Local government,"1=None at all, 2=Not very much trust, 3=Quite a lot of trust, 4=A great deal of trust",
w5,q15,trust_local_government,B. TRUST IN INSTITUTIONS,"I’m going to name a number of institutions. For each one, please tell me how much trust do you have in them? (Do not read: Do not The president (for 1 2 3 4 5 6 97 98 99",Local government,"1=None at all, 2=Not very much trust, 3=Quite a lot of trust, 4=A great deal of trust",
w6,q15,trust_local_government,B. TRUST IN INSTITUTIONS,"I’m going to name a number of institutions. For each one, please tell me how much trust do you have in them? (Do not read: Do not The president (for 1 2 3 4 7 8 9",Local government,"1=None at all, 2=Not very much trust, 3=Quite a lot of trust, 4=A great deal of trust",
w1,q012,trust_military,B.  TRUST IN INSTITUTIONS,"I’m going to name a number of institutions. For each one, please tell me how much trust do you have in them? Is It a great deal of trust, quite a lot of trust, not very much trust not very much trust, or none at all? None At All",The military,"1=None at all, 2=Not very much trust, 3=Quite a lot of trust, 4=A great deal of trust",
w2,q13,trust_military,B.  TRUST IN INSTITUTIONS,"I’m going to name a number of institutions. For each one, please tell me how much trust do you have in them? Is It a great deal of trust, quite a lot of trust, not very much trust not very much trust, or none at all? None At All",The military(or armed forces),"1=None at all, 2=Not very much trust, 3=Quite a lot of trust, 4=A great deal of trust",
w3,q13,trust_military,B.  TRUST IN INSTITUTIONS,"I’m going to name a number of institutions. For each one, please tell me how much trust do you have in them? Is it a great deal of trust, quite a lot of trust, not very much trust not very much trust, or none at all? None At All",The military(or armed forces),"1=None at all, 2=Not very much trust, 3=Quite a lot of trust, 4=A great deal of trust",
w4,q13,trust_military,B. TRUST IN INSTITUTIONS,"I’m going to name a number of institutions. For each one, please tell me how much trust do you have in them? Is it a great deal of trust, choose & Decline to answer) The president (for presidential system) 1 2 3 4 7 8 9",The military(or armed forces),"1=None at all, 2=Not very much trust, 3=Quite a lot of trust, 4=A great deal of trust",
w5,q13,trust_military,B. TRUST IN INSTITUTIONS,"I’m going to name a number of institutions. For each one, please tell me how much trust do you have in them? (Do not read: Do not The president (for 1 2 3 4 5 6 97 98 99",The military(or armed 1 2 3 4 5 6 97 98 99 forces),"1=None at all, 2=Not very much trust, 3=Quite a lot of trust, 4=A great deal of trust",
w6,q13,trust_military,B. TRUST IN INSTITUTIONS,"I’m going to name a number of institutions. For each one, please tell me how much trust do you have in them? (Do not read: Do not The president (for 1 2 3 4 7 8 9",The military or armed 1 2 3 4 7 8 9 forces,"1=None at all, 2=Not very much trust, 3=Quite a lot of trust, 4=A great deal of trust",
w1,q008,trust_national_government,B.  TRUST IN INSTITUTIONS,"I’m going to name a number of institutions. For each one, please tell me how much trust do you have in them? Is It a great deal of trust, quite a lot of trust, not very much trust not very much trust, or none at all? None At All",The national government [in capital city],"1=None at all, 2=Not very much trust, 3=Quite a lot of trust, 4=A great deal of trust",
w2,q9,trust_national_government,B.  TRUST IN INSTITUTIONS,"I’m going to name a number of institutions. For each one, please tell me how much trust do you have in them? Is It a great deal of trust, quite a lot of trust, not very much trust not very much trust, or none at all? None At All",The national government [in capital city],"1=None at all, 2=Not very much trust, 3=Quite a lot of trust, 4=A great deal of trust",
w3,q9,trust_national_government,B.  TRUST IN INSTITUTIONS,"I’m going to name a number of institutions. For each one, please tell me how much trust do you have in them? Is it a great deal of trust, quite a lot of trust, not very much trust not very much trust, or none at all? None At All",The national government [in capital city],"1=None at all, 2=Not very much trust, 3=Quite a lot of trust, 4=A great deal of trust",
w4,q9,trust_national_government,B. TRUST IN INSTITUTIONS,"I’m going to name a number of institutions. For each one, please tell me how much trust do you have in them? Is it a great deal of trust, choose & Decline to answer) The president (for presidential system) 1 2 3 4 7 8 9",The national government [in capital city],"1=None at all, 2=Not very much trust, 3=Quite a lot of trust, 4=A great deal of trust",
w5,q9,trust_national_government,B. TRUST IN INSTITUTIONS,"I’m going to name a number of institutions. For each one, please tell me how much trust do you have in them? (Do not read: Do not The president (for 1 2 3 4 5 6 97 98 99",The national government 1 2 3 4 5 6 97 98 99 [in capital city],"1=None at all, 2=Not very much trust, 3=Quite a lot of trust, 4=A great deal of trust",
w6,q9,trust_national_government,B. TRUST IN INSTITUTIONS,"I’m going to name a number of institutions. For each one, please tell me how much trust do you have in them? (Do not read: Do not The president (for 1 2 3 4 7 8 9",The national government 1 2 3 4 7 8 9 [in capital city],"1=None at all, 2=Not very much trust, 3=Quite a lot of trust, 4=A great deal of trust",
w1,,trust_neighbors,,,,"1=None at all, 2=Not very much trust, 3=Quite a lot of trust, 4=A great deal of trust",Not included in this wave
w2,q25,trust_neighbors,C. 	SOCIAL CAPITAL,"How much trust do you have in each of the following types of people? (Do not read: Do not understand the question, Can’t choose & deal lot of much all understand choose to answer",Your neighbors,"1=None at all, 2=Not very much trust, 3=Quite a lot of trust, 4=A great deal of trust",
w3,q26,trust_neighbors,C.  SOCIAL CAPITAL,How much trust do you have in each of the following types of people?,Your neighbors,"1=None at all, 2=Not very much trust, 3=Quite a lot of trust, 4=A great deal of trust",
w4,q27,trust_neighbors,C. SOCIAL CAPITAL,"How much trust do you have in each of the following types of people? (Do not read: Do not understand the question, Can’t choose & deal lot of much all understand choose to answer",Your neighbors,"1=None at all, 2=Not very much trust, 3=Quite a lot of trust, 4=A great deal of trust",
w5,q25,trust_neighbors,C. SOCIAL CAPITAL,"How much trust do you have in each of the following types of people? (Do not read: Do not understand the question, Can’t choose &",Your neighbors,"1=None at all, 2=Not very much trust, 3=Quite a lot of trust, 4=A great deal of trust",
w6,q25,trust_neighbors,C. SOCIAL CAPITAL,"How much trust do you have in each of the following types of people? (Do not read: Do not understand the question, Can’t choose &",Your neighbors,"1=None at all, 2=Not very much trust, 3=Quite a lot of trust, 4=A great deal of trust",
w1,q015,trust_newspapers,B.  TRUST IN INSTITUTIONS,"I’m going to name a number of institutions. For each one, please tell me how much trust do you have in them? Is It a great deal of trust, quite a lot of trust, not very much trust not very much trust, or none at all? None At All",Newspapers,"1=None at all, 2=Not very much trust, 3=Quite a lot of trust, 4=A great deal of trust",
w2,q16,trust_newspapers,B.  TRUST IN INSTITUTIONS,"I’m going to name a number of institutions. For each one, please tell me how much trust do you have in them? Is It a great deal of trust, quite a lot of trust, not very much trust not very much trust, or none at all? None At All",Newspapers,"1=None at all, 2=Not very much trust, 3=Quite a lot of trust, 4=A great deal of trust",
w3,q16,trust_newspapers,B.  TRUST IN INSTITUTIONS,"I’m going to name a number of institutions. For each one, please tell me how much trust do you have in them? Is it a great deal of trust, quite a lot of trust, not very much trust not very much trust, or none at all? None At All",Newspapers,"1=None at all, 2=Not very much trust, 3=Quite a lot of trust, 4=A great deal of trust",
w4,q16,trust_newspapers,B. TRUST IN INSTITUTIONS,"I’m going to name a number of institutions. For each one, please tell me how much trust do you have in them? Is it a great deal of trust, choose & Decline to answer) The president (for presidential system) 1 2 3 4 7 8 9",Newspapers,"1=None at all, 2=Not very much trust, 3=Quite a lot of trust, 4=A great deal of trust",
w5,q54,trust_newspapers,G. INTERNET AND SOCIAL MEDIA,"How much trust do you have in each of the following types of media? (Do not read: Do not understand the question, Can’t choose & lot somewhat somewh a lot fully understan choose to answer",Newspapers,"1=None at all, 2=Not very much trust, 3=Quite a lot of trust, 4=A great deal of trust",
w6,,trust_newspapers,,,,,Not fielded in this wave (YAML source: null; stale verbatim row cleared 2026-05-16)
w1,q018,trust_ngos,B.  TRUST IN INSTITUTIONS,"I’m going to name a number of institutions. For each one, please tell me how much trust do you have in them? Is It a great deal of trust, quite a lot of trust, not very much trust not very much trust, or none at all? None At All",Non-governmental organizations or NGOs,"1=None at all, 2=Not very much trust, 3=Quite a lot of trust, 4=A great deal of trust",
w2,q19,trust_ngos,B.  TRUST IN INSTITUTIONS,"I’m going to name a number of institutions. For each one, please tell me how much trust do you have in them? Is It a great deal of trust, quite a lot of trust, not very much trust not very much trust, or none at all? None At All",Non-governmental organizations or NGOs,"1=None at all, 2=Not very much trust, 3=Quite a lot of trust, 4=A great deal of trust",
w3,q19,trust_ngos,B.  TRUST IN INSTITUTIONS,"I’m going to name a number of institutions. For each one, please tell me how much trust do you have in them? Is it a great deal of trust, quite a lot of trust, not very much trust not very much trust, or none at all? None At All",Non-governmental organizations or NGOs,"1=None at all, 2=Not very much trust, 3=Quite a lot of trust, 4=A great deal of trust",
w4,q19,trust_ngos,B. TRUST IN INSTITUTIONS,"I’m going to name a number of institutions. For each one, please tell me how much trust do you have in them? Is it a great deal of trust, choose & Decline to answer) The president (for presidential system) 1 2 3 4 7 8 9",Non-governmental organizations or NGOs,"1=None at all, 2=Not very much trust, 3=Quite a lot of trust, 4=A great deal of trust",
w5,q17,trust_ngos,B. TRUST IN INSTITUTIONS,"I’m going to name a number of institutions. For each one, please tell me how much trust do you have in them? (Do not read: Do not The president (for 1 2 3 4 5 6 97 98 99",Non-governmental 1 2 3 4 5 6 97 98 99 organizations or NGOs,"1=None at all, 2=Not very much trust, 3=Quite a lot of trust, 4=A great deal of trust",
w6,q17,trust_ngos,B. TRUST IN INSTITUTIONS,"I’m going to name a number of institutions. For each one, please tell me how much trust do you have in them? (Do not read: Do not The president (for 1 2 3 4 7 8 9",Non-governmental 1 2 3 4 7 8 9 organizations or NGOs,"1=None at all, 2=Not very much trust, 3=Quite a lot of trust, 4=A great deal of trust",
w1,q010,trust_parliament,B.  TRUST IN INSTITUTIONS,"I’m going to name a number of institutions. For each one, please tell me how much trust do you have in them? Is It a great deal of trust, quite a lot of trust, not very much trust not very much trust, or none at all? None At All",Parliament,"1=None at all, 2=Not very much trust, 3=Quite a lot of trust, 4=A great deal of trust",
w2,q11,trust_parliament,B.  TRUST IN INSTITUTIONS,"I’m going to name a number of institutions. For each one, please tell me how much trust do you have in them? Is It a great deal of trust, quite a lot of trust, not very much trust not very much trust, or none at all? None At All",Parliament,"1=None at all, 2=Not very much trust, 3=Quite a lot of trust, 4=A great deal of trust",
w3,q11,trust_parliament,B.  TRUST IN INSTITUTIONS,"I’m going to name a number of institutions. For each one, please tell me how much trust do you have in them? Is it a great deal of trust, quite a lot of trust, not very much trust not very much trust, or none at all? None At All",Parliament,"1=None at all, 2=Not very much trust, 3=Quite a lot of trust, 4=A great deal of trust",
w4,q11,trust_parliament,B. TRUST IN INSTITUTIONS,"I’m going to name a number of institutions. For each one, please tell me how much trust do you have in them? Is it a great deal of trust, choose & Decline to answer) The president (for presidential system) 1 2 3 4 7 8 9",Parliament,"1=None at all, 2=Not very much trust, 3=Quite a lot of trust, 4=A great deal of trust",
w5,q11,trust_parliament,B. TRUST IN INSTITUTIONS,"I’m going to name a number of institutions. For each one, please tell me how much trust do you have in them? (Do not read: Do not The president (for 1 2 3 4 5 6 97 98 99",Parliament,"1=None at all, 2=Not very much trust, 3=Quite a lot of trust, 4=A great deal of trust",
w6,q11,trust_parliament,B. TRUST IN INSTITUTIONS,"I’m going to name a number of institutions. For each one, please tell me how much trust do you have in them? (Do not read: Do not The president (for 1 2 3 4 7 8 9",Parliament,"1=None at all, 2=Not very much trust, 3=Quite a lot of trust, 4=A great deal of trust",
w1,q013,trust_police,B.  TRUST IN INSTITUTIONS,"I’m going to name a number of institutions. For each one, please tell me how much trust do you have in them? Is It a great deal of trust, quite a lot of trust, not very much trust not very much trust, or none at all? None At All",The police,"1=None at all, 2=Not very much trust, 3=Quite a lot of trust, 4=A great deal of trust",
w2,q14,trust_police,B.  TRUST IN INSTITUTIONS,"I’m going to name a number of institutions. For each one, please tell me how much trust do you have in them? Is It a great deal of trust, quite a lot of trust, not very much trust not very much trust, or none at all? None At All",The police,"1=None at all, 2=Not very much trust, 3=Quite a lot of trust, 4=A great deal of trust",
w3,q14,trust_police,B.  TRUST IN INSTITUTIONS,"I’m going to name a number of institutions. For each one, please tell me how much trust do you have in them? Is it a great deal of trust, quite a lot of trust, not very much trust not very much trust, or none at all? None At All",The police,"1=None at all, 2=Not very much trust, 3=Quite a lot of trust, 4=A great deal of trust",
w4,q14,trust_police,B. TRUST IN INSTITUTIONS,"I’m going to name a number of institutions. For each one, please tell me how much trust do you have in them? Is it a great deal of trust, choose & Decline to answer) The president (for presidential system) 1 2 3 4 7 8 9",The police,"1=None at all, 2=Not very much trust, 3=Quite a lot of trust, 4=A great deal of trust",
w5,q14,trust_police,B. TRUST IN INSTITUTIONS,"I’m going to name a number of institutions. For each one, please tell me how much trust do you have in them? (Do not read: Do not The president (for 1 2 3 4 5 6 97 98 99",The police,"1=None at all, 2=Not very much trust, 3=Quite a lot of trust, 4=A great deal of trust",
w6,q14,trust_police,B. TRUST IN INSTITUTIONS,"I’m going to name a number of institutions. For each one, please tell me how much trust do you have in them? (Do not read: Do not The president (for 1 2 3 4 7 8 9",The police,"1=None at all, 2=Not very much trust, 3=Quite a lot of trust, 4=A great deal of trust",
w1,q009,trust_political_parties,B.  TRUST IN INSTITUTIONS,"I’m going to name a number of institutions. For each one, please tell me how much trust do you have in them? Is It a great deal of trust, quite a lot of trust, not very much trust not very much trust, or none at all? None At All",Political parties [not any specific party],"1=None at all, 2=Not very much trust, 3=Quite a lot of trust, 4=A great deal of trust",
w2,q10,trust_political_parties,B.  TRUST IN INSTITUTIONS,"I’m going to name a number of institutions. For each one, please tell me how much trust do you have in them? Is It a great deal of trust, quite a lot of trust, not very much trust not very much trust, or none at all? None At All",Political parties [not any specific party],"1=None at all, 2=Not very much trust, 3=Quite a lot of trust, 4=A great deal of trust",
w3,q10,trust_political_parties,B.  TRUST IN INSTITUTIONS,"I’m going to name a number of institutions. For each one, please tell me how much trust do you have in them? Is it a great deal of trust, quite a lot of trust, not very much trust not very much trust, or none at all? None At All",Political parties [not any specific party],"1=None at all, 2=Not very much trust, 3=Quite a lot of trust, 4=A great deal of trust",
w4,q10,trust_political_parties,B. TRUST IN INSTITUTIONS,"I’m going to name a number of institutions. For each one, please tell me how much trust do you have in them? Is it a great deal of trust, choose & Decline to answer) The president (for presidential system) 1 2 3 4 7 8 9",Political parties [not any specific party],"1=None at all, 2=Not very much trust, 3=Quite a lot of trust, 4=A great deal of trust",
w5,q10,trust_political_parties,B. TRUST IN INSTITUTIONS,"I’m going to name a number of institutions. For each one, please tell me how much trust do you have in them? (Do not read: Do not The president (for 1 2 3 4 5 6 97 98 99",Political parties [not any 1 2 3 4 5 6 97 98 99 specific party],"1=None at all, 2=Not very much trust, 3=Quite a lot of trust, 4=A great deal of trust",
w6,q10,trust_political_parties,B. TRUST IN INSTITUTIONS,"I’m going to name a number of institutions. For each one, please tell me how much trust do you have in them? (Do not read: Do not The president (for 1 2 3 4 7 8 9",Political parties [not any 1 2 3 4 7 8 9 specific party],"1=None at all, 2=Not very much trust, 3=Quite a lot of trust, 4=A great deal of trust",
w1,,trust_president,,,,"1=None at all, 2=Not very much trust, 3=Quite a lot of trust, 4=A great deal of trust",Not included in this wave
w2,q7,trust_president,B.  TRUST IN INSTITUTIONS,"I’m going to name a number of institutions. For each one, please tell me how much trust do you have in them? Is It a great deal of trust, quite a lot of trust, not very much trust not very much trust, or none at all? None At All",The Presidency (for presidential system) or Prime Minister (for parliamentary system),"1=None at all, 2=Not very much trust, 3=Quite a lot of trust, 4=A great deal of trust",
w3,q7,trust_president,B.  TRUST IN INSTITUTIONS,"I’m going to name a number of institutions. For each one, please tell me how much trust do you have in them? Is it a great deal of trust, quite a lot of trust, not very much trust not very much trust, or none at all? None At All",The president (for presidential system) or Prime Minister (for parliamentary system),"1=None at all, 2=Not very much trust, 3=Quite a lot of trust, 4=A great deal of trust",
w4,q7,trust_president,B. TRUST IN INSTITUTIONS,"I’m going to name a number of institutions. For each one, please tell me how much trust do you have in them? Is it a great deal of trust, choose & Decline to answer) The president (for presidential system) 1 2 3 4 7 8 9",The president (for presidential system) or Prime Minister (for parliamentary system),"1=None at all, 2=Not very much trust, 3=Quite a lot of trust, 4=A great deal of trust",
w5,q7,trust_president,B. TRUST IN INSTITUTIONS,"I’m going to name a number of institutions. For each one, please tell me how much trust do you have in them? (Do not read: Do not The president (for 1 2 3 4 5 6 97 98 99",The president (for presidential system) or Prime Minister (for parliamentary system),"1=None at all, 2=Not very much trust, 3=Quite a lot of trust, 4=A great deal of trust",
w6,q7,trust_president,B. TRUST IN INSTITUTIONS,"I’m going to name a number of institutions. For each one, please tell me how much trust do you have in them? (Do not read: Do not The president (for 1 2 3 4 7 8 9",The president (for presidential system) or Prime Minister (for parliamentary system),"1=None at all, 2=Not very much trust, 3=Quite a lot of trust, 4=A great deal of trust",
w1,,trust_relatives,,,,"1=None at all, 2=Not very much trust, 3=Quite a lot of trust, 4=A great deal of trust",Not included in this wave
w2,q24,trust_relatives,C. 	SOCIAL CAPITAL,"How much trust do you have in each of the following types of people? (Do not read: Do not understand the question, Can’t choose & deal lot of much all understand choose to answer",Your relatives,"1=None at all, 2=Not very much trust, 3=Quite a lot of trust, 4=A great deal of trust",
w3,q25,trust_relatives,C.  SOCIAL CAPITAL,How much trust do you have in each of the following types of people?,Your relatives,"1=None at all, 2=Not very much trust, 3=Quite a lot of trust, 4=A great deal of trust",
w4,q26,trust_relatives,C. SOCIAL CAPITAL,"How much trust do you have in each of the following types of people? (Do not read: Do not understand the question, Can’t choose & deal lot of much all understand choose to answer",Your relatives,"1=None at all, 2=Not very much trust, 3=Quite a lot of trust, 4=A great deal of trust",
w5,q24,trust_relatives,C. SOCIAL CAPITAL,"How much trust do you have in each of the following types of people? (Do not read: Do not understand the question, Can’t choose &",Your relatives,"1=None at all, 2=Not very much trust, 3=Quite a lot of trust, 4=A great deal of trust",
w6,q24,trust_relatives,C. SOCIAL CAPITAL,"How much trust do you have in each of the following types of people? (Do not read: Do not understand the question, Can’t choose &",Your relatives,"1=None at all, 2=Not very much trust, 3=Quite a lot of trust, 4=A great deal of trust",
w1,,trust_strangers,,,,"1=None at all, 2=Not very much trust, 3=Quite a lot of trust, 4=A great deal of trust",Not included in this wave
w2,,trust_strangers,,,,"1=None at all, 2=Not very much trust, 3=Quite a lot of trust, 4=A great deal of trust",Not included in this wave
w3,,trust_strangers,,,,"1=None at all, 2=Not very much trust, 3=Quite a lot of trust, 4=A great deal of trust",Not included in this wave
w4,,trust_strangers,,,,"1=None at all, 2=Not very much trust, 3=Quite a lot of trust, 4=A great deal of trust",Not included in this wave
w5,q27,trust_strangers,C. SOCIAL CAPITAL,"How much trust do you have in each of the following types of people? (Do not read: Do not understand the question, Can’t choose &",people you meet for the first time,"1=None at all, 2=Not very much trust, 3=Quite a lot of trust, 4=A great deal of trust",
w6,q27,trust_strangers,C. SOCIAL CAPITAL,"How much trust do you have in each of the following types of people? (Do not read: Do not understand the question, Can’t choose &",People you meet for the first time,"1=None at all, 2=Not very much trust, 3=Quite a lot of trust, 4=A great deal of trust",
w1,q016,trust_television,B.  TRUST IN INSTITUTIONS,"I’m going to name a number of institutions. For each one, please tell me how much trust do you have in them? Is It a great deal of trust, quite a lot of trust, not very much trust not very much trust, or none at all? None At All",Television,"1=None at all, 2=Not very much trust, 3=Quite a lot of trust, 4=A great deal of trust",
w2,q17,trust_television,B.  TRUST IN INSTITUTIONS,"I’m going to name a number of institutions. For each one, please tell me how much trust do you have in them? Is It a great deal of trust, quite a lot of trust, not very much trust not very much trust, or none at all? None At All",Television,"1=None at all, 2=Not very much trust, 3=Quite a lot of trust, 4=A great deal of trust",
w3,q17,trust_television,B.  TRUST IN INSTITUTIONS,"I’m going to name a number of institutions. For each one, please tell me how much trust do you have in them? Is it a great deal of trust, quite a lot of trust, not very much trust not very much trust, or none at all? None At All",Television,"1=None at all, 2=Not very much trust, 3=Quite a lot of trust, 4=A great deal of trust",
w4,q17,trust_television,B. TRUST IN INSTITUTIONS,"I’m going to name a number of institutions. For each one, please tell me how much trust do you have in them? Is it a great deal of trust, choose & Decline to answer) The president (for presidential system) 1 2 3 4 7 8 9",Television,"1=None at all, 2=Not very much trust, 3=Quite a lot of trust, 4=A great deal of trust",
w5,q53,trust_television,G. INTERNET AND SOCIAL MEDIA,"How much trust do you have in each of the following types of media? (Do not read: Do not understand the question, Can’t choose & lot somewhat somewh a lot fully understan choose to answer",Television,"1=None at all, 2=Not very much trust, 3=Quite a lot of trust, 4=A great deal of trust",
w6,,trust_television,,,,,Not fielded in this wave (YAML source: null; stale verbatim row cleared 2026-05-16)
w1,q138,upright_leader_discretion,P.	AGREEMENT/DISAGREEMENT WITH SPECIFIC STATEMENTS	(cont’d),"I have here other statements. For each statement, would you say you strongly agree, somewhat agree, somewhat disagree, or strongly disagree?","If we have political leaders who are morally upright, we can let them decide everything.","1=Strongly disagree, 2=Somewhat disagree, 3=Somewhat agree, 4=Strongly agree",
w2,q139,upright_leader_discretion,S.	AGREEMENT/DISAGREEMENT WITH SPECIFIC STATEMENTS	(cont’d),"I have here other statements. For each statement, would you say you strongly agree, somewhat agree, somewhat disagree, or strongly disagree?","If we have political leaders who are morally upright, we can let them decide everything. If people have too many different ways of thinking, society will be chaotic. When the country is facing a difficult situation, it is ok for the government to disregard the law in order to deal with the situation.","1=Strongly disagree, 2=Somewhat disagree, 3=Somewhat agree, 4=Strongly agree",
w3,q146,upright_leader_discretion,R.  AGREEMENT/DISAGREEMENT WITH SPECIFIC STATEMENTS (cont’d),"I have here other statements. For each statement, would you say you strongly agree, somewhat agree, somewhat disagree, or strongly disagree?","If we have political leaders who are morally upright, we can let them decide everything.","1=Strongly disagree, 2=Somewhat disagree, 3=Somewhat agree, 4=Strongly agree",
w4,q147,upright_leader_discretion,S. AGREEMENT/DISAGREEMENT WITH SPECIFIC STATEMENTS (cont’d),"I have here other statements. For each statement, would you say you strongly agree, somewhat agree, somewhat disagree, or strongly disagree?","If we have political leaders who are morally upright, we can let them decide everything. If people have too many different ways of thinking, society will","1=Strongly disagree, 2=Somewhat disagree, 3=Somewhat agree, 4=Strongly agree",
w5,q154,upright_leader_discretion,S. AGREEMENT/DISAGREEMENT WITH SPECIFIC STATEMENTS (cont’d),"I have here other statements. For each statement, would you say you strongly agree, somewhat agree, somewhat disagree, or strongly disagree?","If we have political leaders who are morally upright, we can let them decide everything. If people have too many different ways of thinking, society will","1=Strongly disagree, 2=Somewhat disagree, 3=Somewhat agree, 4=Strongly agree",
w6,q154,upright_leader_discretion,T. AGREEMENT/DISAGREEMENT WITH SPECIFIC STATEMENTS (cont’d),"I have here other statements. For each statement, would you say you strongly agree, somewhat agree, somewhat disagree, or strongly disagree?","If we have political leaders who are morally upright, we can let 1 2 3 4 7 8 9 them decide everything. If people have too many different ways of thinking, society will","1=Strongly disagree, 2=Somewhat disagree, 3=Somewhat agree, 4=Strongly agree",
w1,level3,urban_rural,,,Urban or rural residence,"0=Rural, 1=Urban",Metadata variable (not a survey question)
w2,level3,urban_rural,,,Urban or rural residence,"0=Rural, 1=Urban",Metadata variable (not a survey question)
w3,level3,urban_rural,,,Urban or rural residence,"0=Rural, 1=Urban",Metadata variable (not a survey question)
w4,level,urban_rural,,,Urban or rural residence,"0=Rural, 1=Urban",Metadata variable (not a survey question)
w5,Level,urban_rural,,,Urban or rural residence,"0=Rural, 1=Urban",Metadata variable (not a survey question)
w6,level,urban_rural,,,Urban or rural residence,"0=Rural, 1=Urban",Metadata variable (not a survey question)
w1,,vote_buying_offered,,,,"1=Often, 2=Sometimes, 3=Never",Not included in this wave
w2,,vote_buying_offered,,,,"1=Often, 2=Sometimes, 3=Never",Not included in this wave
w3,,vote_buying_offered,,,,"1=Often, 2=Sometimes, 3=Never",Not included in this wave
w4,,vote_buying_offered,,,,"1=Often, 2=Sometimes, 3=Never",Not included in this wave
w5,,vote_buying_offered,,,,"1=Often, 2=Sometimes, 3=Never",Not included in this wave
w6,q79,vote_buying_offered,J. POLITICAL PARTICIPATION,,"In recent years and thinking about election campaigns, has a candidate","1=Often, 2=Sometimes, 3=Never",
w1,q027,voted_last_election,E.	PARTICIPATION IN ELECTIONS,,"In talking to people about elections, we","0=No, 1=Yes",
w2,q38,voted_last_election,D.	HUMAN SECURITY,,"In talking to people about elections, we","0=No, 1=Yes",
w3,q32,voted_last_election,D.  PARTICIPATION IN ELECTIONS,,"In talking to people about elections, we","0=No, 1=Yes",
w4,q33,voted_last_election,D. PARTICIPATION IN ELECTIONS,,"In talking to people about elections, we","0=No, 1=Yes",
w5,q33,voted_last_election,D. PARTICIPATION IN ELECTIONS,,"In talking to people about elections, we","0=No, 1=Yes",
w6,q33,voted_last_election,D. PARTICIPATION IN ELECTIONS,,"In talking to people about elections, we","0=No, 1=Yes",
w1,,voted_winning_losing,,,,"1=Winning camp, 2=Losing camp",Not included in this wave
w2,q39a,voted_winning_losing,,,Did the respondent vote for the winning or losing camp?,"1=Winning camp, 2=Losing camp",Sub-item/derived variable (not a standalone question)
w3,q33a,voted_winning_losing,,,Did the respondent vote for the winning or losing camp?,"1=Winning camp, 2=Losing camp",Sub-item/derived variable (not a standalone question)
w4,q34a,voted_winning_losing,,,Did the respondent vote for the winning or losing camp?,"1=Winning camp, 2=Losing camp",Sub-item/derived variable (not a standalone question)
w5,q34a,voted_winning_losing,,,Did the respondent vote for the winning or losing camp?,"1=Winning camp, 2=Losing camp",Sub-item/derived variable (not a standalone question)
w6,q34a,voted_winning_losing,,,Did the respondent vote for the winning or losing camp?,"1=Winning camp, 2=Losing camp",Sub-item/derived variable (not a standalone question)
w1,,voting_frequency,,,,"1=Hardly ever voted, 2=Voted in some elections, 3=Voted in most elections, 4=Voted in every election",Not included in this wave
w2,q90,voting_frequency,G.	PSYCHOLOGICAL INVOLVEMENT,,"Thinking of whether you voted or not ever since you became eligible for voting, how would you describe yourself — have you voted in every election, voted in most elections, voted in some elections or hardly ever voted?","1=Hardly ever voted, 2=Voted in some elections, 3=Voted in most elections, 4=Voted in every election",
w3,q73,voting_frequency,I.  POLITICAL PARTICIPATION,,"Thinking of whether you voted or not ever since you became eligible for voting, how would you describe yourself –have you voted in every election, voted in most elections, voted in some elections or hardly ever voted?","1=Hardly ever voted, 2=Voted in some elections, 3=Voted in most elections, 4=Voted in every election",
w4,q78,voting_frequency,J. POLITICAL PARTICIPATION,,"Thinking of whether you voted or not ever since you became eligible for voting, how would you describe yourself — have you voted in every election, voted in most elections, voted in some elections or hardly ever voted?","1=Hardly ever voted, 2=Voted in some elections, 3=Voted in most elections, 4=Voted in every election",
w5,q81,voting_frequency,J. POLITICAL PARTICIPATION,,"Thinking of whether you voted or not ever since you became eligible for voting, how would you describe yourself — have you voted in every election, voted in most elections, voted in some elections or hardly ever voted?","1=Hardly ever voted, 2=Voted in some elections, 3=Voted in most elections, 4=Voted in every election",
w6,q78,voting_frequency,J. POLITICAL PARTICIPATION,,"Thinking of whether you voted or not ever since you became eligible for voting, how would you describe yourself — have you voted in every election, voted in most elections, voted in some elections or hardly ever voted?","1=Hardly ever voted, 2=Voted in some elections, 3=Voted in most elections, 4=Voted in every election",
w1,,voting_pattern_self_description,,,,"1=I always vote, 2=I vote in most elections, 3=I seldom vote, 4=I never vote",Not included in this wave
w2,,voting_pattern_self_description,,,,"1=I always vote, 2=I vote in most elections, 3=I seldom vote, 4=I never vote",Not included in this wave
w3,,voting_pattern_self_description,,,,"1=I always vote, 2=I vote in most elections, 3=I seldom vote, 4=I never vote",Not included in this wave
w4,q78,voting_pattern_self_description,J. POLITICAL PARTICIPATION,,"Thinking of whether you voted or not ever since you became eligible Voted in every election ............................................. …..1 for voting, how would you describe yourself –have you voted in every Voted in most elections ............................................ …..2 election, voted in most elections, voted in some elections or hardly Voted in some elections ........................................... …..3 ever voted? Hardly ever voted ..................................................... …..4","1=I always vote, 2=I vote in most elections, 3=I seldom vote, 4=I never vote",
w5,,voting_pattern_self_description,,,,"1=I always vote, 2=I vote in most elections, 3=I seldom vote, 4=I never vote",Not included in this wave
w6,,voting_pattern_self_description,,,,"1=I always vote, 2=I vote in most elections, 3=I seldom vote, 4=I never vote",Not included in this wave
w1,,weight,,,,,Not included in this wave
w2,,weight,,,,,Not included in this wave
w3,allweight,weight,,,Individual country weight (normalizes to mean ~1 within country),,Metadata variable (not a survey question)
w4,w,weight,,,Individual country weight (normalizes to mean ~1 within country),,Metadata variable (not a survey question)
w5,w,weight,,,Individual country weight (normalizes to mean ~1 within country),,Metadata variable (not a survey question)
w6,w,weight,,,Individual country weight (normalizes to mean ~1 within country),,Metadata variable (not a survey question)
w1,,weight_cross,,,,,Not included in this wave
w2,,weight_cross,,,,,Not included in this wave
w3,couweight,weight_cross,,,Cross-country weight for pooled multi-country analyses,,Metadata variable (not a survey question)
w4,w_cross,weight_cross,,,Cross-country weight for pooled multi-country analyses,,Metadata variable (not a survey question)
w5,,weight_cross,,,,,Not included in this wave
w6,,weight_cross,,,,,Not included in this wave
w1,,worked_for_candidate,,,,"0=No, 1=Yes",Not included in this wave
w2,,worked_for_candidate,,,,"0=No, 1=Yes",Not included in this wave
w3,,worked_for_candidate,,,,"0=No, 1=Yes",Not included in this wave
w4,,worked_for_candidate,,,,"0=No, 1=Yes",Not included in this wave
w5,q37,worked_for_candidate,D. PARTICIPATION IN ELECTIONS,"Thinking about the national election in [year], did you …",Did you do anything else to help out or work for a party or candidate,"0=No, 1=Yes",
w6,q37,worked_for_candidate,D. PARTICIPATION IN ELECTIONS,"Thinking about the national election in [year], did you …",Did you do anything else to help out or work for a party or candidate,"0=No, 1=Yes",
w1,,worried_income_loss,,,,"1=Not worried at all, 2=Not very worried, 3=Somewhat worried, 4=Very worried",Not included in this wave
w2,,worried_income_loss,,,,"1=Not worried at all, 2=Not very worried, 3=Somewhat worried, 4=Very worried",Not included in this wave
w3,,worried_income_loss,,,,"1=Not worried at all, 2=Not very worried, 3=Somewhat worried, 4=Very worried",Not included in this wave
w4,,worried_income_loss,,,,"1=Not worried at all, 2=Not very worried, 3=Somewhat worried, 4=Very worried",Not included in this wave
w5,,worried_income_loss,,,,"1=Not worried at all, 2=Not very worried, 3=Somewhat worried, 4=Very worried",Not included in this wave
w6,q161,worried_income_loss,V. REDISTRIBUTION,,How worried are you that your family might lose its major source of income within the next 12 months?,"1=Not worried at all, 2=Not very worried, 3=Somewhat worried, 4=Very worried",
