"Group","Variable","Item Label","n_waves","waves","scale_type","Response","Item"
"Basic","age","age",13,"14,15,16,17,18,19a,19b,20a,20b,21a,21b,22,23a","unknown",NA,"Respondent's age"
"Basic","age_rge","age range",13,"14,15,16,17,18,19a,19b,20a,20b,21a,21b,22,23a","1-5 scale","1=18-29
2=30-39
3=40-49
4=50-59
5=over 60","Respondent's age range"
"Basic","birthyear","birth year",13,"14,15,16,17,18,19a,19b,20a,20b,21a,21b,22,23a","other","19**","Respondent's birth year"
"Basic","cohort","cohort",13,"14,15,16,17,18,19a,19b,20a,20b,21a,21b,22,23a","1-5 scale","1=war generation
2=industrial generation
3=386 generation
4=X generation
5=IMF generation
6=Millenials","cohort based on birty year"
"Basic","date2023","Surveyed Before or after the 2023 Washington Declaration",1,"23a","binary","1=befor  the declaration  
2= after the declaration",NA
"Basic","dist","survey district",11,"16,17,18,19a,19b,20a,20b,21a,21b,22,23a","unknown",NA,"survey district"
"Basic","gender","gender",13,"14,15,16,17,18,19a,19b,20a,20b,21a,21b,22,23a","binary","1=male, 2=female","Respondent's gender"
"Basic","id","individual ID",13,"14,15,16,17,18,19a,19b,20a,20b,21a,21b,22,23a","unknown",NA,NA
"Basic","idate","interview date",9,"18,19a,19b,20a,20b,21a,21b,22,23a","unknown",NA,NA
"Basic","imonth","interview month",9,"18,19a,19b,20a,20b,21a,21b,22,23a","unknown",NA,NA
"Basic","reg_size","type of region",13,"14,15,16,17,18,19a,19b,20a,20b,21a,21b,22,23a","1-3 scale","1=metropolitan area, 2=medium/small city, 3=rural area",NA
"Basic","region","survey region",13,"14,15,16,17,18,19a,19b,20a,20b,21a,21b,22,23a","1-7 scale","1=Seoul
2=Busan
3=Daegu
4=Incheon
5=Gwangju
6=Daejeon
7=Ulsan
8=Gyeonggi
9=Gangwon
10=Chungbuk
11=Chungnam 
12=Jeonbuk
13=Jeonnam 
14=Gyeongbuk 15=Gyeongnam
16=Jeju 
17=Sejong
18=foreign
19=North Korea",NA
"Basic","type","questionnaire verson (2019)",1,"19a","binary","1=version A, 2= version B","questionnaire version A or B"
"Basic","type20","questionnaire verson (2020)",1,"20a","binary","1=version A, 2= version B","questionnaire version A or B"
"Basic","year","survey year",13,"14,15,16,17,18,19a,19b,20a,20b,21a,21b,22,23a","1-7 scale","1=2014 Sep, 2=2015 Jul
3=2016 Jun, 4=2017 Mar
5=2018 Apr, 6=2019 Apr
7=2019 Sep, 8=2020 May
9=2020 Nov, 10=2021 Apr
11=2021 Oct, 12=2022 Apr
13=2023 Apr, 14=2024 Apr",NA
"North Korea","nk01","interest in North Korea",12,"15,16,17,18,19a,19b,20a,20b,21a,21b,22,23a","1-4 scale","1=not interested at all
2=a little disinterested
3=somewhat interested
4=very interested
9=n/a","
How much are you interested in North Korea?"
"North Korea","nk02","Information Acquisition on North Korea (2014)",1,"14","1-7 scale","1=TV, radio, and newspapers
2=relatives, friends, neighbors, and colleagues
3=government and government-related organizations
4=civic organization
5=internet
6=schools
7=etc
9=n/a","Where do you usually get information about North Korea?"
"North Korea","nk0301","Information Acquisition on North Korea: 1st rank",10,"15,16,17,18,19a,19b,20a,20b,21a,22","1-7 scale","1=network TV, 
2=comprehensive programming channels ,
3=cable TV
4=national newspapers,
5=local newspapers 
6=magazines,
7=internet, 
8=radio,
9=social media, 
10=social messaging apps,
11=etc, 
12=YouTube
99=n/a","When you get information about North Korea and unification, which of the following media do you rely most on? Please pick two answers in the order of importance."
"North Korea","nk0301_paper","Information Acquisition on North Korea - newspaper",1,"22","other","1 = Kyunghyang Shinmun		
2 = Dong-A Ilbo
3 = Maeil Business News	
4 = Chosunilbo
5 = JoongAng Ilbo
6 = Hankyoreh Shinmun		
7 = Hankyung	
8 = Hankook Ilbo
9 = Etc
99=n/a","When you get information about North Korea and reunification, which of the following newspapers do you rely on the most? (Only for respondents who selected NEWS PAPER in nk0301)"
"North Korea","nk0301_portal","Information Acquisition on North Korea - internet portal",1,"22","other","1 = Naver	  
2 = Daum	
3 = Google		
4 = Nate		
5 = MSN		
6 = etc","When you get information about North Korea and reunification, which of the following internet portals do you rely on the most? (Only for respondents who selected Internet in nk0301)"
"North Korea","nk0301_sns","nformation Acquisition on North Korea - social media",1,"22","other","1 = Twitter 	
2 = Facebook	
3 = Instagram	
4 = etc","When you get information about North Korea and reunification, which of the following social media do you rely on the most? (Only for respondents who selected social media in nk0301)"
"North Korea","nk0301_tv","nformation Acquisition on North Korea - comprehensive programming channels",1,"22","other","1 = JTBC 	
2 = TV Chosun	
3 = Channel A	
4 = MBN		
5 = Ect","When you get information about North Korea and reunification, which of the following comprehensive programming TV channels do you rely on the most? (Only for respondents who selected comprehensive programming channels in nk0301)"
"North Korea","nk0302","Information Acquisition on North Korea 2nd rank",10,"15,16,17,18,19a,19b,20a,20b,21a,22","1-7 scale","1=network TV, 
2=comprehensive programming channels ,
3=cable TV
4=national news papers,
5=local news papers 
6=magazines,
7=internet, 
8=radio,
9=social media, 
10=social messaging apps,
11=etc, 
12=YouTube
99=n/a","When you get information about North Korea and unification, which of the following media do you rely most on? Please pick two answers in the order of importance."
"North Korea","nk0302_open","Information Acquisition on North Korea (open-ended)",7,"18,19a,19b,20a,20b,21a,22","1-7 scale","1=missionary(religion)
2=neighbor
3=video clips provided by a friend
4=foreign media
5=podcast
6=acquaintances
7= expert interviews or op-ed columns
8=military education for reserved force
9=research papers
10=book
99=n/a","When you get information about North Korea and unification, which of the following media do you rely most on? Please pick two answers in the order of importance.  (open-ended)"
"North Korea","nk0303","Fake news - Ban on Anti-North Korea Leaflets",1,"21a","1-5 scale","1=False
2=Mostly false
3=Half false half true
4=Mostly true
5=True
9=No response","Below are the headlines of recent media articles or Internet news related to North Korea. Please determine whether these statements are close to false or true in your opinion: According to the Ban on Anti-North Korea Leaflet Act, even sending a USB of Korean drama across the border between North Korea and China will be punished."
"North Korea","nk0304","Fake news - Demand for National Pension",1,"21a","1-5 scale","1=False
2=Mostly false
3=Half false half true
4=Mostly true
5=True
9=No response","Below are the headlines of recent media articles or Internet news related to North Korea. Please determine whether these statements are close to false or true in your opinion: North Korea demanded 200 trillion won of South Korean National Pension."
"North Korea","nk0305","Fake news - Playingthe  North Korean national anthem",2,"21a,22","1-5 scale","1=False
2=Mostly false
3=Half false half true
4=Mostly true
5=True
9=No response","Below are the headlines of recent media articles or Internet news related to North Korea. Please determine whether these statements are close to false or true in your opinion: The North Korean national anthem was played at the 70th anniversary of the Korean War."
"North Korea","nk0306","Fake news - North Korean intervention in 5.18 Kwangju Movement",2,"21a,22","1-5 scale","1=False
2=Mostly false
3=Half false half true
4=Mostly true
5=True
9=No response","Below are the headlines of recent media articles or Internet news related to North Korea. Please determine whether these statements are close to false or true in your opinion: North Korean special forces intervened during the 5.18 Gwangju Democratization Movement."
"North Korea","nk0307","Fake news - Children's Day video",2,"21a,22","1-5 scale","1=False
2=Mostly false
3=Half false half true
4=Mostly true
5=True
9=No response","Below are the headlines of recent media articles or Internet news related to North Korea. Please determine whether these statements are close to false or true in your opinion: The children in the Blue House Children's Day video are a North Korean boy band."
"North Korea","nk0308","Fake news - Uranium waste",1,"21a","1-5 scale","1=False
2=Mostly false
3=Half false half true
4=Mostly true
5=True
9=No response","Below are the headlines of recent media articles or Internet news related to North Korea. Please determine whether these statements are close to false or true in your opinion: North Korea released uranium waste, which led the radiation levels to soar in Yeongjongdo"
"North Korea","nk0309","Fake news - Deficit treasury bonds",1,"21a","1-5 scale","1=False
2=Mostly false
3=Half false half true
4=Mostly true
5=True
9=No response","Below are the headlines of recent media articles or Internet news related to North Korea. Please determine whether these statements are close to false or true in your opinion: South Korean government tried to support North Korea by issuing government bonds in deficit."
"North Korea","nk0310","Fake news - Military Demarcation Line",1,"21a","1-5 scale","1=False
2=Mostly false
3=Half false half true
4=Mostly true
5=True
9=No response","Below are the headlines of recent media articles or Internet news related to North Korea. Please determine whether these statements are close to false or true in your opinion: President Moon Jae-in's brief crossing of the Military Demarcation Line is a violation of the National Security Act"
"North Korea","nk0311","Fake news exposure experience",1,"21a","1-3 scale","1=Never
2=Yes
3=I come across them often
9=No response","Have you ever come across information that you think is fake news about North Korea in the media, the Internet, social media, or conversations with your friends or acquaintances?"
"North Korea","nk0312","Media exposure - TV",2,"21a,22","1-7 scale","1=Does not use
2=Less than 30 minutes
3=0.5-1 hour
4=1-1.5 hours
5=1.5-2 hours
6=2-2.5 hours
7=2.5-3 hours
8=3-3.5 hours
9=3.5-4 hours
10=4 hours or more","On average, how much do you watch TV (terrestrial broadcasters, general TV channels, cable broadcasts, etc.) per day on weekdays?"
"North Korea","nk0313","Media exposure - Internet",2,"21a,22","1-7 scale","1=Does not use
2=Less than 30 minutes
3=0.5-1 hour
4=1-1.5 hours
5=1.5-2 hours
6=2-2.5 hours
7=2.5-3 hours
8=3-3.5 hours
9=3.5-4 hours
10=4 hours or more","Regardless of work, how much do you use the Internet on your computer and mobile phone on average per day on weekdays?"
"North Korea","nk0314","Fake news three-way effect - Myself",2,"21a,22","1-7 scale","1=Not affected at all
4=Moderate
7=Affected very much
9=No response","How much do you think you, your family, close friends, and the general public are affected by fake news about North Korea? On fake news about North Korea, I am _____"
"North Korea","nk0315","Fake news three-way effect - Family and friends",2,"21a,22","1-7 scale","1=Not affected at all
4=Moderate
7=Affected very much
9=No response","How much do you think you, your family, close friends, and the general public are affected by fake news about North Korea? On fake news about North Korea, my family and close friends are _____"
"North Korea","nk0316","Fake news three-way effect - Regular people",2,"21a,22","1-7 scale","1=Not affected at all
4=Moderate
7=Affected very much
9=No response","How much do you think you, your family, close friends, and the general public are affected by fake news about North Korea? On fake news about North Korea, ordinary people (others) are_____"
"North Korea","nk0317","fake news - face masks",1,"22","1-5 scale","1=False
2=Mostly false
3=Half False, Half True
4=Mostly true
5=true
9=n/a","Below are the headlines of recent media articles or Internet news related to North Korea. Please determine whether these statements are close to false or true in your opinion: Moon Jae-in government stockpiled masks to send to North Korea"
"North Korea","nk0318","fake news - uranium",1,"22","1-5 scale","1=False
2=Mostly false
3=Half False, Half True
4=Mostly true
5=true
9=n/a","Below are the headlines of recent media articles or Internet news related to North Korea. Please determine whether these statements are close to false or true in your opinion:  North Korea continues to operate its uranium plant"
"North Korea","nk0319","fake news - Cheonam ship",1,"22","1-5 scale","1=False
2=Mostly false
3=Half False, Half True
4=Mostly true
5=true
9=n/a","Below are the headlines of recent media articles or Internet news related to North Korea. Please determine whether these statements are close to false or true in your opinion: South Korean President Moon Jae-in has officially stated that the Cheonan was the work of North Korea."
"North Korea","nk0320","fake news - history museum",1,"22","1-5 scale","1=False
2=Mostly false
3=Half False, Half True
4=Mostly true
5=true
9=n/a","Below are the headlines of recent media articles or Internet news related to North Korea. Please determine whether these statements are close to false or true in your opinion: The History Museum exhibits the Candlelight Vigil, but no Cheonam Ship Incident."
"North Korea","nk0321","fake news - enemy",1,"22","1-5 scale","1=False
2=Mostly false
3=Half False, Half True
4=Mostly true
5=true
9=n/a","Below are the headlines of recent media articles or Internet news related to North Korea. Please determine whether these statements are close to false or true in your opinion: The National Defense White Paper states that North Korea is our enemy."
"North Korea","nk0322","fake news - with the century",1,"22","1-5 scale","1=False
2=Mostly false
3=Half False, Half True
4=Mostly true
5=true
9=n/a","Below are the headlines of recent media articles or Internet news related to North Korea. Please determine whether these statements are close to false or true in your opinion: North Korean leader Kim Il-sung's memoirs, ""Reminiscences: with the Century,"" have been published in South Korea."
"North Korea","nk0323","fake news - covid spending",1,"22","1-5 scale","1=False
2=Mostly false
3=Half False, Half True
4=Mostly true
5=true
9=n/a","Below are some recent headlines in the media or on the internet about COVID-19. In your opinion, how likely do you think they are to be false or true? - South Korea's COVID-19 spending is low compared to other countries."
"North Korea","nk0324","fake news - reusing masks",1,"22","1-5 scale","1=False
2=Mostly false
3=Half False, Half True
4=Mostly true
5=true
9=n/a","Below are some recent headlines in the media or on the internet about COVID-19. In your opinion, how likely do you think they are to be false or true? - You can reuse the mask by microwaving it and sanitizing it with alcohol."
"North Korea","nk0325","fake news - hot water",1,"22","1-5 scale","1=False
2=Mostly false
3=Half False, Half True
4=Mostly true
5=true
9=n/a","Below are some recent headlines in the media or on the internet about COVID-19. In your opinion, how likely do you think they are to be false or true? - The COVID-19 virus is vulnerable to heat, so drinking hot water or tea frequently can help support your immune system."
"North Korea","nk0326","fake news - Sejong City",1,"22","1-5 scale","1=False
2=Mostly false
3=Half False, Half True
4=Mostly true
5=true
9=n/a","Below are some recent headlines in the media or on the internet about COVID-19. In your opinion, how likely do you think they are to be false or true? - Sejong City ranks last in vaccination rate because public employees don't get vaccinated."
"North Korea","nk0327","fake news- - gargling",1,"22","1-5 scale","1=False
2=Mostly false
3=Half False, Half True
4=Mostly true
5=true
9=n/a","Below are some recent headlines in the media or on the internet about COVID-19. In your opinion, how likely do you think they are to be false or true? - Gargling with salt and vinegar can disinfect against the COVID-19 virus."
"North Korea","nk0328","fake news - covid 24 hrs",1,"22","1-5 scale","1=False
2=Mostly false
3=Half False, Half True
4=Mostly true
5=true
9=n/a","Below are some recent headlines in the media or on the internet about COVID-19. In your opinion, how likely do you think they are to be false or true? - The COVID-19 virus can live for over 24 hours."
"North Korea","nk0329","fake news - covid airborne",1,"22","1-5 scale","1=False
2=Mostly false
3=Half False, Half True
4=Mostly true
5=true
9=n/a","Below are some recent headlines in the media or on the internet about COVID-19. In your opinion, how likely do you think they are to be false or true? - The COVID-19 virus can also spread through the air."
"North Korea","nk0330","fake news - equal risk",1,"22","1-5 scale","1=False
2=Mostly false
3=Half False, Half True
4=Mostly true
5=true
9=n/a","Below are some recent headlines in the media or on the internet about COVID-19. In your opinion, how likely do you think they are to be false or true? - People of all ages, races, and ethnicities are at similar risk of getting COVID-19"
"North Korea","nk0331","exposure to fake news",1,"22","other","1 = Very often
2 = Sometimes
3 = Rarely
4 = Never","Fake news about North Korea is often circulated on the internet, on social media, or through conversations with people you know. Have you ever encountered such fake news, and if so, how often?"
"North Korea","nk0332","fake news regulation - internet portal",1,"22","1-5 scale","1=strongly disagree
2=somewhat disagree
3=neutral
4=somewhat agree
5=strongly agree
9=n/a","Internet portals (Naver, Daum, etc.) should establish their own mechanisms to regulate fake news circulating online."
"North Korea","nk0333","fake news regulation - law",1,"22","1-5 scale","1=strongly disagree
2=somewhat disagree
3=neutral
4=somewhat agree
5=strongly agree
9=n/a","Fake news should be regulated by law"
"North Korea","nk0334","fake news regulation - punishment",1,"22","1-5 scale","1=strongly disagree
2=somewhat disagree
3=neutral
4=somewhat agree
5=strongly agree
9=n/a","People who write or disseminate fake news should be punished by law."
"North Korea","nk0335","media literacy - info search",1,"22","1-7 scale","1=strongly disagree 
4=neutral
7=strongly agree","I know how to get information needed in the media."
"North Korea","nk0336","media literacy - understanding",1,"22","1-7 scale","1=strongly disagree 
4=neutral
7=strongly agree","I usually have the ability to understand the contents of the news."
"North Korea","nk0337","media literacy - fact and opinion",1,"22","1-7 scale","1=strongly disagree 
4=neutral
7=strongly agree","I can separate fact from opinion in media information."
"North Korea","nk0338","media literacy - interpretation",1,"22","1-7 scale","1=strongly disagree 
4=neutral
7=strongly agree","I can interpret the news from my own perspective."
"North Korea","nk0339","media literacy - expressing opinion",1,"22","1-7 scale","1=strongly disagree 
4=neutral
7=strongly agree","I can identify different social and political opinions in the media and express my opinions"
"North Korea","nk0401","NK image 1)to give aid and support",13,"14,15,16,17,18,19a,19b,20a,20b,21a,21b,22,23a","0-10 scale","0=strongly disagree
10=strongly agree
99=n/a","What do you think North Korea is to us? - someone to give aid and support"
"North Korea","nk0402","NK image 2)to cooperate with",13,"14,15,16,17,18,19a,19b,20a,20b,21a,21b,22,23a","0-10 scale","0=strongly disagree
10=strongly agree
99=n/a","What do you think North Korea is to us? - someone to cooperate with"
"North Korea","nk0403","NK image 3)to be cautious about",13,"14,15,16,17,18,19a,19b,20a,20b,21a,21b,22,23a","0-10 scale","0=strongly disagree
10=strongly agree
99=n/a","What do you think North Korea is to us? - someone to be wary of"
"North Korea","nk0404","NK image 4)to be hostile to",13,"14,15,16,17,18,19a,19b,20a,20b,21a,21b,22,23a","0-10 scale","0=strongly disagree
10=strongly agree
99=n/a","What do you think North Korea is to us? - someone to hostile to"
"North Korea","nk0405","NK image 5)to compete with",2,"14,15","0-10 scale","0=strongly disagree
10=strongly agree
99=n/a","What do you think North Korea is to us? - someone to compete with"
"North Korea","nk05","trust in Kim Jong-Un regime",11,"16,17,18,19a,19b,20a,20b,21a,21b,22,23a","1-5 scale","1=strongly disagree
2=somewhat disagree
3=neutral
4=somewhat agree
5=strongly agree
9=n/a","Do you think the current Kim Jong Un regime is a possible partner for dialogue and compromise?"
"North Korea","nk06","dialogue and compromise with Kim Jong-Un",11,"16,17,18,19a,19b,20a,20b,21a,21b,22,23a","1-5 scale","1=strongly disagree
2=somewhat disagree
3=neutral
4=somewhat agree
5=strongly agree
9=n/a","Regardless of your answer to the previous question, do you think we should pursue dialogue and compromise with Kim Jong Un?"
"North Korea","nk0701","NK perception 1)pursuit of unification",10,"16,17,18,19a,19b,20a,20b,21a,22,23a","1-5 scale","1=strongly disagree
2=somewhat disagree
3=neutral
4=somewhat agree
5=strongly agree
9=n/a","Most North Koreans want unification."
"North Korea","nk0702","NK perception  2)communist unification",11,"16,17,18,19a,19b,20a,20b,21a,21b,22,23a","1-5 scale","1=strongly disagree
2=somewhat disagree
3=neutral
4=somewhat agree
5=strongly agree
9=n/a","North Korea wants the communist unification"
"North Korea","nk0703","NK perception  3)sovereign country",3,"16,17,18","1-5 scale","1=strongly disagree
2=somewhat disagree
3=neutral
4=somewhat agree
5=strongly agree
9=n/a","North Korea is also a country."
"North Korea","nk0704","NK perception  4)freedom and human rights",2,"16,18","1-5 scale","1=strongly disagree
2=somewhat disagree
3=neutral
4=somewhat agree
5=strongly agree
9=n/a","North Korea has no political freedom and violates human rights."
"North Korea","nk0705","NK perception  5)state sponsor of terrorism",3,"16,17,18","1-5 scale","1=strongly disagree
2=somewhat disagree
3=neutral
4=somewhat agree
5=strongly agree
9=n/a","North Korea should be designated as a state sponsor of terrorism."
"North Korea","nk0706","NK perception  6)riots in NK",9,"16,17,18,19a,19b,20a,20b,21a,22","1-5 scale","1=strongly disagree
2=somewhat disagree
3=neutral
4=somewhat agree
5=strongly agree
9=n/a","There will be riots in North Korea soon."
"North Korea","nk0707","NK perception  7)lives of defectors",3,"16,17,18","1-5 scale","1=strongly disagree
2=somewhat disagree
3=neutral
4=somewhat agree
5=strongly agree
9=n/a","When North Koreans see the lives of North Korean defectors living in South Korea, they will want unification."
"North Korea","nk0708","NK perception  8)distrust between the two koreas",9,"16,17,18,19a,19b,20a,20b,21a,22","1-5 scale","1=strongly disagree
2=somewhat disagree
3=neutral
4=somewhat agree
5=strongly agree
9=n/a","Distrust between the two Koreas is mostly due to North Korea."
"North Korea","nk0709","NK perception-regime stability",6,"19a,19b,20a,20b,21a,21b","1-5 scale","1=strongly disagree
2=somewhat disagree
3=neutral
4=somewhat agree
5=strongly agree
9=n/a","If Kim Jung Un's power weakens, North Korea will fall easily."
"North Korea","nk0710","NK perception-agression",6,"19a,19b,20a,20b,21a,23a","1-5 scale","1=strongly disagree
2=somewhat disagree
3=neutral
4=somewhat agree
5=strongly agree
9=n/a","If South Korea lowers its guard, North Korea is always ready to attack."
"North Korea","nk0711","NK perception-willingness to cooperate",7,"19a,19b,20a,20b,21a,21b,23a","1-5 scale","1=strongly disagree
2=somewhat disagree
3=neutral
4=somewhat agree
5=strongly agree
9=n/a","North Korea's moderates have the will to cooperate with South Korea"
"North Korea","nk0712","NK perception-denuclearization possibility",6,"19a,19b,20a,20b,21a,23a","1-5 scale","1=strongly disagree
2=somewhat disagree
3=neutral
4=somewhat agree
5=strongly agree
9=n/a","If economic sanctions on North Korea strengthen, North Korea will eventually give up nuclear power."
"North Korea","nk0713","NK perception-Kim Jung Un's power",6,"19a,19b,20a,20b,21a,21b","1-5 scale","1=strongly disagree
2=somewhat disagree
3=neutral
4=somewhat agree
5=strongly agree
9=n/a","Even if North Koreans suffer from famine, Kim Jung Un will never give up the power."
"North Korea","nk0714","NK perception-dissatisfaction of the people",5,"19a,19b,20a,20b,21a","1-5 scale","1=strongly disagree
2=somewhat disagree
3=neutral
4=somewhat agree
5=strongly agree
9=n/a","North Korean people pretend to be loyal to Kim Jung Un due to fear, but actually they are dissatisfied."
"North Korea","nk0715","NK perception-pursuit of peace",7,"19a,19b,20a,20b,21a,21b,23a","1-5 scale","1=strongly disagree
2=somewhat disagree
3=neutral
4=somewhat agree
5=strongly agree
9=n/a","North Korea wants peace with South Korea than conflict."
"North Korea","nk0716","NK perception-economic development",7,"19a,19b,20a,20b,21a,21b,23a","1-5 scale","1=strongly disagree
2=somewhat disagree
3=neutral
4=somewhat agree
5=strongly agree
9=n/a","What North Korea wants is regime stability and economic development rather than communist unification."
"North Korea","nk0717","NK perception-evaluation on leaders",6,"19a,19b,20a,20b,21a,23a","1-5 scale","1=strongly disagree
2=somewhat disagree
3=neutral
4=somewhat agree
5=strongly agree
9=n/a","North Korean leaders are not fool nor irrational."
"North Korea","nk0718","NK perception scale-diplomatic means",7,"19a,19b,20a,20b,21a,21b,23a","1-5 scale","1=strongly disagree
2=somewhat disagree
3=neutral
4=somewhat agree
5=strongly agree
9=n/a","North Korea's development of nuclear weapons and missiles is only a diplomatic means, and the possibility to attack South Korea is very low."
"North Korea","nk0719","Comparison of military power between the North and the South",7,"19a,19b,20a,20b,21a,22,23a","1-5 scale","1= NK military power is much stronger than that of South Korea
2= NK military power is a little stronger than that of South Korea
3= NK military power is similar to that of South Korea
4= NK military power is a little weaker than that of South Korea
5= NK military power is much weaker than that of South Korea
9=n/a","Do you think the military power of North Korea stronger than South Korea? Or weaker than South Korea?"
"North Korea","nk0720","North and South Korea's conventional military power",1,"23a","other","(1) Without nukes, North Korea's military power is much stronger than South Korea's.
(2) Without nukes, North Korea's military power is slightly stronger than South Korea's.
(3) Without nukes, North Korea's military power is about the same as South Korea's.
(4) Without nukes, North Korea's military power is slightly weaker than South Korea's.
(5) Without nukes, North Korea's military power is much weaker than South Korea's
9=n/a","If North Korea did not have nuclear weapons, do you think its military power would be stronger or weaker than South Korea's?"
"North Korea","nk0801","NK refugees perception  1)introduction",9,"16,17,18,19a,19b,20a,20b,21a,22","1-5 scale","1=strongly disagree
2=somewhat disagree
3=neutral
4=somewhat agree
5=strongly agree
9=n/a","If I have to introduce North Korean refugees to my friends and neighbors when they visit my house, I will gladly do so."
"North Korea","nk0802","NK refugees perception 2)moving to next door",9,"16,17,18,19a,19b,20a,20b,21a,22","1-5 scale","1=strongly disagree
2=somewhat disagree
3=neutral
4=somewhat agree
5=strongly agree
9=n/a","I don't mind a North Korean refugee with a similar income and education level to me moving in next door."
"North Korea","nk0803","NK refugees perception 3)prejudice against defectors",9,"16,17,18,19a,19b,20a,20b,21a,22","1-5 scale","1=strongly disagree
2=somewhat disagree
3=neutral
4=somewhat agree
5=strongly agree
9=n/a","I get very angry when I hear that South Koreans express their prejudices against North Korean refugees."
"North Korea","nk0804","NK refugees perception 4)violent incidents",9,"16,17,18,19a,19b,20a,20b,21a,22","1-5 scale","1=strongly disagree
2=somewhat disagree
3=neutral
4=somewhat agree
5=strongly agree
9=n/a","If North Korean refugees move to my neighborhood, there will be more violent incidents."
"North Korea","nk0805","NK refugees perception 5)too many demands",9,"16,17,18,19a,19b,20a,20b,21a,22","1-5 scale","1=strongly disagree
2=somewhat disagree
3=neutral
4=somewhat agree
5=strongly agree
9=n/a","North Korean refugees are making too many demands to have equal status with South Koreans."
"North Korea","nk0806","NK refugees perception 6)mutual benefits",9,"16,17,18,19a,19b,20a,20b,21a,22","1-5 scale","1=strongly disagree
2=somewhat disagree
3=neutral
4=somewhat agree
5=strongly agree
9=n/a","Having North Korean refugees to be with South Koreans in schools, businesses and residential areas would benefit both South Koreans and North Korean defectors."
"North Korea","nk0807","NK  refugees perception 7)job",9,"16,17,18,19a,19b,20a,20b,21a,22","1-5 scale","1=strongly disagree
2=somewhat disagree
3=neutral
4=somewhat agree
5=strongly agree
9=n/a","In the years to come, South Koreans will have difficulty finding a job because of the support they provide to North Korean refugees."
"North Korea","nk0901","Differential National Image scale 1)friendly",2,"14,15","1-5 scale","1=unfriendly, 5=friendly, 9=n/a","Please check one position on each of the following scales to reflect how you feel about North Koreans: friendly"
"North Korea","nk0902","Differential National Image scale 2)hardworking",2,"14,15","1-5 scale","1=laze, 5=hardworking, 9=n/a","Please check one position on each of the following scales to reflect how you feel about North Koreans: hardworking"
"North Korea","nk0903","Differential National Image scale 3)peaceful",2,"14,15","1-5 scale","1=aggressive, 5=peaceful, 9=n/a","Please check one position on each of the following scales to reflect how you feel about North Koreans: peaceful"
"North Korea","nk0904","Differential National Image scale 4)helping others",2,"14,15","1-5 scale","1=indifferent to others, 5=willing to help others, 9=n/a","Please check one position on each of the following scales to reflect how you feel about North Koreans: caring"
"North Korea","nk0905","Differential National Image scale 5)open",2,"14,15","1-5 scale","1=not open, 5=open, 9=n/a","Please check one position on each of the following scales to reflect how you feel about North Koreans: open-minded"
"North Korea","nk0906","Differential National Image scale 6)trustworthy",2,"14,15","1-5 scale","1=untrustworthy, 5=trustworthy, 9=n/a","Please check one position on each of the following scales to reflect how you feel about North Koreans: trustworthy"
"North Korea","nk1001","NK national image scale 1)trustworthy",2,"14,15","1-5 scale","1=not trustworthy, 5=trustworthy 9=n/a","What kind of country do you think North Korea is? - trustworthy"
"North Korea","nk1002","NK national image scale 2)honest",2,"14,15","1-5 scale","1=dishonest, 5=honest
9=n/a","What kind of country do you think North Korea is? - honest"
"North Korea","nk1003","NK national image scale 3)free",2,"14,15","1-5 scale","1=repressive, 5=free
9=n/a","What kind of country do you think North Korea is? - free"
"North Korea","nk1004","NK national image scale 4)friend",2,"14,15","1-5 scale","1=enemy, 5=friend
9=n/a","What kind of country do you think North Korea is? - friend"
"North Korea","nk1005","NK national image scale 5)responsible",2,"14,15","1-5 scale","1=irresponsible, 5=responsible
9=n/a","What kind of country do you think North Korea is? - responsible"
"North Korea","nk1006","NK national image scale 6)peaceful",2,"14,15","1-5 scale","1=aggressive, 5=peaceful
9=n/a","What kind of country do you think North Korea is? - peaceful"
"North Korea","nk1007","NK national image scale 7)good",2,"14,15","1-5 scale","1=bad, 5=good
9=n/a","What kind of country do you think North Korea is? - good"
"North Korea","nk1008","NK national image scale 8)democratic",2,"14,15","1-5 scale","1=authoritarian, 5=democratic
9=n/a","What kind of country do you think North Korea is? - democratic"
"North Korea","nk1009","NK national image scale 9) not threatening",2,"14,15","1-5 scale","1=threatening, 5=not threatening
9=n/a","What kind of country do you think North Korea is? - not threatening"
"North Korea","nk11","Possibility of North Korea giving up nukes",11,"16,17,18,19a,19b,20a,20b,21a,21b,22,23a","1-3 scale","1=NK will give up nuclear weapons soon.
2=NK will give up nuclear weapons in the long run.
3=NK will not give up nuclear weapons.
9=n/a","Do you think North Korea will give up its nuclear weapons program? Please select the answer nearest to your opinion."
"North Korea","nk1201","NK nukes- feelings",10,"16,17,18,19a,19b,20a,20b,21a,22,23a","1-5 scale","1=not concerned at all
2=somewhat not concerned
3=neutral
4=somewhat concerned
5=very concerned
9=n/a","To what extent are you concerned about the North Korean nuclear threat? Please answer freely and frankly."
"North Korea","nk1202","NK nukes- recognition (interest)",10,"16,17,18,19a,19b,20a,20b,21a,22,23a","1-5 scale","1=not interested at all
2=somewhat not interested
3=neutral
4=somewhat interested
5=very interested
9=n/a","How interested are you with North Korea's nuclear threats(for example, listening to stories, reading news articles or books, watching TV, etc.)? Please answer freely and frankly."
"North Korea","nk1203","NK nukes-impact on life",10,"16,17,18,19a,19b,20a,20b,21a,22,23a","1-5 scale","1=it has no impact at all
2=it has little impact
3=neutral
4=it has some impact
5=it has strong impact
9=n/a","How much impact does North Korea's nuclear threat have on your life? Please answer freely and frankly."
"North Korea","nk13","NK nukes- evaluation on the press",1,"16","1-5 scale","1=they are overly disinterested
2=they are somewhat disinterested
3=neutral
4=they are somewhat interested
5=they are overly interested.
9=n/a","How much do you think the press is interested in North Korea's nuclear threats? Please answer freely and frankly."
"North Korea","nk14","NK nukes-Possibility of nuclear war",11,"16,17,18,19a,19b,20a,20b,21a,21b,22,23a","0-10 scale","0=not likely at all
5=neutral
10=very much likely
99=n/a","How likely do you think a nuclear war will break out with North Korea in 10 years? Please answer freely and frankly."
"North Korea","nk15","NK nukes-possibility of survival in nuclear war",1,"16","0-10 scale","0=not likely at all
5=neutral
10=very much likely
99=n/a","How likely do you think you will survive from the nuclear war with North Korea? Please answer freely and frankly."
"North Korea","nk16","NK nukes-desire for survival",1,"16","1-5 scale","1=I wouldn't want to survive at all.
2=I wouldn't want to survive that much.
3=neutral
4=I would want to survive somewhat.
5=I would want to survive very much.
9=n/a","Would you want to survive from a nuclear war with North Korea if it happens?  Please answer freely and frankly."
"North Korea","nk17","NK nukes-South Korea possessing nuclear weapons",2,"16,18","1-4 scale","1=South Korea shouldn't have nuclear weapons. The current national defense is enough   
2=South Korea shouldn't have nuclear weapons. The military must strengthen its defense based on conventional weapons   
3=The United States should deploy strategic nuclear weapons to the Republic of Korea.    
4=South Korea should develop nuclear weapons on its own. 
9=n/a","Do you think South Korea should have nuclear weapons? Please select the answer nearest to your opinion."
"North Korea","nk1701","NK nukes-pros and cons of SK nuclear armament",8,"19a,19b,20a,20b,21a,21b,22,23a","1-4 scale","1=I am absolutely opposed to South Korea's nuclear armament.
2=I somewhat oppose South Korea's nuclear armament.
3=I somewhat support South Korea's nuclear armament.
4=I strongly support South Korea's nuclear armament.
9=n/a","There is an argument that South Korea should also possess nuclear weapons if North Korea does not give up its nuclear weapons. What do you think of this argument?"
"North Korea","nk1702","NK nukes- pros and cons of deploying the U.S. nuclear weapons to South Korea",8,"19a,19b,20a,20b,21a,21b,22,23a","1-4 scale","1=I absolutely oppose the redeployment of U.S. nuclear weapons.
2=Somewhat oppose the redeployment of U.S. nuclear weapons
3=Somewhat favor the redeployment of U.S. nuclear weapons
4=Strongly favor the redeployment of U.S. nuclear weapons
9=n/a","There is an argument that the U.S. nuclear weapons should be redeployed to South Korea if North Korea does not give up its nuclear weapons. What do you think of this argument?"
"North Korea","nk1703","NK nukes - Nuclear armament after unification",2,"21b,23a","1-4 scale","1=strongly disagree
2=somewhat disagree
3=somewhat agree
4=strongly agree
9=n/a","What do you think about possessing nuclear weapons after the reunification of North and South Korea?"
"North Korea","nk1704","NK nukes - nuclear-powered submarines",1,"21b","1-4 scale","1=strongly disagree
2=somewhat disagree
3=somewhat agree
4=strongly agree
9=n/a","Recently, the United States decided to transfer nuclear-powered submarine technology to Australia and support its development. What do you think about South Korea developing a nuclear-powered submarine?"
"North Korea","nk1801","Attitude on NK nukes 1)meaningless declaration of denuclearization",2,"16,23a","1-5 scale","1=strongly disagree
2=somewhat disagree
3=neither agree nor disagree
4=somewhat agree
5=strongly agree
9=n/a","As long as North Korea continues its nuclear test, the declaration of denuclearization on the Korean Peninsula is meaningless."
"North Korea","nk1802","Attitude on NK nukes 2)over-estimation of NK nukes",1,"16","1-5 scale","1=strongly disagree
2=somewhat disagree
3=neither agree nor disagree
4=somewhat agree
5=strongly agree
9=n/a","Those who want South Korea to have its own nuclear weapons are overestimating the North's nuclear threats."
"North Korea","nk1803","Attitude on NK nukes 3)necessity of nuclear armament for South Korea",1,"16","1-5 scale","1=strongly disagree
2=somewhat disagree
3=neither agree nor disagree
4=somewhat agree
5=strongly agree
9=n/a","People who don't want nuclear armament are basically cowards."
"North Korea","nk1804","Attitude on NK nukes 4)impossible to stop NK's nukes",9,"16,19a,19b,20a,20b,21a,21b,22,23a","1-5 scale","1=strongly disagree
2=somewhat disagree
3=neither agree nor disagree
4=somewhat agree
5=strongly agree
9=n/a","There are not many things the South Korean government can do about the North's nuclear development."
"North Korea","nk1901","Things North Korean Defectors Need in South Korea: 1st rank",4,"14,15,16,17","1-5 scale","1=Addressing North Korean refugees' employment challenges
2=overcoming prejudice and discrimination
3=treatment for physical and mental trauma
4=reunion with separated family
5=adapting South Korean culture
6=etc
9=n/a","What do you think is the most necessary for North Korean defectors to settle in the South Korean society? Please pick two answers in the order of importance."
"North Korea","nk1902","Things North Korean Defectors Need in South Korea: 2nd rank",4,"14,15,16,17","1-5 scale","1=Addressing North Korean refugees' employment challenges
2=overcoming prejudice and discrimination
3=treatment for physical and mental trauma
4=reunion with separated family
5=adapting South Korean culture
6=etc
9=n/a","What do you think is the most necessary for North Korean defectors to settle in the South Korean society? Please pick two answers in the order of importance."
"North Korea","nk20","meeting NK defectors",9,"16,17,18,19a,19b,20a,20b,21a,22","1-5 scale","1=meeting them every day  
2=meeting them every week 
3=meeting them every month
4=have met them once 
5=never have met North Korean defectors","Have you ever met or in constant contact with North Korean defectors?"
"North Korea","nk21a","perception on neighboring countries- the U.S.",8,"18,19a,20a,20b,21a,21b,22,23a","other","-5=strongly dislike
0=neither like nor dislike
5=strongly like","On a scale of -5 to 5, please rate how much you like or dislike the United States."
"North Korea","nk21b","perception on neighboring countries- China",8,"18,19a,20a,20b,21a,21b,22,23a","other","-5=strongly dislike
0=neither like nor dislike
5=strongly like","On a scale of -5 to 5, please rate how much you like or dislike China."
"North Korea","nk21c","perception on neighboring countries- Japan",8,"18,19a,20a,20b,21a,21b,22,23a","other","-5=strongly dislike
0=neither like nor dislike
5=strongly like","On a scale of -5 to 5, please rate how much you like or dislike Japan."
"North Korea","nk21d","perception on neighboring countries- Russia",8,"18,19a,20a,20b,21a,21b,22,23a","other","-5=strongly dislike
0=neither like nor dislike
5=strongly like","On a scale of -5 to 5, please rate how much you like or dislike Russia."
"North Korea","nk21e","perception on neighboring countries- South Korea",2,"20a,20b","other","-5=strongly dislike
0=neither like nor dislike
5=strongly like","On a scale of -5 to 5, please rate how much you like or dislike South Korea."
"North Korea","nk21f","perception on neighboring countries- country opposing to unification",9,"18,19a,19b,20a,20b,21a,21b,22,23a","1-4 scale","1=the U.S.
2=China
3=Japan
4=Russia","Which of the following country do you think will most not want unification of the two Koreas?"
"North Korea","nk21g","perception on neighboring countries- North Korea",6,"20a,20b,21a,21b,22,23a","other","-5=strongly dislike
0=neither like nor dislike
5=strongly like","On a scale of -5 to 5, please rate how much you like or dislike North Korea."
"North Korea","nk2201","North Korea's two states policy - interest",0,"","1-5 scale","1=Not at all interested
2=Not very interested
3=Somewhat interested
4=Very interested
5=I have never heard about it.
9=N/A","North Korea recently labeled South Korea as the ""most hostile country"" and not of the same ethnicity, and declared that it will no longer pursue unification. 
How much do you care about North Korea's declaration to give up unification?"
"North Korea","nk2202","North Korea's two states policy - NK's provocation",0,"","1-5 scale","1=The likelihood of North Korea provocation is very high.
2=The likelihood of North Korea provocation is somewhat high.
3=The likelihood of North Korea provocation has not changed.
4=The likelihood of North Korea provocation is somewhat low.
5=The likelihood of North Korea provocation is very low.
9=N/A","North Korea recently labeled South Korea as the ""most hostile country"" and not of the same ethnicity, and declared that it will no longer pursue unification. 
What are your thoughts on the likelihood of North Korea's military provocations following this declaration of abandonment of unification?"
"North Korea","nk2203","North Korea's two states policy - South's response",0,"","1-5 scale","1=The South Korean government should actively persuade North Korea through dialogue to restore a cooperative relationship for unification.
2=The South Korean government should increase pressure on North Korea, including economic sanctions, to induce internal change.
3=ROK-U.S.-Japan cooperation should be strengthened to respond to North Korea's military provocations.
4=South Korea should strengthen unification education so that South Koreans believe that the country must be unified.
5=Other
9=N/A","North Korea recently labeled South Korea as the ""most hostile country"" and not of the same ethnicity, and declared that it will no longer pursue unification.  
How do you think it is most important for the South Korean government to respond to North Korea's declaration that it will abandon unification? Please select the one statement that is closest to your thoughts."
"Unification","uni01","necessity of unification",13,"14,15,16,17,18,19a,19b,20a,20b,21a,21b,22,23a","1-4 scale","1=strongly unnecessary
2=somewhat unnecessary
3=somewhat necessary
4=strongly necessary
9= n/a","How much do you think the unification is necessary?"
"Unification","uni0201","necessity of unification: 1)peaceful coexistence",11,"16,17,18,19a,19b,20a,20b,21a,21b,22,23a","1-5 scale","1=strongly disagree
2=somewhat disagree
3=neither agree nor disagree
4=somewhat agree
5=strongly agree
9=n/a","If South and North can peacefully coexist without war, the unification is not necessary."
"Unification","uni0202","necessity of unification:  2)endure through",3,"16,17,18","1-5 scale","1=strongly disagree
2=somewhat disagree
3=neither agree nor disagree
4=somewhat agree
5=strongly agree
9=n/a","Even if we couldn't witness the unification in our life time, we must endure through all means to achive the grand goal of unification."
"Unification","uni0203","necessity of unification:  3)immediate goal",9,"16,17,18,19a,19b,20a,20b,21a,22","1-5 scale","1=strongly disagree
2=somewhat disagree
3=neither agree nor disagree
4=somewhat agree
5=strongly agree
9=n/a","unification is not our immediate goal at this point."
"Unification","uni0204","necessity of unification:  4)my wish",9,"16,17,18,19a,19b,20a,20b,21a,22","1-5 scale","1=strongly disagree
2=somewhat disagree
3=neither agree nor disagree
4=somewhat agree
5=strongly agree
9=n/a","It is my sincere wish that the two Koreas be unified."
"Unification","uni0205","necessity of unification:  5)relaxed",2,"16,17","1-5 scale","1=strongly disagree
2=somewhat disagree
3=neither agree nor disagree
4=somewhat agree
5=strongly agree
9=n/a","It makes me feel relaxed when I think about matters related to unification."
"Unification","uni0206","necessity of unification:  6)raising taxes",9,"16,17,18,19a,19b,20a,20b,21a,22","1-5 scale","1=strongly disagree
2=somewhat disagree
3=neither agree nor disagree
4=somewhat agree
5=strongly agree
9=n/a","I am in favor of raising taxes to cover the costs of unification."
"Unification","uni0207","necessity of unification:  7)negative prospect",5,"16,17,18,19a,19b","1-5 scale","1=strongly disagree
2=somewhat disagree
3=neither agree nor disagree
4=somewhat agree
5=strongly agree
9=n/a","Considering the future circumstances of unification, it is mostly negative."
"Unification","uni0208","necessity of unification:  8)impact on personal life",4,"17,18,19a,19b","1-5 scale","1=strongly disagree
2=somewhat disagree
3=neither agree nor disagree
4=somewhat agree
5=strongly agree
9=n/a","There will be no big impact on my life whether unification happens or not."
"Unification","uni0209","necessity of unification:  9)national cost",8,"17,18,19a,19b,20a,20b,21a,22","1-5 scale","1=strongly disagree
2=somewhat disagree
3=neither agree nor disagree
4=somewhat agree
5=strongly agree
9=n/a","The national costs arising from the division are higher than the costs of unification. (cost of division > costs of unification)"
"Unification","uni0210","necessity of unification:  10)unification without peace",1,"17","1-5 scale","1=strongly disagree
2=somewhat disagree
3=neither agree nor disagree
4=somewhat agree
5=strongly agree
9=n/a","Unification is possible even without peaceful inter-Korean relations."
"Unification","uni0211","necessity of unification:  11)prioritize economy",8,"17,18,19a,19b,20a,20b,21a,22","1-5 scale","1=strongly disagree
2=somewhat disagree
3=neither agree nor disagree
4=somewhat agree
5=strongly agree
9=n/a","If I have to choose between unification and economy, I will choose economy."
"Unification","uni0212","necessity of unification:  12)nationalistic unification",10,"17,18,19a,19b,20a,20b,21a,21b,22,23a","1-5 scale","1=strongly disagree
2=somewhat disagree
3=neither agree nor disagree
4=somewhat agree
5=strongly agree
9=n/a","Just because North and South Koreans are one people does not mean they must form one country."
"Unification","uni0213","necessity of unification:  13)personal sacrifice",8,"17,18,19a,19b,20a,20b,21a,22","1-5 scale","1=strongly disagree
2=somewhat disagree
3=neither agree nor disagree
4=somewhat agree
5=strongly agree
9=n/a","For the sake of unification, I am okay with a little of personal sacrifice."
"Unification","uni0214","necessity of unification: 14)perpetual division",9,"18,19a,19b,20a,20b,21a,21b,22,23a","1-5 scale","1=strongly disagree
2=somewhat disagree
3=neither agree nor disagree
4=somewhat agree
5=strongly agree
9=n/a","It is better to stay divided than to unify two Koreas."
"Unification","uni0215","necessity of unification: confederation",5,"20a,20b,21a,21b,23a","1-5 scale","1=strongly disagree
2=somewhat disagree
3=neither agree nor disagree
4=somewhat agree
5=strongly agree
9=n/a","If South and North Korea open the borders to each other and cooperate on political and economic matters, such a state can be considered unification even if the two Koreas are not one country."
"Unification","uni0216","necessity of unification: intrinsic vale",1,"22","1-5 scale","1=strongly disagree
2=somewhat disagree
3=neither agree nor disagree
4=somewhat agree
5=strongly agree
9=n/a","It is better to achieve unification at any cost"
"Unification","uni0217","necessity of unification: people around me",1,"22","1-5 scale","1=strongly disagree
2=somewhat disagree
3=neither agree nor disagree
4=somewhat agree
5=strongly agree
9=n/a","People around me (e.g., family, friends, coworkers) seem to support the reunification of North and South Korea."
"Unification","uni0218","necessity of unification: people around me expection",1,"22","1-5 scale","1=strongly disagree
2=somewhat disagree
3=neither agree nor disagree
4=somewhat agree
5=strongly agree
9=n/a","People around me (e.g., family, friends, coworkers) seem to want me to support the reunification of North and South Korea."
"Unification","uni0219","necessity of unification: support for unification",1,"22","1-5 scale","1=strongly disagree
2=somewhat disagree
3=neither agree nor disagree
4=somewhat agree
5=strongly agree
9=n/a","Most South Koreans seem to support the reunification of North and South Korea."
"Unification","uni0220","necessity of unification: mass expection",1,"22","1-5 scale","1=strongly disagree
2=somewhat disagree
3=neither agree nor disagree
4=somewhat agree
5=strongly agree
9=n/a","Most South Koreans seem to want others to support reunification."
"Unification","uni0301","national benefits from unification",13,"14,15,16,17,18,19a,19b,20a,20b,21a,21b,22,23a","1-4 scale","1=no benefit at all
2=not too much
3=somewhat beneficial
4=very much
9=n/a","How much do you think unification would benefit the entire nation of South Korea?"
"Unification","uni0302","personal benefits from unification",13,"14,15,16,17,18,19a,19b,20a,20b,21a,21b,22,23a","1-4 scale","1=no benefit at all
2=not too much
3=somewhat beneficial
4=very much
9=n/a","How much do you think unification would benefit yourself?"
"Unification","uni0303","benefits to North Koreans from unification",11,"16,17,18,19a,19b,20a,20b,21a,21b,22,23a","1-4 scale","1=no benefit at all
2=not too much
3=somewhat beneficial
4=very much
9=n/a","How much do you think unification would benefit North Koreans?"
"Unification","uni04","the most important reason for unification",7,"14,15,16,17,18,19a,19b","1-5 scale","1=Because we are one people
2=to ease the pain of separated families
3=to get rid of the threat of war between two Koreas
4=to help NK residents have better life
5=for South Korea to become a more advanced country
6=etc
9=n/a","What do you think is the most important reason for unification between the two Koreas?"
"Unification","uni04_open","the most important reason for unification(open-ended)",3,"18,19a,19b","1-7 scale","1=peace and humanitarianism
2=because China is taking NK's territory away 
3=No more war
4=to get rid of Kim Jung Un regime
5=No more mandatory military service
6=for the future generations
7=don't want unification
8=freedom of religion
9=to acquire North Korea's natural resources
10=to travel North Korea
11=no reason
12=group interest of power elites
13=to prevent national conflicts
14=economy
15=all","What do you think is the most important reason for unification between the two Koreas?"
"Unification","uni05","social conflicts after unification",1,"14","1-5 scale","1=it will get much worse
2=it will get somewhat worse
3=it will get somewhat better
4=it will get much better
5=there will be no change
9=n/a","How do you think the conflicts in the Korean society would be when unification is achieved?"
"Unification","uni0601","conflicts after unification 1)class conflicts",11,"14,15,16,17,18,19a,19b,20a,20b,21a,22","1-5 scale","1=it will get much better
2=it will get somewhat better
3=there will be no change
4=it will get somewhat worse
5=it will get much worse
9=n/a","What do you think will happen to the following social conflicts if unification takes place? - Class Conflicts"
"Unification","uni0602","conflicts after unification 2)ideological conflicts",11,"14,15,16,17,18,19a,19b,20a,20b,21a,22","1-5 scale","1=it will get much better
2=it will get somewhat better
3=there will be no change
4=it will get somewhat worse
5=it will get much worse
9=n/a","What do you think will happen to the following social conflicts if unification takes place? - Ideological conflicts"
"Unification","uni0603","conflicts after unification 3)generational conflicts",11,"14,15,16,17,18,19a,19b,20a,20b,21a,22","1-5 scale","1=it will get much better
2=it will get somewhat better
3=there will be no change
4=it will get somewhat worse
5=it will get much worse
9=n/a","What do you think will happen to the following social conflicts if unification takes place? - Generational Conflicts"
"Unification","uni0604","conflicts after unification 4)regional conflicts between NK and SK",11,"14,15,16,17,18,19a,19b,20a,20b,21a,22","1-5 scale","1=it will get much better
2=it will get somewhat better
3=there will be no change
4=it will get somewhat worse
5=it will get much worse
9=n/a","What do you think will happen to the following social conflicts if unification takes place? - regional conflicts between NK and SK"
"Unification","uni07","time for unification",3,"16,17,18","1-3 scale","1=unification is really not necessary
2=we must slow down the pace of unication
3= we must achieve unification as soon as possible
9=n/a","Please select the number that best matches your opinion about the pace of unification."
"Unification","uni08","mode of unification",3,"16,17,18","1-3 scale","1=Gradual unification by negotiation   
2=A sudden unification by contingency
3=something else
9=n/a","In what way would unification take place if it is achieved? Please select the answer nearest to your opinion."
"Unification","uni08_open","mode of unification(open-ended)",1,"18","1-5 scale","1=through religion
2=regime change in NK by democratization.
3=not possible
4=North Korea's natural resources
5=for the sake of future generations","In what way would it be achieved if unification took place? Please select the answer nearest to your opinion."
"Unification","uni09","national consensus for unification",2,"14,15","1-5 scale","1=Improve the credibility of government policies
2= consensus among political parties on North Korea policy
3=Strengthen cooperation between the government and civic organizations
4=more unification education 
5=positive press reports on national reconciliation 
6=etc
9=n/a","What do you think is the most important for a national consensus on unification?"
"Unification","uni1001","national consensus for unification: 1st choice",2,"16,17","1-7 scale","1=Improve the credibility of government policies
2= consensus among political parties on North Korea policy
3=Strengthen cooperation between the government and civic organizations
4=more unification education 
5=positive press reports on national reconciliation 
6=etc
7=South-North exchanges
8=The influence of foreign countries
99=n/a","What do you think is the most important thing for a national consensus on unification? 
Please pick two answers in the order of importance."
"Unification","uni1002","national consensus for unification: 2nd choice",2,"16,17","1-7 scale","1=Improve the credibility of government policies
2= consensus among political parties on North Korea policy
3=Strengthen cooperation between the government and civic organizations
4=more unification education 
5=positive press reports on national reconciliation 
6=etc
7=South-North exchanges
8=The influence of foreign countries
99=n/a","What do you think is the most important thing for a national consensus on unification? 
Please pick two answers in the order of importance."
"Unification","uni1101","preconditions for unification: 1st choice",2,"16,17","1-5 scale","1=economic development of North Korea 
2=NK's independent growth without SK's help
3=peaceful relationship between two Koreas
4=democratization of NK
5=agreement between the U.S. and China
6=South Korea must strengthen its preparation for unification.
9=n/a","Which of the following do you think is the most necessary for unification? Please pick two answers in the order of importance. (1st choice)"
"Unification","uni1102","preconditions for unification: 2nd choice",2,"16,17","1-5 scale","1=economic development of North Korea 
2=NK's independent growth without SK's help
3=peaceful relationship between two Koreas
4=democratization of NK
5=agreement between the U.S. and China
6=South Korea must strengthen its preparation for unification.
9=n/a","Which of the following do you think is the most necessary for unification? Please pick two answers in the order of importance. (2nd choice)"
"Unification","uni1201","National goals of the unified Korea 1st choice",5,"14,15,16,17,18","1-7 scale","1=economic growth
2=national security
3=welfare
4=Balanced regional development
5=Social stability 
6=democracy
7=National reconciliation, 
8=restorative justice
9=etc 
99=n/a","What do you think is the most important goal for the unified Korea? Please pick two answers in the order of importance."
"Unification","uni1202","National goals of the unified Korea 2nd choice",5,"14,15,16,17,18","1-7 scale","1=economic growth
2=national security
3=welfare
4=Balanced regional development
5=Social stability 
6=democracy
7=National reconciliation, 
8=restorative justice
9=etc 
99=n/a","What do you think is the most important goal for the unified Korea? Please pick two answers in the order of importance."
"Unification","uni1301","National values of the unified Korea 1st rank group 1",1,"16","1-5 scale","1=empathy
2=fairness
3=loyalty
4=respect for authority
5=chastity and gentleness","Below are a variety of values that the unified Korea and its people can pursue after unification. Please pick two answers in the order of importance.  (1st)"
"Unification","uni1302","National values of the unified Korea 2nd rank group 1",1,"16","1-5 scale","1=empathy
2=fairness
3=loyalty
4=respect for authority
5=chastity and gentleness","Below are a variety of values that the unified Korea and its people can pursue after unification. Please pick two answers in the order of importance.  (2nd)"
"Unification","uni1303","National values of the unified Korea 1st rank group 2",1,"16","1-5 scale","1=liberty
2=equality
3=tolerance
4=justice
5=order","Below are a variety of values that the unified Korea and its people can pursue after unification. Please pick two answers in the order of importance.  (1st)"
"Unification","uni1304","National values of the unified Korea 2nd rank group 2",1,"16","1-5 scale","1=liberty
2=equality
3=tolerance
4=justice
5=order","Below are a variety of values that the unified Korea and its people can pursue after unification. Please pick two answers in the order of importance. (2nd)"
"Unification","uni1401","values of the unified Korea 1) national security",1,"17","1-7 scale","-1=deniable value
0=not important at all
7=the most important value
9=n/a","What values do you think are important guiding values for the country and people to pursue after unification? - national security (protect the nation from the enemy)"
"Unification","uni1402","values of the unified Korea 2) freedom",1,"17","1-7 scale","-1=deniable value
0=not important at all
7=the most important value
9=n/a","What values do you think are important guiding values for the country and people to pursue after unification? - freedom (freedom of thought and action)"
"Unification","uni1403","values of the unified Korea 3) unharmfulness",1,"17","1-7 scale","-1=deniable value
0=not important at all
7=the most important value
9=n/a","What values do you think are important guiding values for the country and people to pursue after unification? - unharmfulness (not causing troubles to others)"
"Unification","uni1404","values of the unified Korea 4) equality",1,"17","1-7 scale","-1=deniable value
0=not important at all
7=the most important value
9=n/a","What values do you think are important guiding values for the country and people to pursue after unification? - equality (fair chance to all)"
"Unification","uni1405","values of the unified Korea 5) open-mind",1,"17","1-7 scale","-1=deniable value
0=not important at all
7=the most important value
9=n/a","What values do you think are important guiding values for the country and people to pursue after unification? - open-mind (open to thoughts and beliefs different from mine)"
"Unification","uni1406","values of the unified Korea 6) social justice",1,"17","1-7 scale","-1=deniable value
0=not important at all
7=the most important value
9=n/a","What values do you think are important guiding values for the country and people to pursue after unification? - social justice (correcting injustice, caring the weak)"
"Unification","uni1407","values of the unified Korea 7) helping other people",1,"17","1-7 scale","-1=deniable value
0=not important at all
7=the most important value
9=n/a","What values do you think are important guiding values for the country and people to pursue after unification? - helping other people (working for other people's welfare)"
"Unification","uni1408","values of the unified Korea 8) honesty",1,"17","1-7 scale","-1=deniable value
0=not important at all
7=the most important value
9=n/a","What values do you think are important guiding values for the country and people to pursue after unification? - honesty (without lies, trustworthy)"
"Unification","uni1409","values of the unified Korea 9) environmental protection",1,"17","1-7 scale","-1=deniable value
0=not important at all
7=the most important value
9=n/a","What values do you think are important guiding values for the country and people to pursue after unification? - environmental protection (preservation of nature)"
"Unification","uni1410","values of the unified Korea 10) sucessful",1,"17","1-7 scale","-1=deniable value
0=not important at all
7=the most important value
9=n/a","What values do you think are important guiding values for the country and people to pursue after unification? - sucessful"
"Unification","uni1411","values of the unified Korea 11) enjoying life",1,"17","1-7 scale","-1=deniable value
0=not important at all
7=the most important value
9=n/a","What values do you think are important guiding values for the country and people to pursue after unification? - enjoying life (food, sexual life and leisure)"
"Unification","uni1412","values of the unified Korea 12) life with diverse experiences",1,"17","1-7 scale","-1=deniable value
0=not important at all
7=the most important value
9=n/a","What values do you think are important guiding values for the country and people to pursue after unification? - life with diverse experiences (new, changes, testing abilites)"
"Unification","uni1413","values of the unified Korea 13) solidarity",1,"17","1-7 scale","-1=deniable value
0=not important at all
7=the most important value
9=n/a","What values do you think are important guiding values for the country and people to pursue after unification? - solidarity (sense of belonging)"
"Unification","uni15","moving to North Korea after unification",11,"14,15,16,17,18,19a,19b,20a,20b,21a,22","1-4 scale","1=I will never move.
2=if possible, I would rather not move.
3=I would move if really necessary.
4=I would gladly move
9=n/a","What would you do if you had to move to North Korea for work or marriage in the event of unification?"
"Unification","uni16","value of unification in the constitution",3,"16,17,21a","binary","1=I know
2=I do not know
9=n/a","Article 4 of the Constitution of the Republic of Korea states, ""The Republic of Korea shall seek unification and shall formulate and carry out a policy of peaceful unification based on the basic free and democratic order."" Do you know about this Article?"
"Unification","uni17","prospect for inter-Korean relationship",9,"18,19a,19b,20a,20b,21a,21b,22,23a","1-5 scale","1=It will be much worse
2=It will be somewhat worse
3=It will be the same
4=It will be somewhat better
5=It will be much better
9=n/a","What do you think will happen in the next five years for the relationship of South and North Korea?"
"Unification","uni18","the most desirable future scenario on Korea",1,"22","1-4 scale","1=the South and North Korean governments coexist and maintain a mutually friendly relationship.
2=the South and North Korean governments coexist with only economic integration.
3= the military and diplomatic authority is held by the central government, while other powers are held by the South and North Korean governments indenpendently.
4= only a single central government (unified government) exists","What is the most desirable future scenario for the relationship between South Korea and North Korea on the Korean peninsula?"
"Unification","uni1901","the economic development of South Korea",1,"22","1-5 scale","1=strongly disagree
2=somewhat disagree
3=neutral
4=somewhat agree
5=strongly agree
9=n/a","The unification of North and South Korea will be helpful for the economic development of South Korea"
"Unification","uni1902","the identity of the Korean people.",1,"22","1-5 scale","1=strongly disagree
2=somewhat disagree
3=neutral
4=somewhat agree
5=strongly agree
9=n/a","The unification of North and South Korea contributes to maintaining the identity of the Korean people."
"Unification","uni1903","reducing the threat of war",1,"22","1-5 scale","1=strongly disagree
2=somewhat disagree
3=neutral
4=somewhat agree
5=strongly agree
9=n/a","The unification of North and South Korea contributes to reducing the threat of war on the Korean peninsula"
"Unification","uni1904","promoting peace",1,"22","1-5 scale","1=strongly disagree
2=somewhat disagree
3=neutral
4=somewhat agree
5=strongly agree
9=n/a","The unification of North and South Korea will be helpful in promoting peace in the international community"
"Unification","uni2001","feeling about unification: scared",1,"22","1-5 scale","1=not at all
2=not much
3=moderate
4=somewhat strongly
5=very strongly
9=n/a","When you think of the unification of North and South Korea (as a single nation politically, economically, and socially), how strongly do you feel the following emotions? : scared"
"Unification","uni2002","feeling about unification: anxious",1,"22","1-5 scale","1=not at all
2=not much
3=moderate
4=somewhat strongly
5=very strongly
9=n/a","When you think of the unification of North and South Korea (as a single nation politically, economically, and socially), how strongly do you feel the following emotions?:  anxious"
"Unification","uni2003","feeling about unification: angry",1,"22","1-5 scale","1=not at all
2=not much
3=moderate
4=somewhat strongly
5=very strongly
9=n/a","When you think of the unification of North and South Korea (as a single nation politically, economically, and socially), how strongly do you feel the following emotions?: angry"
"Unification","uni2004","feeling about unification: excited",1,"22","1-5 scale","1=not at all
2=not much
3=moderate
4=somewhat strongly
5=very strongly
9=n/a","When you think of the unification of North and South Korea (as a single nation politically, economically, and socially), how strongly do you feel the following emotions?: excited"
"Unification","uni2005","feeling about unification: delighted",1,"22","1-5 scale","1=not at all
2=not much
3=moderate
4=somewhat strongly
5=very strongly
9=n/a","When you think of the unification of North and South Korea (as a single nation politically, economically, and socially), how strongly do you feel the following emotions?: delighted"
"Unification","uni2006","feeling about unification: happy",1,"22","1-5 scale","1=not at all
2=not much
3=moderate
4=somewhat strongly
5=very strongly
9=n/a","When you think of the unification of North and South Korea (as a single nation politically, economically, and socially), how strongly do you feel the following emotions?: happy"
"Unification","uni21","necessity of unitary state",1,"22","other","1 = Not at all necessary
4 = Moderately necessary
7 = Very necessary
9 = n/a","Do you think it is necessary for North and South Korea to form a single country?"
"Unification","uni22","possibility of unitary state",1,"22","other","1 = Not at all possible
4 = Moderately possible
7 = Very possible
9 = n/a","Do you think it is possible for South and North Korea to become a single country?"
"Unification","uni23","Predicting unification timing",2,"22,23a","other","1 = Within 5 years
2 = Within 10 years
3 = Within 20 years
4 = Within 30 years
5 = More than 30 years
6 = Unification is not possible
9 = n/a","When do you think the unification of North and South Korea is possible?"
"Unification","uni2401","unification definion - exchange and cooperation",1,"22","other","1 = not unification at all
2 = not very unification
3 = somewhat unification
4= definitely unification
9 = n/a","What do you think is the definition of unification? Please respond honestly and freely between 'Not unification at all (1 point)' and 'Definitely unification (4 points)' regarding whether the following relationships between South and North Korea represent unification or not: The regimes of South Korea and North Korea are maintained, but there is an active exchange and cooperation in various areas such as economy, society, and culture."
"Unification","uni2402","unification definion - confederation",1,"22","other","1 = not unification at all
2 = not very unification
3 = somewhat unification
4= definitely unification
9 = n/a","What do you think is the definition of unification? Please respond honestly and freely between 'Not unification at all (1 point)' and 'Definitely unification (4 points)' regarding whether the following relationships between South and North Korea represent unification or not: The regimes of South and North Korea are maintained, but inter-Korean organizations such as the South-North Joint Council and the Council of Ministers are created and operated."
"Unification","uni2403","unification definion - unitary state",1,"22","other","1 = not unification at all
2 = not very unification
3 = somewhat unification
4= definitely unification
9 = n/a","What do you think is the definition of unification? Please respond honestly and freely between 'Not unification at all (1 point)' and 'Definitely unification (4 points)' regarding whether the following relationships between South and North Korea represent unification or not: South and North Korea form a unitary government and a unitary national assembly through elections under a unified constitution."
"Unification","uni26","Unification's impact on life",1,"22","other","1 = Will have no impact at all	
2 = Not likely to have much impact
3 = moderate
4 = Will have some impact		
5= will have a significant impact
9 = n/a","To what extent do you think the unification of North and South Korea will affect your life?"
"attitudes","at01","National pride",13,"14,15,16,17,18,19a,19b,20a,20b,21a,21b,22,23a","1-4 scale","1=not proud at all
2=not very much
3=somewhat proud
4=very proud
9=n/a","How proud are you to be a Korean?"
"attitudes","at0201","National Pride - democracy",12,"14,15,16,17,18,19a,19b,20a,20b,21a,21b,23a","1-4 scale","1=not proud at all
2=not very much
3=somewhat proud
4=very proud
9=n/a","How proud are you of South Korea in each of the following? - The way democracy works"
"attitudes","at0202","National Pride - influence in the world",12,"14,15,16,17,18,19a,19b,20a,20b,21a,21b,23a","1-4 scale","1=not proud at all
2=not very much
3=somewhat proud
4=very proud
9=n/a","How proud are you of South Korea in each of the following? - Its political influence in the world"
"attitudes","at0203","National Pride - economy",12,"14,15,16,17,18,19a,19b,20a,20b,21a,21b,23a","1-4 scale","1=not proud at all
2=not very much
3=somewhat proud
4=very proud
9=n/a","How proud are you of South Korea in each of the following? - South Korea's economic achievements"
"attitudes","at0204","National Pride - welfare",12,"14,15,16,17,18,19a,19b,20a,20b,21a,21b,23a","1-4 scale","1=not proud at all
2=not very much
3=somewhat proud
4=very proud
9=n/a","How proud are you of South Korea in each of the following? - Its social security system"
"attitudes","at0205","National Pride - science",12,"14,15,16,17,18,19a,19b,20a,20b,21a,21b,23a","1-4 scale","1=not proud at all
2=not very much
3=somewhat proud
4=very proud
9=n/a","How proud are you of South Korea in each of the following? - Its scientific and technological achievements"
"attitudes","at0206","National Pride - sports",12,"14,15,16,17,18,19a,19b,20a,20b,21a,21b,23a","1-4 scale","1=not proud at all
2=not very much
3=somewhat proud
4=very proud
9=n/a","How proud are you of South Korea in each of the following? - Its achievements in sports"
"attitudes","at0207","National Pride - art",12,"14,15,16,17,18,19a,19b,20a,20b,21a,21b,23a","1-4 scale","1=not proud at all
2=not very much
3=somewhat proud
4=very proud
9=n/a","How proud are you of South Korea in each of the following? - Its achievements in the arts and literature"
"attitudes","at0208","National Pride - military",12,"14,15,16,17,18,19a,19b,20a,20b,21a,21b,23a","1-4 scale","1=not proud at all
2=not very much
3=somewhat proud
4=very proud
9=n/a","How proud are you of South Korea in each of the following? - South Korea's armed forces"
"attitudes","at0209","National Pride - history",12,"14,15,16,17,18,19a,19b,20a,20b,21a,21b,23a","1-4 scale","1=not proud at all
2=not very much
3=somewhat proud
4=very proud
9=n/a","How proud are you of South Korea in each of the following? - Its history"
"attitudes","at0210","National Pride - equality",12,"14,15,16,17,18,19a,19b,20a,20b,21a,21b,23a","1-4 scale","1=not proud at all
2=not very much
3=somewhat proud
4=very proud
9=n/a","How proud are you of South Korea in each of the following? - Its fair and equal treatment of all groups in society"
"attitudes","at0301","patriotism - commitment",3,"16,17,18","1-5 scale","1=strongly disagree
2=somewhat disagree
3=neutral
4=somewhat agree
5=strongly agree
9=n/a","Although at times I may not agree with the government, my commitment to South Korea remains strong"
"attitudes","at0302","patriotism - serve",3,"16,17,18","1-5 scale","1=strongly disagree
2=somewhat disagree
3=neutral
4=somewhat agree
5=strongly agree
9=n/a","It is not very important for me to serve my country."
"attitudes","at0303","patriotism - Korean flag",11,"16,17,18,19a,19b,20a,20b,21a,21b,22,23a","1-5 scale","1=strongly disagree
2=somewhat disagree
3=neutral
4=somewhat agree
5=strongly agree
9=n/a","When I see the Korean flag flying I feel great"
"attitudes","at0304","patriotism - identity",11,"16,17,18,19a,19b,20a,20b,21a,21b,22,23a","1-5 scale","1=strongly disagree
2=somewhat disagree
3=neutral
4=somewhat agree
5=strongly agree
9=n/a","The fact that I am a Korean is an important part of my identity"
"attitudes","at0305","patriotism - enforcing patriotism",3,"16,17,18","1-5 scale","1=strongly disagree
2=somewhat disagree
3=neutral
4=somewhat agree
5=strongly agree
9=n/a","I find it uncomfortable to see the act of forcing children to have strong patriotism, such as pledge of the national flag and sing the national anthem."
"attitudes","at0306","patriotism - national anthem",8,"19a,19b,20a,20b,21a,21b,22,23a","1-5 scale","1=strongly disagree
2=somewhat disagree
3=neutral
4=somewhat agree
5=strongly agree
9=n/a","I feel good when hearing the national anthem"
"attitudes","at0307","patriotism - constructive criticism",8,"19a,19b,20a,20b,21a,21b,22,23a","1-5 scale","1=strongly disagree
2=somewhat disagree
3=neutral
4=somewhat agree
5=strongly agree
9=n/a","If I criticize the South Korea, I do so out of love of country"
"attitudes","at0308","patriotism - work hard",8,"19a,19b,20a,20b,21a,21b,22,23a","1-5 scale","1=strongly disagree
2=somewhat disagree
3=neutral
4=somewhat agree
5=strongly agree
9=n/a","People should work hard to move this country in a positive direction."
"attitudes","at0309","Patriotism-Korea after Covid19",5,"20a,20b,21a,21b,22","1-5 scale","1=strongly disagree
2=somewhat disagree
3=neutral
4=somewhat agree
5=strongly agree
9=n/a","I have become more proud of being a South Korean citizen after seeing our government’s successful response to COVID-19."
"attitudes","at0401","national id - identity",2,"16,17","1-5 scale","1=strongly disagree
2=somewhat disagree
3=neutral
4=somewhat agree
5=strongly agree
9=n/a","I identify myself with the Korean people"
"attitudes","at0402","national id - good Korean",2,"16,17","1-5 scale","1=strongly disagree
2=somewhat disagree
3=neutral
4=somewhat agree
5=strongly agree
9=n/a","I want to be a good Korean."
"attitudes","at0403","national id - pride in history",4,"16,17,18,23a","1-5 scale","1=strongly disagree
2=somewhat disagree
3=neutral
4=somewhat agree
5=strongly agree
9=n/a","I am proud of the history of the Korean people."
"attitudes","at0404","national id - personal insult",2,"16,17","1-5 scale","1=strongly disagree
2=somewhat disagree
3=neutral
4=somewhat agree
5=strongly agree
9=n/a","When someone criticizes the Korean people, I feel personally insulted."
"attitudes","at0405","national id - SK and NK",5,"16,17,18,19a,19b","1-5 scale","1=strongly disagree
2=somewhat disagree
3=neutral
4=somewhat agree
5=strongly agree
9=n/a","South and North Korea are of the same people."
"attitudes","at0406","national attachment - bad about South Korea",8,"18,19a,19b,20a,20b,21a,21b,23a","1-4 scale","1=Extremely Strongly
2=Very Strongly
3=Not too strongly
4=Not strongly at all","When someone says something bad about the South Korean people, how strongly do you feel it is as if they said something bad about you?"
"attitudes","at0407","national attachment - your fate",8,"18,19a,19b,20a,20b,21a,21b,23a","1-5 scale","1=a very large amount
2=a large amount
3=somewhat
4=not very much
5=none at all","How much do you feel that what happens to South Korea in general will be your fate as well?"
"attitudes","at0408","national attachment - superiority",9,"18,19a,19b,20a,20b,21a,21b,22,23a","1-4 scale","1=vastly superior
2=very superior
3=not so superior
4=not at all superior","How superior is South Korea compared to other nations?"
"attitudes","at0409","national attachment - patriots",9,"18,19a,19b,20a,20b,21a,21b,22,23a","1-4 scale","1=agree strongly
2=agree somewhat
3=disagree somewhat
4=disagree strongly
9=n/a","Patriots should support South Korea even if it is in the wrong."
"attitudes","at0501","satified life-1) ideal life",2,"16,17","1-7 scale","1=disagree strongly
2=disagree
3=disagree somewhat
4=neither agree nor disagree
5=somewhat agree
6=agree
7=agree strongly
9=n/a","Overall, my life is close to what I consider ideal."
"attitudes","at0502","satified life-2) my life is good",2,"16,17","unknown",NA,"The conditions in my life are very good."
"attitudes","at0503","satified life-3) satisfied with my life",2,"16,17","unknown",NA,"I am satisfied with my life."
"attitudes","at0504","satified life-4) achievement",2,"16,17","unknown",NA,"So far I have achieved the important things I want in my life."
"attitudes","at0505","satified life-5) born again",2,"16,17","unknown",NA,"Even if I were born again, I would live like this."
"attitudes","at06","general trust",11,"14,15,16,17,18,19a,20a,21a,21b,22,23a","0-10 scale","0=hardly trustful
10=very trustful
99=n/a","Generally, How trustful do you perceive this society to be?"
"attitudes","at0701","institutional trust- The President",9,"14,15,16,17,18,19a,20a,21a,21b","0-10 scale","0=not confident at all 
5=neutral
10=very confident
99=n/a","As far as the people running the following institutions are concerned, how confident are you with the institute? - president"
"attitudes","at0702","institutional trust- Administration",9,"14,15,16,17,18,19a,20a,21a,21b","0-10 scale","0=not confident at all 
5=neutral
10=very confident
99=n/a","As far as the people running the following institutions are concerned, how confident are you with the institute? - administration"
"attitudes","at0703","institutional trust- The Court",9,"14,15,16,17,18,19a,20a,21a,21b","0-10 scale","0=not confident at all 
5=neutral
10=very confident
99=n/a","As far as the people running the following institutions are concerned, how confident are you with the institute? - court"
"attitudes","at0704","institutional trust- National Assembly",9,"14,15,16,17,18,19a,20a,21a,21b","0-10 scale","0=not confident at all 
5=neutral
10=very confident
99=n/a","As far as the people running the following institutions are concerned, how confident are you with the institute? -  National Assembly"
"attitudes","at0705","institutional trust-political parties",9,"14,15,16,17,18,19a,20a,21a,21b","0-10 scale","0=not confident at all 
5=neutral
10=very confident
99=n/a","As far as the people running the following institutions are concerned, how confident are you with the institute? - political parties"
"attitudes","at0706","institutional trust-news media",9,"14,15,16,17,18,19a,20a,21a,21b","0-10 scale","0=not confident at all 
5=neutral
10=very confident
99=n/a","As far as the people running the following institutions are concerned, how confident are you with the institute? - news media"
"attitudes","at0707","institutional trust-NGOs",6,"14,15,16,17,18,19a","0-10 scale","0=not confident at all 
5=neutral
10=very confident
99=n/a","As far as the people running the following institutions are concerned, how confident are you with the institute? - NGOs"
"attitudes","at0708","institutional trust-military",6,"14,15,16,17,18,19a","0-10 scale","0=not confident at all 
5=neutral
10=very confident
99=n/a","As far as the people running the following institutions are concerned, how confident are you with the institute? - military"
"attitudes","at0709","institutional trust-religious institutions",6,"14,15,16,17,18,19a","0-10 scale","0=not confident at all 
5=neutral
10=very confident
99=n/a","As far as the people running the following institutions are concerned, how confident are you with the institute? - religious institutions"
"attitudes","at0710","institutional trust-labor unions",6,"14,15,16,17,18,19a","0-10 scale","0=not confident at all 
5=neutral
10=very confident
99=n/a","As far as the people running the following institutions are concerned, how confident are you with the institute? - labor unions"
"attitudes","at0711","institutional trust-Jaebeol(conglomerate)",6,"14,15,16,17,18,19a","0-10 scale","0=not confident at all 
5=neutral
10=very confident
99=n/a","As far as the people running the following institutions are concerned, how confident are you with the institute? - Jaebeol(conglomerate)"
"attitudes","at0712","institutional trust-Public Prosecutors' Office",1,"21b","0-10 scale","0=not confident at all 
5=neutral
10=very confident
99=n/a","As far as the people running the following institutions are concerned, how confident are you with the institute? - Public Prosecutors' Office"
"attitudes","at0713","institutional trust- The Police",1,"21b","0-10 scale","0=not confident at all 
5=neutral
10=very confident
99=n/a","As far as the people running the following institutions are concerned, how confident are you with the institute? - The Police"
"attitudes","at0801","interpersonal trust-1) no one to trust",3,"16,17,18","1-5 scale","1=strongly disagree
2=somewhat disagree
3=neutral
4=somewhat agree
5=strongly agree
9=n/a","There is no one to trust."
"attitudes","at0802","interpersonal trust- 2) most people lie",3,"16,17,18","1-5 scale","1=strongly disagree
2=somewhat disagree
3=neutral
4=somewhat agree
5=strongly agree
9=n/a","Most people would lie if it benefits them."
"attitudes","at0803","interpersonal trust-3) trust most people",3,"16,17,18","1-5 scale","1=strongly disagree
2=somewhat disagree
3=neutral
4=somewhat agree
5=strongly agree
9=n/a","When people are trusted by others, most people trust the other."
"attitudes","at0804","interpersonal trust-4) danger of altruism",3,"16,17,18","1-5 scale","1=strongly disagree
2=somewhat disagree
3=neutral
4=somewhat agree
5=strongly agree
9=n/a","Those who dedicate themselves to causes such as altruism, are likely to be used by others."
"attitudes","at0805","interpersonal trust- 5) interest in own profits",3,"16,17,18","1-5 scale","1=strongly disagree
2=somewhat disagree
3=neutral
4=somewhat agree
5=strongly agree
9=n/a","No matter what people say, most people are most interested in their own profits."
"attitudes","at0901","social capital- 1) political party",2,"16,17","1-4 scale","1=used to be a member
2=inactive member
3=somewhat active member
4=very active member
9=n/a","Below are a list of voluntary organizations. For each one, could you tell us whether you are an active member, an inactive member or not a member of that type of organization? - political party or political organization"
"attitudes","at0902","social capital-2) NGOs",2,"16,17","1-4 scale","1=used to be a member
2=inactive member
3=somewhat active member
4=very active member
9=n/a","Below are a list of voluntary organizations. For each one, could you tell us whether you are an active member, an inactive member or not a member of that type of organization? - NGOs"
"attitudes","at0903","social capital-3) labor unions",2,"16,17","1-4 scale","1=used to be a member
2=inactive member
3=somewhat active member
4=very active member
9=n/a","Below are a list of voluntary organizations. For each one, could you tell us whether you are an active member, an inactive member or not a member of that type of organization? - Labor unions"
"attitudes","at0904","social capital-4) organizations for business",2,"16,17","1-4 scale","1=used to be a member
2=inactive member
3=somewhat active member
4=very active member
9=n/a","Below are a list of voluntary organizations. For each one, could you tell us whether you are an active member, an inactive member or not a member of that type of organization? - organizations for business owner or manager"
"attitudes","at0905","social capital-5) religious organization",2,"16,17","1-4 scale","1=used to be a member
2=inactive member
3=somewhat active member
4=very active member
9=n/a","Below are a list of voluntary organizations. For each one, could you tell us whether you are an active member, an inactive member or not a member of that type of organization? - religious organization"
"attitudes","at0906","social capital-6) charitable organization",2,"16,17","1-4 scale","1=used to be a member
2=inactive member
3=somewhat active member
4=very active member
9=n/a","Below are a list of voluntary organizations. For each one, could you tell us whether you are an active member, an inactive member or not a member of that type of organization? - humanitarian or charitable organization"
"attitudes","at0907","social capital-7) social organization",2,"16,17","1-4 scale","1=used to be a member
2=inactive member
3=somewhat active member
4=very active member
9=n/a","Below are a list of voluntary organizations. For each one, could you tell us whether you are an active member, an inactive member or not a member of that type of organization? - social organization(for example, school alumni)"
"attitudes","at0908","social capital-8) recreational organization",2,"16,17","1-4 scale","1=used to be a member
2=inactive member
3=somewhat active member
4=very active member
9=n/a","Below are a list of voluntary organizations. For each one, could you tell us whether you are an active member, an inactive member or not a member of that type of organization? - art, sport, or recreational organization"
"attitudes","at0909","social capital-9) other organization",2,"16,17","1-4 scale","1=used to be a member
2=inactive member
3=somewhat active member
4=very active member
9=n/a","Below are a list of voluntary organizations. For each one, could you tell us whether you are an active member, an inactive member or not a member of that type of organization? - other organization"
"attitudes","at10","donation",2,"16,17","1-5 scale","1=I don't donate
2=less than 10,000 KRW  
3=10,001-30,000 KRW 
4=30,001-60,000 KRW  
5=60,001-90,000 KRW  
6=Over 90,001 KRW
9=n/a","Apart from religious donation, how much do you donate each month? Please answer freely and frankly"
"attitudes","at11","evaluation on the changes of national integrity",2,"17,18","1-5 scale","1=corruption has decreased very much
2=corruption has decreased somewhat
3=corruption has stayed the same
4=corruption has increased somewhat
5=corruption has increased very much
9=n/a","Do you think the level of corruption in our country has increased, stayed the same or decreased over the past year?"
"attitudes","at1101","corruption by occupation- 1) congressmen",2,"17,18","1-4 scale","1=no one
2=a few
3=most of them
4=all of them
9=n/a","How many people with the following jobs in the Korean society do you think are involved in corruption? - congressmen"
"attitudes","at1102","corruption by occupation- 2) civil servants",2,"17,18","1-4 scale","1=no one
2=a few
3=most of them
4=all of them
9=n/a","How many people with the following jobs in the Korean society do you think are involved in corruption? - civil servants"
"attitudes","at1103","corruption by occupation-3) prosecutors and police",2,"17,18","1-4 scale","1=no one
2=a few
3=most of them
4=all of them
9=n/a","How many people with the following jobs in the Korean society do you think are involved in corruption? - prosecutors and police"
"attitudes","at1104","corruption by occupation-4) journalists",2,"17,18","1-4 scale","1=no one
2=a few
3=most of them
4=all of them
9=n/a","How many people with the following jobs in the Korean society do you think are involved in corruption? - journalists"
"attitudes","at1105","corruption by occupation-5) tax officers",2,"17,18","1-4 scale","1=no one
2=a few
3=most of them
4=all of them
9=n/a","How many people with the following jobs in the Korean society do you think are involved in corruption? - tax officers"
"attitudes","at1106","corruption by occupation- 6) judges",2,"17,18","1-4 scale","1=no one
2=a few
3=most of them
4=all of them
9=n/a","How many people with the following jobs in the Korean society do you think are involved in corruption? - jodges"
"attitudes","at1107","corruption by occupation- 7) businessmen",2,"17,18","1-4 scale","1=no one
2=a few
3=most of them
4=all of them
9=n/a","How many people with the following jobs in the Korean society do you think are involved in corruption? - businessmen"
"attitudes","at1108","corruption by occupation-8) NGO activists",2,"17,18","1-4 scale","1=no one
2=a few
3=most of them
4=all of them
9=n/a","How many people with the following jobs in the Korean society do you think are involved in corruption? - NGO activists"
"attitudes","at1201","post-materianlism - group1 1st",10,"14,15,16,17,18,19a,20a,20b,21a,23a","1-4 scale","1=a high level of economic growth
2=seeing that people have more say about how things are done at their jobs and in their communities
3=making sure that this country has strong defense forces
4=trying to make our cities and countryside more beautiful
9=n/a","
People sometimes talk about what the aims of South Korea should be for the next ten years. The following items are some of the goals which different people would give top priority. Would you please say which one of these you, yourself, consider the most important? And which would be the next most important? (group1 1st)"
"attitudes","at1202","post-materianlism - group1 2nd",10,"14,15,16,17,18,19a,20a,20b,21a,23a","1-4 scale","1=a high level of economic growth
2=seeing that people have more say about how things are done at their jobs and in their communities
3=making sure that this country has strong defense forces
4=trying to make our cities and countryside more beautiful
9=n/a","
People sometimes talk about what the aims of South Korea should be for the next ten years. The following items are some of the goals which different people would give top priority. Would you please say which one of these you, yourself, consider the most important? And which would be the next most important? (group1 2nd)"
"attitudes","at1203","post-materianlism - group2 1st",10,"14,15,16,17,18,19a,20a,20b,21a,23a","1-4 scale","1=protecting freedom of speech
2=fighting rising prices
3=giving people more say in important government decision
4=maintaining order in the nation
9=n/a","
People sometimes talk about what the aims of South Korea should be for the next ten years. The following items are some of the goals which different people would give top priority. Would you please say which one of these you, yourself, consider the most important? And which would be the next most important? (group2 1st)"
"attitudes","at1204","post-materianlism - group2 2nd",10,"14,15,16,17,18,19a,20a,20b,21a,23a","1-4 scale","1=protecting freedom of speech
2=fighting rising prices
3=giving people more say in important government decision
4=maintaining order in the nation
9=n/a","
People sometimes talk about what the aims of South Korea should be for the next ten years. The following items are some of the goals which different people would give top priority. Would you please say which one of these you, yourself, consider the most important? And which would be the next most important? (group2 2nd)"
"attitudes","at1205","post-materianlism - group3 1st",10,"14,15,16,17,18,19a,20a,20b,21a,23a","1-4 scale","1=a stable economy
2=progress toward a less impersonal and more humane society
3=the fight against crime
4=progress toward a society in which ideas count more than money
9=n/a","
People sometimes talk about what the aims of South Korea should be for the next ten years. The following items are some of the goals which different people would give top priority. Would you please say which one of these you, yourself, consider the most important? And which would be the next most important? (group3 1st)"
"attitudes","at1206","post-materianlism - group3 2nd",10,"14,15,16,17,18,19a,20a,20b,21a,23a","1-4 scale","1=a stable economy
2=progress toward a less impersonal and more humane society
3=the fight against crime
4=progress toward a society in which ideas count more than money
9=n/a","
People sometimes talk about what the aims of South Korea should be for the next ten years. The following items are some of the goals which different people would give top priority. Would you please say which one of these you, yourself, consider the most important? And which would be the next most important? (group3 2nd)"
"attitudes","at1301","civility-1) sacrifice for the country",2,"16,17","1-5 scale","1=strongly disagree
2=somewhat disagree
3=neither agree nor disagree
4=somewhat agree
5=strongly agree
9=n/a","An individual must make sacrifices for the country"
"attitudes","at1302","civility-2) minority rights",2,"16,17","1-5 scale","1=strongly disagree
2=somewhat disagree
3=neither agree nor disagree
4=somewhat agree
5=strongly agree
9=n/a","The human rights of the few should be protected, even if the majority disagrees"
"attitudes","at1303","civility- 3) leadership",2,"16,17","1-5 scale","1=strongly disagree
2=somewhat disagree
3=neither agree nor disagree
4=somewhat agree
5=strongly agree
9=n/a","Society works better when it is governed by a few leaders than the public"
"attitudes","at1304","civility- 4) majority rule",2,"16,17","1-5 scale","1=strongly disagree
2=somewhat disagree
3=neither agree nor disagree
4=somewhat agree
5=strongly agree
9=n/a","It is undesirable for a minority to oppose a majority opinion."
"attitudes","at1305","civility-5) public interest",2,"16,17","1-5 scale","1=strongly disagree
2=somewhat disagree
3=neither agree nor disagree
4=somewhat agree
5=strongly agree
9=n/a","I can sacrifice my own interest for the sake of public interest."
"attitudes","at1306","civility- 6) individualism",2,"16,17","1-5 scale","1=strongly disagree
2=somewhat disagree
3=neither agree nor disagree
4=somewhat agree
5=strongly agree
9=n/a","Even if I witness someone violating the law, I will let it go unless I get damages from it."
"attitudes","at1307","civility- 7) integrity",2,"16,17","1-5 scale","1=strongly disagree
2=somewhat disagree
3=neither agree nor disagree
4=somewhat agree
5=strongly agree
9=n/a","If I have to give a bribe to solve the problem, I will do it."
"attitudes","at1308","civility- 8) not in my back yard",2,"16,17","1-5 scale","1=strongly disagree
2=somewhat disagree
3=neither agree nor disagree
4=somewhat agree
5=strongly agree
9=n/a","I would oppose any construction of facilities that might lower the price of housing in my neighborhood, even if those facilities are safe and necessary."
"attitudes","at1401","social mobility- 1) social structure",3,"16,17,18","1-5 scale","1=strongly disagree
2=somewhat disagree
3=neither agree nor disagree
4=somewhat agree
5=strongly agree
9=n/a","The social and economic structure of South Korea is unlikely to change easily over the next few years ."
"attitudes","at1402","social mobility- 2) upper class",3,"16,17,18","1-5 scale","1=strongly disagree
2=somewhat disagree
3=neither agree nor disagree
4=somewhat agree
5=strongly agree
9=n/a","The upper social and economic class of South Korea deserves their status."
"attitudes","at1403","social mobility- 3) lower class",3,"16,17,18","1-5 scale","1=strongly disagree
2=somewhat disagree
3=neither agree nor disagree
4=somewhat agree
5=strongly agree
9=n/a","It is almost impossible for the lower social and economic classes of South Korea to jump to the upper class."
"attitudes","at1404","social mobility-4) personal efforts",3,"16,17,18","1-5 scale","1=strongly disagree
2=somewhat disagree
3=neither agree nor disagree
4=somewhat agree
5=strongly agree
9=n/a","If I try hard, I can have a better social and economic status than now."
"attitudes","at1405","social mobility-5) personal status",3,"16,17,18","1-5 scale","1=strongly disagree
2=somewhat disagree
3=neither agree nor disagree
4=somewhat agree
5=strongly agree
9=n/a","My (or my family's) social and economic status is not reasonable compared to my (or my family's) efforts."
"attitudes","at1406","social mobility-6) possibility to raise status",3,"16,17,18","1-5 scale","1=strongly disagree
2=somewhat disagree
3=neither agree nor disagree
4=somewhat agree
5=strongly agree
9=n/a","The social and economic status of my children can be better than mine."
"attitudes","at1407","social mobility- 7) fairness in achieving status",3,"16,17,18","1-5 scale","1=strongly disagree
2=somewhat disagree
3=neither agree nor disagree
4=somewhat agree
5=strongly agree
9=n/a","Many of the people with high social and economic status obtained the position in an illegal manner."
"attitudes","at1408","Fairness - Salary difference",2,"21a,21b","1-4 scale","1=Strongly agree
2=Somewhat disagree
3=Somewhat agree
4=Strongly agree
9=n/a","The difference in salaries between large companies and SMEs is natural because it is due to differences in individual abilities."
"attitudes","at1409","Fairness - Equal pay for equal work",2,"21a,21b","1-4 scale","1=Strongly agree
2=Somewhat disagree
3=Somewhat agree
4=Strongly agree
9=n/a","It is natural to receive the same salary for doing the same level of work in the same amount of time."
"attitudes","at15","pros and cons of multiculturalism(2014)",1,"14","1-5 scale","1=favor strongly
2=favor to some extent
3=oppose to some extent
4=oppose strongly
5=neither favor nor oppose
9=n/a","Do you favor or oppose the coexistence of different races, religions and cultures in a country?"
"attitudes","at16","pros and cons of multiculturalism",1,"15","1-4 scale","1=oppose strongly
2=oppose to some extent
3=favor to some extent
4=favor strongly
9=n/a","Do you favor or oppose the coexistence of different races, religions and cultures in a country?"
"attitudes","at1701","pros and cons of multiculturalism-race",10,"16,17,18,19a,19b,20a,20b,21a,21b,22","1-5 scale","1=oppose strongly
2=oppose to some extent
3=neither favor nor oppose
4=faver to some extent 
5=favor strongly
9=n/a","Do you favor or oppose the coexistence of different races in a country?"
"attitudes","at1702","pros and cons of multiculturalism-religion",10,"16,17,18,19a,19b,20a,20b,21a,21b,22","1-5 scale","1=oppose strongly
2=oppose to some extent
3=neither favor nor oppose
4=faver to some extent 
5=favor strongly
9=n/a","Do you favor or oppose the coexistence of different religions in a country?"
"attitudes","at1703","pros and cons of multiculturalism-culture",10,"16,17,18,19a,19b,20a,20b,21a,21b,22","1-5 scale","1=oppose strongly
2=oppose to some extent
3=neither favor nor oppose
4=faver to some extent 
5=favor strongly
9=n/a","Do you favor or oppose the coexistence of different cultures in a country?"
"attitudes","at18","unity of multi-ethnic nation",5,"14,15,16,17,18","1-5 scale","1=unity will be weakened very much
2=unity will be somewhat weakened 
3=unity will stay the same
4=unity will be somewhat strengthened 
5=unity will be strengthened very much
9=n/a","What do you think will happen to the unity of a nation when it keeps accepting immigrants from many nations? (14,15)

What do you think will happen to the unity of a nation when immigrants from diverse nations increase? Please answer freely and frankly. (16,17)
"
"attitudes","at19a","SDO-ideal society",9,"18,19a,19b,20a,20b,21a,21b,22,23a","1-7 scale","1=strongly oppose
2=somewhat oppose
3=slightly oppose
4=neutral
5=slightly favor
6=somewhat favor
7=strongly favor
9=n/a","An ideal society requires some groups to be on top and others to be on the bottom."
"attitudes","at19b","SDO-inferior group",9,"18,19a,19b,20a,20b,21a,21b,22,23a","1-7 scale","1=strongly oppose
2=somewhat oppose
3=slightly oppose
4=neutral
5=slightly favor
6=somewhat favor
7=strongly favor
9=n/a","Some groups of people are simply inferior to other groups."
"attitudes","at19c","SDO-no domination",9,"18,19a,19b,20a,20b,21a,21b,22,23a","1-7 scale","1=strongly oppose
2=somewhat oppose
3=slightly oppose
4=neutral
5=slightly favor
6=somewhat favor
7=strongly favor
9=n/a","No one group should dominate in society."
"attitudes","at19d","SDO-bottom group",9,"18,19a,19b,20a,20b,21a,21b,22,23a","1-7 scale","1=strongly oppose
2=somewhat oppose
3=slightly oppose
4=neutral
5=slightly favor
6=somewhat favor
7=strongly favor
9=n/a","Groups at the bottom are just as deserving as groups at the top."
"attitudes","at19e","SDO-group equality",9,"18,19a,19b,20a,20b,21a,21b,22,23a","1-7 scale","1=strongly oppose
2=somewhat oppose
3=slightly oppose
4=neutral
5=slightly favor
6=somewhat favor
7=strongly favor
9=n/a","Group equality should not be our primary goal."
"attitudes","at19f","SDO-making group equal",9,"18,19a,19b,20a,20b,21a,21b,22,23a","1-7 scale","1=strongly oppose
2=somewhat oppose
3=slightly oppose
4=neutral
5=slightly favor
6=somewhat favor
7=strongly favor
9=n/a","It is unjust to try to make groups equal."
"attitudes","at19g","SDO-equalize condition",9,"18,19a,19b,20a,20b,21a,21b,22,23a","1-7 scale","1=strongly oppose
2=somewhat oppose
3=slightly oppose
4=neutral
5=slightly favor
6=somewhat favor
7=strongly favor
9=n/a","We should do what we can to equalize conditions for different groups."
"attitudes","at19h","SDO-chance to succeed",9,"18,19a,19b,20a,20b,21a,21b,22,23a","1-7 scale","1=strongly oppose
2=somewhat oppose
3=slightly oppose
4=neutral
5=slightly favor
6=somewhat favor
7=strongly favor
9=n/a","We should work to give all groups an equal chance to succeed."
"attitudes","at20a","risk taking or averse",1,"18","1-7 scale","1=Extremely comfortable taking risks 
4=Neither comfortable nor uncomfortable taking risks
7=Extremely uncomfortable taking risks.","In general, people often have to take risks when making financial, career, or other life decisions. Overall, how would you place yourself on the following scale?"
"attitudes","at20b","risk attitudes-prospect theory 1",1,"18","other","__________KRW","Suppose you had the opportunity to play in a lottery that gave you a 60% chance to win 1,000,000 KRW, but otherwise nothing. How much would you be willing to pay for a ticket in the lottery?"
"attitudes","at20c","risk attitudes-prospect theory 2",1,"18","other","__________KRW","Suppose you had the opportunity to play in a lottery that gave you a 60% chance to win 4,000,000 KRW, but otherwise nothing. How much would you be willing to pay for a ticket in the lottery?"
"attitudes","at21a","dehumanization NK-Conscientious",1,"18","other","0 = not at all
100 = to a very great extent","To what extent do you think the following traits describe the people of North Korea, in general, as a group? - Conscientious"
"attitudes","at21b","dehumanization NK-polite",1,"18","other","0 = not at all
100 = to a very great extent","To what extent do you think the following traits describe the people of North Korea, in general, as a group? - Polite"
"attitudes","at21c","dehumanization NK-rude",1,"18","other","0 = not at all
100 = to a very great extent","To what extent do you think the following traits describe the people of North Korea, in general, as a group? - Rude"
"attitudes","at21d","dehumanization NK-ignorant",1,"18","other","0 = not at all
100 = to a very great extent","To what extent do you think the following traits describe the people of North Korea, in general, as a group? - Ignorant"
"attitudes","at21e","dehumanization NK-curious",1,"18","other","0 = not at all
100 = to a very great extent","To what extent do you think the following traits describe the people of North Korea, in general, as a group? - Curious"
"attitudes","at21f","dehumanization NK-friendly",1,"18","other","0 = not at all
100 = to a very great extent","To what extent do you think the following traits describe the people of North Korea, in general, as a group? - Friendly"
"attitudes","at21g","dehumanization NK-impulsive",1,"18","other","0 = not at all
100 = to a very great extent","To what extent do you think the following traits describe the people of North Korea, in general, as a group? - Impulsive"
"attitudes","at21h","dehumanization NK-jealous",1,"18","other","0 = not at all
100 = to a very great extent","To what extent do you think the following traits describe the people of North Korea, in general, as a group? - Jealous"
"attitudes","at21i","dehumanization NK-competent",1,"18","other","0 = not at all
100 = to a very great extent","To what extent do you think the following traits describe the people of North Korea, in general, as a group? - Competent"
"attitudes","at21j","dehumanization NK-warm",1,"18","other","0 = not at all
100 = to a very great extent","To what extent do you think the following traits describe the people of North Korea, in general, as a group? - Warm"
"attitudes","at22a","dehumanization SK-Conscientious",1,"18","other","0 = not at all
100 = to a very great extent","To what extent do you think the following traits describe the people of South Korea, in general, as a group? - Conscientious"
"attitudes","at22b","dehumanization SK-polite",1,"18","other","0 = not at all
100 = to a very great extent","To what extent do you think the following traits describe the people of South Korea, in general, as a group? - Polite"
"attitudes","at22c","dehumanization SK-rude",1,"18","other","0 = not at all
100 = to a very great extent","To what extent do you think the following traits describe the people of South Korea, in general, as a group? - Rude"
"attitudes","at22d","dehumanization SK-ignorant",1,"18","other","0 = not at all
100 = to a very great extent","To what extent do you think the following traits describe the people of South Korea, in general, as a group? - Ignorant"
"attitudes","at22e","dehumanization SK-curious",1,"18","other","0 = not at all
100 = to a very great extent","To what extent do you think the following traits describe the people of South Korea, in general, as a group? - Curious"
"attitudes","at22f","dehumanization SK-friendly",1,"18","other","0 = not at all
100 = to a very great extent","To what extent do you think the following traits describe the people of South Korea, in general, as a group? - Friendly"
"attitudes","at22g","dehumanization SK-impulsive",1,"18","other","0 = not at all
100 = to a very great extent","To what extent do you think the following traits describe the people of South Korea, in general, as a group? - Impulsive"
"attitudes","at22h","dehumanization SK-jealous",1,"18","other","0 = not at all
100 = to a very great extent","To what extent do you think the following traits describe the people of South Korea, in general, as a group? - Jealous"
"attitudes","at22i","dehumanization SK-competent",1,"18","other","0 = not at all
100 = to a very great extent","To what extent do you think the following traits describe the people of South Korea, in general, as a group? - Competent"
"attitudes","at22j","dehumanization SK-warm",1,"18","other","0 = not at all
100 = to a very great extent","To what extent do you think the following traits describe the people of South Korea, in general, as a group? - Warm"
"attitudes","at23a","dehumanization JP-Conscientious",1,"18","other","0 = not at all
100 = to a very great extent","To what extent do you think the following traits describe the people of Japan, in general, as a group? - Conscientious"
"attitudes","at23b","dehumanization JP-polite",1,"18","other","0 = not at all
100 = to a very great extent","To what extent do you think the following traits describe the people of Japan, in general, as a group? - Polite"
"attitudes","at23c","dehumanization JP-rude",1,"18","other","0 = not at all
100 = to a very great extent","To what extent do you think the following traits describe the people of Japan, in general, as a group? - Rude"
"attitudes","at23d","dehumanization JP-ignorant",1,"18","other","0 = not at all
100 = to a very great extent","To what extent do you think the following traits describe the people of Japan, in general, as a group? - Ignorant"
"attitudes","at23e","dehumanization JP-curious",1,"18","other","0 = not at all
100 = to a very great extent","To what extent do you think the following traits describe the people of Japan, in general, as a group? - Curious"
"attitudes","at23f","dehumanization JP-friendly",1,"18","other","0 = not at all
100 = to a very great extent","To what extent do you think the following traits describe the people of Japan, in general, as a group? - Friendly"
"attitudes","at23g","dehumanization JP-impulsive",1,"18","other","0 = not at all
100 = to a very great extent","To what extent do you think the following traits describe the people of Japan, in general, as a group? - Impulsive"
"attitudes","at23h","dehumanization JP-jealous",1,"18","other","0 = not at all
100 = to a very great extent","To what extent do you think the following traits describe the people of Japan, in general, as a group? - Jealous"
"attitudes","at23i","dehumanization JP-competent",1,"18","other","0 = not at all
100 = to a very great extent","To what extent do you think the following traits describe the people of Japan, in general, as a group? - Competent"
"attitudes","at23j","dehumanization JP-warm",1,"18","other","0 = not at all
100 = to a very great extent","To what extent do you think the following traits describe the people of Japan, in general, as a group? - Warm"
"attitudes","at24a","Schwartz-self-direction",2,"18,19a","1-5 scale","1=very much like me
2=like me
3=somewhat like me
4=a little like me
5=not like me
6=not at all like me","Now I will briefly describe some people. Would you please indicate for each description whether that person is very much like you, like you, somewhat like you, not like you, or not at all like you? - It is important to this person to think up new ideas and be creative; to do things one’s own way."
"attitudes","at24b","Schwartz-power",2,"18,19a","1-5 scale","1=very much like me
2=like me
3=somewhat like me
4=a little like me
5=not like me
6=not at all like me","Now I will briefly describe some people. Would you please indicate for each description whether that person is very much like you, like you, somewhat like you, not like you, or not at all like you? - It is important to this person to be rich; to have a lot of money and expensive things"
"attitudes","at24c","Schwartz-security",2,"18,19a","1-5 scale","1=very much like me
2=like me
3=somewhat like me
4=a little like me
5=not like me
6=not at all like me","Now I will briefly describe some people. Would you please indicate for each description whether that person is very much like you, like you, somewhat like you, not like you, or not at all like you? - Living in secure surroundings is important to this person; to avoid anything that might be dangerous."
"attitudes","at24d","Schwartz-hedonism",2,"18,19a","1-5 scale","1=very much like me
2=like me
3=somewhat like me
4=a little like me
5=not like me
6=not at all like me","Now I will briefly describe some people. Would you please indicate for each description whether that person is very much like you, like you, somewhat like you, not like you, or not at all like you? - It is important to this person to have a good time; to “spoil” oneself."
"attitudes","at24e","Schwartz-benevolence",2,"18,19a","1-5 scale","1=very much like me
2=like me
3=somewhat like me
4=a little like me
5=not like me
6=not at all like me","Now I will briefly describe some people. Would you please indicate for each description whether that person is very much like you, like you, somewhat like you, not like you, or not at all like you? - It is important to this person to do something for the good of society."
"attitudes","at24f","Schwartz-achievement",2,"18,19a","1-5 scale","1=very much like me
2=like me
3=somewhat like me
4=a little like me
5=not like me
6=not at all like me","Now I will briefly describe some people. Would you please indicate for each description whether that person is very much like you, like you, somewhat like you, not like you, or not at all like you? - Being very successful is important to this person; to have people recognize one’s achievements."
"attitudes","at24g","Schwartz-stimulation",2,"18,19a","1-5 scale","1=very much like me
2=like me
3=somewhat like me
4=a little like me
5=not like me
6=not at all like me","Now I will briefly describe some people. Would you please indicate for each description whether that person is very much like you, like you, somewhat like you, not like you, or not at all like you? - Adventure and taking risks are important to this person; to have an exciting life."
"attitudes","at24h","Schwartz-conformity",2,"18,19a","1-5 scale","1=very much like me
2=like me
3=somewhat like me
4=a little like me
5=not like me
6=not at all like me","Now I will briefly describe some people. Would you please indicate for each description whether that person is very much like you, like you, somewhat like you, not like you, or not at all like you? - It is important to this person to always behave properly; to avoid doing anything people would say is wrong."
"attitudes","at24i","Schwartz-universalism",2,"18,19a","1-5 scale","1=very much like me
2=like me
3=somewhat like me
4=a little like me
5=not like me
6=not at all like me","Now I will briefly describe some people. Would you please indicate for each description whether that person is very much like you, like you, somewhat like you, not like you, or not at all like you? - Looking after the environment is important to this person; to care for nature and save life resources."
"attitudes","at24j","Schwartz-tradition",2,"18,19a","1-5 scale","1=very much like me
2=like me
3=somewhat like me
4=a little like me
5=not like me
6=not at all like me","Now I will briefly describe some people. Would you please indicate for each description whether that person is very much like you, like you, somewhat like you, not like you, or not at all like you? - Tradition is important to this person; to follow the customs handed down by one’s religion or family."
"attitudes","at25a1","Gender Attitude-education (version A)",1,"19a","binary","1=yes
2=no
9=n/a","Tom’s son is good at school and smart and wishes to continue his study in university with high tuition fee. In order to pay his son’s university tuition, Tom has to take out large loans at high interest. In your opinion, should Tom’s take out a loan to pay for his son’s university tuition?"
"attitudes","at25a2","Gender Attitude-education (version B)",1,"19a","binary","1=yes
2=no
9=n/a","Tom’s daughter is good at school and smart and wishes to continue his study in university with high tuition fee. In order to pay his daughter’s university tuition fee, Tom has to take out large loans at high interest.  In your opinion, should Tom take out a loan to pay for his daughter’s university tuition?"
"attitudes","at25b1","Gender Attitude-medical treatment (version B)",1,"19a","binary","1=yes
2=no
9=n/a","Bill has a young son and his son is ill. It is not clear what his illness is or how serious the illness is. Although Bill wants to take him to the doctor to diagnose his illness, he does not have insurance and does not have enough money to pay on his own. In order to take him to the doctor to diagnose how serious is his illness, and whether his illness can be treated,  Bill would need to take out a loan at high interest. Should Bill take out a loan to bring his son to the doctor soon?"
"attitudes","at25b2","Gender Attitude-medical treatment (version A)",1,"19a","binary","1=yes
2=no
9=n/a","Bill has a young daughter and his daughter is ill. It is not clear what her illness is or how serious the illness is. Although Bill wants to take her to the doctor to diagnose her illness, he does not have insurance  and does not have enough money to pay on his own. In order to take her to the doctor to diagnose how serious her illness is, and whether her illness can be treated, Bill would need to take out a loan at high interest. Should Bill take out a loan to bring his daughter to the doctor soon?"
"attitudes","at25c1","Gender Attitude-labor wage (version A)",1,"19a","1-3 scale","1=$8 and hour
2=$10 and hour
3=$15 and hour
9=n/a","Richard has been hired to work as a waiter in the newly opened café located in his neighborhood. Richard has not worked as a waiter before. In his neighborhood, an average salary for a waiter is $10 an hour. In your opinion, which amount of salary should be paid to Richard?"
"attitudes","at25c2","Gender Attitude-labor wage (version B)",1,"19a","1-3 scale","1=$8 and hour
2=$10 and hour
3=$15 and hour
9=n/a","Betsy has been hired to work as a waiter in the newly opened café located in her neighborhood. Betsy has not worked as a waiter before. In her neighborhood, an average salary for a waiter is $10 an hour. In your opinion, which amount of salary should be paid to Betsy?"
"attitudes","at25d1","Gender Attitude-candidate (version B)",1,"19a","binary","1=Tom
2=Eileen
9=n/a","Tom is a candidate for the local council.  He has a  college degree and works as a teacher for the district high school . If Tom wins his election, he will prioritize improving  secondary education, increasing the number of kindergartens and health care services. 

Eileen is a candidate for the local council. Since graduating from the university, she has been working as director of her family’s private construction materials store. If Eileen wins election, she plans to cut wasteful spending, strengthen law enforcement, and improve conditions for small business owners. 

Would you vote for Tom or Eileen?"
"attitudes","at25d2","Gender Attitude-candidate  (version A)",1,"19a","binary","1=Tom
2=Eileen
9=n/a","Eileen is a candidate for the local council.  She has a  college degree and works as a teacher for the district high school . If Eileen wins her selection, he will prioritize improving  secondary education, increasing the number of kindergartens and health care services. 

Tom is a candidate for the local council. Since graduating from the university, he has been working as director of his family’s private construction materials store. If Tom wins election, he plans to cut wasteful spending, strengthen law enforcement, and improve conditions for small business owners. 

Would you vote for Tom or Eileen?"
"attitudes","at25e1","Gender Attitude-duty for family (version A)",1,"19a","binary","1=Go to university
2=Help parents
9=n/a","A talented student, Ron, is graduating at the top of his school class and has been offered a scholarship at a university. Ron would like to enroll in the university so that he can become a doctor, but Ron’s father is sick and his parents need his help at home, which would make going to university impossible. What should Ron do?"
"attitudes","at25e2","Gender Attitude-duty for family (version B)",1,"19a","binary","1=Go to university
2=Help parents
9=n/a","A talented student, Patricia, is graduating at the top of her school class and has been offered a scholarship at a university. Patricia would like to enroll in the university so that she can become a doctor, but Patricia’s father is sick and her parents need her help at home, which would make going to university impossible. What should Patricia do?"
"attitudes","at25f1","Gender Attitude-decision making (version B)",1,"19a","binary","1=yes
2=no
9=n/a","Bob and Anne are a married couple in their 30s. They have one son who is 3 years old. The family has adequate income and they can afford to raise another child. But the couple do not agree on whether to have another child. Bob would like to have another child, but Anne is against the idea. Should Bob and Anne have a second child?"
"attitudes","at25f2","Gender Attitude-decision making (version A)",1,"19a","binary","1=yes
2=no
9=n/a","Bob and Anne are a married couple in their 30s. They have one son who is 3 years old. The family has adequate income and they can afford to raise another child. But the couple do not agree on whether to have another child. Anne would like to have another child, but Bob is against the idea. Should Bob and Anne have a second child?"
"attitudes","at25g1","Gender Attitude-child discipline (version A)",1,"19a","binary","1=yes
2=no
9=n/a","Ed's 16-year-old son was awarded a voucher/certificate to travel to a conference and participate in a workshop with high level technology entrepreneurs. In order to travel in this conference, Ed’s son has to travel alone for about an hour  by public transportation. The route is safe, and there is regular transportation available. Do you think that Ed should allow his son to travel alone?"
"attitudes","at25g2","Gender Attitude-child discipline (version B)",1,"19a","binary","1=yes
2=no
9=n/a","Ed's 16-year-old daughter was awarded a voucher/certificate to travel to a conference and participate in a workshop with high level technology entrepreneurs. In order to travel in this conference, Ed’s daughter has to travel alone for about an hour by public transportation. The route is safe, and there is regular transportation available. Do you think that Ed should allow his daughter to travel alone?"
"attitudes","at25h1","Gender Attitude-authority (version B)",1,"19a","binary","1=Mark
2=Sharon
9=n/a","Mark goes out for drinks with colleagues after work.    When he comes home late, his wife Sharon asks where he has been and why he did not come home to have dinner with the children.  He gets mad at her and yells at her and tells her she has no right to question what he does for work.  Who is correct?"
"attitudes","at25h2","Gender Attitude-authority (version A)",1,"19a","binary","1=Mark
2=Sharon
9=n/a","Sharon goes out for drinks after work with colleagues.    When she comes home late, her husband Mark asks where she has been and why she did not come home to have dinner with the children. She gets mad at hi and yells at him and tells him he has no right to question what she does for work .  Who is correct?"
"attitudes","at25i1","Gender Attitude-resource allocation (version A)",1,"19a","binary","1=Toilet
2=Kitchen
9=n/a","The girl’s toilet at the local school is not functional. The kitchen, used to prepare the school’s middaymeals also needs repair. The school’s funds are limited, and either the toiletcan be fixed or the kitchen. Which should the school repair first?"
"attitudes","at25i2","Gender Attitude-resource allocation (version B)",1,"19a","binary","1=Toilet
2=Kitchen
9=n/a","The boy’s toilet at the local school is not functional. The kitchen, used to prepare the school’smidday meals also needs repair. The school’s funds are limited, and either thetoilet can be fixed or the kitchen. Which should the school repair first?"
"attitudes","at2601","Feminism - interest",1,"19a","1-5 scale","1=Not interested at all 
2=not so much interested
3=neutral
4=somewhat interested
5=very much interested
9=n/a","
How interested are you in the women's social status and role as well as gender inequality?"
"attitudes","at2602","Feminism - gender inequality",1,"19a","1-4 scale","1=do not agree at all
2=mostly do not agree
3=mostly agree
4=very much agree
9=n/a","There is still gender inequality in the Korean society"
"attitudes","at2603","Feminism - institution",1,"19a","1-4 scale","1=do not agree at all
2=mostly do not agree
3=mostly agree
4=very much agree
9=n/a","It is necessary to strengthen system for gender equality"
"attitudes","at2701","ambivalent sexism-dominant paternalism 1",1,"19a","other","1=not at all
6=very much yes
9=n/a","It is natural for man to have the ownership of the house"
"attitudes","at2702","ambivalent sexism-dominant paternalism 2",1,"19a","other","1=not at all
6=very much yes
9=n/a","Mostly it is better for men to be the leader of a group"
"attitudes","at2703","ambivalent sexism-competitive gender differentiation 1",1,"19a","other","1=not at all
6=very much yes
9=n/a","Feminists are making unreasonalbe demands of men."
"attitudes","at2704","ambivalent sexism-competitive gender differentiation 2",1,"19a","other","1=not at all
6=very much yes
9=n/a","When women lose to men in a fair competition, they typically complain about being discriminated against."
"attitudes","at2705","ambivalent sexism-hostile heterosexuality 1",1,"19a","other","1=not at all
6=very much yes
9=n/a","Women display their charm to men to get what they want"
"attitudes","at2706","ambivalent sexism-hostile heterosexuality 2",1,"19a","other","1=not at all
6=very much yes
9=n/a","Many women get a kick out of teasing men by seeming sexually available and then refusing male advances."
"attitudes","at2707","ambivalent sexism-protective paternalism 1",1,"19a","other","1=not at all
6=very much yes
9=n/a","Men should escort women to house when it is late"
"attitudes","at2708","ambivalent sexism-protective paternalism 2",1,"19a","other","1=not at all
6=very much yes
9=n/a","Men should do physically-demanding works than women"
"attitudes","at2709","ambivalent sexism-complementary gender differentiation1",1,"19a","other","1=not at all
6=very much yes
9=n/a","Women are more caring to look after the family"
"attitudes","at2710","ambivalent sexism-complementary gender differentiation 2",1,"19a","other","1=not at all
6=very much yes
9=n/a","Women, as compared to men, tend to have a more refined sense of culture and good taste."
"attitudes","at2711","ambivalent sexism-intimate heterosexuality 1",1,"19a","other","1=not at all
6=very much yes
9=n/a","People are not truly happy in life without being romantically involved with a member of the other sex"
"attitudes","at2712","ambivalent sexism-intimate heterosexuality 2",1,"19a","other","1=not at all
6=very much yes
9=n/a","Every man ought to have a woman whom he adores"
"attitudes","at2801","system justification - fair society",8,"19a,19b,20a,20b,21a,21b,22,23a","1-5 scale","1=do not agree at all
5=neutral
9=very much agree
99=n/a","In general, you find society to be fair"
"attitudes","at2802","system justification - radical restructure",8,"19a,19b,20a,20b,21a,21b,22,23a","1-5 scale","1=do not agree at all
5=neutral
9=very much agree
99=n/a","Korean society needs to be radically restructured."
"attitudes","at2803","system justification - best country",8,"19a,19b,20a,20b,21a,21b,22,23a","1-5 scale","1=do not agree at all
5=neutral
9=very much agree
99=n/a","South Korea is the best country in the world to live in"
"attitudes","at2804","system justification - fair opportunity",8,"19a,19b,20a,20b,21a,21b,22,23a","1-5 scale","1=do not agree at all
5=neutral
9=very much agree
99=n/a","Everyone has a fair shot at wealth and happiness"
"attitudes","at2805","system justification - good system",7,"19b,20a,20b,21a,21b,22,23a","1-5 scale","1=do not agree at all
5=neutral
9=very much agree
99=n/a","In general, the political system of Korea is functioning properly"
"attitudes","at2806","system justification - good policies",7,"19b,20a,20b,21a,21b,22,23a","1-5 scale","1=do not agree at all
5=neutral
9=very much agree
99=n/a","In general, policy contributes to public good"
"attitudes","at2807","system justification - deteriorating society",7,"19b,20a,20b,21a,21b,22,23a","1-5 scale","1=do not agree at all
5=neutral
9=very much agree
99=n/a","Our (the) society is deteriorating every year"
"attitudes","at2808","system justification - fair share",7,"19b,20a,20b,21a,21b,22,23a","1-5 scale","1=do not agree at all
5=neutral
9=very much agree
99=n/a","In general, people receive reasonable reward from the society"
"attitudes","at2901","desire to gain face - ability",1,"20a","1-7 scale","1=Very much agree
4=Neutral
7=do not agree at all
9=n/a","The following statements ask about your attitudes toward yourself. On a scale of 1 (very much so) to 7 (not at all so), please indicate your level of agreement or disagreement with the following statements. - I hope people think that I can do better than most others"
"attitudes","at2902","desire to gain face - intelligence",1,"20a","1-7 scale","1=Very much agree
4=Neutral
7=do not agree at all
9=n/a","The following statements ask about your attitudes toward yourself. On a scale of 1 (very much so) to 7 (not at all so), please indicate your level of agreement or disagreement with the following statements. - I hope that I can talk about things that most others do not know."
"attitudes","at2903","fear of losing face - weakness",1,"20a","1-7 scale","1=Very much agree
4=Neutral
7=do not agree at all
9=n/a","The following statements ask about your attitudes toward yourself. On a scale of 1 (very much so) to 7 (not at all so), please indicate your level of agreement or disagreement with the following statements. - I always avoid talking about my weakness."
"attitudes","at2904","fear of losing face - hiding weakness",1,"20a","1-7 scale","1=Very much agree
4=Neutral
7=do not agree at all
9=n/a","The following statements ask about your attitudes toward yourself. On a scale of 1 (very much so) to 7 (not at all so), please indicate your level of agreement or disagreement with the following statements. - I do my best to hide my weakness before others."
"attitudes","at3001","cognitive reflection test 1",1,"22","unknown",NA,"Read the questions below and tell us what you think the correct answer is - you don't have to think too deeply. - A baseball bat and ball cost 110,000 KRW together. If the bat costs 100,000 KRW more than the ball, what do you think the ball costs?"
"attitudes","at3002","cognitive reflection test 2",1,"22","unknown",NA,"Read the questions below and tell us what you think the correct answer is - you don't have to think too deeply. - A lotus leaf floats in a lake. Each day, the area covered by the lotus leaf doubles. It took 48 days for the lotus leaves to cover the entire lake. How many days do you think it took to cover half the lake?"
"attitudes","at3003","cognitive reflection test 3",1,"22","unknown",NA,"Read the questions below and tell us what you think the correct answer is - you don't have to think too deeply. - Five machines make five parts in five minutes. How many minutes do you think it took 100 machines to make 100 parts?"
"attitudes","at3004","cognitive reflection test 4",1,"22","unknown",NA,"Read the questions below and tell us what you think the correct answer is - you don't have to think too deeply. - During a running race, you pass a runner who is running in second place. What position are you running in?"
"attitudes","at3101","ethnic identity_belonging",1,"22","1-7 scale","1= Not at all
2= Very little
3= Not very much
4= Moderately 
5=Somewhat strongly
6= Fairly strongly
7= Very strongly","As a member of the Korean people, how much do you feel a sense of belonging to Korean people?"
"attitudes","at3102","ethnic identity_identity",1,"22","1-7 scale","1= Not at all
2= Very little
3= Not very much
4= Moderately 
5=Somewhat strongly
6= Fairly strongly
7= Very strongly","How much do you feel you identify with the Korean people?"
"attitudes","at3103","ethnic identity_happy",1,"22","1-7 scale","1= Not at all
2= Very little
3= Not very much
4= Moderately 
5=Somewhat strongly
6= Fairly strongly
7= Very strongly","How happy are you that you are a member of the Korean people?"
"attitudes","at3104","ethnic identity_attached",1,"22","1-7 scale","1= Not at all
2= Very little
3= Not very much
4= Moderately 
5=Somewhat strongly
6= Fairly strongly
7= Very strongly","How attached do you feel to the Korean people?"
"attitudes","at3105","ROK identity_belonging",1,"22","1-7 scale","1= Not at all
2= Very little
3= Not very much
4= Moderately 
5=Somewhat strongly
6= Fairly strongly
7= Very strongly","As a citizen of the Republic of Korea, how much do you feel a sense of belonging to the ROK?"
"attitudes","at3106","ROK identity_identity",1,"22","1-7 scale","1= Not at all
2= Very little
3= Not very much
4= Moderately 
5=Somewhat strongly
6= Fairly strongly
7= Very strongly","How much do you feel you identify with the ROK"
"attitudes","at3107","ROK identity_happy",1,"22","1-7 scale","1= Not at all
2= Very little
3= Not very much
4= Moderately 
5=Somewhat strongly
6= Fairly strongly
7= Very strongly","How happy are you that you are a citizen of the ROK?"
"attitudes","at3108","ROK identity_attached",1,"22","1-7 scale","1= Not at all
2= Very little
3= Not very much
4= Moderately 
5=Somewhat strongly
6= Fairly strongly
7= Very strongly","How attached do you feel to the ROK?"
"attitudes","at3201","Moral Judgment: Caring: Compassion for Human.",0,"","1-5 scale","1=strongly disagree
2=somewhat disagree
3=disagree a little
4=agree a little.
5=somewhat agree.
6=strongly agree","1) Compassion for those who are suffering is the most crucial virtue"
"attitudes","at3202","Moral Judgment: Fairness: fairly",0,"","1-5 scale","1=strongly disagree
2=somewhat disagree
3=disagree a little
4=agree a little.
5=somewhat agree.
6=strongly agree","2) When the government makes laws, the number one principle should be ensuring that everyone is treated fairly"
"attitudes","at3203","Moral judgment: ingroup: history",0,"","1-5 scale","1=strongly disagree
2=somewhat disagree
3=disagree a little
4=agree a little.
5=somewhat agree.
6=strongly agree","3) I am proud of my country’s history."
"attitudes","at3204","Moral Judgment: Authority: Discipline",0,"","1-5 scale","1=strongly disagree
2=somewhat disagree
3=disagree a little
4=agree a little.
5=somewhat agree.
6=strongly agree","4) Respect for authority is something all children need to learn."
"attitudes","at3205","Moral judgment: purity: Pure behavior",0,"","1-5 scale","1=strongly disagree
2=somewhat disagree
3=disagree a little
4=agree a little.
5=somewhat agree.
6=strongly agree","5) People should not do things that are disgusting, even if no one is harmed."
"attitudes","at3206","Moral Judgment: harm: Animals",0,"","1-5 scale","1=strongly disagree
2=somewhat disagree
3=disagree a little
4=agree a little.
5=somewhat agree.
6=strongly agree","6) One of the worst things a person could do is hurt a defenseless animal."
"attitudes","at3207","Moral Judgment: Fairness: Justice",0,"","1-5 scale","1=strongly disagree
2=somewhat disagree
3=disagree a little
4=agree a little.
5=somewhat agree.
6=strongly agree","7) Justice is the most important requirement for a society."
"attitudes","at3208","Moral judgment: ingroup: Family",0,"","1-5 scale","1=strongly disagree
2=somewhat disagree
3=disagree a little
4=agree a little.
5=somewhat agree.
6=strongly agree","8) People should be loyal to their family members, even when they have done something wrong."
"attitudes","at3209","Moral Judgment: Authority: SexRoles",0,"","1-5 scale","1=strongly disagree
2=somewhat disagree
3=disagree a little
4=agree a little.
5=somewhat agree.
6=strongly agree","9) Men and women each have different roles to play in society."
"attitudes","at3210","Moral Judgment: Purity: unnatural",0,"","1-5 scale","1=strongly disagree
2=somewhat disagree
3=disagree a little
4=agree a little.
5=somewhat agree.
6=strongly agree","10) I would call some acts wrong on the grounds that they are unnatural."
"attitudes","at3211","Populism - The Will of the People",0,"","1-7 scale","1=strongly disagree
2=somewhat disagree
3=disagree a little
4=neutral
5=agree a little.
6=somewhat agree.
7=strongly agree
9=n/a","Politicians should put the will of the people first."
"attitudes","at3212","Populism - the standard of politics",0,"","1-7 scale","1=strongly disagree
2=somewhat disagree
3=disagree a little
4=neutral
5=agree a little.
6=somewhat agree.
7=strongly agree
9=n/a","""The will of the people"" should be the most important value and standard of our politics."
"attitudes","at3213","Populism - Key Decisions",0,"","1-7 scale","1=strongly disagree
2=somewhat disagree
3=disagree a little
4=neutral
5=agree a little.
6=somewhat agree.
7=strongly agree
9=n/a","People, not politicians, should make the most important political decisions."
"attitudes","at3214","Populism - Common sense",0,"","1-7 scale","1=strongly disagree
2=somewhat disagree
3=disagree a little
4=neutral
5=agree a little.
6=somewhat agree.
7=strongly agree
9=n/a","The general common sense of the people is more valuable than any formal education."
"demographics","assets","Asset",4,"21a,21b,22,23a","other","1 = < 50 million won
2 = 50-100 million won
3 = 100-200 million won
4 = 200-300 million won
5 = 300-400 million won
6 = 400-700 million won
7 = 700 million-1 billion won
8 = Over 1 billion won
99 = No response","What is your household's net assets excluding liabilities (Debt – Financial liabilities, excluding rental deposits)? Net assets are the sum of financial assets, housing, other houses, and land, excluding liabilities.

<Asset>
 The price of a house in your name or in the name of a household member living with you
 Financial assets: Regular deposits, savings accounts, savings-type insurance, subscription deposits, stocks, bonds, savings-type insurance, etc.
 Other real estate and property (houses other than residential houses, shopping malls, land, etc.), occupied real estate (jeonse deposit, premium, etc.), agricultural machinery/agricultural and livestock products/automobiles and others (membership, etc.)

<Debt>
 Loans to financial institutions (including corporate loans and unpaid balances in negative bank accounts), general debentures, credit card debt, received jeonse (lease), deposit, credit, pre-loaded money, etc."
"demographics","attend","attandence to religious services",12,"15,16,17,18,19a,19b,20a,20b,21a,21b,22,23a","1-5 scale","1=more than once a week
2=once a week
3=once or twice a month
4=several times a year
5=less than once a year
6=never
9=n/a","How often do you attend religious services?"
"demographics","birth","experience of birth",1,"19a","binary","1=Yes
2=No
9=n/a","(only female respondents )
Did you ever give birth to a baby?"
"demographics","children","number of children",3,"16,17,19a","other","0=no child","(to male and female respondents) If you have children, how many do you have?
"
"demographics","class","income compared to average",13,"14,15,16,17,18,19a,19b,20a,20b,21a,21b,22,23a","1-5 scale","1=much lower than average
2=somewhat lower than average
3=about the same with average
4=somewhat higher than average
5=much higher than average
9=n/a","Compared to the average household income in South Korea, how do you think your family's income level is?"
"demographics","class_fam","class",13,"14,15,16,17,18,19a,19b,20a,20b,21a,21b,22,23a","1-5 scale","1=lowest class
2=lower class
3=lower middle class
4=upper middle class
5=lower high class
6=highest class
9=n/a","When dividing social class to six in Korea, which class do you think your family belongs to?"
"demographics","devotion","religious belief",1,"14","1-3 scale","1=strong
2=somewhat strong
3=not very strong
9=n/a","(if you have a religion) how strong do you think your religious belief is?"
"demographics","edu","education",11,"16,17,18,19a,19b,20a,20b,21a,21b,22,23a","1-7 scale","1=no education
2=primary school
3=middle school   
4=high school
5=college(2 or 3 years), 
6=university(4 years)
7=master's degree
8=doctoral degree
9=n/a","What is the highest level of school you have completed?"
"demographics","home","regionalism",13,"14,15,16,17,18,19a,19b,20a,20b,21a,21b,22,23a","1-7 scale","1=Seoul
2=Busan 
3=Daegu
4=Incheon 
5=Gwangju 
6=Daejeon
7=Ulsan
8=Gyeonggi 
9=Gangwon
10=Chungbuk
11=Chungnam
12=Jeonbuk
13=Jeonnam
14=Gyeongbuk
15=Gyeongnam
16=Jeju
17=North Korea
18=foreign","Which of the following area have you lived the longest until you were 15 years old?"
"demographics","house","housing type",8,"19a,19b,20a,20b,21a,21b,22,23a","1-5 scale","1=owned
2=leased (no monthly rent)
3=leased paying monthly rent and with keymoney 
4=leased paying monthly rent and without keymoney 
5=free (official residence, company housing, cousin's house etc.)","Is the house you live in currently, owned or leased?"
"demographics","income","monthly income",13,"14,15,16,17,18,19a,19b,20a,20b,21a,21b,22,23a","other","base value = 10,000 KRW
9999=n/a","Approximately what is your average household income per month?"
"demographics","marital","marital status",12,"15,16,17,18,19a,19b,20a,20b,21a,21b,22,23a","1-5 scale","1=never married
2=married
3=living together
4=divorced/separated
5=widowed
9=n/a","Please tell us about your marital status."
"demographics","nurturing","primary caregiver",1,"19a","1-4 scale","1=myself
2=spouse
3=grand parents of the child (either father and mother's side)
4=others
9=n/a","(respondents who answered they have underage child in the above question)
Who is the person doing the most works for raising the underage child?"
"demographics","occupa","occupation",13,"14,15,16,17,18,19a,19b,20a,20b,21a,21b,22,23a","1-7 scale","1=agriculture/fishing indusry/livestock industry, 
2=self-employed
3=sales
4=skilled manual worker
5=office worker: non-supervisory
6=office worker: supervises others
7=professional worker: lawyer, accountant, teacher, etc
8=homemaker
9=student
10=member of armed forces, security personnel
11=unemployed/retired
12=other
99=n/a","What is your occupation?"
"demographics","occupa_open","occupation(open-ended)",9,"18,19a,19b,20a,20b,21a,21b,22,23a","1-5 scale","1=simple menial job
2=caretaker
3=babysitter
4=Buddhist monk
5=n/a",NA
"demographics","old_edu","education(2014, 2015)",2,"14,15","1-5 scale","1=primary school or less
2=middle school
3=high school
4=college
5=graduate school or higher
9=n/a","What is the highest level of school you have completed?"
"demographics","old_mar","marital status(2014)",1,"14","1-4 scale","1=never married
2=married
3=divorced/separated
4=widowed
9=n/a","Please tell us about your marital status."
"demographics","regular","full-time job",8,"19a,19b,20a,20b,21a,21b,22,23a","binary","1=yes
2=no
9=n/a","do you have a full-time job?"
"demographics","religion","religion",13,"14,15,16,17,18,19a,19b,20a,20b,21a,21b,22,23a","1-5 scale","1=Prostestant
2=Buddhist
3=Roman Catholic
4=do not belong to a denomination
5=other
9=n/a","Do you have religion? If yes, which one?"
"demographics","religion_open","religion(open-ended)",9,"18,19a,19b,20a,20b,21a,21b,22,23a","1-7 scale","1=confucianism
2=Won Buddhism
3=Soka Gakkai International
4=Jehovah's Witnesses
5=Daesoon Truth
6=no answer
7=Shamanism
8=Chunbukyo
9=World Mission Society Church of God","Do you have religion? If yes, which one?"
"demographics","teen","underage child",1,"19a","binary","1=Yes
2=No
9=n/a","(respondents who have more than 1 child) do you have children under 19 years old?"
"demographics","typejob","occupation type",8,"19a,19b,20a,20b,21a,21b,22,23a","1-3 scale","1=hired by a company or other person and gets paid(money)
2=run my own business (self employed, freelance, owner of a store or restaurant)
3=works without getting paid from family (cousin)
9=n/a","which of the following does your occupation fall into?"
"integration","int01","hindrance to integration (2014) 2)cultural difference",1,"14","1-4 scale","1=very serious
2=somewhat serious
3=somewhat not serious
4=not serious at all
9=n/a","How serious do you think the following items will act as obstacles to the integration of North and South Koreans after unification? - Cultural difference"
"integration","int0201","hindrance to integration 1)difficulties in communication",5,"14,15,16,17,18","1-4 scale","1=not serious at all
2=somewhat not serious
3=somewhat serious
4=very serious
9=n/a","How serious do you think the following items will act as obstacles to the integration of North and South Koreans after unification? - difficulties in communication"
"integration","int0202","hindrance to integration  2)income gap",4,"15,16,17,18","1-4 scale","1=not serious at all
2=somewhat not serious
3=somewhat serious
4=very serious
9=n/a","How serious do you think the following items will act as obstacles to the integration of North and South Koreans after unification? - income gap"
"integration","int0203","hindrance to integration  3)different political ideology",5,"14,15,16,17,18","1-4 scale","1=not serious at all
2=somewhat not serious
3=somewhat serious
4=very serious
9=n/a","How serious do you think the following items will act as obstacles to the integration of North and South Koreans after unification? - different political ideology"
"integration","int0204","hindrance to integration  4)difference in culture and life style",5,"14,15,16,17,18","1-4 scale","1=not serious at all
2=somewhat not serious
3=somewhat serious
4=very serious
9=n/a","How serious do you think the following items will act as obstacles to the integration of North and South Koreans after unification? - difference in culture and life style"
"integration","int03","level of social conflict in South Korea (2014)",1,"14","1-5 scale","1=very serious
2=somewhat serious
3=neutral
4=somewhat not serious
5=not serious at all
9=n/a","How serious do you think the conflicts in the Korean society are now?
"
"integration","int04","level of social conflict in South Korea",8,"16,17,18,19a,19b,20a,21a,22","1-4 scale","1=not serious at all
2=somewhat not serious
3=somewhat serious
4=very serious
9=n/a","In general, how serious do you think the conflicts in the Korean society are now? Please answer freely and frankly
"
"integration","int0501","level of social conflict 1)conflict among regions",10,"14,15,16,17,18,19a,19b,20a,21a,22","1-4 scale","1=not serious at all
2=somewhat not serious
3=somewhat serious
4=very serious
9=n/a","How serious do you think the conflicts in the following areas of the Korean society are now? - conflicts among regions"
"integration","int0502","level of social conflict 2)conflict among classes",10,"14,15,16,17,18,19a,19b,20a,21a,22","1-4 scale","1=not serious at all
2=somewhat not serious
3=somewhat serious
4=very serious
9=n/a","How serious do you think the conflicts in the following areas of the Korean society are now? - conflict among classes"
"integration","int0503","level of social conflict 3)conflict over political ideologies",10,"14,15,16,17,18,19a,19b,20a,21a,22","1-4 scale","1=not serious at all
2=somewhat not serious
3=somewhat serious
4=very serious
9=n/a","How serious do you think the conflicts in the following areas of the Korean society are now? - conflict over political ideologies"
"integration","int0504","level of social conflict 4)intergenerational conflict",10,"14,15,16,17,18,19a,19b,20a,21a,22","1-4 scale","1=not serious at all
2=somewhat not serious
3=somewhat serious
4=very serious
9=n/a","How serious do you think the conflicts in the following areas of the Korean society are now? - intergenerational conflict"
"integration","int0505","level of social conflict 5)conflict over different views on North Korea and unification",10,"14,15,16,17,18,19a,19b,20a,21a,22","1-4 scale","1=not serious at all
2=somewhat not serious
3=somewhat serious
4=very serious
9=n/a","How serious do you think the conflicts in the following areas of the Korean society are now? - conflict over different views on North Korea and unification"
"integration","int0506","level of social conflict 6)conflict over gender equality",5,"19a,19b,20a,21a,22","1-4 scale","1=not serious at all
2=somewhat not serious
3=somewhat serious
4=very serious
9=n/a","How serious do you think the conflicts in the following areas of the Korean society are now? - conflict over gender equality"
"integration","int06","causes of social conflict",4,"14,15,16,17","1-5 scale","1=difference in thoughts and values
2=individual selfishness
3=lack of information and misunderstanding
4=mishandling of government
5=other
9=n/a","What do you think is the main cause of these social conflicts in the Korean society?"
"integration","int07","social conflict and social development",4,"14,15,16,17","1-5 scale","1=affect very negatively 
2=affect somewhat negatively 
3=nether negative nor positive
4=affect somewhat positively 
5=affect very positively 
9=n/a","how do you think the various social conflicts will affect the development of the Korean society in the long run?"
"integration","int0801","social distance - number of people(2014) 1)North Korean refugees",1,"14","1-5 scale","1=should increase greatly
2=should increase some
3=should decrease some
4=should decrease greatly
5=should stay the same
9=n/a","Would you like the people of follwing groups to increase or decrease in South Korea? - North Korean refugees"
"integration","int0802","social distance - number of people(2014) 2)marriage immigrants",1,"14","1-5 scale","1=should increase greatly
2=should increase some
3=should decrease some
4=should decrease greatly
5=should stay the same
9=n/a","Would you like the people of follwing groups to increase or decrease in South Korea? - marriage immigrants"
"integration","int0803","social distance - number of people(2014) 3)foreign workers",1,"14","1-5 scale","1=should increase greatly
2=should increase some
3=should decrease some
4=should decrease greatly
5=should stay the same
9=n/a","Would you like the people of follwing groups to increase or decrease in South Korea? - foreign workers"
"integration","int0804","social distance - number of people(2014) 4)Korean Chinese",1,"14","1-5 scale","1=should increase greatly
2=should increase some
3=should decrease some
4=should decrease greatly
5=should stay the same
9=n/a","Would you like the people of follwing groups to increase or decrease in South Korea? - Korean Chinese"
"integration","int0805","social distance - number of people(2014) 5)foreign students and businessmen",1,"14","1-5 scale","1=should increase greatly
2=should increase some
3=should decrease some
4=should decrease greatly
5=should stay the same
9=n/a","Would you like the people of follwing groups to increase or decrease in South Korea? - foreign students and businessmen"
"integration","int0806","social distance - number of people 1)North Korean refugees",1,"15","1-4 scale","1=decrease greatly
2=decrease some
3=increase some
4=increase greatly
9=n/a","Would you like the people of follwing groups to increase or decrease in South Korea? - North Korean refugees"
"integration","int0807","social distance - number of people 2)marriage immigrants",1,"15","1-4 scale","1=decrease greatly
2=decrease some
3=increase some
4=increase greatly
9=n/a","Would you like the people of follwing groups to increase or decrease in South Korea? - marriage immigrants"
"integration","int0808","social distance - number of people 3)foreign workers",1,"15","1-4 scale","1=decrease greatly
2=decrease some
3=increase some
4=increase greatly
9=n/a","Would you like the people of follwing groups to increase or decrease in South Korea? - foreign workers"
"integration","int0809","social distance - number of people 4)Korean Chinese",1,"15","1-4 scale","1=decrease greatly
2=decrease some
3=increase some
4=increase greatly
9=n/a","Would you like the people of follwing groups to increase or decrease in South Korea? - Korean Chinese"
"integration","int0810","social distance - number of people 5)foreign students and businessmen",1,"15","1-4 scale","1=decrease greatly
2=decrease some
3=increase some
4=increase greatly
9=n/a","Would you like the people of follwing groups to increase or decrease in South Korea? - foreign students and businessmen"
"integration","int0811","social distance - feeling close 1)North Korean refugees",2,"14,15","1-4 scale","1=not closely at all
2=somewhat not closely
3=somewhat closely
4=very closely
9=n/a","How closely do you feel with the following groups of people? - North Korean refugees"
"integration","int0812","social distance - feeling close 2)marriage immigrants",2,"14,15","1-4 scale","1=not closely at all
2=somewhat not closely
3=somewhat closely
4=very closely
9=n/a","How closely do you feel with the following groups of people? - marriage immigrants"
"integration","int0813","social distance - feeling close 3)foreign workers",2,"14,15","1-4 scale","1=not closely at all
2=somewhat not closely
3=somewhat closely
4=very closely
9=n/a","How closely do you feel with the following groups of people? - foreign workers"
"integration","int0814","social distance - feeling close 4)Korean Chinese",2,"14,15","1-4 scale","1=not closely at all
2=somewhat not closely
3=somewhat closely
4=very closely
9=n/a","How closely do you feel with the following groups of people? - Korean Chinese"
"integration","int0815","social distance - feeling close 5)foreign students and businessmen",2,"14,15","1-4 scale","1=not closely at all
2=somewhat not closely
3=somewhat closely
4=very closely
9=n/a","How closely do you feel with the following groups of people? - foreign students and businessmen"
"integration","int0816","social distance - neighbors 1)North Korean refugees",2,"14,15","1-4 scale","1=strongly oppose
2=somewhat oppose
3=somewhat favor
4=strongly favor
9=n/a","How would you feel about having members of the people from the following groups as neighbors? - North Korean refugees"
"integration","int0817","social distance - neighbors 2)marriage immigrants",2,"14,15","1-4 scale","1=strongly oppose
2=somewhat oppose
3=somewhat favor
4=strongly favor
9=n/a","How would you feel about having members of the people from the following groups as neighbors? - marriage immigrants"
"integration","int0818","social distance - neighbors 3)foreign workers",2,"14,15","1-4 scale","1=strongly oppose
2=somewhat oppose
3=somewhat favor
4=strongly favor
9=n/a","How would you feel about having members of the people from the following groups as neighbors? - foreign workers"
"integration","int0819","social distance - neighbors 4)Korean Chinese",2,"14,15","1-4 scale","1=strongly oppose
2=somewhat oppose
3=somewhat favor
4=strongly favor
9=n/a","How would you feel about having members of the people from the following groups as neighbors? - Korean Chinese"
"integration","int0820","social distance - neighbors 5)foreign students and businessmen",2,"14,15","1-4 scale","1=strongly oppose
2=somewhat oppose
3=somewhat favor
4=strongly favor
9=n/a","How would you feel about having members of the people from the following groups as neighbors? - foreign students and businessmen"
"integration","int0821","social distance - coworkers 1)North Korean refugees",2,"14,15","1-4 scale","1=strongly oppose
2=somewhat oppose
3=somewhat favor
4=strongly favor
9=n/a","How would you feel about having members of the people from the following groups as coworkers? - North Korean refugees"
"integration","int0822","social distance - coworkers 2)marriage immigrants",2,"14,15","1-4 scale","1=strongly oppose
2=somewhat oppose
3=somewhat favor
4=strongly favor
9=n/a","How would you feel about having members of the people from the following groups as coworkers? - marriage immigrants"
"integration","int0823","social distance - coworkers 3)foreign workers",2,"14,15","1-4 scale","1=strongly oppose
2=somewhat oppose
3=somewhat favor
4=strongly favor
9=n/a","How would you feel about having members of the people from the following groups as coworkers? - foreign workers"
"integration","int0824","social distance - coworkers 4)Korean Chinese",2,"14,15","1-4 scale","1=strongly oppose
2=somewhat oppose
3=somewhat favor
4=strongly favor
9=n/a","How would you feel about having members of the people from the following groups as coworkers? - Korean Chinese"
"integration","int0825","social distance - coworkers 5)foreign students and businessmen",2,"14,15","1-4 scale","1=strongly oppose
2=somewhat oppose
3=somewhat favor
4=strongly favor
9=n/a","How would you feel about having members of the people from the following groups as coworkers? - foreign students and businessmen"
"integration","int0826","social distance - marriage 1)North Korean refugees",2,"14,15","1-4 scale","1=strongly oppose
2=somewhat oppose
3=somewhat favor
4=strongly favor
9=n/a","How would you feel about having members of the people from the following groups as husband or wife? - North Korean refugees"
"integration","int0827","social distance - marriage 2)marriage immigrants",2,"14,15","1-4 scale","1=strongly oppose
2=somewhat oppose
3=somewhat favor
4=strongly favor
9=n/a","How would you feel about having members of the people from the following groups as husband or wife? - marriage immigrants"
"integration","int0828","social distance - marriage 3)foreign workers",2,"14,15","1-4 scale","1=strongly oppose
2=somewhat oppose
3=somewhat favor
4=strongly favor
9=n/a","How would you feel about having members of the people from the following groups as husband or wife? - foreign workers"
"integration","int0829","social distance - marriage 4)Korean Chinese",2,"14,15","1-4 scale","1=strongly oppose
2=somewhat oppose
3=somewhat favor
4=strongly favor
9=n/a","How would you feel about having members of the people from the following groups as husband or wife? - Korean Chinese"
"integration","int0830","social distance - marriage 5)foreign students and businessmen",2,"14,15","1-4 scale","1=strongly oppose
2=somewhat oppose
3=somewhat favor
4=strongly favor
9=n/a","How would you feel about having members of the people from the following groups as husband or wife? - foreign students and businessmen"
"integration","int0901","integration policy-humanitarian aid (2014)",1,"14","1-4 scale","1=contribute very much
2=contribute somewhat
3=somewhat not contribute 
4=not contribute at all
9=n/a","How much do you think the following policies would contribute to the integration of the two Koreas? - humanitarian aid"
"integration","int0902","integration policy-construction of environmental infrastructure between South and North Korea (2014)",1,"14","1-4 scale","1=contribute very much
2=contribute somewhat
3=somewhat not contribute 
4=not contribute at all
9=n/a","How much do you think the following policies would contribute to the integration of the two Koreas? - construction of environmental infrastructure between South and North Korea"
"integration","int0903","integration policy-construction of infrastructure for the people's livelihood in NK (2014)",1,"14","1-4 scale","1=contribute very much
2=contribute somewhat
3=somewhat not contribute 
4=not contribute at all
9=n/a","How much do you think the following policies would contribute to the integration of the two Koreas? - construction of infrastructure for the people's livelihood in NK"
"integration","int0904","integration policy-construction of cultural infrastructure in NK (2014)",1,"14","1-4 scale","1=contribute very much
2=contribute somewhat
3=somewhat not contribute 
4=not contribute at all
9=n/a","How much do you think the following policies would contribute to the integration of the two Koreas? - construction of cultural infrastructure in NK"
"integration","int0905","integration policy-humanitarian aid",1,"15","0-10 scale","0=not contribute at all
10=contribute very much
99=n/a","How much do you think the following policies would contribute to the integration of the two Koreas? - humanitarian aid"
"integration","int0906","integration policy-Inter-Korean exchanges and cooperation",1,"15","0-10 scale","0=not contribute at all
10=contribute very much
99=n/a","How much do you think the following policies would contribute to the integration of the two Koreas? - Inter-Korean exchanges and cooperation"
"integration","int0907","integration policy-Reunion of separated families and POWs from the Korean war",1,"15","0-10 scale","0=not contribute at all
10=contribute very much
99=n/a","How much do you think the following policies would contribute to the integration of the two Koreas? - Reunion of separated families and POWs from the Korean war"
"integration","int0908","integration policy-education for unification",1,"15","0-10 scale","0=not contribute at all
10=contribute very much
99=n/a","How much do you think the following policies would contribute to the integration of the two Koreas? - education for unification"
"integration","int0909","integration policy-Inter-Korean dialogue",1,"15","0-10 scale","0=not contribute at all
10=contribute very much
99=n/a","How much do you think the following policies would contribute to the integration of the two Koreas? - Korean dialogue"
"integration","int0910","integration policy- denuclearization of NK and establishment of peace regime",1,"15","0-10 scale","0=not contribute at all
10=contribute very much
99=n/a","How much do you think the following policies would contribute to the integration of the two Koreas? - denuclearization of NK and establishment of peace regime"
"integration","int0911","integration policy-Efforts to resolve North Korea's human rights issue",1,"15","0-10 scale","0=not contribute at all
10=contribute very much
99=n/a","How much do you think the following policies would contribute to the integration of the two Koreas? - Efforts to resolve North Korea's human rights issue"
"integration","int0912","integration policy-Support for North Korean defectors' settlement",1,"15","0-10 scale","0=not contribute at all
10=contribute very much
99=n/a","How much do you think the following policies would contribute to the integration of the two Koreas? - Support for North Korean defectors' settlement"
"policy","pc0101","NK policy- maintaining economic exchanges and cooperation",11,"15,16,17,18,19a,19b,20a,20b,21a,22,23a","0-10 scale","0=oppose very strongly
10=support very strongly
99=n/a","What do you think about the following policies regarding North Korea? - Two Koreas should continue economic exchanges and cooperation even in a state of political and military confrontation."
"policy","pc0102","NK policy- NK resources",8,"15,18,19a,19b,20a,20b,21a,23a","0-10 scale","0=oppose very strongly
10=support very strongly
99=n/a","What do you think about the following policies regarding North Korea? - Using North Korea's labor force and natural resources will greatly help South Korea's economic growth"
"policy","pc0103","NK policy- sanctions against NK",11,"15,16,17,18,19a,19b,20a,20b,21a,22,23a","0-10 scale","0=oppose very strongly
10=support very strongly
99=n/a","What do you think about the following policies regarding North Korea? - The international cooperation should ensure that sanctions against North Korea are implemented."
"policy","pc0104","NK policy- sports and cultural exchanges with NK",12,"15,16,17,18,19a,19b,20a,20b,21a,21b,22,23a","0-10 scale","0=oppose very strongly
10=support very strongly
99=n/a","What do you think about the following policies regarding North Korea? - We need to expand sports, culture and human exchanges with North Korea"
"policy","pc0105","NK policy- more propaganda against NK",7,"15,16,17,18,19a,19b,21a","0-10 scale","0=oppose very strongly
10=support very strongly
99=n/a","What do you think about the following policies regarding North Korea? - South Korea should actively use propaganda leaflets, radio stations, and loudspeakers to North Korea."
"policy","pc0106","NK policy- ensuring security",4,"15,16,17,18","0-10 scale","0=oppose very strongly
10=support very strongly
99=n/a","What do you think about the following policies regarding North Korea? - We need to ensure security against the military threat from North Korea."
"policy","pc0107","NK policy- humanitarian aid",11,"16,17,18,19a,19b,20a,20b,21a,21b,22,23a","0-10 scale","0=oppose very strongly
10=support very strongly
99=n/a","What do you think about the following policies regarding North Korea? - We must continue the humanitarian aid to North Korea"
"policy","pc0108","NK policy- stop humanitarian aid",3,"16,17,18","0-10 scale","0=oppose very strongly
10=support very strongly
99=n/a","What do you think about the following policies regarding North Korea? - Unless North Korea gives up its nuclear weapons, we should stop humanitarian aid and social, cultural and economic exchanges to the North."
"policy","pc0109","NK policy- the closure of Kaesung Industrial Complex",3,"16,17,18","0-10 scale","0=oppose very strongly
10=support very strongly
99=n/a","What do you think about the following policies regarding North Korea? - The closure of the Kaesong Industrial Complex was the right decision."
"policy","pc0110","NK policy- installation of THAAD",3,"16,17,18","0-10 scale","0=oppose very strongly
10=support very strongly
99=n/a","What do you think about the following policies regarding North Korea? - South Korea must allow the Terminal High Altitude Area Defense (THAAD) system to be installed."
"policy","pc0111","NK policy- resume tourism to Mt. Geumgang",10,"16,17,18,19a,19b,20a,20b,21a,21b,22","0-10 scale","0=oppose very strongly
10=support very strongly
99=n/a","What do you think about the following policies regarding North Korea? - The tour of Mt. Geumgang should be resumed."
"policy","pc0112","NK policy- resuming Gaesung Industrial Complex",10,"16,17,18,19a,19b,20a,20b,21a,21b,22","0-10 scale","0=oppose very strongly
10=support very strongly
99=n/a","What do you think about the following policies regarding North Korea? - The Gaeseong Industrial Complex should be resumed."
"policy","pc0113","NK policy- peaceful coexistence",4,"17,18,19a,19b","0-10 scale","0=oppose very strongly
10=support very strongly
99=n/a","What do you think about the following policies regarding North Korea? - The North Korean policy should pursue peaceful coexistence between the two Koreas rather than toward unification."
"policy","pc0114","NK policy- unconditional food aid",2,"17,18","0-10 scale","0=oppose very strongly
10=support very strongly
99=n/a","What do you think about the following policies regarding North Korea? - We must provide unconditional food aid to North Korea."
"policy","pc0115","NK policy- economic cooperation",2,"17,18","0-10 scale","0=oppose very strongly
10=support very strongly
99=n/a","What do you think about the following policies regarding North Korea? - The policy toward North Korea should pursue inter-Korean economic cooperation based on the principle of separation of politics and economy."
"policy","pc0116","NK policy- conditions for aid",2,"17,18","0-10 scale","0=oppose very strongly
10=support very strongly
99=n/a","What do you think about the following policies regarding North Korea? - If North Korea stops developing nuclear weapons, we should resume humanitarian aid and social, cultural and economic exchanges."
"policy","pc0117","NK policy- strengthen support for defectors",8,"17,18,19a,19b,20a,20b,21a,22","0-10 scale","0=oppose very strongly
10=support very strongly
99=n/a","What do you think about the following policies regarding North Korea? - We should provide more supports for North Korean refugees."
"policy","pc0118","NK policy-18) strengthen the ROK-US alliance",4,"14,21a,21b,23a","1-4 scale","1=support strongly
2=support somewhat
3=oppose somewhat
4=oppose strongly
9=n/a","What do you think about the following policies regarding North Korea? - Strengthening the ROK-US alliance is more important than improving inter-Korean relations."
"policy","pc0118a","NK policy- strengthen the ROK-US alliance",2,"14,22","0-10 scale","0=oppose very strongly
10=support very strongly
99=n/a","What do you think about the following policies regarding North Korea? - Strengthening the ROK-US alliance is more important than improving inter-Korean relations."
"policy","pc0119","NK policy-19) continued agreements",4,"14,21a,21b,23a","1-4 scale","1=support strongly
2=support somewhat
3=oppose somewhat
4=oppose strongly
9=n/a","What do you think about the following policies regarding North Korea? - The agreements between the two Koreas should be continued regardless of the government's change."
"policy","pc0119a","NK policy- continued agreements",2,"14,22","0-10 scale","0=oppose very strongly
10=support very strongly
99=n/a","What do you think about the following policies regarding North Korea? - The agreements between the two Koreas should be continued regardless of the government's change."
"policy","pc0120","NK policy-20) unification over economy",1,"14","1-4 scale","1=support strongly
2=support somewhat
3=oppose somewhat
4=oppose strongly
9=n/a","What do you think about the following policies regarding North Korea? - Even if the economic situation gets worse, unification should be achieved as soon as possible."
"policy","pc0121","NK policy-21) continued support to the North",4,"14,21a,21b,23a","1-4 scale","1=support strongly
2=support somewhat
3=oppose somewhat
4=oppose strongly
9=n/a","What do you think about the following policies regarding North Korea? - Even though North Korea is developing nuclear weapons, support for the North should continue."
"policy","pc0122","NK policy-22) South Korea nuclear armament",1,"14","1-4 scale","1=support strongly
2=support somewhat
3=oppose somewhat
4=oppose strongly
9=n/a","What do you think about the following policies regarding North Korea? - South Korea needs to have nuclear weapons, too."
"policy","pc0123","NK policy-23) human rights issues in NK",1,"14","1-4 scale","1=support strongly
2=support somewhat
3=oppose somewhat
4=oppose strongly
9=n/a","What do you think about the following policies regarding North Korea? - The South Korean government should continue to raise the issues of human rights violations in North Korea."
"policy","pc0124","NK policy-24) maintain Gaesung Industrial Complex",1,"14","1-4 scale","1=support strongly
2=support somewhat
3=oppose somewhat
4=oppose strongly
9=n/a","What do you think about the following policies regarding North Korea? - The Gaeseong industrial complex should be continued even if there is a small price to pay."
"policy","pc0125","NK policy-25) peace treaty",7,"18,19a,19b,20a,20b,21a,21b","0-10 scale","0=oppose very strongly
10=support very strongly
99=n/a","What do you think about the following policies regarding North Korea? - A peace treaty on the Korean Peninsula must be signed to officially end the Korean War"
"policy","pc0126","NK policy-South Korea's loss",2,"19a,19b","0-10 scale","0=oppose very strongly
10=support very strongly
99=n/a","What do you think about the following policies regarding North Korea? - Although it will be a loss to South Korea for the moment, South Korea must help North Korea to overcome the current economic crisis."
"policy","pc0127","NK policy- overthrow of communism",6,"19a,19b,20a,20b,21a,23a","0-10 scale","0=oppose very strongly
10=support very strongly
99=n/a","What do you think about the following policies regarding North Korea? - The only way to unification is to overthrow communism in North Korea"
"policy","pc0128","NK policy- preemptive attack",7,"19a,19b,20a,20b,21a,22,23a","0-10 scale","0=oppose very strongly
10=support very strongly
99=n/a","What do you think about the following policies regarding North Korea? - Rather than waiting for North Korea's attack, preemptive attack should be considered."
"policy","pc0129","NK policy- armed conflict",7,"19a,19b,20a,20b,21a,22,23a","0-10 scale","0=oppose very strongly
10=support very strongly
99=n/a","What do you think about the following policies regarding North Korea? - If needed, even with a bit of sacrifice of life, South Korea can choose to have armed conflict with the North."
"policy","pc0130","NK policy- disconnecting relationship",6,"19a,19b,20a,20b,21a,22","0-10 scale","0=oppose very strongly
10=support very strongly
99=n/a","What do you think about the following policies regarding North Korea? - Not having any relationship with the North is the way to protect our benefits"
"policy","pc0131","NK policy- Investment from China",5,"19a,19b,20a,20b,21a","0-10 scale","0=oppose very strongly
10=support very strongly
99=n/a","What do you think about the following policies regarding North Korea? - If China keeps expanding investment to North Korea, South Korea's benefits could be reduced."
"policy","pc0132","NK policy- continuation of division",3,"19a,19b,20a","0-10 scale","0=oppose very strongly
10=support very strongly
99=n/a","What do you think about the following policies regarding North Korea? - Maintaining the division status is rather more beneficial to South Koreans."
"policy","pc0133","NK policy- the U.S. army in South Korea",2,"19a,19b","0-10 scale","0=oppose very strongly
10=support very strongly
99=n/a","What do you think about the following policies regarding North Korea? - The U.S. army in South Korea should station in the Korean peninsula even after the unification."
"policy","pc0134","NK policy-Aid for Covid19",4,"20a,20b,21a,21b","1-4 scale","1=South Korea should supply the products to North Korea proactively regardless of whether there is any request from the North.
2=South Korea should supply the products to North Korea only if there is a request from the North.
3=South Korea should supply the products to North Korea upon the North's request only after the North Korean government makes a pledge on denuclearization, economic cooperation and other matters. 
4=South Korea should not supply the products to North Korea even if there is a request from the North.
9=N/A","COVID-19 may be spreading in North Korea. What is your opinion on supplying medical products to the DPRK to help tackle COVID-19?"
"policy","pc0134b","NK policy-Covid-19 Vaccine",1,"21b","1-4 scale","1=Strongly agree
2=Somewhat agree
3=Somewhat disagree
4=Strongly disagree
9=No response","What do you think about South Korea providing COVID-19 vaccines to North Korea?"
"policy","pc0135","NK Policy - End of War Declaration",2,"21a,21b","1-4 scale","1=Strongly agree
2=Somewhat agree
3=Somewhat disagree
4=Strongly disagree
9=No response","What do you think about the following policies regarding North Korea? - The Korean government must persuade the U.S. government to officially end the Korean War, which remains in a state of armistice, through a declaration of an end to the Korean War."
"policy","pc0136","NK Policy - Inter-Korean Summit",1,"21b","1-4 scale","1=Strongly agree
2=Somewhat agree
3=Somewhat disagree
4=Strongly disagree
9=No response","What do you think about President Moon Jae-in meeting with Chairman Kim Jong-un again and holding a summit to improve inter-Korean relations?"
"policy","pc0137","NK Policy - Beijing Winter Olympics",1,"21b","1-4 scale","1=Strongly agree
2=Somewhat agree
3=Somewhat disagree
4=Strongly disagree
9=No response","In February 2022, the Winter Olympics will be held in Beijing, China. What do you think about the declaration of an end to the Korean War by the leaders of the four countries, South Korea, North Korea, the United States, and China, meeting at this Olympic Games?"
"policy","pc0201","Park's NK policy-1) humanitarian aid to NK",2,"15,16","0-10 scale","0=handling it terribly
5=neutral
10=handling it very well
99=n/a","How well do you think the Park Geun-hye administration is handling the following problems? - humanitarian aid to NK"
"policy","pc0202","Park's NK policy-2) Inter-Korean exchanges and cooperation",2,"15,16","0-10 scale","0=handling it terribly
5=neutral
10=handling it very well
99=n/a","How well do you think the Park Geun-hye administration is handling the following problems? - Inter-Korean exchanges and cooperation"
"policy","pc0203","Park's NK policy-3) reunion of separated families and POWs in NK",2,"15,16","0-10 scale","0=handling it terribly
5=neutral
10=handling it very well
99=n/a","How well do you think the Park Geun-hye administration is handling the following problems? - reunion of separated families and POWs in NK"
"policy","pc0204","Park's NK policy-4) Inter-Korean dialogue",2,"15,16","0-10 scale","0=handling it terribly
5=neutral
10=handling it very well
99=n/a","How well do you think the Park Geun-hye administration is handling the following problems? - Inter-Korean dialogue"
"policy","pc0205","Park's NK policy-5) denuclearization of NK and establishment of peace regime",1,"15","0-10 scale","0=handling it terribly
5=neutral
10=handling it very well
99=n/a","How well do you think the Park Geun-hye administration is handling the following problems? - denuclearization of NK and establishment of peace regime"
"policy","pc0206","Park's NK policy-6) human rights issues in NK",2,"15,16","0-10 scale","0=handling it terribly
5=neutral
10=handling it very well
99=n/a","How well do you think the Park Geun-hye administration is handling the following problems? - human rights issues in NK"
"policy","pc0207","Park's NK policy-7) national security",1,"16","0-10 scale","0=handling it terribly
5=neutral
10=handling it very well
99=n/a","How well do you think the Park Geun-hye administration is handling the following problems? - national security"
"policy","pc0208","Park's NK policy-8) unification and diplomacy",1,"16","0-10 scale","0=handling it terribly
5=neutral
10=handling it very well
99=n/a","How well do you think the Park Geun-hye administration is handling the following problems? - unification and diplomacy"
"policy","pc0209","Park's NK policy-9) enhancing inter-Korean relationship",1,"16","0-10 scale","0=handling it terribly
5=neutral
10=handling it very well
99=n/a","How well do you think the Park Geun-hye administration is handling the following problems? - enhancing inter-Korean relationship"
"policy","pc0210","Park's NK policy-10) establishment of peace regime in Korean Peninsula",1,"16","0-10 scale","0=handling it terribly
5=neutral
10=handling it very well
99=n/a","How well do you think the Park Geun-hye administration is handling the following problems? - establishment of peace regime in Korean Peninsula"
"policy","pc0211","Park's NK policy-11) building foundations for future unification",1,"16","0-10 scale","0=handling it terribly
5=neutral
10=handling it very well
99=n/a","How well do you think the Park Geun-hye administration is handling the following problems? - building foundations for future unification"
"policy","pc0212","Park's NK policy-12) denuclearization of NK",1,"16","0-10 scale","0=handling it terribly
5=neutral
10=handling it very well
99=n/a","How well do you think the Park Geun-hye administration is handling the following problems? - denuclearization of NK"
"policy","pc03","direction of South Korea's policy towards NK (2016)",1,"16","1-4 scale","1=We must pursue an unconditional inter-Korean dialogue
2=We should pursue inter-Korean dialogue after resolving the North Korean nuclear issue.
3=We must pursue inter-Korean dialogue and pressure to NK at the same time.
4=We should pursue pressure rather than inter-Korean dialogue.
9=n/a","In what direction do you think the policy toward North Korea should proceed in the future? Please select the answer nearest to your opinion."
"policy","pc04","direction of South Korea's policy towards NK (2017)",1,"17","1-5 scale","1=To resolve the nuclear issue, Sk should stop sanctions and pursue inter-Korean dialogue.
2=The South should pursue inter-Korean dialogue to resolve the nuclear issue, but the sanctions should continue.
3=If North Korea promises to freeze its nuclear weapons program, South should stop sanctions and pursue inter-Korean dialogue.
4=If North Korea promises to freeze its nuclear weapons program, South should pursue inter-Korean dialogue. However, the sanctions should continue.
5=Inter-Korean dialogue is meaningless before North Korea gives up its nuclear weapons program. The sanctions should continue until North Korea gives up its nuclear weapons program.
9=n/a","In what direction do you think the policy toward North Korea should proceed in the future? Please select the answer nearest to your opinion."
"policy","pc05","direction of South Korea's policy towards the U.S. and China",9,"16,19a,19b,20a,20b,21a,21b,22,23a","1-4 scale","1=We must strengthen our alliance with the United States rather than with China.
2=We must pursue balanced diplomacy between the United States and China.
3=We must strengthen our relationship with China rather than with the United States
4=We must pursue independent diplomacy regardless of the United States and China. 
9=n/a","What do you think Korea should do about its foreign policy with the U.S. and China in the future? Please select the answer nearest to your opinion."
"policy","pc06","Reflection of public opinion in unification policy",9,"14,18,19a,19b,20a,20b,21a,22,23a","1-4 scale","1=reflected very much
2=reflected somewhat
3=not reflected somewhat
4=not reflected at all
9=n/a","To what extent do you think the people's opinions are reflected in the government's unification policy?"
"policy","pc07","Regular South-North summit",1,"18","other","1. four times a year
2. two times a year
3. once a year
4. once every two years
5. I oppose regularizing Inter-Korean Summit.","On April 27, the "" 2018 South-North Summit "" is scheduled. How often do you think we should hold inter-Korean summits? Please select the answer nearest to your opinion."
"politics","pt01","direction of South Korea(2015)",1,"15","binary","1=SK is on the wrong track
2=SK is on the right track
9=n/a","Which direction do you think South Korea is heading?"
"politics","pt02","direction of South Korea (16,17)",8,"16,17,18,19a,19b,20a,20b,21a","1-4 scale","1=SK is on the very wrong track
2=SK is on the somewhat wrong track
3=SK is on the somewhat right track
4=SK is on the very right track
9=n/a","Which direction do you think South Korea is heading?"
"politics","pt03","economic satisfaction (2014)",1,"14","1-5 scale","1=very satisfied
2=somewhat satisfied
3=neither satisfied nor dissatisfied
4=somewhat dissafisfied
5=very dissatisfied
9= n/a","How satisfied or dissatisfied are you with the current economic situation in South Korea?"
"politics","pt04","economic satisfaction",11,"15,16,17,18,19a,19b,20a,20b,21a,21b,22","1-4 scale","1=very dissatisfied
2=somewhat dissafisfied
3=somewhat satisfied
4=very satisfied
9=n/a","How do you think of the current economic situation in South Korea?"
"politics","pt05","evaluation of democracy",12,"15,16,17,18,19a,19b,20a,20b,21a,21b,22,23a","0-10 scale","0=not democratic at all
10=very democratic
99=n/a","How democratic do you think South Korea is?"
"politics","pt06","evaluation of current administration(2014)",1,"14","1-5 scale","1=very well
2=somewhat well
3=neutral
4=somewhat badly
5=very badly
9=n/a","How well do you think the current administration is handling the state affairs?"
"politics","pt07","evaluation of current administration",12,"15,16,17,18,19a,19b,20a,20b,21a,21b,22,23a","1-4 scale","1=very badly
2=somewhat badly
3=somewhat well
4=very well
9=n/a","How well do you think the current administration is handling the state affairs?"
"politics","pt08","evaluation of current administration/uni and NK policy",9,"18,19a,19b,20a,20b,21a,21b,22,23a","1-4 scale","1=very badly
2=somewhat badly
3=somewhat well
4=very well
9=n/a","How well do you think the current administration is handling the unification and North Korea policies?"
"politics","pt0801","presidential leadership - 1) vision",1,"17","0-10 scale","0=not important at all
5=neutral
10=very important
99=n/a","How important do you think the following items are for the leadership of a president? - A president must present a clear vision and policy."
"politics","pt0802","presidential leadership - 2) conflict resolution",1,"17","0-10 scale","0=not important at all
5=neutral
10=very important
99=n/a","How important do you think the following items are for the leadership of a president? - A president must be able to resolve conflicts."
"politics","pt0803","presidential leadership - 3) communication",1,"17","0-10 scale","0=not important at all
5=neutral
10=very important
99=n/a","How important do you think the following items are for the leadership of a president? - A president must know how to communicate with people."
"politics","pt0804","presidential leadership - 4) moral standards",1,"17","0-10 scale","0=not important at all
5=neutral
10=very important
99=n/a","How important do you think the following items are for the leadership of a president? - A president must have high moral standards."
"politics","pt0805","presidential leadership - 5) diplomatic skills",1,"17","0-10 scale","0=not important at all
5=neutral
10=very important
99=n/a","How important do you think the following items are for the leadership of a president? - A president must have diplomatic skills for the national interest."
"politics","pt0806","presidential leadership - 6) strong leadership",1,"17","0-10 scale","0=not important at all
5=neutral
10=very important
99=n/a","How important do you think the following items are for the leadership of a president? - A president must have a strong leadership."
"politics","pt0901","thought on politics-political parties",1,"17","1-4 scale","1=totally agree with statement (1)
2=somewhat agree with statement (1)
3=somewhat agree with statement (2)
4=totally agree with statement (2)
9=n/a","Which of the following two statments is closest to your opinion?
(1)Political Parties cause divisions and confusion. We do not need many political parties.
(2)We need as many political parties as possible so that voters can make meaningful choices.."
"politics","pt0902","thought on politics-role of opposition",1,"17","1-4 scale","1=totally agree with statement (1)
2=somewhat agree with statement (1)
3=somewhat agree with statement (2)
4=totally agree with statement (2)
9=n/a","Which of the following two statments is closest to your opinion?
(1)After the election, the lost oppositional parties should always monitor and criticize the government and the ruling party to check them
(2)After the election, the oppositional parties must admit their defeat and cooperate with the government and the ruling party to facilitate their performance."
"politics","pt0903","thought on politics-president vs congress",1,"17","1-4 scale","1=totally agree with statement (1)
2=somewhat agree with statement (1)
3=somewhat agree with statement (2)
4=totally agree with statement (2)
9=n/a","Which of the following two statments is closest to your opinion?
(1)Elected to represent the people, congressmen should pass a bill for the country even if the president disagree with the bill.
(2)Since the president represents all the people, a bill that the president supports should be passed regardless of the opinion of the congress."
"politics","pt0904","thought on politics-presidential power",1,"17","1-4 scale","1=totally agree with statement (1)
2=somewhat agree with statement (1)
3=somewhat agree with statement (2)
4=totally agree with statement (2)
9=n/a","Which of the following two statments is closest to your opinion?
(1)A president should not be bound by laws or court rulings with which he doesn't agree, because he is elected to govern the country.
(2)A president should abide by laws or court rulings, even if he doesn't agree with them."
"politics","pt10","party support(2014)",1,"14","1-5 scale","1=Saenuri Party
2=New Politics Alliance for Democracy
3=Unified Progressive Party
4=Justice Party
5=other party
6=I don't support any party
9=n/a","Which political party do you prefer the most?"
"politics","pt11","party support(2015)",1,"15","1-5 scale","1=Saenuri Party
2=New Politics Alliance for Democracy
3=Justice Party
4=other party
5=I don't support any party
9=n/a","Which political party do you prefer the most?"
"politics","pt12","party support(2016)",2,"15,16","1-5 scale","1=Saenuri Party
2=Democratic Party
3=People's Party
4=Justice Party
5=other party
6=I don't support any party
9=n/a","Which political party do you prefer the most?"
"politics","pt1201","party support 1st(2018-2019b)",3,"18,19a,19b","1-7 scale","1=Democratic Party
2=Liberty Korea Party
3=Bareunmirae Party
4=Party for Democracy and Peace
5=Justice Party
6=other party
7=I don't support any party
9=n/a","Which political party do you prefer the most?"
"politics","pt1202","party support 2nd(2019a-2019b)",2,"19a,19b","1-7 scale","1=Democratic Party
2=Liberty Korea Party
3=Bareunmirae Party
4=Party for Democracy and Peace
5=Justice Party
6=other party (please write the name)
7=I don't support any party
9=n/a","(only respondents who answered n/a for question pt1201) even if you answered no party, do you still have a party that you favor little more than the others? If so which party?"
"politics","pt1203","party support1st(2020 Jun)",1,"20a","1-7 scale","1=Democratic Party
2=United Future Party
3=Justice Party
4=People Party
5=Open Democratic Party
6=other party (please write the name)
7=I don't support any party
9=n/a","Which political party do you prefer the most?"
"politics","pt1204","party support 2nd(2020 Jun)",1,"20a","1-7 scale","1=Democratic Party
2=United Future Party
3=Justice Party
4=People Party
5=Open Democratic Party
6=other party (please write the name)
7=I don't support any party
9=n/a","(only respondents who answered n/a for question pt1203) even if you answered no party, do you still have a party that you favor little more than the others? If so which party?"
"politics","pt1205","party support 1st(2020b-2023)",5,"20b,21a,21b,22,23a","1-7 scale","1=Democratic Party
2=People Power Party
3=Justice Party
4=People Party
5=Open Democratic Party
6=Rebuilding Korea Party
7=Other Party
8=I don't support any party
99=n/a","Which political party do you prefer the most?"
"politics","pt1206","party support 2nd(2020b, 2023)",5,"20b,21a,21b,22,23a","1-7 scale","1=Democratic Party
2=People Power Party
3=Justice Party
4=People Party
5=Open Democratic Party
6=Rebuilding Korea Party
7=Other Party
8=I don't support any party
99=n/a","(only respondents who answered n/a for question pt1205) even if you answered no party, do you still have a party that you favor little more than the others? If so which party?"
"politics","pt1301","Party preference - People Power Party",6,"15,16,17,18,19a,19b","0-100 thermometer","0=very negative
50=neither negative nor positive
100=very positive
999=n/a","How do you feel about the following major political parties in Korea? - People Power Party"
"politics","pt1302","Party preference - Democratic Party",6,"15,16,17,18,19a,19b","0-100 thermometer","0=very negative
50=neither negative nor positive
100=very positive
999=n/a","How do you feel about the following major political parties in Korea? - Democratic Party"
"politics","pt1303","Party preference - Justice Party",12,"15,16,17,18,19a,19b,20a,20b,21a,21b,22,23a","0-100 thermometer","0=very negative
50=neither negative nor positive
100=very positive
999=n/a","How do you feel about the following major political parties in Korea? - Justice Party"
"politics","pt1304","Party preference - People's Party (2016)",2,"16,17","0-100 thermometer","0=very negative
50=neither negative nor positive
100=very positive
999=n/a","How do you feel about the following major political parties in Korea? - People's Party (2016)"
"politics","pt1305","Party preference - Bareun Party",1,"17","0-100 thermometer","0=very negative
50=neither negative nor positive
100=very positive
999=n/a","How do you feel about the following major political parties in Korea? - Bareun Party"
"politics","pt1306","Party preference - Party for Democracy and Peace",3,"18,19a,19b","0-100 thermometer","0=very negative
50=neither negative nor positive
100=very positive
999=n/a","How do you feel about the following major political parties in Korea? - Party for Democracy and Peace"
"politics","pt1307","Party preference - Bareunmirae Party",3,"18,19a,19b","0-100 thermometer","0=very negative
50=neither negative nor positive
100=very positive
999=n/a","How do you feel about the following major political parties in Korea? - Bareunmirae Party"
"politics","pt1310","Party preference - People Party",5,"20a,20b,21a,21b,22","0-100 thermometer","0=very negative
50=neither negative nor positive
100=very positive
999=n/a","How do you feel about the following major political parties in Korea? - People Party"
"politics","pt1311","Party preference - Open Democratic Party",4,"20a,20b,21a,21b","0-100 thermometer","0=very negative
50=neither negative nor positive
100=very positive
999=n/a","How do you feel about the following major political parties in Korea? - Open Democratic Party"
"politics","pt1312","Party preference-Rebuilding Korea Party",0,"","0-100 thermometer","0=very negative
50=neither negative nor positive
100=very positive
999=n/a","How do you feel about the following major political parties in Korea? - Rebuilding Korea Party"
"politics","pt1401","vote - 2014 Local Election",1,"14","binary","1=voted
2=did not voted
9=n/a","Did you vote in this year's Nationwide Local Election on June 4?"
"politics","pt1402","vote - 2014 Local Election/regional gov.",1,"14","1-5 scale","1=Saenuri Party
2=New Politics Alliance for Democracy
3=Unified Progressive Party
4=Justice Party
5=other party
6=I didn't vote
9=n/a","In the June 4 Nationwide Local elections, which political party candidate did you vote for as the head of a regional local government?"
"politics","pt1403","vote intention- 2018 Local Election/party",1,"18","1-7 scale","1=Democratic Party
2=Liberty Korea Party
3=Bareunmirae Party
4=Party for Democracy and Peace
5=Justice Party
6=other party
7=I won't vote
9=n/a","Which party candidate would you like to vote for in the upcoming Nationwide Local Elections scheduled for June 2018?"
"politics","pt1501","vote - 2016 congression election/district",1,"16","1-7 scale","1=Saenuri Party
2=Democratic Party
3=People's Party
4=Justice Party
5=independent candidates
6=other party
7=I didn't vote
9=n/a","Which political party did you vote in the Congression Elections on April 13? (district election)"
"politics","pt1502","vote - 2016 congression election/proportional",1,"16","1-7 scale","1=Saenuri Party
2=Democratic Party
3=People's Party
4=Justice Party
5=independent candidates
6=other party
7=I didn't vote
9=n/a","Which political party did you vote in the Congression Elections on April 13? (proportional vote)"
"politics","pt1503","vote-2020 congression election/district",4,"20a,20b,21a,21b","1-5 scale","1=Democratic Party
2=United Future Party
3=Justice Party
4=other party
5=independent candidates
6=I didn't vote
9=n/a","Which political party did you vote in the Congression Elections on April 15? (district election)"
"politics","pt1504","vote-2020 congression election/proportional",4,"20a,20b,21a,21b","1-7 scale","1=Democratic Party
2=United Future Party
3=Justice Party
4=People Party
5=Open Democratic Party
6=other party
7=I didn't vote
9=n/a","Which political party did you vote in the Congression Elections on April 15? (proportional vote)"
"politics","pt1505","vote-2024 congression election/district",0,"","1-4 scale","1=Democratic Party
2=People Power Party
3=Other Party or Independent Candidate
4=I didn't vote
9=n/a","Which political party did you vote in the Congression Elections on April 10, 2024? (district election)"
"politics","pt1506","vote-2024 congression election/proportional",0,"","1-5 scale","1=Democratic Party
2=People Power Party
3=Rebuilding Korea Party
4=Other Party
5=I didn't vote
9=n/a","Which political party did you vote in the Congression Elections on April 10, 2024? (proportional vote)"
"politics","pt16","vote intention - 2017 presidential electoin",1,"17","1-7 scale","1=Moon Jae-in  
2=Ahn Hee-jeong  
3=Lee Jaemyeong  
4=Nam Gyeongpil  
5=Kim Moon-soo  
6=Hong Joon-pyo
7=Rhee In-je  
8=Ahn Cheol-soo
9=Sohn Hak-kyu  
10=Yoo Seung-min 
11=Sim Sang-jung  
12=other
13=Kim Jong-in
14=Oh Sehun
15=Hwang Kyo-ahn
16=Kim Kintae
98=""don't want to vote""
99=""n/a""","Who would you vote for if the president election is today?"
"politics","pt1601","vote intention - 2017 presidential electoin",7,"18,19a,19b,20a,20b,21a,21b","1-7 scale","1=Moon Jae-in  
2=Hong Joon-pyo
3=Ahn Cheol-soo  
4=Yoo Seung-min 
5=Sim Sang-jung   
6=other 
7=I didn't vote","Who did you vote for in the last president election of May 2017?"
"politics","pt1602","Voting - Presidential Election and Unification / North Korea Policy(1)",1,"21b","1-7 scale","1=Unification and peace policy on the Korean Peninsula
2=Defense policy
3=Economic growth policy
4=Foreign policy
5=Education policy
6=Welfare policy
7=Gender equality policy
8=Environmental policy
9=Democratic reform of the institutions of power
10=Culture and arts policy
11=Balanced regional development policy
12=Real estate policy
13=Fairness restoration policy","South Korea is scheduled to hold a presidential election next year (2022). Which of the following policies would you consider to be important when voting for next year's presidential election? Please answer three things that you think are important to you when choosing to vote."
"politics","pt1603","Voting - Presidential Election and Unification / North Korea Policy92(2)",1,"21b","1-7 scale","1=Unification and peace policy on the Korean Peninsula
2=Defense policy
3=Economic growth policy
4=Foreign policy
5=Education policy
6=Welfare policy
7=Gender equality policy
8=Environmental policy
9=Democratic reform of the institutions of power
10=Culture and arts policy
11=Balanced regional development policy
12=Real estate policy
13=Fairness restoration policy","South Korea is scheduled to hold a presidential election next year (2022). Which of the following policies would you consider to be important when voting for next year's presidential election? Please answer three things that you think are important to you when choosing to vote."
"politics","pt1604","Voting - Presidential Election and Unification / North Korea Policy(3)",1,"21b","1-7 scale","1=Unification and peace policy on the Korean Peninsula
2=Defense policy
3=Economic growth policy
4=Foreign policy
5=Education policy
6=Welfare policy
7=Gender equality policy
8=Environmental policy
9=Democratic reform of the institutions of power
10=Culture and arts policy
11=Balanced regional development policy
12=Real estate policy
13=Fairness restoration policy","South Korea is scheduled to hold a presidential election next year (2022). Which of the following policies would you consider to be important when voting for next year's presidential election? Please answer three things that you think are important to you when choosing to vote."
"politics","pt1605","voting - 2022 Presidential Election",2,"22,23a","other","1 =  Lee Jae-myung
2 =  Yoon Suk-yeol
3 =  Sim Sang-jung
4 =  other
5 =  I didn't vote","Who did you vote for in the last president election of March 2022?"
"politics","pt17","Liberal-Conservative Self-Identification(2014, 2015)",2,"14,15","1-5 scale","1=very liberal
2=somewhat liberal
3=moderate
4=somewhat conservative
5=very conservative
9=n/a","How liberal or conservative do you think you are?"
"politics","pt18","Liberal-Conservative Self-Identification(2016,2017)",2,"16,17","1-7 scale","1=very conservative
2=conservative
3=little conservative
4=moderate
5=little liberal
6=liberal
7=very conservative
9=n/a","How liberal or conservative do you think you are?"
"politics","pt1801","Liberal-Conservative Self-Identification",9,"18,19a,19b,20a,20b,21a,21b,22,23a","0-10 scale","0=very liberal
5=moderate
10=very conservative","On a scale of 0 to 10, where 0 is the most liberal, 5 is moderate, and 10 is the most conservative, where would you place yourself?"
"politics","pt1802","Liberal-Conservative Identification-Democratic Party",8,"18,19a,19b,20a,20b,21a,21b,23a","0-10 scale","0=very liberal
5=moderate
10=very conservative","On a scale of 0 to 10, where 0 is the most liberal, 5 is moderate, and 10 is the most conservative, where would you place each of the following political parties? - Democratic Party"
"politics","pt1803","Liberal-Conservative Identification-People Power Party",8,"18,19a,19b,20a,20b,21a,21b,23a","0-10 scale","0=very liberal
5=moderate
10=very conservative","On a scale of 0 to 10, where 0 is the most liberal, 5 is moderate, and 10 is the most conservative, where would you place each of the following political parties? - People Power Party"
"politics","pt1804","Liberal-Conservative Identification-Bareunmirae Party",3,"18,19a,19b","0-10 scale","0=very liberal
5=moderate
10=very conservative","On a scale of 0 to 10, where 0 is the most liberal, 5 is moderate, and 10 is the most conservative, where would you place each of the following political parties? - Bareunmirae Party"
"politics","pt1805","Liberal-Conservative Identification-Party for Democracy and Peace",3,"18,19a,19b","0-10 scale","0=very liberal
5=moderate
10=very conservative","On a scale of 0 to 10, where 0 is the most liberal, 5 is moderate, and 10 is the most conservative, where would you place each of the following political parties? - Party for Democracy and Peace"
"politics","pt1806","Liberal-Conservative Identification-Justice Party",8,"18,19a,19b,20a,20b,21a,21b,23a","0-10 scale","0=very liberal
5=moderate
10=very conservative","On a scale of 0 to 10, where 0 is the most liberal, 5 is moderate, and 10 is the most conservative, where would you place each of the following political parties? - Justice Party"
"politics","pt1807","Liberal-Conservative Identification-People Party",4,"20a,20b,21a,21b","0-10 scale","0=very liberal
5=moderate
10=very conservative","On a scale of 0 to 10, where 0 is the most liberal, 5 is moderate, and 10 is the most conservative, where would you place each of the following political parties? - People Party"
"politics","pt1808","Liberal-Conservative Identification-Open Democratic Party",2,"21a,21b","0-10 scale","0=very liberal
5=moderate
10=very conservative","On a scale of 0 to 10, where 0 is the most liberal, 5 is moderate, and 10 is the most conservative, where would you place each of the following political parties? - Open Democratic Party"
"politics","pt1809","Liberal-Conservative Identification-Rebuilding Korea Party",0,"","0-10 scale","0=very liberal
5=moderate
10=very conservative","On a scale of 0 to 10, where 0 is the most liberal, 5 is moderate, and 10 is the most conservative, where would you place each of the following political parties? - Rebuilding Korea Party"
"politics","pt1901","evaluation of economy - personal",10,"16,17,18,19a,19b,20a,20b,21a,21b,22","1-5 scale","1=much worse than a year ago
2=somewhat worse than a year ago
3=same
4=somewhat better than a year ago
5=much better than a year ago","When compared to a year ago, how has your family economic situation changed?"
"politics","pt1902","evaluation of economy - national",10,"16,17,18,19a,19b,20a,20b,21a,21b,22","1-5 scale","1=much worse than a year ago
2=somewhat worse than a year ago
3=same
4=somewhat better than a year ago
5=much better than a year ago","When compared to a year ago, how has the national economy changed?"
"politics","pt2001","RWA - a mighty leader",13,"14,15,16,17,18,19a,19b,20a,20b,21a,21b,22,23a","1-5 scale","1=strongly disagree
2=somewhat disagree
3=neutral
4=somewhat agree
5=strongly agree
9=n/a","Our country desperately needs a mighty leader who will do what has to be done to destroy the radical new ways and sinfulness that are ruining us"
"politics","pt2002","RWA - criticize authorities",13,"14,15,16,17,18,19a,19b,20a,20b,21a,21b,22,23a","1-5 scale","1=strongly disagree
2=somewhat disagree
3=neutral
4=somewhat agree
5=strongly agree
9=n/a","The majority of those who criticize proper authorities in government and religion only create useless doubts in people’s mind"
"politics","pt2003","RWA - the strongest method",13,"14,15,16,17,18,19a,19b,20a,20b,21a,21b,22,23a","1-5 scale","1=strongly disagree
2=somewhat disagree
3=neutral
4=somewhat agree
5=strongly agree
9=n/a","The situation in our country is getting so serious, the strongest method would be justified if they eliminated the troublemakers and got us back to our true path"
"politics","pt2004","RWA - law and order",13,"14,15,16,17,18,19a,19b,20a,20b,21a,21b,22,23a","1-5 scale","1=strongly disagree
2=somewhat disagree
3=neutral
4=somewhat agree
5=strongly agree
9=n/a","What our country really needs instead of more ‘‘civil rights’’ is a good stiff dose of law and order"
"politics","pt2005","RWA - obedience",13,"14,15,16,17,18,19a,19b,20a,20b,21a,21b,22,23a","1-5 scale","1=strongly disagree
2=somewhat disagree
3=neutral
4=somewhat agree
5=strongly agree
9=n/a","Obedience and respect for authority are the most important values children should learn"
"politics","pt2006","RWA - deviant groups",13,"14,15,16,17,18,19a,19b,20a,20b,21a,21b,22,23a","1-5 scale","1=strongly disagree
2=somewhat disagree
3=neutral
4=somewhat agree
5=strongly agree
9=n/a","The fact on crime, sexual immorality and the recent public disorders all show we have to crack down harder on deviant groups and troublemakers, if we are going to save our moral standards and preserve law and order"
"politics","pt2007","RWA - disciplined citizens",13,"14,15,16,17,18,19a,19b,20a,20b,21a,21b,22,23a","1-5 scale","1=strongly disagree
2=somewhat disagree
3=neutral
4=somewhat agree
5=strongly agree
9=n/a","What our country needs most is disciplined citizens, following national leaders in unity"
"politics","pt2101","thought on democracy - 1) resolving economic inequality",1,"15","0-10 scale","0=not part of democracy at all
10=essential part of democracy
99=n/a","How much do you think the following statements correspond to the basic characteristics of democracy? - The government should resolve the economic inequality of the people."
"politics","pt2102","thought on democracy - 2) job creation policy",1,"15","0-10 scale","0=not part of democracy at all
10=essential part of democracy
99=n/a","How much do you think the following statements correspond to the basic characteristics of democracy? - The government should help all people get jobs."
"politics","pt2103","thought on democracy - 3) maintaining law and order",1,"15","0-10 scale","0=not part of democracy at all
10=essential part of democracy
99=n/a","How much do you think the following statements correspond to the basic characteristics of democracy? - The government should maintain law and order."
"politics","pt2104","thought on democracy - 4) waste of tax",1,"15","0-10 scale","0=not part of democracy at all
10=essential part of democracy
99=n/a","How much do you think the following statements correspond to the basic characteristics of democracy? - The government should not waste tax money."
"politics","pt2105","thought on democracy - 5) criticism of the media",1,"15","0-10 scale","0=not part of democracy at all
10=essential part of democracy
99=n/a","How much do you think the following statements correspond to the basic characteristics of democracy? - The media is free to criticize what the government does."
"politics","pt2106","thought on democracy - 6) free and fair election",1,"15","0-10 scale","0=not part of democracy at all
10=essential part of democracy
99=n/a","How much do you think the following statements correspond to the basic characteristics of democracy? - The people can elect a political leader through free and fair elections."
"politics","pt21a","issue ownership - NK policy",3,"18,19a,19b","1-5 scale","1=Democratic Party
2=Liberty Korea Party
3=Bareunmirae Party
4=Party for Democracy and Peace
5=Justice Party
9=n/a","Which of the following political parties do you trust to do a better job on handling North Korean policies?"
"politics","pt21a20","issue ownership - NK policy",5,"20a,20b,21a,21b,23a","1-5 scale","1=Democratic Party
2=People Power Party
3=Justice Party
4=People Party
5=Rebuilding Korea Party
9=n/a","Which of the following political parties do you trust to do a better job on handling North Korean policies?"
"politics","pt21b","issue ownership - unification policy",3,"18,19a,19b","1-5 scale","1=Democratic Party
2=Liberty Korea Party
3=Bareunmirae Party
4=Party for Democracy and Peace
5=Justice Party
9=n/a","Which of the following political parties do you trust to do a better job on handling unification policies?"
"politics","pt21b20","issue ownership - unification policy",5,"20a,20b,21a,21b,23a","1-5 scale","1=Democratic Party
2=People Power Party
3=Justice Party
4=People Party
5=Rebuilding Korea Party
9=n/a","Which of the following political parties do you trust to do a better job on handling unification policies?"
"politics","pt21c","issue ownership - economy",2,"19a,19b","1-5 scale","1=Democratic Party
2=Liberty Korea Party
3=Bareunmirae Party
4=Party for Democracy and Peace
5=Justice Party
9=n/a","Which of the following political parties do you trust to do a better job on handling economy?"
"politics","pt21c20","issue ownership - economy",5,"20a,20b,21a,21b,23a","1-5 scale","1=Democratic Party
2=People Power Party
3=Justice Party
4=People Party
5=Rebuilding Korea Party
9=n/a","Which of the following political parties do you trust to do a better job on handling economy?"
"politics","pt21d","issue ownership - diplomacy",2,"19a,19b","1-5 scale","1=Democratic Party
2=Liberty Korea Party
3=Bareunmirae Party
4=Party for Democracy and Peace
5=Justice Party
9=n/a","Which of the following political parties do you trust to do a better job on handling diplomacy?"
"politics","pt21d20","issue ownership - diplomacy",5,"20a,20b,21a,21b,23a","1-5 scale","1=Democratic Party
2=People Power Party
3=Justice Party
4=People Party
5=Rebuilding Korea Party
9=n/a","Which of the following political parties do you trust to do a better job on handling diplomacy?"
"politics","pt21e","issue ownership - gender equality",2,"19a,19b","1-5 scale","1=Democratic Party
2=Liberty Korea Party
3=Bareunmirae Party
4=Party for Democracy and Peace
5=Justice Party
9=n/a","Which of the following political parties do you trust to do a better job on handling gender equality?"
"politics","pt21e20","issue ownership - gender equality",5,"20a,20b,21a,21b,23a","1-5 scale","1=Democratic Party
2=People Power Party
3=Justice Party
4=People Party
5=Rebuilding Korea Party
9=n/a","Which of the following political parties do you trust to do a better job on handling gender equality?"
"politics","pt2201","social equity-1) class inequality",1,"14","1-4 scale","1=strongly agree
2=somewhat agree
3=somewhat disagree
4=strongly disagree
9=n/a","What do you think of the following statements about Korean society? - When the livelihood of the poor class is improved, the class inequality is not a big problem."
"politics","pt2202","social equity-2) talent and effort",1,"14","1-4 scale","1=strongly agree
2=somewhat agree
3=somewhat disagree
4=strongly disagree
9=n/a","What do you think of the following statements about Korean society? - If someone is talented and tries hard, he can push the limits of his background."
"politics","pt2203","social equity- 3) rich people evading law",1,"14","1-4 scale","1=strongly agree
2=somewhat agree
3=somewhat disagree
4=strongly disagree
9=n/a","What do you think of the following statements about Korean society? - Rich people commit more crimes and illegal activities."
"politics","pt2204","social equity-4) biased policy",1,"14","1-4 scale","1=strongly agree
2=somewhat agree
3=somewhat disagree
4=strongly disagree
9=n/a","What do you think of the following statements about Korean society? - The government's policy is biased toward rich people."
"politics","pt2205","social equity-5) biased media",1,"14","1-4 scale","1=strongly agree
2=somewhat agree
3=somewhat disagree
4=strongly disagree
9=n/a","What do you think of the following statements about Korean society? - The main stream media coverage represents the voice of the haves."
"politics","pt2206","social equity-6) dissatisfied minority",1,"14","1-4 scale","1=strongly agree
2=somewhat agree
3=somewhat disagree
4=strongly disagree
9=n/a","What do you think of the following statements about Korean society? - It is the dissatisfied people, not the structure of society, that causes social conflicts."
"security","se01","security of South Korea",1,"16","1-5 scale","1=very unstable
2=somewhat unstable
3=neutral
4=somewhat stable
5=very stable
9=n/a","Do you think the security of South Korea is stable or unstable? Please answer freely and frankly."
"security","se02","war possibility",1,"16","1-5 scale","1=never worried
2=not worried so much
3=neutral
4=somewhat worried
5=very worried
9=n/a","Were you ever worried about two Koreas having a war with each other someday? Please answer freely and frankly."
"security","se0201","war possibility",9,"16,19a,19b,20a,20b,21a,21b,22,23a","1-5 scale","1=very low
2=somewhat low
3=neutral
4= somewhat high
5=very high
9=n/a","How much likely do you think there is the possibility of the two Koreas having a war in the future? Please answer freely and frankly."
"security","se0301","international threat-1st rank",1,"16","1-7 scale","1=South Korea's lack of diplomatic and negotiation ability
2=North Korea's military threat
3=China's rising power
4=terriorism
5=conservatization of neighboring countries such as Japan
6=weakening of ROK-US alliance
7=unstablity of NK regime
8=deterioration of NK-US relations
9=n/a","Which of the following international factors do you think are threatening our country's security? What is the most threatening factor? And what is the second most threatening one?"
"security","se0302","international threat-2nd rank",1,"16","unknown",NA,NA
"security","se0303","domestic threat-1st rank",1,"16","1-7 scale","1=The government's unclear security policy
2=weakening sense of security among people
3=unstable domestic politics
4=economic recession
5=prevaling individualism in our society
6=anti-Americanism
7=weakening of military force
9=n/a","Which of the following domestic factors do you think are threatening our country's security? What is the most threatening factor? And what is the second most threatening one? (1st choice)"
"security","se0304","domestic threat-2nd rank",1,"16","1-7 scale","1=The government's unclear security policy
2=weakening sense of security among people
3=unstable domestic politics
4=economic recession
5=prevaling individualism in our society
6=anti-Americanism
7=weakening of military force
9=n/a","Which of the following domestic factors do you think are threatening our country's security? What is the most threatening factor? And what is the second most threatening one? (2nd choice)"
"security","se0305","security threat from neighbors",1,"21b","1-4 scale","1=the U.S.
2=China
3=Japan
4=Russia","Which of the following neighboring countries do you think poses the biggest threat to the security of South Korea?"
"security","se0401","US Perception -US-ROK Alliance",7,"19b,20a,20b,21a,21b,22,23a","1-4 scale","1=not necessary at all
2=not particularly necessary
3=somewhat necessary
4=absolutely necessary
9=n/a","Do you believe that ROK-US Alliance will still be necessary in the future?"
"security","se0401a","Trust in the U.S.",1,"23a","1-4 scale","1=Not at all
2=Not very much
3=Somewhat trusting
4=very trusting 
9=n/a","How much do you trust the U.S. policy toward the Korean Peninsula?"
"security","se0401b","ROK-US alliance and Unification",0,"","1-4 scale","1=Not helpful at all
2=Not very helpful
3=Somewhat helpful
4=very helpful
9=n/a","Do you think the ROK-US alliance is helpful to the unification of the two Koreas?"
"security","se0402","US Perception -US polity",1,"19b","1-4 scale","1=ROK must break away from its complete dependence upon the U.S. and implement an independent foreign policy
2=ROK must break away from U.S.-centered policy and diversify its foreign policy
3=ROK must strengthen the traditional U.S.-ROK alliance in order to resolve the issues involving the Korean Peninsula
4=ROK must actively cooperate on maintaining the U.S. led world order regarding issues revolving around the Korean Peninsula as well as those pertaining to other countries
9=n/a","What is your assessment on the future direction of ROK’s policy on foreign affairs and security"
"security","se0403","US Perception-Current Need for U.S. Forces",7,"19b,20a,20b,21a,21b,22,23a","1-4 scale","1=Not at all needed
2=Not particularly needed
3=Somewhat needed
4=Very needed
9=n/a","Do you think that US Forces Korea is needed now?"
"security","se0404","US Perception -U.S. Forces after Unification",7,"19b,20a,20b,21a,21b,22,23a","1-4 scale","1=Not at all needed
2=Not particularly needed
3=Somewhat needed
4=Very needed
9=n/a","Do you think that US Forces Korea will be needed even after Unification of Korea?"
"security","se0404b","US Perception - USFK vs nukes",2,"21b,23a","1-3 scale","1=US forces in Korea
2=Nuclear weapons
3=I don't know
9=n/a","If you had to choose between the presence of US forces in Korea and the possession of nuclear weapons for our national defense, which one would you choose?"
"security","se0404c","Likelihood of U.S. troop withdrawal",1,"23a","1-5 scale","1=The U.S. will withdraw U.S. troops from South Korea in 10 years.
2=The U.S. will withdraw U.S. troops from South Korea in 20 years.
3=The U.S. will withdraw U.S. troops from South Korea in 30 years.
4=The United States will withdraw its troops from South Korea in 50 years.
5=The United States will never withdraw its troops from South Korea.
9=n/a","How likely do you think it is that the United States will withdraw U.S. troops from South Korea?"
"security","se0405","US Perception-Cost-sharing",3,"19b,20a,20b","1-3 scale","1=Korea should pay more for defense cost-sharing
2=Korea should maintain its current share of defense cost-sharing
3=Korea should reduce payment for defense cost-sharing
9=n/a","U.S. government recently demanded that Korea should increase its payment for defense cost-sharing, which is the expense required for hosting U.S. troops based in Korea. What is your opinion regarding the increase in share of defense expenses?"
"security","se0405a","US Perception-Cost-sharing ratio",2,"20a,20b","1-5 scale","1=less than 13% 
2=13%
3=between 13% and 50%
4=50%
5=51% or more","According to recent media reports, the U.S. government has demanded a 50% increase in the defense cost-sharing burden while the South Korean government demanding a 13% increase in their negotiations. How much do you think the defense cost-sharing burden should increase by?"
"security","se0405b","US Perception- the negotiation of cost-sharing",1,"21a","other","1 = South Korea pays too much.
2 = South Korea pays somewhat a lot.
3 = It is a reasonable amount.
4 = South Korea pays somewhat little.
5 = South Korea pays too little.
9 = No response","Recently, the South Korean government and the U.S. government agreed to raise Korea's defense cost share by 13.9%, reflecting the annual increase in defense cost over the next four years. What do you think about the defense sharing cost that Korea has agreed to increase?"
"security","se0406","US Perception -ROK Navy to the Strait of Hormuz",1,"19b","1-4 scale","1=Strongly Agree
2=Somewhat Agree
3=Somewhat Disagree
4=Strongly Disagree
9=n/a","There is a possibility that U.S. government may request dispatch of ROK navy for the safety of vessels in the Strait of Hormuz in the Middle East. Do you agree or disagree to the troop dispatch to the Strait of Hormuz?"
"security","se0407","US Perception - will help ROK",5,"20b,21a,21b,22,23a","other","1 = The US will help South Korea unconditionally.
2 = If it contributes to US national interests, it will help South Korea
3 = The US will never help South Korea.
9 = No response","If a war breaks out between South Korea and North Korea, do you think the US will help South Korea fight North Korea?"
"security","se0407b","China Perception-support for Korean war",4,"20b,21a,21b,23a","other","1 = China will help North Korea unconditionally.
2 = If it contributes to the national interest of China, China will help North Korea 
3 = Chinese will never help North Korea.
9=n/a","If a war breaks out between South Korea and North Korea, do you think China will help North Korea fight South Korea?"
"security","se0407c","U.S. Help in Sino-South Korean Conflict",1,"23a","1-4 scale","1=Strongly disagree
2=Somewhat disagree
3=Somewhat agree
4=Strongly agree.
9=n/a","In the event of a military conflict between China and South Korea, do you agree or disagree that the United States would help South Korea against China?"
"security","se0408","US Perception - intervention to Taiwan Strait",1,"20b","other","1 = Must agree to dispatch US forces in Korea to the Taiwan Strait.
2 = Must not agree to dispatch US forces in Korea to the Taiwan Strait.
3 = I don't know.
9 = No response","If there is a military conflict between China and Taiwan in the Taiwan Strait, it is possible that the US troops in Korea will be dispatched to there to intervene. Do you think the South Korean government should agree to send US troops to the Taiwan Strait?"
"security","se0409","US Perception -  Participation in Quad",2,"21a,22","other","1 = South Korea must participate in the Quad.
2 = South Korea must not participate in the Quad.
3 = I'm not sure.
9 = No response","The United States, Japan, Australia, and India formed the ""Quad"", an informal strategic dialogue of four countries to contain China. Some argue that South Korea should also participate in this quad to strengthen the ROK-U.S. alliance and contain China, while others argue that South Korea should not because it can unnecessarily provoke China and threaten the security of the Korean Peninsula. Do you think South Korea should participate in the Quad? Or do you think you should not participate?"
"security","se0410","Trust in the nuclear umbrella policy",1,"23a","1-4 scale","1=Not at all.
2=Not very much
3=Somewhat trusting
4=Very trusting 
9=n/a","(Explanation) The United States' ""nuclear deterrence"" or ""nuclear umbrella"" policy means that if a U.S. ally without nuclear weapons, such as South Korea or Japan, is attacked by a hostile nation with nuclear weapons, the United States will retaliate with a nuclear strike on its behalf. The United States has publicly promised to provide a nuclear umbrella to South Korea. 
How much trust do you have in the U.S. nuclear umbrella policy that the U.S. will retaliate with a nuclear strike against North Korea if North Korea attacks South Korea with a nuclear weapon?"
"security","se0411","Effectiveness in deterring nuclear proliferation",1,"23a","other","(1) Strongly disagree
(2) Somewhat disagree
(3) Somewhat agree
(4) Strongly agree.
9=n/a","(Explanation) The United States' ""nuclear deterrence"" or ""nuclear umbrella"" policy means that if a U.S. ally without nuclear weapons, such as South Korea or Japan, is attacked by a hostile nation with nuclear weapons, the United States will retaliate with a nuclear strike on its behalf. The United States has publicly promised to provide a nuclear umbrella to South Korea. 
It has been argued that the U.S. nuclear umbrella policy has deterred North Korea from launching a nuclear attack on South Korea. How much do you agree with this argument?"
"security","se0412","Nuclear Nonproliferation and SK Nuke program",1,"23a","1-4 scale","1=Strongly disagree
2=Somewhat disagree
3=Somewhat agree
4=Strongly agree.
9=n/a","(Explanation) The United States' ""nuclear deterrence"" or ""nuclear umbrella"" policy means that if a U.S. ally without nuclear weapons, such as South Korea or Japan, is attacked by a hostile nation with nuclear weapons, the United States will retaliate with a nuclear strike on its behalf. The United States has publicly promised to provide a nuclear umbrella to South Korea. 
Do you agree with the argument that South Korea does not need to build its own nuclear weapons because the U.S. nuclear umbrella policy protects South Korea?"
"security","se0501","U.S. vs China - Security",7,"19b,20a,20b,21a,21b,22,23a","1-5 scale","1=U.S. is much more important than China
2=U.S. is somewhat more important than China
3=U.S. and China are equally important
4=China is somewhat more important than U.S.
5=China is much more important than U.S.
9=n/a","Between U.S. and China, which country do you think is more important to the security of Korea?"
"security","se0502","U.S. vs China - Economy",7,"19b,20a,20b,21a,21b,22,23a","1-5 scale","1=U.S. is much more important than China
2=U.S. is somewhat more important than China
3=U.S. and China are equally important
4=China is somewhat more important that U.S.
5=China is much more important than U.S.
9=n/a","Between U.S. and China, which country do you think is more important to the economy of Korea?"
"security","se0503","independent diplomacy",2,"20a,20b","1-5 scale","1=strongly disagree
2=somewhat disagree
3=neither agree nor disagree
4=somewhat agree
5=strongly agree
9=n/a","South Korea needs to pursue an independent approach to foreign affairs in a departure from the current U.S.-centered foreign policy."
"security","se0504","American world order",4,"20a,20b,21b,23a","1-5 scale","1=strongly disagree
2=somewhat disagree
3=neither agree nor disagree
4=somewhat agree
5=strongly agree
9=n/a","South Korea needs to actively cooperate with the U.S. to help maintain the U.S.-led global order not only in matters related to the Korean peninsula but other international ones."
"security","se0505","World Learship",3,"20b,21b,23a","other","1 = I want America to have an advantage
2 = I want China to have an advantage
3 = I want both countries to have equal hegemony
4 = I don't want either the US and China to hold hegemony in the world. 
9 = No response","The US and China are competing for heremony over economy and security. Which country do you want to have an advantage in the US-China competition?"
"security","se0506a","US Knowledge - Capital",2,"20b,21b","other","1 = New York
2 = Los Angeles
3 = Chicago 
4 = Washington D.C.
5 = Philadelphia
9 = No response","Which of the following city is the capital of the United States?"
"security","se0506b","US Knowledge - Presidential Term",2,"20b,21b","other","1 = 2 years
2 = 4 years
3 = 5 years
4 = 6 years
5 = 7 years
9 = No response","How many years is the presidential term of the United States?"
"security","se0506c","US Knowledge - Secretary of State",1,"20b","other","1 = Stephen Biegun
2 = David Stilwell
3 = Mike Pompeo
4 = Mike Pence
5 = Hillary Clinton
9 = No response","What is the name of the current US Secretary of State?"
"security","se0506d","US Knowledge - Black Population",2,"20b,21b","other","1 = About 13%
2 = About 23%
3 = About 33%
4 = About 43%
5 = About 53%
9 = No response","Did you know what percentage of the American population is black?"
"security","se0506f","US Knowledge - Secretary of State",1,"21b","1-5 scale","1=Stephen Biegun
2=Tony Blinken
3=Mike Pompeo
4=Mike Pence
5=Hillary Clinton
9=No response","What is the name of the current US Secretary of State?"
"security","se0508","US leadership change",3,"20b,21b,23a","other","1 = Plays a more important role than 10 years ago
2 = Please a less important role than 10 years ago
3 = Plays a similar role as 10 years ago
9 = No response","How do you view the importance of America's role as a world leader compared to 10 years ago?"
"security","se0509","evaluation of ROK-US relations",5,"20b,21a,21b,22,23a","other","1 = Has improved
2 = Has worsened
3 = Has not changed much
9 = No response","How do you evaluate ROK-US relations over the past year?"
"security","se0509b","evaluation of ROK-US relations: negative reviews",5,"20b,21a,21b,22,23a","other","1 = ROK-US relations have worsened because of the US
2 = ROK-US relations have worsened because of ROK
3 = It is the responsibility of both ROK and  the US
4 = It is because of the international environment, not ROK or the US
9 = No response","Only those who answered ""It's worse"" in the above question. If the ROK-US relationship has worsened, which party do you think is responsible?"
"security","se0509c","evaluation of ROK-China relations",2,"22,23a","other","1 = Has improved
2 = Has worsened
3 = Has not changed much
9 = n/a","How do you evaluate ROK-China relations over the past year?"
"security","se0509d","evaluation of ROK-China relations: negative reviews",2,"22,23a","other","1 = ROK-China relations have worsened because of China
2 = ROK-China relations have worsened because of ROK
3 = It is the responsibility of both ROK and China
4 = It is because of the international environment, not ROK or China.
9 = n/a","Only those who answered ""It's worse"" in the above question. If the ROK-China relationship has worsened, which party do you think is responsible?"
"security","se0510","US policy and ROK interests",3,"20b,21b,23a","other","1 = Considers very much
2 = Considers fairly
3 = Does not considered very much
4 = Does not considered at all
9 = No response","To what extent do you think the United States considers the interests of countries like South Korea when making decisions in international policy?"
"security","se0511","Interest in US Pre. Election",1,"20b","other","1 = Not interested at all
2 = Not very interested
3 = Somewhat interested
4 = Very interested
9 = No response","How interested are you in the US presidential election?"
"security","se0512","Support in the US Pre. Election",1,"20b","other","1 = President Donald Trump
2 = Democratic candidate Joe Biden
3 = Did not support any candidate
9 = No response","The US presidential election was held on November 3, 2020. Which candidate between Trump and Biden did you want to win in the US presidential election?"
"security","se0512a","US Perception-2024 Presidential Election Outlook",0,"","1-3 scale","1=Joe Biden
2=Donald Trump
3=I don't know
9=n/a","This November, the United States will hold a presidential election. Who do you think will win the US presidential election?"
"security","se0512b","US Perception-2024 Presidential Election and ROK-US Relations-National Interest",0,"","1-3 scale","1=Joe Biden
2=Donald Trump
3=I don't know
9=n/a","Which candidate do you think will better serve South Korea's national interests in the US presidential election this November?"
"security","se0512c","US Perception-2024 Presidential Election and ROK-US Relations-Impact on Individuals",0,"","1-4 scale","1=does not affect at all
2=doesn't affect much
3=affect somewhat
4=affect strongly
9=n/a","To what extent do you think the outcome of the US presidential election this November will affect your life and the lives of the Korean people?"
"security","se0512d","US Perception-2024 Presidential Election and ROK-US Relations-Trump's victory",0,"","1-5 scale","1=It will be much worse than it is now.
2=It will be somewhat worse than it is now.
3=It will be about the same as it is now
4=It will be somewhat better than now.
5=It will be much better than it is now. 
6=I don't know.
9=n/a","If Donald Trump wins the US presidential election this November, what do you think will happen to ROK-US relations?"
"security","se0512e","U.S. Perception-Trump-US-NSK Talks",0,"","1-5 scale","1=very likely
2=Somewhat likely
3=Somewhat unlikely
4=Very unlikely
5=I don't know.
9=n/a","If Mr. Trump wins the US presidential election this year, do you think it is likely that Mr. Trump will meet with North Korean leader Kim Jong Un again?"
"security","se0512f","US perception-Trump- withdrawal of US troops from South Korea",0,"","1-5 scale","1=very likely
2=Somewhat likely
3=Somewhat unlikely
4=Very unlikely
5=I don't know.
9=n/a","If Mr. Trump is elected in this year's US presidential election, do you think it is likely that Mr. Trump will reduce or withdraw U.S. troops from South Korea?"
"security","se0512g","US perception-Trump- defense cost sharing",0,"","1-5 scale","1=very likely
2=Somewhat likely
3=Somewhat unlikely
4=Very unlikely
5=I don't know.
9=n/a","If Mr. Trump wins the US presidential election this year, do you think it is likely that South Korea's share of defense spending on U.S. forces in South Korea will increase significantly?"
"security","se0512h","US Perception-Trump- termination of ROK-US Alliance",0,"","1-5 scale","1=very likely
2=Somewhat likely
3=Somewhat unlikely
4=Very unlikely
5=I don't know.
9=n/a","If Mr. Trump is elected in this year's US presidential election, do you think it is likely that Mr. Trump will terminate the ROK-US alliance?"
"security","se0513","Support in the US Pre. Election - why",1,"20b","other","1 = I supported the candidate because I thought he would drive the US roles well as a leader in the international community.
2 = I supported the candidate because I thought he would well overcome the global economic crisis caused by COVID-19.
3 = I supported the candidate because I thought he would be more favorable for the South Korean government in promoting North Korea and the US policy.
4 = I support the candidate because I think he will solve the North Korean denuclearization problem well.
5 = Other reason(s)
9 = No response","Why did you support that candidate?"
"security","se0514","Evaluation of Trump: ROK-US relations",1,"20b","other","1 = Worsened greatly
2 = Somewhat worsened
3 = Has not changed much
4 = Somewhat improved
5 = Improved greatly
9 = No response","How do you rate the US-South Korea relationship during the Trump administration in the United States?"
"security","se0515","Evaluation of Trump: DPRK-US relations",1,"20b","1-5 scale","1=Worsened greatly
2=Somewhat worsened
3=Has not changed much
4=Somewhat improved
5=Improved greatly
9=n/a","How do you rate the US-North Korea relationship during the Trump administration in the United States?"
"security","se0516","Evaluation of Trump: US military Power",1,"20b","1-5 scale","1=Worsened greatly
2=Somewhat worsened
3=Has not changed much
4=Somewhat improved
5=Improved greatly
9=n/a","How do you rate the US military strength during the Trump administration in the United States?"
"security","se0517","Evaluation of Trump: US Economic power",1,"20b","1-5 scale","1=Worsened greatly
2=Somewhat worsened
3=Has not changed much
4=Somewhat improved
5=Improved greatly
9=n/a","How do you rate the US economic power during the Trump administration in the United States?"
"security","se0518","Evaluation of Trump: US democracy",1,"20b","1-5 scale","1=Worsened greatly
2=Somewhat worsened
3=Has not changed much
4=Somewhat improved
5=Improved greatly
9=n/a","How do you rate the level of democracy in the US during the Trump administration in the United States?"
"security","se0519","Prospect of Biden: ROK-US relations",1,"20b","1-5 scale","1=Will worsen greatly
2=Will worsen somewhat
3=Will not change much
4=Will improve somewhat
5=Will improve greatly
9=n/a","How do you project the US-South Korea Relationship will be if the Democratic candidate Biden is elected the next US president?"
"security","se0520","Prospect of Biden: DPRK-US relations",1,"20b","1-5 scale","1=Will worsen greatly
2=Will worsen somewhat
3=Will not change much
4=Will improve somewhat
5=Will improve greatly
9=n/a","How do you project the US-North Korea Relationship will be if the Democratic candidate Biden is elected the next US president?"
"security","se0521","Prospect of Biden: US military Power",1,"20b","1-5 scale","1=Will worsen greatly
2=Will worsen somewhat
3=Will not change much
4=Will improve somewhat
5=Will improve greatly
9=n/a","How do you project the US military strength will be if the Democratic candidate Biden is elected the next US president?"
"security","se0522","Prospect of Biden: US Economic power",1,"20b","1-5 scale","1=Will worsen greatly
2=Will worsen somewhat
3=Will not change much
4=Will improve somewhat
5=Will improve greatly
9=n/a","How do you project the US economy will be if the Democratic candidate Biden is elected the next US president?"
"security","se0523","Prospect of Biden: US democracy",1,"20b","1-5 scale","1=Will worsen greatly
2=Will worsen somewhat
3=Will not change much
4=Will improve somewhat
5=Will improve greatly
9=n/a","How do you project the level of US democracy will be if the Democratic candidate Biden is elected the next US president?"
"security","se0524","Evaluation of Moon: ROK military Power",2,"20b,21b","1-5 scale","1=Worsened greatly
2=Somewhat worsened
3=Has not changed much
4=Somewhat improved
5=Improved greatly
9=n/a","How do you rate South Korea's military strength during the Moon Jae-in administration?"
"security","se0525","Evaluation of Moon: ROK Economic power",2,"20b,21b","1-5 scale","1=Worsened greatly
2=Somewhat worsened
3=Has not changed much
4=Somewhat improved
5=Improved greatly
9=n/a","How do you rate South Korea's economy during the Moon Jae-in administration?"
"security","se0526","Evaluation of Moon: ROK democracy",2,"20b,21b","1-5 scale","1=Worsened greatly
2=Somewhat worsened
3=Has not changed much
4=Somewhat improved
5=Improved greatly
9=n/a","How do you rate South Korea's level of democracy during the Moon Jae-in administration?"
"security","se0527","Evaluation of Moon: diplomatic status",2,"20b,21b","1-5 scale","1=Worsened greatly
2=Somewhat worsened
3=Has not changed much
4=Somewhat improved
5=Improved greatly
9=n/a","How do you rate South Korea's diplomatic status during the Moon Jae-in administration?"
"security","se0528","US stance for ROK-Japan conflict",1,"20b","other","1 = Will side with Japan
2 = Will stay neutral
3 = Will side with South Korea
9 = No response","What stance do you think the US government will take when the interests between South Korea and Japan are in conflict?"
"security","se0529","China stance for ROK-Japan conflict",1,"20b","other","1 = Will side with Japan
2 = Will stay neutral
3 = Will side with South Korea
9 = No response","What stance do you think the Chinese government will take when the interests between South Korea and Japan are in conflict?"
"security","se0530","DPRK stance for ROK-Japan conflict",1,"20b","other","1 = Will side with Japan
2 = Will stay neutral
3 = Will side with South Korea
9 = No response","What stance do you think the North Korean government will take when the interests between South Korea and Japan are in conflict?"
"security","se0531","US economic sanction against NK",2,"20b,21a","other","1 = Not at all
2 = No
3 = Neutral
4 = Yes 
5 = Absolutely","The South Korean government is working hard to improve inter-Korean relations by solving the issues sanctions against North Korea by international community such as the United States. Do you think the US economic sanctions against North Korea are an obstacle to improving inter-Korean relations?"
"security","se0532","Evaluation of Trump-KJU summit",2,"20b,21a","other","1 = Rate very positively
2 = Rate somewhat positivey
3 = Rate somewhat negatively
4 = Rate very negatively
9 = No response","President Trump of the United States held summits and exchanged letters with North Korean Chairman Kim Jong-un. How do you rate this exchange between the two countries?"
"security","se0533","Prospect for Biden-KJU summit",5,"20b,21a,21b,22,23a","other","1 = U.S.-North Korea summit should resume without conditions
2 = If North Korea makes some substantial progress on denuclearization, the summit should resume.
3 = The U.S. should not resume the summit until North Korea completely gives up its nuclear weapons.
4 = Under no circumstances should the North Korea-US summit resume.
9 = No response","Do you think U.S. President Biden should hold a summit with North Korean leader Kim Jong-un?"
"security","se0534","Prospect for Biden's NK policy",5,"20b,21a,21b,22,23a","other","1 = Economic sanctions on North Korea should be strengthened.
2 = Economic sanctions against North Korea should remain at the current level.
3 = Economic sanctions on North Korea should be eased.
4 = I don't know.
9 = No response","How do you think the U.S.’s Biden administration should impose economic sanctions on North Korea?"
"security","se0535","U.S.-China Relative Military Strength",1,"23a","1-5 scale","1=The U.S. military is much stronger
2=The U.S. military is somewhat stronger 
3=Both countries have similar military power
4=China's military is somewhat stronger
5=China's military is much stronger 
9=n/a","Comparing the United States and China, which country do you think has the stronger military strength?"
"security","se0536","U.S.-China Hegemonic Competition Outlook",1,"23a","other","(1) In 10 years, China will overtake the United States.
(2) In 30 years, China will overtake the United States.
(3) China will overtake the United States in 50 years.
(4) China will never overtake the United States.
9 = n/a","Do you think China could overtake the United States to become the new superpower? Please select the answer that most closely matches your view."
"security","se0601","Japan Perception-export regulation",1,"19b","1-4 scale","1=Korean government should take strong action by mobilizing all means
2=Korean government should take strong action on an appropriate level
3=Korean government should compromise on an appropriate level
4=Korean government should compromise even if it requires making great concessions to Japan’s demands
9=n/a","Conflict between Korea and Japan is intensifying regarding Japan’s recent regulation on exports to Korea. What do you think should be the response of the Korean government regarding this issue?"
"security","se0602","Japan Perception-GSOMIA 1",1,"19b","1-4 scale","1=Strongly oppose
2=Somewhat oppose
3=Somewhat support
4=Strongly support
9=n/a","Korean government recently decided to exit GSOMIA, an intelligence-sharing pact with Japan. Do you support or oppose such decision of the Korean government?"
"security","se0603","Japan Perception-GSOMIA 2",1,"19b","1-3 scale","1=Korea should withdraw termination of GSOMIA if Japan were to withdraw its regulation on exports to Korea
2=Korea should not withdraw termination of GSOMIA even if Japan withdraws its regulation on exports to Korea
3=Not sure
9=n/a","There are arguments insisting that Korea should also withdraw termination of GSOMIA, an intelligence-sharing pact with Japan, if Japan were to withdraw its measures to regulate exports to Korea. What is your opinion on this matter?"
"security","se0604","Japan Perception-Boycott Movement against Japanese Goods",1,"19b","1-4 scale","1=Strongly oppose
2=Somewhat oppose
3=Somewhat support
4=Strongly support
9=n/a","Due to Japan’s export regulation on Korea, there is an ongoing voluntary boycott movement in Korea against Japanese goods and trips to Japan. Do you support or oppose such boycott movement against Japanese goods?"
"security","se0605","Boycott Participation-daily products",1,"19b","binary","1=Intend to participate
2=Do not intend to participate
9=n/a","Are you currently participating or planning to participate in the boycott movement against Japan in the following area? - Japanese daily supplies (clothes, shoes, cosmetics, stationary and office supplies etc.,)"
"security","se0606","Boycott Participation-food",1,"19b","binary","1=Intend to participate
2=Do not intend to participate
9=n/a","Are you currently participating or planning to participate in the boycott movement against Japan in the following area? - Japanese food (liquor, beverage, snacks etc.,)"
"security","se0607","Boycott Participation-home appliances",1,"19b","binary","1=Intend to participate
2=Do not intend to participate
9=n/a","Are you currently participating or planning to participate in the boycott movement against Japan in the following area? - Japanese home appliances"
"security","se0608","Boycott Participation-automobiles",1,"19b","binary","1=Intend to participate
2=Do not intend to participate
9=n/a","Are you currently participating or planning to participate in the boycott movement against Japan in the following area? - Automobiles manufactured by Japanese motor companies"
"security","se0609","Boycott Participation-movies and anime",1,"19b","binary","1=Intend to participate
2=Do not intend to participate
9=n/a","Are you currently participating or planning to participate in the boycott movement against Japan in the following area? - Films and/or animations produced by Japanese production companies"
"security","se0610","Boycott Participation-books",1,"19b","binary","1=Intend to participate
2=Do not intend to participate
9=n/a","Are you currently participating or planning to participate in the boycott movement against Japan in the following area? - Books written by Japanese writers (picture books, novels, essays, etc.,)"
"security","se0611","Boycott Participation-character goods",1,"19b","binary","1=Intend to participate
2=Do not intend to participate
9=n/a","Are you currently participating or planning to participate in the boycott movement against Japan in the following area? - Japanese character goods (Shimajiro, Hello Kitty, Doraemon, Gundam, etc.,)"
"security","se0612","Boycott Participation-music",1,"19b","binary","1=Intend to participate
2=Do not intend to participate
9=n/a","Are you currently participating or planning to participate in the boycott movement against Japan in the following area? - Music by Japanese singers and/or musicians"
"security","se0613","Boycott Participation-travel",1,"19b","binary","1=Intend to participate
2=Do not intend to participate
9=n/a","Are you currently participating or planning to participate in the boycott movement against Japan in the following area? - Trip to Japan"
"security","se0614","Japan Perception-ROK-JAP Relations",1,"21b","other","1 = We should not restore Korea-Japan relations before resolving the historical issues between Korea and Japan.
2=We should restore Korea-Japan relations regardless of the resolution of historical issues between the two.
3=I don’t know
9=No response","What do you want Korea-Japan relations to be in the future?"
"security","se0615","Japan Perception-Korea-Japan Summit",1,"19b","1-4 scale","1=Not at all necessary
2=Not particulary necessary
3=Somewhat necessary
4=Absolutely necessary
9=n/a","There are views arguing that a summit between Korea and Japan should take place as soon as possible. What is your opinion on this subject?"
"security","se0616","Japan Perception-Prospects",5,"19b,20a,20b,21b,23a","1-5 scale","1=It will deteriorate significantly
2=It will deteriorate somewhat
3=It will remain as it is
4=It will ameliorate somewhat
5=It will ameliorate significantly
9=n/a","What is your opinion on the prospects of Korea-Japan relations in the future?"
"security","se0617","Japan Perception-Current Threats",4,"19b,20a,20b,21b","1-4 scale","1=Japan is not at all threatening
2=Japan is not particularly threatening
3=Japan is somewhat threatening
4=Japan is very threatening","In your opinion, how much of a military threat does Japan pose to Korea?"
"security","se0618","Japan Perception-Future Threats",4,"19b,20a,20b,21b","1-4 scale","1=Japan will not pose any threat
2=Japan will not particularly pose a threat
3=Japan will pose somewhat of a threat
4=Japan will pose a great threat","In your opinion, how much of a military threat will Japan pose to Korea in the future?"
"security","se0619","Korea-Japan Relations-reparation",6,"19b,20a,20b,21b,22,23a","1-5 scale","1=Strongly disgree
2=Somewhat disgree
3=indifferent
4=Somewhat agree
5=Strongly agree
9=n/a","Korea should not demand any further reparation and compensation for forced labor and comfort women drafted during war"
"security","se0620","Korea-Japan Relations-Korean modernization",5,"19b,20a,20b,21b,23a","1-5 scale","1=Strongly disgree
2=Somewhat disgree
3=indifferent
4=Somewhat agree
5=Strongly agree
9=n/a","Current economic development of Korea would have been impossible if it were not for the modernization and economic investment made during Japanese colonization"
"security","se0621","Korea-Japan Relations-NK vs Japan",5,"19b,20a,20b,21b,23a","1-5 scale","1=Strongly disgree
2=Somewhat disgree
3=indifferent
4=Somewhat agree
5=Strongly agree
9=n/a","If North Korea were to go to war against Japan, South Korea should rather support North Korea"
"security","se0622","Korea-Japan Relations-military cooperation",5,"19b,20a,20b,21b,23a","1-5 scale","1=Strongly disgree
2=Somewhat disgree
3=indifferent
4=Somewhat agree
5=Strongly agree
9=n/a","If there is a need to jointly manage the North Korean threat, it is alright for Korea to concede to Japan in its relationship with Japan"
"security","se0623","Korea-Japan Relations-Olympic boycott",1,"19b","1-5 scale","1=Strongly disgree
2=Somewhat disgree
3=indifferent
4=Somewhat agree
5=Strongly agree
9=n/a","If Japan does not withdraw its export regulation, Korea should not attend the Tokyo 2020 Summer Olympics"
"security","se0624","Korea-Japan Relations-pro-Japanese collaborators",5,"19b,20a,20b,21b,23a","1-5 scale","1=Strongly disgree
2=Somewhat disgree
3=indifferent
4=Somewhat agree
5=Strongly agree
9=n/a","It is not too late to clean-up pro-Japanese individuals and activities"
"security","se0625","Korea-Japan Relations-Pre. Moon's responsibility",4,"19b,20a,20b,21b","1-5 scale","1=Strongly disgree
2=Somewhat disgree
3=indifferent
4=Somewhat agree
5=Strongly agree
9=n/a","Moon Jae-in administration’s political exploiting Korea-Japan relations is the main reason for the recent deterioration of Korea-Japan relationship"
"security","se0626","Korea-Japan Relations-Provisional Government of Korea",4,"19b,20a,20b,21b","1-5 scale","1=Strongly disgree
2=Somewhat disgree
3=indifferent
4=Somewhat agree
5=Strongly agree
9=n/a","Neither the Provisional Government led by Kim Gu nor the independence army contributed to the independence of Korea"
"security","se0627","Korea-Japan Relations vs Korea-America relations",3,"20a,20b,21b","1-5 scale","1=Strongly disgree
2=Somewhat disgree
3=indifferent
4=Somewhat agree
5=Strongly agree
9=n/a","South Korea should take a hardline stance on export curbs and comfort women issues even though such a stance may undermine its relations with the U.S."
"security","se0628","Korea-Japan Relations-covid19",1,"20a","1-4 scale","1=South Korea should supply the products to Japan proactively regardless of whether there is any request from the country.
2=South Korea should supply the products to Japan only if there is a request from Japan.
3=South Korea should supply the products to Japan upon Japan's request only after export curbs, comfort women and other issues are resolved. 
4=South Korea should not supply the products to Japan regardless of whether there is a request.
9=No reply","Japan is currently facing shortages in medical products necessary to address the COVID-19 outbreak such as facial masks and test kits. What do you think about supplying such goods to Japan?"
"security","se0701","Russia Perception-Trespassing Airspace of Dokdo",1,"19b","1-4 scale","1=It was a very inappropriate response
2=As it may cause dispute, the Korean government ought to have responded with more caution
3=It was an appropriate response
4=Korean government should have responded more adamantly
9=n/a","In July, Russian military aircrafts trespassed the airspace of Dokdo area and the Korean airforce responded by firing warning shots. In your opinion, was such response from the Korean government appropriate or inappropriate?"
"security","se0801","Global Leadership: U.S.",5,"19b,20a,20b,21b,23a","1-4 scale","1=Not doing a good job at all
2=Not doing a good job in particular
3=Doing a good job
4=Doing an excellent job
9=n/a","In your opinion, is the United States currently doing a good job as a global leader?"
"security","se0802","Global Leadership: China",5,"19b,20a,20b,21b,23a","1-4 scale","1=Not doing a good job at all
2=Not doing a good job in particular
3=Doing a good job
4=Doing an excellent job
9=n/a","In your opinion, is China currently doing a good job as a global leader?"
"security","se0803","leadership - Donald Trump",2,"19b,20a","0-100 thermometer","0=extremely unfavorable
50=indifferent
100=extremely favorable
999=n/a","How would you rate your favorability towards political leaders of nations surrounding the Korean Peninsula? - Donald Trump"
"security","se0803b","leadership - Joe Biden",4,"20b,21a,21b,23a","0-100 thermometer","0=extremely unfavorable
50=indifferent
100=extremely favorable
999=n/a","How would you rate your favorability towards political leaders of nations surrounding the Korean Peninsula? - Joe Biden"
"security","se0804","leadership - Xi Jinping",6,"19b,20a,20b,21a,21b,23a","0-100 thermometer","0=extremely unfavorable
50=indifferent
100=extremely favorable
999=n/a","How would you rate your favorability towards political leaders of nations surrounding the Korean Peninsula? - Xi Jinping"
"security","se0805","leadership - Shinzo Abe",2,"19b,20a","0-100 thermometer","0=extremely unfavorable
50=indifferent
100=extremely favorable
999=n/a","How would you rate your favorability towards political leaders of nations surrounding the Korean Peninsula? - Shinzo Abe"
"security","se0805b","leadership - Suga Yoshihide",2,"20b,21a","0-100 thermometer","0=extremely unfavorable
50=indifferent
100=extremely favorable
999=n/a","How would you rate your favorability towards political leaders of nations surrounding the Korean Peninsula? - Suga Yoshihide"
"security","se0805c","leadership - Fumio Kishida",2,"21b,23a","0-100 thermometer","0=extremely unfavorable
50=indifferent
100=extremely favorable
999=n/a","How would you rate your favorability towards political leaders of nations surrounding the Korean Peninsula? - Fumio Kishida"
"security","se0806","leadership - Vladimir Putin",6,"19b,20a,20b,21a,21b,23a","0-100 thermometer","0=extremely unfavorable
50=indifferent
100=extremely favorable
999=n/a","How would you rate your favorability towards political leaders of nations surrounding the Korean Peninsula? - Vladimir Putin"
"security","se0807","leadership - Kim Jung Un",5,"20a,20b,21a,21b,23a","0-100 thermometer","0=extremely unfavorable
50=indifferent
100=extremely favorable
999=n/a","How would you rate your favorability towards political leaders of nations surrounding the Korean Peninsula? - Kim Jung Un"
"security","se0808","visiting frequency - US",3,"19b,20a,20b","other","0=no visit
else=number of visit","Have you ever visited the following country? If so, please state the number of times you have visited the country. If you were a long-term resident in the country, in which you resided in the area for more than six months, calculate it as having visited the area five times.
(example: if you paid two short visits (each being less than six months) after having resided in the country for more than six months, you should count your number of visits as 5+2=7) - US"
"security","se0808a","visiting experience - US",3,"19b,20a,20b","binary","1=visited
2=never visited","Have you ever visited the following country? - US"
"security","se0809","visiting frequency - China",3,"19b,20a,20b","other","0=no visit
else=number of visit","Have you ever visited the following country? If so, please state the number of times you have visited the country. If you were a long-term resident in the country, in which you resided in the area for more than six months, calculate it as having visited the area five times.
(example: if you paid two short visits (each being less than six months) after having resided in the country for more than six months, you should count your number of visits as 5+2=7) - China"
"security","se0809a","visiting experience - China",3,"19b,20a,20b","binary","1=visited
2=never visited","Have you ever visited the following country? - China"
"security","se0810","visiting frequency - Japan",3,"19b,20a,20b","other","0=no visit
else=number of visit","Have you ever visited the following country? If so, please state the number of times you have visited the country. If you were a long-term resident in the country, in which you resided in the area for more than six months, calculate it as having visited the area five times.
(example: if you paid two short visits (each being less than six months) after having resided in the country for more than six months, you should count your number of visits as 5+2=7) - Japan"
"security","se0810a","visiting experience - Japan",3,"19b,20a,20b","binary","1=visited
2=never visited","Have you ever visited the following country? - Japan"
"security","se0811","visiting frequency - Russia",3,"19b,20a,20b","other","0=no visit
else=number of visit","Have you ever visited the following country? If so, please state the number of times you have visited the country. If you were a long-term resident in the country, in which you resided in the area for more than six months, calculate it as having visited the area five times.
(example: if you paid two short visits (each being less than six months) after having resided in the country for more than six months, you should count your number of visits as 5+2=7) - Russia"
"security","se0811a","visiting experience - Russia",3,"19b,20a,20b","binary","1=visited
2=never visited","Have you ever visited the following country? - Russia"
"security","se0812","visiting frequency - North Korea",3,"19b,20a,20b","other","0=no visit
else=number of visit","Have you ever visited the following country? If so, please state the number of times you have visited the country. If you were a long-term resident in the country, in which you resided in the area for more than six months, calculate it as having visited the area five times.
(example: if you paid two short visits (each being less than six months) after having resided in the country for more than six months, you should count your number of visits as 5+2=7) - North Korea"
"security","se0812a","visiting experience - North Korea",3,"19b,20a,20b","binary","1=visited
2=never visited","Have you ever visited the following country? - North Korea"
"security","se0818","leadership - Moon Jae-in",2,"21a,21b","0-100 thermometer","0=extremely unfavorable
50=indifferent
100=extremely favorable
999=n/a","How would you rate your favorability towards political leaders of nations surrounding the Korean Peninsula? - Moon Jae-in"
"security","se0819","leadership - Yoon Suk-yeol",1,"23a","0-100 thermometer","0=extremely unfavorable
50=indifferent
100=extremely favorable
999=n/a","How would you rate your favorability towards political leaders of nations surrounding the Korean Peninsula? - Yoon Suk-yeol"
"security","se0901","military power-US",1,"20a","1-7 scale","1=very weak
4=moderate
7=very strong
9=n/a","The questions below do not ask you what you think, but what the average South Korean thinks. 
In your opinion, how strong do the average South Korean think the United States military is?"
"security","se0902","military power-China",1,"20a","1-7 scale","1=very weak
4=moderate
7=very strong
9=n/a","The questions below do not ask you what you think, but what the average South Korean thinks. 
In your opinion, how strong do the average South Korean think the China military is?"
"security","se0903","military power-Japan",1,"20a","1-7 scale","1=very weak
4=moderate
7=very strong
9=n/a","The questions below do not ask you what you think, but what the average South Korean thinks. 
In your opinion, how strong do the average South Korean think the Japan military is?"
"security","se0904","military power-Russia",1,"20a","1-7 scale","1=very weak
4=moderate
7=very strong
9=n/a","The questions below do not ask you what you think, but what the average South Korean thinks. 
In your opinion, how strong do the average South Korean think the Russia military is?"
"security","se0905","military power-South Korea",1,"20a","1-7 scale","1=very weak
4=moderate
7=very strong
9=n/a","The questions below do not ask you what you think, but what the average South Korean thinks. 
In your opinion, how strong do the average South Korean think the South Korea military is?"
"security","se0906","military power-North Korea",1,"20a","1-7 scale","1=very weak
4=moderate
7=very strong
9=n/a","The questions below do not ask you what you think, but what the average South Korean thinks. 
In your opinion, how strong do the average South Korean think the North Korea military is?"
"security","se0907","military power-US",4,"20b,21b,22,23a","other","1 = Much weaker than South Korea
4 = Similar to South Korea
7 = Much stronger than South Korea","In your opinion, how strong is the military power of the following countries compared to South Korea? - US"
"security","se0908","military power-China",4,"20b,21b,22,23a","other","1 = Much weaker than South Korea
4 = Similar to South Korea
7 = Much stronger than South Korea","In your opinion, how strong is the military power of the following countries compared to South Korea? - China"
"security","se0909","military power-Japan",4,"20b,21b,22,23a","other","1 = Much weaker than South Korea
4 = Similar to South Korea
7 = Much stronger than South Korea","In your opinion, how strong is the military power of the following countries compared to South Korea? - Japan"
"security","se0910","military power-Russia",4,"20b,21b,22,23a","other","1 = Much weaker than South Korea
4 = Similar to South Korea
7 = Much stronger than South Korea","In your opinion, how strong is the military power of the following countries compared to South Korea? - Russia"
"security","se0911","military power-North Korea",4,"20b,21b,22,23a","other","1 = Much weaker than South Korea
4 = Similar to South Korea
7 = Much stronger than South Korea","In your opinion, how strong is the military power of the following countries compared to South Korea? - North Korea"
"security","se1001","economic power-US",1,"20a","1-7 scale","1=very weak
4=moderate
7=very strong
9=n/a","The questions below do not ask you what you think, but what the average South Korean thinks. 
In your opinion, how strong do the average South Korean think the United States economy is?"
"security","se1002","economic power-China",1,"20a","1-7 scale","1=very weak
4=moderate
7=very strong
9=n/a","The questions below do not ask you what you think, but what the average South Korean thinks. 
In your opinion, how strong do the average South Korean think the China economy is?"
"security","se1003","economic power-Japan",1,"20a","1-7 scale","1=very weak
4=moderate
7=very strong
9=n/a","The questions below do not ask you what you think, but what the average South Korean thinks. 
In your opinion, how strong do the average South Korean think the Japan economy is?"
"security","se1004","economic power-Russia",1,"20a","1-7 scale","1=very weak
4=moderate
7=very strong
9=n/a","The questions below do not ask you what you think, but what the average South Korean thinks. 
In your opinion, how strong do the average South Korean think the Russia economy is?"
"security","se1005","economic power-South Korea",1,"20a","1-7 scale","1=very weak
4=moderate
7=very strong
9=n/a","The questions below do not ask you what you think, but what the average South Korean thinks. 
In your opinion, how strong do the average South Korean think the South Korea economy is?"
"security","se1006","economic power-North Korea",1,"20a","1-7 scale","1=very weak
4=moderate
7=very strong
9=n/a","The questions below do not ask you what you think, but what the average South Korean thinks. 
In your opinion, how strong do the average South Korean think the North Korea economy is?"
"security","se1007","economic power-US",4,"20b,21b,22,23a","other","1 = Much weaker than South Korea
4 = Similar to South Korea
7 = Much stronger than South Korea","In your opinion, how strong is the the economic power of the following countries compared to South Korea? - US"
"security","se1008","economic power-China",4,"20b,21b,22,23a","other","1 = Much weaker than South Korea
4 = Similar to South Korea
7 = Much stronger than South Korea","In your opinion, how strong is the economic power of the following countries compared to South Korea? - China"
"security","se1009","economic power-Japan",4,"20b,21b,22,23a","other","1 = Much weaker than South Korea
4 = Similar to South Korea
7 = Much stronger than South Korea","In your opinion, how strong is the economic power of the following countries compared to South Korea? - Japan"
"security","se1010","economic power-Russia",4,"20b,21b,22,23a","other","1 = Much weaker than South Korea
4 = Similar to South Korea
7 = Much stronger than South Korea","In your opinion, how strong is the economic power of the following countries compared to South Korea? - Russia"
"security","se1011","economic power-North Korea",4,"20b,21b,22,23a","other","1 = Much weaker than South Korea
4 = Similar to South Korea
7 = Much stronger than South Korea","In your opinion, how strong is the economic power of the following countries compared to South Korea? - North Korea"
"security","se1101","cultural power-US",1,"20a","1-7 scale","1=Very backward
4=Moderate
7=Very advanced
9=n/a","The questions below do not ask you what you think, but what the average South Korean thinks. 
In your opinion, how advanced do the average Korean think the US culture is?"
"security","se1102","cultural power-China",1,"20a","1-7 scale","1=Very backward
4=Moderate
7=Very advanced
9=n/a","The questions below do not ask you what you think, but what the average South Korean thinks. 
In your opinion, how advanced do the average Korean think the China's culture is?"
"security","se1103","cultural power-Japan",1,"20a","1-7 scale","1=Very backward
4=Moderate
7=Very advanced
9=n/a","The questions below do not ask you what you think, but what the average South Korean thinks. 
In your opinion, how advanced do the average Korean think the Japan's culture is?"
"security","se1104","cultural power-Russia",1,"20a","1-7 scale","1=Very backward
4=Moderate
7=Very advanced
9=n/a","The questions below do not ask you what you think, but what the average South Korean thinks. 
In your opinion, how advanced do the average Korean think the Russia's culture is?"
"security","se1105","cultural power-South Korea",1,"20a","1-7 scale","1=Very backward
4=Moderate
7=Very advanced
9=n/a","The questions below do not ask you what you think, but what the average South Korean thinks. 
In your opinion, how advanced do the average Korean think the South Korea's culture is?"
"security","se1106","cultural power- North Korea",1,"20a","1-7 scale","1=Very backward
4=Moderate
7=Very advanced
9=n/a","The questions below do not ask you what you think, but what the average South Korean thinks. 
In your opinion, how advanced do the average Korean think the North Korea's culture is?"
"security","se1107","cultural power-US",4,"20b,21b,22,23a","1-7 scale","1=Very backward
4=Moderate
7=Very advanced
9=n/a","In your opinion, how advanced is the culture of the following countries compared to Korea? - United States"
"security","se1108","cultural power-China",4,"20b,21b,22,23a","1-7 scale","1=Very backward
4=Moderate
7=Very advanced
9=n/a","In your opinion, how advanced is the culture of the following countries compared to Korea? - China"
"security","se1109","cultural power-Japan",4,"20b,21b,22,23a","1-7 scale","1=Very backward
4=Moderate
7=Very advanced
9=n/a","In your opinion, how advanced is the culture of the following countries compared to Korea? - Japan"
"security","se1110","cultural power-Russia",4,"20b,21b,22,23a","1-7 scale","1=Very backward
4=Moderate
7=Very advanced
9=n/a","In your opinion, how advanced is the culture of the following countries compared to Korea? - Russia"
"security","se1111","cultural power- North Korea",4,"20b,21b,22,23a","1-7 scale","1=Very backward
4=Moderate
7=Very advanced
9=n/a","In your opinion, how advanced is the culture of the following countries compared to Korea? - North Korea"
"security","se1112","goal compatibility-US",3,"21b,22,23a","other","1 = very favorable relationship
4 = neutral
7 = very hostile relationship","What kind of relationship do you think South Korea is having with this country? - US"
"security","se1113","goal compatibility-China",3,"21b,22,23a","other","1 = very favorable relationship
4 = neutral
7 = very hostile relationship","What kind of relationship do you think South Korea is having with this country? - China"
"security","se1114","goal compatibility-Japan",3,"21b,22,23a","other","1 = very favorable relationship
4 = neutral
7 = very hostile relationship","What kind of relationship do you think South Korea is having with this country? - Japan"
"security","se1115","goal compatibility-Russia",3,"21b,22,23a","other","1 = very favorable relationship
4 = neutral
7 = very hostile relationship","What kind of relationship do you think South Korea is having with this country? - Russia"
"security","se1116","goal compatibility- North Korea",3,"21b,22,23a","other","1 = very favorable relationship
4 = neutral
7 = very hostile relationship","What kind of relationship do you think South Korea is having with this country? - North Korea"
"security","se1117","Current Threats - US",2,"22,23a","1-7 scale","1=Not threatening at all
4=Moderate
7=Extremely threatening","In your opinion, how much of a military threat does the US pose to Korea?"
"security","se1118","Current Threats - China",2,"22,23a","1-7 scale","1=Not threatening at all
4=Moderate
7=Extremely threatening","In your opinion, how much of a military threat does China pose to Korea?"
"security","se1119","Current Threats - Japan",2,"22,23a","1-7 scale","1=Not threatening at all
4=Moderate
7=Extremely threatening","In your opinion, how much of a military threat does Japan pose to Korea?"
"security","se1120","Current Threats - Russia",2,"22,23a","1-7 scale","1=Not threatening at all
4=Moderate
7=Extremely threatening","In your opinion, how much of a military threat does Russia pose to Korea?"
"security","se1121","Current Threats - North Korea",2,"22,23a","1-7 scale","1=Not threatening at all
4=Moderate
7=Extremely threatening","In your opinion, how much of a military threat does North Korea pose to Korea?"
"security","se1122","Future Threats - US",2,"22,23a","1-7 scale","1=Not threatening at all
4=Moderate
7=Extremely threatening","In your opinion, how much of a military threat will the US pose to Korea in the future?"
"security","se1123","Future Threats - China",2,"22,23a","1-7 scale","1=Not threatening at all
4=Moderate
7=Extremely threatening","In your opinion, how much of a military threat will China pose to Korea in the future?"
"security","se1124","Future Threats - Japan",2,"22,23a","1-7 scale","1=Not threatening at all
4=Moderate
7=Extremely threatening","In your opinion, how much of a military threat will Japan pose to Korea in the future?"
"security","se1125","Future Threats - Russia",2,"22,23a","1-7 scale","1=Not threatening at all
4=Moderate
7=Extremely threatening","In your opinion, how much of a military threat will Russia pose to Korea in the future?"
"security","se1126","Future Threats - North Korea",2,"22,23a","1-7 scale","1=Not threatening at all
4=Moderate
7=Extremely threatening","In your opinion, how much of a military threat will North Korea pose to Korea in the future?"
"security","se1201","experiment-Goguryeo",1,"20a","1-7 scale","1=strongly disagree
7=strongly agree","This is a description and map of Goguryeo from the Chinese-language Wikipedia (Internet encyclopedia). Please read it carefully and answer the questions.
According to the Wikipedia entry you just read, and its map, Goguryeo is Korean."
"security","se1202","experiment-embarrassement",1,"20a","1-7 scale","1=not at all
7=very much","After reading the Wikipedia entry and viewing the map, as a South Korean to what extent do you feel the following emotions? - Embarrassement"
"security","se1203","experiment-pride",1,"20a","1-7 scale","1=not at all
7=very much","After reading the Wikipedia entry and viewing the map, as a South Korean to what extent do you feel the following emotions? - Pride"
"security","se1204","experiment-anger",1,"20a","1-7 scale","1=not at all
7=very much","After reading the Wikipedia entry and viewing the map, as a South Korean to what extent do you feel the following emotions? - Anger"
"security","se1205","experiment-South Korea perception",1,"20a","other","-5=strongly dislike
0=neither like or dislike
5=strongly like","How much do you like or dislike South Korea?  Please rate each of the following countries on a scale of -5 to 5, where -5 is ""strongly dislike"", 0 is ""neither like or dislike"", and 5 is ""strongly like""."
"security","se1206","experiment-North Korea perception",1,"20a","other","-5=strongly dislike
0=neither like or dislike
5=strongly like","How much do you like or dislike North Korea?  Please rate each of the following countries on a scale of -5 to 5, where -5 is ""strongly dislike"", 0 is ""neither like or dislike"", and 5 is ""strongly like""."
"security","se1207","experiment-China perception",1,"20a","other","-5=strongly dislike
0=neither like or dislike
5=strongly like","How much do you like or dislike China?  Please rate each of the following countries on a scale of -5 to 5, where -5 is ""strongly dislike"", 0 is ""neither like or dislike"", and 5 is ""strongly like""."
"security","se1208","experiment - cooperation with China",3,"18,19a,20a","1-7 scale","1=strongly disagree
7=strongly agree","We Koreans should cooperate less with China."
"security","se1209","experiment - Asia policy",1,"20a","1-7 scale","1=strongly disagree
7=strongly agree","Our foreign policy should prioritize making SK a leading power in Asia."
"security","se1210","experiment - my wish",1,"20a","1-7 scale","1=strongly disagree
7=strongly agree","It is my sincere wish that the two Koreas be unified."
"security","se1211a","China Perception - Respect for Value of Other Countries",1,"21b","1-5 scale","1=Strongly disgree
2=Somewhat disgree
3=indifferent
4=Somewhat agree
5=Strongly agree
9=n/a","China respects the culture and politics of other countries."
"security","se1211b","China Perception- Respect for Individual Freedom",1,"21b","1-5 scale","1=Strongly disgree
2=Somewhat disgree
3=indifferent
4=Somewhat agree
5=Strongly agree
9=n/a","China respects individual freedom."
"security","se1211c","China Perception - Free Market Economy",1,"21b","1-5 scale","1=Strongly disgree
2=Somewhat disgree
3=indifferent
4=Somewhat agree
5=Strongly agree
9=n/a","China upholds the principles of free market economy."
"security","se1211d","China Perception - Hong Kong Issues",1,"21b","1-5 scale","1=Strongly disgree
2=Somewhat disgree
3=indifferent
4=Somewhat agree
5=Strongly agree
9=n/a","China wants to solve the Hong Kong problem democratically."
"security","se1212a","ROK-China Econ Relations  - Mutual Economic Benefits",2,"21b,22","1-5 scale","1=Strongly disgree
2=Somewhat disgree
3=indifferent
4=Somewhat agree
5=Strongly agree
9=n/a","South Korea and China help each other’s economy."
"security","se1212b","ROK-China Econ Relations - competition",1,"21b","1-5 scale","1=Strongly disgree
2=Somewhat disgree
3=indifferent
4=Somewhat agree
5=Strongly agree
9=n/a","South Korea and China will have economic competitions in the future."
"security","se1212c","ROK-China Econ Relations - China market",1,"21b","1-5 scale","1=Strongly disgree
2=Somewhat disgree
3=indifferent
4=Somewhat agree
5=Strongly agree
9=n/a","China's large market provides us with opportunities."
"security","se1212d","ROK-China Econ Relations - China's threat",1,"21b","1-5 scale","1=Strongly disgree
2=Somewhat disgree
3=indifferent
4=Somewhat agree
5=Strongly agree
9=n/a","China will be a threat to the sectors that South Korea currently has an edge in the global market (semiconductor, shipbuilding, etc.)"
"security","se1212e","ROK-China Econ Relations - environment",1,"21b","1-5 scale","1=Strongly disgree
2=Somewhat disgree
3=indifferent
4=Somewhat agree
5=Strongly agree
9=n/a","China does not care about destroying the natural environment of neighboring countries for its own development."
"security","se1213a","China and history-Respect for History",1,"21b","1-5 scale","1=Strongly disgree
2=Somewhat disgree
3=indifferent
4=Somewhat agree
5=Strongly agree
9=n/a","China respects the history of its neighboring countries."
"security","se1213b","China and history-cultural impact",1,"21b","1-5 scale","1=Strongly disgree
2=Somewhat disgree
3=indifferent
4=Somewhat agree
5=Strongly agree
9=n/a","Chinese capital is negatively affecting the content of Korean dramas and movies."
"security","se1213c","China and history-Nationalism",1,"21b","1-5 scale","1=Strongly disgree
2=Somewhat disgree
3=indifferent
4=Somewhat agree
5=Strongly agree
9=n/a","Chinese youth are too nationalistic."
"security","se1213d","China and history-Representative of Asia",1,"21b","1-5 scale","1=Strongly disgree
2=Somewhat disgree
3=indifferent
4=Somewhat agree
5=Strongly agree
9=n/a","China represents entire Asian countries."
"security","se1213e","China and history-Cultural influence",1,"21b","1-5 scale","1=Strongly disgree
2=Somewhat disgree
3=indifferent
4=Somewhat agree
5=Strongly agree
9=n/a","South Korea is still influenced by Chinese culture."
"security","se1214a","China and unification-national interest",2,"21b,22","1-5 scale","1=Strongly disgree
2=Somewhat disgree
3=indifferent
4=Somewhat agree
5=Strongly agree
9=n/a","China does not want North and South Korea to be unified for China's own interests."
"security","se1214b","China and unification - NK led unification",1,"21b","1-5 scale","1=Strongly disgree
2=Somewhat disgree
3=indifferent
4=Somewhat agree
5=Strongly agree
9=n/a","China will not oppose North Korea-led socialist unification"
"security","se1215a","Feelings toward China-Chinese Government",1,"21b","1-5 scale","1=I dislike it very much
2=I dislike it
3=Neutral
4=I like it
5=I like it very much
9=n/a","Please choose your honest feelings about the following. - Chinese government"
"security","se1215b","Feelings toward China-Chinese Products",1,"21b","1-5 scale","1=I dislike it very much
2=I dislike it
3=Neutral
4=I like it
5=I like it very much
9=n/a","Please choose your honest feelings about the following. - Chinese products"
"security","se1215c","Feelings toward China-Chinese Companies",1,"21b","1-5 scale","1=I dislike it very much
2=I dislike it
3=Neutral
4=I like it
5=I like it very much
9=n/a","Please choose your honest feelings about the following. - Chinese Companies"
"security","se1215e","Feelings toward China-Cultural Products",1,"21b","1-5 scale","1=I dislike it very much
2=I dislike it
3=Neutral
4=I like it
5=I like it very much
9=n/a","Please choose your honest feelings about the following. - Chinese movies and TV dramas"
"security","se1215f","Feelings toward China-food",1,"21b","1-5 scale","1=I dislike it very much
2=I dislike it
3=Neutral
4=I like it
5=I like it very much
9=n/a","Please choose your honest feelings about the following. - Chinese Food"
"security","se1216a","China Perception-Current Threats",1,"21b","1-4 scale","1=China is not at all threatening
2=China is not particularly threatening
3=China is somewhat threatening
4=China is very threatening","In your opinion, how much of a military threat does China pose to Korea?"
"security","se1216b","China Perception-Future Threats",1,"21b","1-4 scale","1=China will not pose any threat
2=China will not particularly pose a threat
3=China will pose somewhat of a threat
4=China will pose a great threat","In your opinion, how much of a military threat will China pose to Korea in the future?"
"security","se1217a","China Perception Likert-Decrease in Tourists",1,"21b","1-5 scale","1=Strongly disgree
2=Somewhat disgree
3=indifferent
4=Somewhat agree
5=Strongly agree
9=n/a","It is good that the number of Chinese tourists visiting Korea has recently decreased."
"security","se1217c","China Perception Likert-Democratization of Hong Kong",2,"21b,22","1-5 scale","1=Strongly disgree
2=Somewhat disgree
3=indifferent
4=Somewhat agree
5=Strongly agree
9=n/a","Hong Kong's democratization movement is an internal affair of China, so we should not interfere."
"security","se1217d","China Perception Likert-COVID-19 Responsibility",1,"21b","1-5 scale","1=Strongly disgree
2=Somewhat disgree
3=indifferent
4=Somewhat agree
5=Strongly agree
9=n/a","China is most responsible for the global spread of COVID-19."
"security","se1217e","China Perception Likert-Real Estate Purchases",1,"21b","1-5 scale","1=Strongly disgree
2=Somewhat disgree
3=indifferent
4=Somewhat agree
5=Strongly agree
9=n/a","Chinese people should not be allowed to purchase real estate in our country."
"security","se1217f","China Perception Likert-Response to Economic Retaliation",1,"21b","1-5 scale","1=Strongly disgree
2=Somewhat disgree
3=indifferent
4=Somewhat agree
5=Strongly agree
9=n/a","South Korea should actively respond to China's economic retaliation."
"security","se1217g","China Perception Likert-Economic Retaliation",1,"21b","1-5 scale","1=Strongly disgree
2=Somewhat disgree
3=indifferent
4=Somewhat agree
5=Strongly agree
9=n/a","South Korea has the capacity to withstand China's economic retaliation."
"security","se1217h","China Perception Likert-Northeast Project",1,"21b","1-5 scale","1=Strongly disgree
2=Somewhat disgree
3=indifferent
4=Somewhat agree
5=Strongly agree
9=n/a","We must deal strongly with China's attempts to distort history."
"security","se1217i","China Perception Likert-Cross-Strait Relations",3,"21b,22,23a","1-5 scale","1=Strongly disgree
2=Somewhat disgree
3=indifferent
4=Somewhat agree
5=Strongly agree
9=n/a","If China wants to unify with Taiwan by force, South Korea should join the effort to prevent it."
"security","se1301","China's rise",1,"22","1-5 scale","1=Very concerned
2=Somewhat concerned
3=Neutral
4=somewhat excited
5=Very excited","How do you feel about China's rise on the international stage?"
"security","se1302","concerns for China's rise",1,"22","1-5 scale","1=Intensifying economic conflicts such as deepening trade dependence on China and intensifying technological competition between ROK and China.
2=Intensifying cultural and historical conflicts due to China's Northeast Project
3=Deepening security threats due to China's strengthening of its defense capabilities
4=Worsening environmental and health issues due to fine dust, etc.
5= etc (open-ended)","(only for those who said they were concerned in se1301)
If you are concerned, in what ways?"
"security","se1302_open","concerns for China's rise: open answers",1,"22","other","1=international relations","(only for those who said they were concerned in se1301)
If you are concerned, in what ways?"
"security","se1303","prospect of a Chinese attack on Taiwan",1,"23a","1-5 scale","1=It is very likely that China will attack Taiwan 
2=It is somewhat likely that China will attack Taiwan
3=It is somewhat unlikely that China will attack Taiwan
4=It is very unlikely that China will attack Taiwan
5=I am not sure.","How likely do you think it is that China will attack Taiwan militarily in the near future?"
"security","se1304","North Korea Threat and ROK-Japan Military Alliance",1,"23a","1-4 scale","1=Strongly disagree.
2=Somewhat disagree
3=Somewhat agree
4=Strongly agree
9=n/a","(Military Alliances Explained) A ""military alliance"" is an agreement between several countries to cooperate militarily for security purposes. Countries in a military alliance must send soldiers and weapons to help each other if they are attacked by another country.
Do you agree with the following statements about military alliances? - To counter the threat from North Korea, South Korea and Japan should form a military alliance."
"security","se1305","China Threat and ROK-Japan Military Alliance",1,"23a","1-4 scale","1=Strongly disagree.
2=Somewhat disagree
3=Somewhat agree
4=Strongly agree
9=n/a","(Military Alliances Explained) A ""military alliance"" is an agreement between several countries to cooperate militarily for security purposes. Countries in a military alliance must send soldiers and weapons to help each other if they are attacked by another country.
Do you agree with the following statements about military alliances? - To counter the threat from China, South Korea and Japan should form a military alliance."
"security","se1306","Japanese military buildup intent",1,"23a","1-4 scale","1=Strongly disagree.
2=Somewhat disagree
3=Somewhat agree
4=Strongly agree
9=n/a","Japan's recent military buildup is aimed at defending itself against threats from China and North Korea."
"security","se1307","Japan's right to develop nuclear weapons",1,"23a","1-4 scale","1=Strongly disagree.
2=Somewhat disagree
3=Somewhat agree
4=Strongly agree
9=n/a","Japan has the right to develop nuclear weapons for its own security if it is threatened by nuclear weapons."
"security","se1308","Japan's nuclear development prospects",1,"23a","1-4 scale","1=Strongly disagree.
2=Somewhat disagree
3=Somewhat agree
4=Strongly agree
9=n/a","Japan is likely to develop nuclear weapons."
"security","se1309","US and Japan's rearmament",1,"23a","1-4 scale","1=Strongly disagree.
2=Somewhat disagree
3=Somewhat agree
4=Strongly agree
9=n/a","The United States is helping Japan with its rearmament."
"security","se1310","Scope of South Korea's diplomacy",1,"23a","1-5 scale","1=ROK should actively participate in important issues in the international community. 
2=ROK should only actively participate in important issues in the Asian region. 
3=ROK should only actively participate in important issues in the Northeast Asian region around the Korean Peninsula. 
4=ROK should only actively participate in important issues on the Korean Peninsula. 
5=ROK should stay out of international politics as much as possible.","How do you think South Korea should act in the international community in the future?"
"security","se1311","ROK nukes and economic crisis",1,"23a","1-4 scale","1=Strongly disagree.
2=Somewhat disagree
3=Somewhat agree
4=Strongly agree
9=n/a","It has been argued that if South Korea develops nuclear weapons, it will cause an economic crisis due to international economic sanctions. Do you agree or disagree with this claim?"
"security","se1312","ROK nukes and economic crisis - necessity",1,"23a","1-4 scale","1=Strongly disagree.
2=Somewhat disagree
3=Somewhat agree
4=Strongly agree
9=n/a","Do you agree or disagree with the statement that South Korea should develop nuclear weapons despite the possibility of an economic crisis due to international sanctions?"
"security","se1313","ROK nukes and breakup of ROK-US alliance",1,"23a","1-4 scale","1=Strongly disagree.
2=Somewhat disagree
3=Somewhat agree
4=Strongly agree
9=n/a","It has been argued that if South Korea develops nuclear weapons, the United States will break the ROK-US alliance and withdraw U.S. troops from South Korea. Do you agree or disagree with this claim?"
"security","se1314","ROK nukes and breakup of ROK-US alliance - necessity",1,"23a","1-4 scale","1=Strongly disagree.
2=Somewhat disagree
3=Somewhat agree
4=Strongly agree
9=n/a","Do you agree or disagree with the statement that South Korea should develop nuclear weapons despite the U.S. breaking the U.S.-South Korea Alliance and the possible withdrawal of U.S. troops from South Korea?"
"security","se1315","ROK nukes and the risk of war",1,"23a","1-4 scale","1=Strongly disagree.
2=Somewhat disagree
3=Somewhat agree
4=Strongly agree
9=n/a","It has been argued that if South Korea develops nuclear weapons, it will provoke North Korea and China and increase the risk of war on the Korean Peninsula. Do you agree or disagree with this assertion?"
"security","se1316","ROK nukes and the risk of war - necessity",1,"23a","1-4 scale","1=Strongly disagree.
2=Somewhat disagree
3=Somewhat agree
4=Strongly agree
9=n/a","Do you agree or disagree with the statement that South Korea should develop nuclear weapons despite the possibility of increasing the risk of war on the Korean Peninsula by provoking North Korea and China?"
"security","se1317","ROK nukes and the cost of nukes",1,"23a","1-4 scale","1=Strongly disagree.
2=Somewhat disagree
3=Somewhat agree
4=Strongly agree
9=n/a","It has been argued that if South Korea develops nuclear weapons, it will suffer economic hardship due to the cost of developing nuclear weapons. Do you agree or disagree with this claim?"
"security","se1318","ROK nukes and the cost - necessity",1,"23a","1-4 scale","1=Strongly disagree.
2=Somewhat disagree
3=Somewhat agree
4=Strongly agree
9=n/a","Do you agree or disagree with the statement that South Korea should develop nuclear weapons despite the possibility of economic hardship due to the cost of developing nuclear weapons?"
"security","se1319","ROK nukes and environmental damage",1,"23a","1-4 scale","1=Strongly disagree.
2=Somewhat disagree
3=Somewhat agree
4=Strongly agree
9=n/a","There is an argument that if South Korea develops nuclear weapons, the process of developing nuclear weapons will cause environmental damage. Do you agree or disagree with this claim?"
"security","se1320","ROK nukes and environmental damage - necessity",1,"23a","1-4 scale","1=Strongly disagree.
2=Somewhat disagree
3=Somewhat agree
4=Strongly agree
9=n/a","Do you agree with the statement that South Korea should develop nuclear weapons despite the potential for environmental damage in the process?"
"security","se1321","ROK nukes and national image",1,"23a","1-4 scale","1=Strongly disagree.
2=Somewhat disagree
3=Somewhat agree
4=Strongly agree
9=n/a","It has been argued that South Korea's international image as a peaceful country will be damaged if it develops nuclear weapons. Do you agree or disagree with this claim?"
"security","se1322","ROK nukes and national image - necessity",1,"23a","1-4 scale","1=Strongly disagree.
2=Somewhat disagree
3=Somewhat agree
4=Strongly agree
9=n/a","Do you agree or disagree with the statement that South Korea should develop nuclear weapons despite the potential damage to its peaceful international image?"
"security","se1323","U.S. Support for ROK Nuclear Development",1,"23a","1-5 scale","1=Strongly oppose it
2=Somewhat oppose it
3=Somewhat support it
4=Strongly support it
5=I do not know","Do you think the United States would support South Korea building nuclear weapons?"
"security","se1324","ROK nukes and elections",1,"23a","1-3 scale","1=I would
2=I would not
3=Developing nuclear weapons is not an important factor in my vote.","If a candidate or party in an election promised to develop South Korea's own nuclear weapons, would you vote for that candidate or party?"
"security","se1325","Nuke knowledge – Yongbyon",1,"23a","1-5 scale","1=Yongbyon
2=Wolseong
3=Punggye-ri
4=Dongchang-ri
5=Don't know","The following questions ask you about your knowledge of nuclear issues. Please select the correct answer, or if you do not know the answer, please select ""Don't know"". 
- North Korea had an experimental nuclear reactor that was shut down in 2007, but in 2013, North Korea announced that it would restart the reactor in which of the following areas?"
"security","se1326","Nuke knowledge – Germany",1,"23a","1-5 scale","1=United Kingdom
2=France
3=Germany
4=North Korea
5=Don't know","The following questions ask you about your knowledge of nuclear issues. Please select the correct answer, or if you do not know the answer, please select ""Don't know"". 
- Which of the following countries does not have nuclear weapons?"
"security","se1327","Nuke knowledge – Hiroshima",1,"23a","1-5 scale","1=Nagoya
2=Nagasaki
3=Hiroshima
4=Fukushima
5=Don't know","The following questions ask you about your knowledge of nuclear issues. Please select the correct answer, or if you do not know the answer, please select ""Don't know"". 
- During World War II, the United States used nuclear weapons against Japan. Which Japanese city was the first in history to be attacked with nuclear weapons?"
"security","se1328","Nuke knowledge – NPT",1,"23a","1-3 scale","1=Yes
2=No
3=Don't know","The following questions ask you about your knowledge of nuclear issues. Please select the correct answer, or if you do not know the answer, please select ""Don't know"". 
- South Korea is a signatory to the Nuclear Non-Proliferation Treaty (NPT)."
"security","se1329","Nuke knowledge – North Korea",1,"23a","1-3 scale","1=Yes
2=No
3=Don't know","The following questions ask you about your knowledge of nuclear issues. Please select the correct answer, or if you do not know the answer, please select ""Don't know"". 
- North Korea is internationally recognized as a nuclear weapons state."
"security","se1330","Agree with the NPT regime",1,"23a","1-4 scale","1=Strongly disagree.
2=Somewhat disagree
3=Somewhat agree
4=Strongly agree
9=n/a","Countries that do not currently have nuclear weapons should be prevented from developing them in the future."
"security","se1331","Nuclear weapons and peace",1,"23a","1-4 scale","1=Strongly disagree.
2=Somewhat disagree
3=Somewhat agree
4=Strongly agree
9=n/a","Nuclear weapons make a positive contribution to maintaining world peace."
"security","se1332","Opening up North Korean Broadcasting",1,"23a","1-4 scale","1=Strongly oppose
2=Somewhat oppose
3=Somewhat support
4=Strongly support
9=n/a","Recently, there have been discussions about allowing access to North Korean newspapers and broadcasts in South Korea. Do you support or oppose allowing North Korean broadcasting?"
"security","se1333","OPCON transfer",1,"23a","1-5 scale","1=Strongly oppose
2=Somewhat oppose
3=Indifferent
4=Somewhat favor
5=Strongly favor
9=n/a","(Explanation) Wartime Operational Control is the authority to command and control the armed forces in times of war. Currently, the  ROK-US Combined Forces Command, whose commander is a U.S. Army general, has Wartime Operational Control of the South Korean military. 
- Do you favor or oppose South Korea transferring wartime operational control from the U.S. Command to the ROK Armed Forces?"
"security","se1334","Effectiveness of economic sanctions",1,"23a","1-4 scale","1=Not at all effective.
2=Not very effective
3=Somewhat effective
4=Very effective
9=n/a","How effective do you think the policy of using economic sanctions to pressure North Korea into denuclearization is?"
"security","se1335","Effectiveness of Inter-Korean Dialogue",1,"23a","1-4 scale","1=Not at all effective.
2=Not very effective
3=Somewhat effective
4=Very effective
9=n/a","How effective do you think the continued promotion of inter-Korean dialogue and inter-Korean cooperation is in inducing North Korea to denuclearize?"
"security","se2201","prospect for US-China relationship",1,"22","1-5 scale","1=It will be much worse.
2=It will be somewhat worse.
3=It will be the same.
4=It will be somewhat better.
5=It will be much better.","What do you think the U.S.-China relationship will look like in the next five years?"
"security","se2202","prospect for ROK-US relationship",1,"22","1-5 scale","1=It will be much worse.
2=It will be somewhat worse.
3=It will be the same.
4=It will be somewhat better.
5=It will be much better.","What do you think the ROK-U.S. relationship will look like in the next five years?"
"security","se2203","prospect for ROK-China relationship",1,"22","1-5 scale","1=It will be much worse.
2=It will be somewhat worse.
3=It will be the same.
4=It will be somewhat better.
5=It will be much better.","What do you think the ROK-China relationship will look like in the next five years?"
"security","se2204","prospect for ROK-Japan relationship",1,"22","1-5 scale","1=It will be much worse.
2=It will be somewhat worse.
3=It will be the same.
4=It will be somewhat better.
5=It will be much better.","What do you think the ROK-Japan relationship will look like in the next five years?"
